// tvm target: c -keys=cpu -link-params=0
#define TVM_EXPORTS
#include "tvm/runtime/c_runtime_api.h"
#include "tvm/runtime/c_backend_api.h"
#include <math.h>

#ifdef __cplusplus
extern "C" {
#endif
static const int32_t __attribute__((section(".rodata.tvm"), aligned(16))) constant_11[4] = {
    +0x00000dad, -0x00000387, -0x00000283, -0x0000029d
};
#ifdef __cplusplus
}  // extern "C"
#endif

#ifdef __cplusplus
extern "C" {
#endif
static const int16_t __attribute__((section(".rodata.tvm"), aligned(16))) constant_10[15360] = {
    +0x0001, +0x0018, -0x001b, -0x000b, -0x0023, +0x001a, -0x0006, -0x0006, 
    -0x0020, +0x0009, +0x000a, +0x0010, +0x002a, -0x0019, -0x0018, +0x000b, 
    -0x002a, +0x0000, +0x0009, +0x0004, -0x000f, +0x0007, +0x0003, -0x0003, 
    +0x0000, -0x000d, -0x0009, +0x001e, -0x0012, -0x0036, +0x0034, +0x0022, 
    +0x0005, +0x0005, -0x0014, +0x000f, -0x000c, +0x0004, +0x000c, -0x000a, 
    -0x000e, -0x000a, +0x0023, +0x0002, -0x003c, +0x0004, +0x000e, -0x0003, 
    +0x0013, +0x0024, -0x0023, +0x0008, -0x0010, -0x0006, -0x0001, +0x0013, 
    +0x0002, -0x0003, -0x000c, +0x0016, -0x0007, -0x0036, +0x0010, +0x0013, 
    -0x0009, +0x0022, -0x0007, +0x0006, -0x0014, +0x000d, +0x0001, -0x0005, 
    -0x0007, -0x0001, +0x0019, -0x000a, +0x0005, -0x0001, -0x0017, +0x0005, 
    -0x0003, +0x0010, -0x0007, -0x0015, -0x000f, +0x0015, +0x0007, -0x0017, 
    -0x000c, -0x0014, +0x000e, +0x0017, -0x000d, -0x0013, +0x0014, +0x000f, 
    -0x000b, +0x0001, -0x0005, +0x0000, -0x000a, -0x000e, +0x0002, +0x0023, 
    +0x0006, -0x0017, -0x0002, +0x000c, +0x0035, -0x0005, +0x0007, -0x0024, 
    +0x0012, +0x001e, -0x0044, -0x0011, -0x000c, +0x0003, -0x001b, +0x000e, 
    -0x0007, +0x0018, -0x0004, +0x0006, -0x0001, +0x0008, +0x0011, -0x0003, 
    -0x000f, +0x0002, +0x0002, +0x0007, -0x001e, -0x000f, +0x0015, +0x0014, 
    -0x0018, -0x0001, +0x0013, -0x0011, +0x002a, +0x0002, -0x000f, -0x000a, 
    +0x0013, +0x000b, -0x0025, -0x0004, +0x0002, +0x0002, +0x0013, -0x001f, 
    -0x0019, +0x0005, -0x000c, +0x0015, -0x0009, +0x000f, +0x000e, -0x0006, 
    -0x0009, +0x001b, +0x0000, -0x001f, -0x0021, -0x0014, +0x0012, +0x0010, 
    -0x000e, +0x0013, -0x0003, -0x0001, +0x0023, -0x0022, -0x0009, +0x0004, 
    +0x000c, +0x000c, -0x000a, -0x0011, -0x000c, -0x0001, -0x000b, +0x000e, 
    +0x000a, -0x0005, +0x0004, +0x000c, +0x0003, +0x0005, +0x0013, -0x0012, 
    -0x000f, +0x0014, +0x0011, -0x0008, -0x000d, +0x0000, +0x0010, +0x000f, 
    -0x0004, +0x0009, +0x0012, -0x0011, +0x0037, +0x0005, +0x0001, -0x0021, 
    +0x0008, +0x0011, -0x0032, -0x0001, -0x0002, +0x0005, -0x0013, +0x000e, 
    -0x0018, -0x0005, -0x0003, +0x0020, -0x0009, +0x0005, +0x0016, -0x000d, 
    -0x0003, +0x0010, +0x0008, -0x0004, -0x000f, +0x0003, +0x001d, -0x0011, 
    +0x0003, +0x0005, +0x0007, -0x0004, +0x0025, +0x0016, -0x0023, -0x001d, 
    -0x0024, +0x0011, -0x0018, +0x0007, -0x000b, +0x0008, -0x001a, +0x000d, 
    -0x0012, -0x000b, -0x0011, +0x001e, -0x000c, -0x0007, +0x0016, -0x000a, 
    +0x0004, -0x000e, +0x0005, +0x0002, -0x000d, +0x0005, +0x001e, -0x000a, 
    -0x0002, +0x0006, -0x0007, +0x0010, -0x0001, +0x0005, -0x0028, +0x0000, 
    -0x000c, -0x001f, +0x0010, +0x000f, -0x000e, +0x000c, -0x0014, -0x0006, 
    -0x001d, -0x0005, +0x0003, +0x001d, -0x0002, +0x0005, -0x0004, +0x0000, 
    -0x000b, +0x000e, +0x0003, -0x0005, +0x0005, +0x0015, +0x0001, -0x001a, 
    -0x0010, -0x0001, -0x0006, +0x0003, +0x0026, -0x0008, -0x0006, +0x000a, 
    -0x0013, -0x0007, -0x0001, +0x0007, -0x0009, +0x000f, -0x000d, +0x0000, 
    -0x0007, +0x0012, -0x001a, -0x0008, +0x000b, +0x000d, -0x0004, +0x0002, 
    -0x0005, +0x000d, +0x000e, -0x000f, +0x0005, +0x001d, -0x0011, -0x001d, 
    +0x0008, -0x0004, +0x0005, +0x0003, +0x002d, -0x000f, -0x0003, +0x0000, 
    +0x000f, -0x0014, +0x000f, +0x0006, -0x0001, +0x000f, -0x001b, +0x0001, 
    +0x0000, +0x000b, +0x0016, -0x000c, +0x0005, +0x000d, -0x0007, +0x0002, 
    -0x0009, +0x0002, -0x000d, +0x0010, +0x0024, +0x0021, -0x001e, -0x0026, 
    -0x0006, -0x0008, +0x0003, +0x0002, +0x0025, -0x0011, +0x002f, -0x0023, 
    -0x0018, +0x0001, +0x0019, -0x0016, -0x0008, +0x0012, -0x000c, -0x0007, 
    -0x000f, +0x0000, -0x0004, +0x000f, -0x0007, -0x0004, +0x000f, +0x0006, 
    +0x0004, -0x0014, -0x000b, +0x0015, +0x0018, +0x000f, -0x001e, -0x0014, 
    -0x000c, -0x0007, +0x000a, +0x0010, +0x001c, -0x0009, +0x0016, -0x0004, 
    -0x0033, +0x0000, +0x0012, -0x0011, -0x001a, -0x0004, +0x0006, +0x0008, 
    -0x0012, +0x0001, +0x0007, +0x000c, +0x000b, -0x000a, +0x000a, -0x0004, 
    -0x000b, -0x0001, +0x0012, +0x000e, -0x0002, +0x0006, -0x0011, +0x000b, 
    +0x0008, +0x0007, +0x0015, -0x0011, -0x001d, -0x0014, +0x000a, +0x000d, 
    -0x0007, +0x0028, -0x0008, -0x0028, -0x0012, +0x0008, +0x0000, +0x0016, 
    +0x0000, +0x000e, +0x0006, -0x0019, +0x0004, +0x0008, +0x0010, -0x000b, 
    +0x0003, +0x0007, -0x0012, +0x0002, +0x000a, -0x0009, -0x000f, +0x0010, 
    -0x0004, -0x0003, -0x0001, -0x0003, -0x0015, +0x0010, -0x000d, -0x0007, 
    -0x000d, +0x0010, -0x0009, -0x000c, -0x0012, -0x001c, -0x0001, +0x0031, 
    +0x0006, -0x000d, +0x000d, +0x0002, +0x0009, -0x0009, +0x0008, -0x0007, 
    +0x0007, +0x0019, -0x001d, -0x0003, +0x0019, +0x000e, -0x001d, +0x0002, 
    -0x0002, -0x0005, -0x0008, +0x000a, -0x000d, +0x0013, +0x0003, -0x000c, 
    -0x0022, -0x0002, -0x0001, -0x0004, -0x000b, +0x0010, -0x0016, +0x0016, 
    +0x0009, +0x000b, -0x000f, +0x0005, +0x0000, -0x000a, +0x0009, -0x0009, 
    +0x000a, -0x000c, +0x0004, +0x0012, +0x0008, -0x0021, +0x000a, +0x0016, 
    +0x0004, -0x0005, +0x0000, -0x0005, +0x0009, +0x0002, -0x0011, +0x0003, 
    +0x0008, -0x0018, +0x0007, +0x0003, -0x001b, +0x000e, +0x000b, +0x0014, 
    -0x0010, +0x0028, -0x0001, -0x000c, -0x000c, -0x0012, +0x0001, +0x0003, 
    +0x0005, -0x000d, +0x0000, +0x0010, +0x0000, -0x000d, +0x0003, +0x000d, 
    -0x0007, +0x0001, -0x0001, +0x0006, -0x001c, +0x0007, +0x0019, -0x0005, 
    -0x0010, -0x0001, -0x001d, +0x0003, -0x0018, -0x0006, +0x0008, -0x0004, 
    -0x0005, +0x0024, -0x0001, -0x000e, +0x0007, +0x0008, +0x0002, +0x0007, 
    -0x000a, -0x0009, -0x0001, -0x0007, +0x000a, +0x0008, +0x0018, -0x000a, 
    +0x0027, -0x000b, -0x0005, -0x0006, -0x0002, -0x0026, +0x000b, +0x000f, 
    -0x0016, -0x0005, -0x0017, +0x000b, -0x0005, +0x0004, -0x0001, -0x0002, 
    +0x0003, +0x0010, -0x0013, +0x0003, -0x000c, +0x0004, -0x0005, -0x0001, 
    -0x0006, +0x0008, -0x0002, -0x0004, +0x0013, +0x0004, +0x0013, -0x001e, 
    +0x0048, -0x001d, +0x0025, -0x001e, -0x0007, -0x0019, +0x0002, +0x002f, 
    +0x0003, +0x0009, -0x0012, +0x000a, -0x0005, -0x0005, -0x0005, +0x0004, 
    +0x001d, -0x0004, -0x000b, -0x0012, -0x0006, -0x0006, +0x0004, -0x0007, 
    -0x0015, +0x0007, +0x0014, -0x0001, -0x0026, +0x0020, +0x0009, -0x0012, 
    -0x0005, -0x0004, +0x0007, +0x0008, +0x0054, -0x0014, +0x0002, -0x0022, 
    -0x0029, +0x000d, +0x0001, +0x000f, +0x0023, +0x0003, -0x000a, +0x0005, 
    -0x0005, +0x0029, -0x0005, -0x0009, -0x0011, -0x001f, +0x0009, +0x0018, 
    -0x0004, +0x0008, -0x0005, -0x0012, +0x000c, +0x0004, +0x0025, -0x0014, 
    +0x002a, +0x0000, -0x0010, -0x000e, +0x0005, +0x0007, +0x0001, -0x0012, 
    -0x0004, -0x000d, -0x001a, +0x0028, +0x0008, -0x000e, -0x0014, +0x000c, 
    +0x000b, +0x000e, +0x000e, -0x000a, -0x0003, -0x0011, -0x0008, +0x0007, 
    -0x0006, +0x0005, -0x000e, +0x000d, -0x0009, +0x0002, +0x0001, -0x0003, 
    +0x0017, +0x0000, +0x0001, -0x0014, +0x000c, +0x001a, -0x002a, -0x0017, 
    -0x003d, -0x0004, +0x000c, -0x0005, -0x0009, -0x002f, +0x0018, +0x000b, 
    -0x0007, -0x0028, +0x000b, +0x0013, -0x0009, -0x000a, +0x0008, +0x0004, 
    +0x0005, -0x0013, -0x0003, -0x0001, -0x0007, -0x001e, +0x0002, +0x001e, 
    +0x0012, -0x0029, +0x002b, -0x0003, +0x002c, +0x001c, -0x003b, -0x000f, 
    -0x000e, +0x0022, -0x002d, -0x000f, +0x000c, -0x0016, -0x0011, +0x0026, 
    +0x0010, +0x000d, -0x000c, +0x0014, -0x0006, +0x0017, -0x0004, -0x0008, 
    -0x0008, +0x000d, +0x000d, -0x0003, +0x0005, -0x0015, -0x000b, +0x000f, 
    +0x0001, -0x0007, +0x0003, -0x0009, +0x0013, +0x0001, -0x0009, +0x000a, 
    +0x0017, +0x001f, -0x0022, -0x000d, +0x0002, +0x0015, +0x001c, -0x0020, 
    -0x0001, +0x0011, -0x0016, +0x0010, -0x0007, +0x0018, -0x000a, -0x0003, 
    +0x0004, +0x0012, +0x0001, -0x000e, -0x0005, -0x0016, +0x0007, +0x000a, 
    +0x0009, +0x0012, +0x0009, -0x0019, +0x0013, -0x0026, +0x0017, +0x0013, 
    +0x0015, +0x0002, -0x000f, -0x0005, +0x0003, +0x001a, -0x0012, -0x0002, 
    +0x0008, +0x0002, -0x0004, -0x000f, +0x0007, +0x000e, +0x0009, -0x0001, 
    -0x0002, +0x0012, +0x000f, -0x000c, -0x0003, -0x0017, +0x000f, +0x000e, 
    -0x0001, -0x001c, +0x0026, -0x0008, +0x0028, -0x0006, -0x001b, +0x0008, 
    +0x0018, -0x0005, -0x001b, +0x0008, -0x0002, -0x0002, +0x000e, +0x0008, 
    -0x0012, +0x000d, -0x0002, +0x000d, -0x0009, +0x000e, +0x0005, -0x0002, 
    +0x0000, +0x001d, +0x000c, -0x000b, -0x000a, -0x0005, +0x001c, -0x0009, 
    +0x0008, -0x0007, -0x0013, +0x0009, +0x0013, +0x0013, -0x002b, +0x0006, 
    +0x0008, +0x000c, -0x001b, +0x0001, +0x0000, -0x0002, +0x0006, -0x0006, 
    -0x0003, +0x0007, -0x000c, +0x0012, +0x0001, -0x0010, +0x000c, -0x0002, 
    +0x0002, +0x0007, -0x0008, +0x0010, -0x0001, -0x0008, +0x0019, -0x000f, 
    -0x000b, -0x0002, -0x0025, +0x000f, -0x0006, +0x000d, -0x0001, +0x000a, 
    -0x000d, -0x0012, -0x0004, +0x0010, -0x0012, +0x002d, +0x0009, -0x0014, 
    -0x000c, -0x0010, +0x0001, +0x0020, -0x0007, +0x0009, +0x0009, +0x0001, 
    +0x0006, +0x0017, -0x0008, -0x000d, +0x0009, +0x0010, -0x0005, -0x0017, 
    -0x0010, -0x0002, +0x000b, -0x0003, +0x000c, +0x0001, +0x0013, -0x0013, 
    -0x0013, +0x0002, +0x0009, -0x0008, -0x0002, +0x0006, +0x0001, -0x0013, 
    -0x0007, +0x0008, -0x0014, -0x0002, +0x0003, +0x0012, +0x0007, +0x0003, 
    -0x0008, +0x0008, +0x0007, -0x0004, +0x0012, +0x0017, -0x001f, -0x0006, 
    -0x001b, +0x000a, -0x0008, +0x0002, +0x0010, -0x000e, +0x0018, -0x000c, 
    +0x0008, -0x0007, +0x000d, -0x0002, +0x0000, -0x000e, +0x0001, +0x0008, 
    +0x0000, +0x0002, +0x0015, +0x0003, +0x0005, +0x0001, -0x0001, +0x0004, 
    +0x0000, -0x0006, -0x0016, +0x0015, +0x0013, +0x0011, -0x0022, -0x000b, 
    -0x0004, +0x0001, -0x0002, +0x0013, +0x0030, -0x001e, +0x0027, -0x0013, 
    -0x0008, +0x0006, +0x000a, -0x0013, +0x0000, -0x0007, -0x0001, +0x000b, 
    +0x0000, -0x0006, -0x0007, +0x0003, +0x0002, +0x0006, +0x0008, +0x000c, 
    -0x000b, -0x0007, -0x0019, +0x0024, +0x000c, +0x0012, -0x001c, -0x000d, 
    -0x0007, +0x0002, +0x0002, +0x0003, +0x0009, -0x000b, +0x0027, -0x0008, 
    -0x0005, -0x000d, +0x0015, -0x0004, -0x000c, +0x000e, -0x0006, +0x0006, 
    +0x0000, -0x0004, +0x0014, -0x0012, +0x000a, -0x0006, +0x0002, -0x0004, 
    -0x000e, +0x0019, +0x0003, -0x0006, +0x0008, -0x0009, +0x0008, -0x0002, 
    -0x000a, +0x0002, +0x0002, +0x0001, -0x002e, -0x0015, +0x001b, +0x000b, 
    -0x0005, +0x0018, +0x0001, -0x0026, +0x0000, +0x0007, -0x0014, +0x0005, 
    -0x000a, -0x0007, -0x0003, -0x0003, +0x0002, -0x0006, +0x0001, -0x0007, 
    -0x0002, +0x0019, -0x0009, -0x0006, +0x0017, -0x000f, -0x000d, +0x000f, 
    +0x000f, +0x0000, +0x0000, -0x0005, -0x000b, -0x0017, +0x0021, -0x0002, 
    +0x0017, +0x0007, -0x0002, -0x0014, -0x0008, -0x0005, -0x0008, +0x0018, 
    +0x0007, +0x0011, -0x0005, -0x000b, -0x0002, +0x0001, -0x0003, -0x0002, 
    +0x0002, +0x0010, -0x0017, +0x0005, +0x0016, +0x000f, -0x002b, +0x0012, 
    +0x0016, -0x0007, -0x000a, +0x0009, -0x000e, +0x0025, +0x001e, -0x0024, 
    -0x000b, +0x0010, -0x0016, -0x000a, -0x000f, +0x0005, +0x0013, +0x0003, 
    -0x0004, +0x0000, +0x0011, -0x000e, +0x0003, -0x000c, +0x000e, -0x000b, 
    +0x0008, -0x0007, -0x0001, +0x0006, -0x0008, +0x0019, -0x000f, +0x0009, 
    +0x0000, -0x001c, -0x000f, +0x001a, +0x000c, +0x0017, -0x0025, +0x0003, 
    +0x0006, -0x0016, -0x0008, +0x0009, -0x0012, -0x0006, +0x001c, -0x0001, 
    -0x000e, +0x0008, +0x000c, -0x000e, -0x000a, -0x000b, +0x000c, -0x0003, 
    -0x0002, -0x0008, +0x0007, +0x000f, +0x0000, +0x0012, -0x0007, -0x0007, 
    +0x0009, +0x0005, +0x0005, -0x000b, -0x0011, +0x0020, +0x0006, -0x001a, 
    +0x0003, -0x0004, -0x0012, +0x0006, -0x0031, -0x0002, +0x000d, +0x000c, 
    -0x0005, +0x001f, -0x0023, +0x0002, +0x0003, +0x0005, +0x0007, +0x0009, 
    -0x0001, -0x0001, +0x000a, -0x000a, -0x0007, +0x0001, +0x001d, -0x000e, 
    +0x0016, -0x0006, +0x0009, -0x0001, +0x0011, -0x001b, +0x000c, +0x0006, 
    -0x000c, +0x0000, -0x0008, -0x0006, +0x0009, -0x0005, +0x0003, +0x0006, 
    +0x0016, +0x0014, -0x0018, +0x0002, -0x000c, -0x000a, +0x000a, +0x0002, 
    +0x0006, -0x0005, -0x0006, +0x0007, +0x0020, +0x0002, +0x0006, -0x0010, 
    +0x0055, -0x002a, -0x0009, -0x0010, -0x000c, -0x0008, +0x0004, +0x0021, 
    +0x0003, +0x0021, -0x000f, -0x0006, -0x0003, +0x000a, +0x0002, +0x0008, 
    -0x000a, +0x0003, -0x000c, -0x000b, +0x0006, -0x0005, +0x000c, +0x0002, 
    +0x0002, +0x0001, +0x0006, +0x0002, -0x0008, +0x002f, +0x0009, -0x0010, 
    -0x0020, +0x0001, +0x0004, -0x0002, +0x004a, -0x0013, -0x000c, -0x0014, 
    -0x0023, +0x000f, -0x0003, +0x0010, -0x000a, +0x0001, -0x000b, +0x0010, 
    -0x0007, +0x0001, -0x0001, +0x000c, +0x0007, -0x0002, -0x000a, +0x0007, 
    -0x0011, +0x0011, -0x0015, -0x0009, -0x0005, +0x0013, +0x0003, -0x0028, 
    -0x0026, +0x0002, +0x0011, +0x0009, +0x0026, -0x0006, -0x0004, -0x0023, 
    -0x0039, -0x001f, -0x000b, +0x0028, -0x000a, -0x0006, -0x0014, +0x0014, 
    +0x0001, +0x0022, -0x0006, -0x0017, +0x0002, -0x0003, +0x000a, -0x0004, 
    -0x0017, -0x000b, +0x000d, +0x001a, -0x0004, +0x000d, +0x0003, -0x001d, 
    +0x0001, +0x000c, -0x0002, -0x001a, +0x0048, -0x0012, -0x0001, -0x0018, 
    -0x003b, -0x0001, +0x001e, -0x0001, -0x0002, -0x0012, +0x0017, +0x0009, 
    +0x0004, -0x0013, +0x0002, +0x0008, +0x0006, +0x000b, +0x0010, -0x000e, 
    -0x0008, +0x000c, -0x000a, -0x0009, -0x0002, -0x0005, +0x000b, +0x000d, 
    +0x001d, -0x001b, +0x0017, -0x0004, +0x006b, -0x000d, -0x001b, -0x000b, 
    -0x0002, +0x0018, -0x0025, -0x0011, +0x0001, -0x0012, +0x0000, -0x0006, 
    +0x0011, -0x0005, -0x000f, +0x0006, -0x0003, +0x0002, +0x0006, +0x0000, 
    +0x0003, -0x000c, -0x0006, +0x0008, +0x001b, -0x0011, -0x0009, +0x000d, 
    +0x0018, -0x0017, +0x0006, -0x000e, +0x0039, -0x0020, -0x0016, +0x001f, 
    -0x0003, +0x001b, -0x0031, -0x000e, -0x000a, +0x0016, +0x000e, -0x002e, 
    +0x0002, -0x0002, +0x000d, -0x0003, +0x0000, +0x0004, +0x0002, +0x0002, 
    +0x0005, +0x001f, +0x000b, -0x000a, +0x0009, -0x000a, -0x000b, +0x0011, 
    +0x0024, +0x0016, +0x0008, -0x002d, +0x0041, -0x0019, -0x000f, +0x000e, 
    +0x0026, +0x0007, -0x0026, -0x0008, -0x0004, -0x0034, +0x001d, +0x0017, 
    -0x000e, -0x0018, +0x001f, -0x000a, -0x000b, +0x0001, +0x0000, +0x0002, 
    +0x0008, -0x0003, -0x0003, +0x0001, -0x0003, -0x0019, +0x0003, +0x0025, 
    +0x0000, -0x0006, -0x000f, -0x0005, +0x0035, +0x0003, -0x0006, -0x000b, 
    +0x0002, -0x0003, -0x0015, +0x0010, +0x0004, -0x0005, +0x0002, +0x0010, 
    -0x000f, +0x0001, +0x000c, +0x0008, +0x0002, -0x0005, +0x0000, -0x0005, 
    -0x0008, -0x0001, -0x0010, +0x000f, -0x0011, +0x000a, +0x0017, -0x0005, 
    +0x000a, -0x0011, -0x000d, +0x0016, +0x0024, +0x0002, -0x0004, -0x001a, 
    -0x0005, +0x0011, +0x0008, +0x0004, -0x0009, +0x0009, +0x000d, -0x0012, 
    +0x0001, +0x0006, -0x0011, +0x0013, +0x0004, -0x0001, +0x0002, -0x000b, 
    +0x0001, +0x0030, -0x0021, -0x000e, -0x0019, -0x0005, +0x0004, -0x0005, 
    -0x000d, -0x000b, -0x001d, +0x0013, -0x0006, -0x0012, +0x0004, +0x0001, 
    -0x000b, -0x0005, -0x0007, +0x0006, -0x0012, +0x0024, -0x0007, +0x000c, 
    -0x0008, -0x0023, +0x0015, +0x0026, +0x0007, +0x0000, +0x000c, +0x0000, 
    -0x0009, +0x0014, -0x001d, +0x0012, -0x000c, +0x0008, +0x0001, +0x000a, 
    +0x000a, -0x0024, -0x0005, +0x0012, +0x0006, +0x0001, -0x000a, -0x0007, 
    +0x0018, -0x0005, +0x0012, -0x0006, +0x0009, +0x0005, -0x0008, -0x0005, 
    +0x0000, +0x0001, -0x0008, +0x0006, -0x000a, -0x0006, -0x0005, +0x0003, 
    -0x0008, -0x000e, +0x0017, +0x0001, +0x000e, +0x0017, -0x001a, -0x0007, 
    -0x0007, -0x0001, +0x0002, -0x0006, -0x0002, +0x0003, -0x0020, +0x000c, 
    -0x000b, +0x0013, +0x0001, -0x0002, +0x0002, -0x0006, +0x0002, +0x0000, 
    -0x000b, +0x0015, +0x0005, -0x0015, +0x0003, -0x000c, -0x0009, +0x0006, 
    +0x0012, -0x0010, +0x0001, +0x000b, +0x0017, +0x0006, +0x0001, -0x0014, 
    +0x000f, +0x0001, -0x0004, +0x0008, +0x003b, -0x0018, +0x0001, -0x000d, 
    +0x0005, -0x0004, +0x001b, -0x000d, -0x0003, -0x000b, +0x0014, -0x0006, 
    -0x0013, +0x0014, +0x0004, +0x0014, +0x0002, -0x0003, +0x0001, +0x000d, 
    -0x0003, +0x000a, -0x0003, +0x0003, +0x000c, -0x0003, -0x0014, +0x0004, 
    +0x0005, -0x0008, -0x0006, -0x0004, +0x0015, +0x0000, +0x0009, -0x0022, 
    -0x0031, -0x000e, +0x0020, -0x000b, +0x0003, -0x0004, -0x000d, +0x000e, 
    -0x0001, +0x0004, +0x0000, +0x001d, -0x0003, -0x0006, -0x0003, -0x0004, 
    +0x0006, -0x0002, +0x0006, -0x0004, +0x0000, -0x000c, +0x0003, +0x0007, 
    -0x0005, +0x0009, -0x000c, +0x0002, -0x000a, -0x000a, +0x0013, -0x0006, 
    -0x0023, +0x001f, +0x0002, -0x0024, +0x0007, -0x000b, +0x000e, +0x0008, 
    -0x000c, +0x0002, +0x0009, -0x000e, +0x0009, -0x0004, -0x0004, -0x0007, 
    -0x0005, -0x0006, -0x0003, -0x0001, +0x000b, -0x0007, -0x0013, -0x0001, 
    -0x0002, +0x000e, -0x000c, +0x0000, -0x0011, -0x000b, -0x0005, +0x0011, 
    -0x000d, -0x0003, -0x0009, -0x000c, -0x000a, +0x0007, +0x0014, +0x0005, 
    -0x000a, -0x001b, +0x0021, +0x0011, +0x0000, -0x0001, +0x0008, +0x0005, 
    +0x000b, +0x0015, -0x000d, -0x000e, +0x0001, +0x0004, -0x0030, +0x001e, 
    +0x0000, -0x000a, -0x0005, +0x001c, -0x000d, +0x0007, +0x0003, -0x0013, 
    -0x001f, -0x0004, -0x000f, -0x0006, +0x0001, -0x000a, +0x0005, +0x000a, 
    -0x0008, -0x0004, +0x0011, -0x000a, +0x0001, -0x000a, -0x0005, +0x0007, 
    +0x0013, -0x0027, +0x0000, -0x0002, -0x000b, +0x0002, +0x000a, -0x0006, 
    -0x000d, -0x0038, +0x0001, +0x0039, -0x000d, +0x001c, -0x0017, -0x0018, 
    +0x0014, -0x001a, +0x0014, +0x0001, -0x0006, +0x000c, +0x0010, +0x0001, 
    -0x000d, +0x0012, +0x0001, +0x000a, +0x0008, +0x0000, +0x0000, +0x000a, 
    +0x0006, -0x000f, +0x0017, +0x0002, +0x0006, +0x000e, -0x000d, -0x0004, 
    -0x0005, +0x0000, +0x000a, +0x0004, +0x000b, -0x0008, +0x0000, -0x0001, 
    +0x0012, -0x0008, -0x0006, +0x0009, -0x0002, +0x000c, +0x000f, +0x0007, 
    -0x0004, +0x0010, +0x0002, -0x0005, -0x0006, +0x000b, -0x0005, -0x0009, 
    +0x0000, -0x0003, -0x0004, -0x0009, +0x0000, +0x0000, -0x0007, +0x0003, 
    -0x0020, +0x000b, +0x0005, -0x0007, -0x0005, -0x000e, +0x0021, +0x0000, 
    +0x0012, +0x0018, -0x0007, -0x0016, +0x0009, -0x0019, +0x000c, +0x0004, 
    +0x0028, +0x0015, -0x0006, -0x001d, -0x000b, +0x0004, -0x0008, -0x0006, 
    -0x000b, +0x0008, +0x000a, +0x0008, +0x0009, -0x0001, -0x0001, -0x000d, 
    +0x007f, -0x002e, -0x0003, +0x0006, +0x000a, -0x0012, -0x0002, +0x0023, 
    -0x0004, +0x0001, -0x000f, -0x0014, +0x0007, +0x0006, +0x0003, -0x0003, 
    -0x002c, +0x000c, -0x0003, +0x000e, -0x0007, -0x0001, +0x0007, -0x0005, 
    +0x0002, +0x000b, -0x0007, +0x0006, -0x0014, +0x003b, -0x0006, -0x002c, 
    -0x0007, -0x0003, +0x0009, -0x0004, +0x0077, -0x0019, -0x0019, -0x001e, 
    -0x001a, +0x0016, -0x0010, +0x0002, -0x000a, +0x001b, -0x0007, -0x0002, 
    +0x000a, +0x0001, +0x0018, -0x0019, +0x0006, -0x0002, +0x0006, +0x000b, 
    -0x001a, +0x0016, -0x0032, +0x0016, +0x0004, -0x0001, +0x0020, -0x0017, 
    +0x0001, -0x0015, +0x0012, +0x000f, +0x0033, -0x0002, -0x000d, -0x0009, 
    -0x003c, -0x001e, -0x0015, +0x002f, -0x0029, +0x0007, -0x0015, +0x0014, 
    -0x0009, +0x0000, -0x0005, -0x0004, +0x0003, +0x0004, -0x0001, +0x000b, 
    -0x0002, -0x000a, +0x0010, +0x0012, -0x0023, +0x0009, +0x0014, -0x0006, 
    +0x0002, -0x0001, +0x0009, -0x0015, +0x0047, +0x0006, -0x0012, -0x0020, 
    -0x002d, +0x0000, +0x000c, -0x0001, +0x0007, -0x0013, -0x0012, +0x0026, 
    +0x000c, -0x001e, +0x0004, +0x0000, -0x0001, -0x0009, -0x0007, +0x0005, 
    +0x0013, -0x0004, +0x0014, -0x000d, -0x001e, -0x000b, +0x001c, +0x001d, 
    +0x000f, -0x0004, +0x0010, +0x0008, +0x004f, -0x0024, -0x0017, +0x000e, 
    -0x0011, +0x000b, -0x001f, +0x0004, +0x000b, +0x0002, +0x0015, -0x0001, 
    +0x0012, -0x0002, -0x000b, -0x0012, +0x0007, -0x0002, +0x0007, +0x0001, 
    +0x0004, -0x0018, +0x002a, -0x0011, -0x0023, -0x0006, +0x0009, +0x0009, 
    +0x0003, -0x0006, -0x0006, -0x0002, +0x002d, -0x001d, -0x0017, +0x001f, 
    +0x0006, +0x0014, -0x0028, -0x0016, -0x000e, +0x0003, +0x0035, -0x0015, 
    +0x0002, +0x001b, +0x0008, -0x0005, -0x0008, -0x0008, +0x0008, -0x0009, 
    +0x0007, +0x0019, +0x000d, -0x001e, -0x001c, -0x0009, +0x0000, +0x0015, 
    +0x0026, +0x0000, +0x0003, -0x0011, +0x001c, -0x001a, +0x0003, +0x0013, 
    +0x0018, +0x0006, -0x0005, +0x0001, -0x0012, -0x0017, +0x003d, -0x0005, 
    -0x0003, +0x0012, +0x000a, -0x000b, -0x0004, -0x0005, +0x0004, +0x0008, 
    +0x000b, +0x001a, -0x0005, +0x0002, -0x002a, -0x000c, +0x000b, +0x0010, 
    -0x0002, -0x0007, -0x0006, +0x0008, +0x001a, -0x0003, -0x000d, +0x0003, 
    +0x0001, +0x0000, -0x0020, -0x0001, -0x001e, -0x0006, +0x0010, +0x000f, 
    +0x000b, +0x0001, -0x0003, -0x0007, +0x0001, -0x0008, -0x0007, -0x0004, 
    +0x0011, +0x000f, -0x0010, +0x0019, -0x0019, +0x000b, +0x0024, -0x0014, 
    +0x0010, -0x0005, +0x000e, +0x0003, +0x0026, +0x000a, +0x000f, -0x0009, 
    -0x0012, +0x0006, -0x0003, -0x0001, -0x001d, -0x0005, +0x0005, +0x0008, 
    +0x0008, +0x0006, -0x0015, +0x0007, +0x0000, +0x0003, -0x0006, +0x0001, 
    -0x0007, +0x0040, -0x001e, -0x0012, -0x001b, +0x0000, +0x001f, -0x001a, 
    -0x0003, -0x0001, +0x0009, +0x0005, +0x0006, +0x0001, +0x0018, +0x000c, 
    +0x000c, +0x0002, -0x0009, -0x0008, -0x0036, +0x000e, -0x0015, +0x0025, 
    -0x0007, +0x0002, +0x0000, +0x0011, -0x0001, -0x0004, -0x0003, -0x0002, 
    -0x0009, +0x001a, -0x0001, -0x0015, -0x0006, +0x000b, +0x000e, -0x0015, 
    +0x0020, +0x000a, -0x0005, -0x0004, +0x0007, +0x0015, +0x0001, -0x0003, 
    +0x000f, -0x0011, +0x0005, -0x000a, -0x0012, +0x0011, -0x0018, +0x0017, 
    +0x0000, -0x001f, -0x0013, +0x0027, -0x0003, -0x0001, +0x000a, +0x0004, 
    -0x0005, -0x0004, +0x000c, +0x0003, +0x0003, +0x000f, -0x0025, -0x0004, 
    +0x000a, +0x0005, +0x000d, -0x0004, -0x000a, +0x0019, -0x0049, +0x0018, 
    -0x0019, +0x0000, +0x000f, -0x0010, +0x0006, -0x0006, -0x000c, +0x0009, 
    +0x0008, +0x0001, +0x000f, -0x000a, +0x0000, -0x000a, +0x000c, +0x0006, 
    +0x000a, +0x0006, -0x000d, -0x0008, +0x002c, +0x0022, -0x0015, -0x002c, 
    +0x000b, +0x0003, +0x0002, -0x0007, +0x0017, -0x0020, +0x0001, +0x001c, 
    -0x0009, -0x0002, +0x0006, -0x0007, -0x000e, +0x0008, +0x0017, -0x0024, 
    -0x0008, -0x0018, +0x0008, +0x0017, -0x0001, +0x0001, +0x0004, -0x0001, 
    +0x0002, +0x0013, +0x000b, -0x0003, +0x0023, +0x000c, -0x0027, +0x0006, 
    +0x0018, -0x0003, -0x000d, -0x0007, +0x0028, -0x000b, -0x0014, +0x0007, 
    -0x001a, -0x0014, +0x0028, -0x0012, -0x0008, +0x0004, +0x0006, +0x0002, 
    -0x0007, +0x0004, -0x0002, -0x0001, -0x000b, +0x000c, +0x0009, -0x0007, 
    -0x0027, +0x000d, +0x0029, -0x000d, +0x0020, -0x0003, +0x0000, +0x000d, 
    +0x0013, -0x0008, -0x001f, +0x001a, +0x000f, -0x000c, -0x0004, +0x0006, 
    -0x0023, +0x0018, +0x0001, -0x0023, -0x000b, +0x0001, -0x0015, +0x000e, 
    -0x0008, +0x001a, +0x0014, -0x002e, +0x0002, +0x000c, -0x0008, -0x000a, 
    -0x0001, +0x0000, -0x0006, -0x0005, +0x0019, -0x0011, -0x001a, +0x0014, 
    +0x0018, +0x0000, -0x0005, -0x0004, +0x0012, -0x0003, -0x0017, +0x001f, 
    +0x0004, +0x0008, +0x0004, -0x0017, -0x001f, -0x0002, +0x001c, +0x000b, 
    +0x0004, -0x001d, +0x0010, +0x000e, -0x0001, -0x0001, -0x0008, +0x0003, 
    +0x0001, +0x001c, -0x000e, -0x000a, +0x0025, +0x0003, -0x0018, +0x0010, 
    +0x0002, -0x0008, -0x0012, +0x0015, +0x0010, -0x0006, -0x0028, +0x0009, 
    -0x000c, -0x0002, +0x0006, -0x0010, -0x0016, -0x002d, +0x001a, +0x0020, 
    -0x0005, -0x001d, +0x0012, +0x0017, +0x0007, +0x0005, +0x0002, +0x0002, 
    +0x0018, -0x000d, -0x0002, -0x000e, +0x0006, -0x000f, +0x0001, +0x0017, 
    -0x0008, -0x000d, +0x0001, +0x0008, +0x001d, -0x0005, -0x000e, +0x0007, 
    +0x0000, -0x0009, +0x0018, -0x0010, -0x0016, +0x0011, +0x0006, +0x0014, 
    -0x000b, +0x0007, -0x0013, +0x0016, +0x0004, +0x0004, +0x000b, +0x0005, 
    +0x000f, +0x0010, +0x0002, -0x0011, +0x0006, +0x0006, +0x000f, +0x0000, 
    +0x0001, +0x0013, +0x000b, -0x0004, +0x002a, -0x002a, +0x0003, +0x0004, 
    -0x000b, -0x0004, +0x0007, +0x0009, -0x0013, -0x0008, +0x0018, -0x0009, 
    +0x0009, -0x0006, -0x0007, +0x0010, +0x0001, -0x0009, -0x0004, -0x0001, 
    -0x0006, +0x0007, +0x0001, -0x0002, -0x0014, +0x0002, -0x0005, +0x0002, 
    -0x0026, +0x0004, +0x0002, +0x000e, -0x0001, +0x0009, +0x0004, -0x0004, 
    -0x0036, -0x000d, +0x0003, +0x0000, -0x0010, +0x0018, +0x0001, -0x000e, 
    +0x0019, +0x0020, -0x0006, -0x0016, +0x0002, +0x000b, +0x0006, +0x0008, 
    -0x0004, -0x0004, -0x000b, +0x000d, +0x0010, -0x000c, +0x0027, +0x0000, 
    +0x0064, -0x001b, +0x0002, -0x0003, -0x0003, +0x0008, -0x0005, +0x0003, 
    +0x0022, +0x0003, -0x0010, -0x000f, +0x0007, +0x0007, +0x0004, -0x0006, 
    -0x002b, +0x000f, +0x0014, -0x000d, -0x0006, +0x001e, +0x0002, -0x000b, 
    -0x0009, +0x0023, +0x0005, -0x0010, -0x0019, +0x0038, -0x0005, -0x002d, 
    +0x0000, +0x000f, -0x0009, -0x0005, +0x0041, -0x0008, -0x000b, -0x0011, 
    -0x0033, +0x0018, -0x0017, +0x000d, +0x0005, +0x0001, -0x0009, +0x000c, 
    -0x0001, +0x0002, +0x0015, -0x0013, +0x000c, +0x0006, -0x0018, +0x0001, 
    -0x000d, +0x0002, +0x0000, +0x0008, -0x0003, +0x000a, +0x0027, -0x0022, 
    +0x0002, -0x000d, +0x0014, +0x0001, +0x003b, -0x0013, -0x0018, -0x0004, 
    -0x001f, -0x0014, -0x0012, +0x0029, -0x0015, -0x0005, -0x0008, +0x000c, 
    -0x0009, -0x000c, +0x0010, +0x000a, +0x0008, +0x0000, -0x0002, -0x0002, 
    -0x0009, +0x000f, -0x000b, +0x0000, -0x0019, +0x000e, -0x0003, -0x0006, 
    +0x0014, -0x0002, +0x0001, -0x0006, +0x001a, +0x0006, -0x000f, -0x0016, 
    -0x0006, +0x0006, -0x000c, -0x0006, +0x0007, -0x000a, +0x000d, +0x000c, 
    -0x000e, -0x0002, +0x0014, -0x000d, +0x0005, -0x0012, +0x000a, +0x0004, 
    +0x0004, -0x0013, +0x000e, +0x000d, -0x0034, -0x000c, +0x000e, +0x000f, 
    -0x000e, -0x0010, +0x0017, +0x0005, +0x0039, -0x000b, -0x0018, +0x0002, 
    -0x0012, +0x0011, -0x0019, +0x0008, +0x000f, +0x0009, -0x0008, -0x000f, 
    -0x000a, +0x0021, -0x0009, -0x0017, +0x0004, -0x0007, +0x0009, +0x000c, 
    +0x0000, +0x0002, +0x000a, +0x0007, -0x0025, -0x0004, +0x0009, +0x0013, 
    +0x0001, -0x001a, -0x0006, +0x0019, +0x001f, +0x0001, -0x000d, +0x0008, 
    -0x0012, +0x000f, -0x001a, -0x0011, +0x000e, -0x0002, -0x0004, -0x0019, 
    -0x0014, +0x0028, -0x000f, -0x0007, +0x0005, -0x000b, -0x0003, -0x0003, 
    -0x0005, +0x002a, -0x0009, -0x000d, -0x0026, -0x000a, -0x0006, +0x0017, 
    -0x000c, -0x0004, -0x0011, +0x0006, +0x001e, -0x0004, -0x0019, +0x0006, 
    -0x0005, -0x0003, -0x0004, -0x000d, +0x0006, -0x000b, +0x0024, -0x000e, 
    +0x0007, +0x000a, +0x000b, -0x0004, -0x0002, +0x0003, -0x0003, -0x0004, 
    -0x0005, +0x000a, -0x000e, -0x0001, -0x0012, -0x0011, +0x000f, +0x000f, 
    -0x000b, -0x0004, -0x0019, +0x000e, +0x0006, +0x0003, -0x0022, +0x000f, 
    +0x000a, +0x0012, -0x0020, +0x0002, -0x0008, +0x000b, -0x0005, +0x0007, 
    +0x0007, -0x0008, -0x0004, -0x0006, +0x0009, +0x0004, +0x000b, -0x000c, 
    -0x000a, -0x0003, +0x0002, +0x0008, -0x002f, -0x0001, +0x0021, -0x0001, 
    -0x0008, -0x0004, +0x0001, +0x0009, +0x0014, +0x0022, -0x0024, -0x001b, 
    +0x0005, +0x0004, -0x0001, -0x0001, +0x0002, -0x001e, +0x0000, +0x000f, 
    -0x0006, -0x0009, -0x0023, +0x0016, -0x000b, +0x0002, +0x0008, +0x0009, 
    -0x0005, +0x002a, -0x000b, -0x000c, -0x003a, +0x000d, +0x0022, -0x000d, 
    -0x001a, +0x0004, +0x001d, -0x000c, +0x0006, -0x0007, +0x0035, -0x000e, 
    +0x0001, +0x0005, +0x0000, +0x0001, -0x000b, +0x000c, -0x0003, +0x0008, 
    -0x0017, -0x0007, -0x0016, +0x0015, +0x0002, -0x0006, -0x0003, -0x0007, 
    -0x000e, +0x0018, +0x001b, -0x001f, -0x0012, +0x0006, +0x0010, -0x000b, 
    -0x0001, -0x0006, +0x0010, +0x0004, +0x0015, -0x0008, +0x0015, -0x0010, 
    +0x0001, +0x000e, +0x000a, -0x000f, -0x0001, +0x001c, -0x001a, +0x0006, 
    +0x0005, -0x000a, -0x000a, +0x0016, +0x0009, +0x000a, +0x0007, -0x0001, 
    +0x0007, -0x000d, +0x000c, -0x0001, -0x0006, +0x0019, -0x0024, +0x0001, 
    -0x001e, -0x0004, +0x0019, -0x000b, +0x0020, -0x0004, -0x000e, -0x0006, 
    -0x0010, +0x0008, +0x0010, -0x0008, +0x0002, +0x0008, -0x0009, -0x000c, 
    -0x0009, +0x000e, +0x000b, -0x0011, +0x0000, +0x0009, +0x0005, -0x0002, 
    +0x0002, -0x0010, -0x000f, +0x0010, +0x001d, +0x000a, -0x000b, -0x0009, 
    -0x000d, +0x0002, -0x000e, +0x0019, +0x0010, +0x000c, -0x000a, -0x0012, 
    -0x0032, +0x0004, +0x0014, -0x000c, +0x0014, +0x0000, +0x0002, -0x0011, 
    -0x0010, -0x0007, +0x0015, +0x000f, +0x0002, -0x0010, +0x0004, +0x0006, 
    +0x0009, -0x0009, +0x0006, -0x0001, +0x001c, +0x0010, -0x0028, -0x0007, 
    -0x0026, +0x001d, -0x000e, -0x0004, +0x0007, -0x000c, +0x001a, -0x000d, 
    -0x0017, -0x000a, +0x001f, -0x0011, +0x000a, +0x000f, -0x000b, +0x0000, 
    -0x000c, +0x0020, -0x0001, -0x0002, -0x0004, -0x0003, -0x0004, -0x0001, 
    +0x0005, +0x000d, +0x0017, -0x001a, +0x0011, +0x0004, -0x0016, +0x0008, 
    -0x0012, -0x000c, -0x0025, +0x001b, +0x0008, -0x0017, +0x0020, +0x0006, 
    -0x0015, +0x0011, -0x0001, -0x0017, +0x001e, -0x0013, -0x000e, +0x0000, 
    -0x000d, -0x0001, +0x001c, -0x001e, -0x0003, -0x000a, -0x0005, -0x000c, 
    -0x0003, +0x001b, +0x0001, -0x0004, +0x0012, +0x000b, -0x0024, +0x000f, 
    +0x0009, -0x0002, -0x0006, +0x001b, +0x0007, -0x000c, +0x0003, +0x000f, 
    -0x0009, +0x0007, +0x000a, -0x000f, -0x0003, -0x0011, +0x0006, +0x0019, 
    -0x0009, -0x0005, -0x0004, +0x0009, -0x0001, -0x0011, +0x0003, +0x0006, 
    -0x0005, -0x000d, +0x0004, -0x0001, +0x000e, +0x000d, -0x001c, -0x0003, 
    -0x001d, +0x0007, -0x000d, +0x000e, -0x000f, +0x0019, -0x0017, -0x000d, 
    -0x000f, +0x000a, +0x000d, -0x0014, +0x0000, -0x0024, +0x0009, +0x000b, 
    -0x000a, -0x000c, +0x0019, -0x0002, +0x0005, +0x0013, -0x000d, -0x0002, 
    +0x0004, -0x000c, +0x0013, -0x0007, -0x0009, +0x0000, -0x000a, +0x0015, 
    -0x000e, -0x0008, -0x0008, +0x0008, +0x0009, +0x0027, -0x0006, -0x0022, 
    -0x0014, -0x0011, +0x0008, +0x0005, -0x001b, +0x0003, +0x000f, +0x0006, 
    +0x0004, -0x000c, -0x0011, +0x0025, -0x0003, +0x0009, -0x0008, +0x0007, 
    +0x0005, -0x000c, -0x0002, +0x0001, +0x0007, +0x0005, -0x0001, +0x0008, 
    -0x0011, +0x0010, -0x000a, +0x0003, +0x002d, -0x0021, +0x0002, +0x000a, 
    -0x0027, -0x0026, +0x0014, +0x0018, +0x0001, -0x0010, +0x0013, +0x0008, 
    -0x0001, -0x000b, -0x000a, +0x0001, +0x0008, +0x0000, +0x0001, +0x0001, 
    +0x0003, -0x0004, -0x0007, +0x0005, -0x0014, +0x000c, -0x0004, +0x0001, 
    -0x0007, -0x0009, -0x0003, +0x0005, -0x0021, +0x0007, +0x000f, -0x0002, 
    +0x0000, +0x0005, -0x0020, +0x0006, +0x0002, -0x0005, -0x0001, +0x0008, 
    +0x0024, +0x0012, -0x0019, -0x0018, -0x0001, +0x0007, +0x0003, +0x0003, 
    +0x0007, -0x0013, -0x0007, +0x0009, +0x0010, -0x0009, -0x001a, +0x0018, 
    +0x003c, +0x000f, +0x0002, -0x0029, -0x000d, -0x0004, +0x0000, -0x0002, 
    +0x0033, +0x0005, -0x0016, -0x0002, +0x0000, +0x000b, -0x0009, -0x0009, 
    -0x0014, -0x0014, +0x001f, +0x000d, +0x0003, +0x0009, +0x0000, +0x0000, 
    +0x000d, +0x0013, -0x000b, -0x000d, -0x0026, +0x0031, +0x0001, -0x0034, 
    -0x0002, +0x000f, +0x0005, -0x0003, +0x0036, -0x000c, -0x0015, -0x0010, 
    -0x0011, +0x000f, -0x000d, +0x0013, -0x0013, +0x0002, -0x000b, -0x0003, 
    -0x0001, -0x0015, +0x001e, +0x0002, -0x0007, -0x0017, +0x001b, +0x000f, 
    -0x0013, +0x000f, -0x0008, +0x0007, -0x000a, +0x000a, +0x000b, -0x000c, 
    +0x0004, -0x001b, -0x0002, +0x000c, +0x0020, +0x0017, +0x000d, -0x0020, 
    -0x0024, -0x0010, -0x001d, +0x0031, -0x0004, +0x0003, -0x000a, +0x0005, 
    -0x0003, +0x0003, +0x000d, -0x0003, -0x0006, -0x000b, -0x000d, +0x000b, 
    +0x0002, +0x0004, -0x000a, -0x0001, -0x0055, +0x0011, -0x000e, +0x0007, 
    -0x0001, +0x0001, +0x0018, +0x0000, +0x003b, -0x0008, -0x000f, -0x0014, 
    +0x0005, +0x0015, -0x0016, -0x0001, -0x0005, -0x0012, +0x0003, -0x0007, 
    +0x0001, -0x000c, +0x0014, -0x0007, +0x0005, +0x0001, +0x0002, +0x000d, 
    +0x0006, +0x0021, +0x000b, -0x001b, -0x005d, -0x0006, +0x0004, +0x0010, 
    +0x0014, -0x000f, +0x0005, +0x0010, +0x0026, -0x0001, -0x001a, -0x000e, 
    -0x0025, -0x0003, -0x0014, +0x0010, -0x0004, -0x0011, +0x0014, +0x0005, 
    +0x0000, +0x0008, +0x0014, -0x002c, +0x0002, -0x000b, +0x000b, -0x0002, 
    +0x0007, +0x0002, +0x0005, +0x0004, -0x0027, -0x0003, +0x000d, +0x0012, 
    +0x000f, -0x0004, -0x000b, +0x0003, +0x0019, -0x0003, -0x0011, -0x0004, 
    +0x0010, +0x000d, -0x0012, -0x000a, -0x000f, +0x000e, +0x001e, -0x0016, 
    -0x0022, +0x000b, -0x0006, +0x0011, +0x0003, -0x0005, +0x0009, +0x0008, 
    -0x0005, +0x0025, +0x0008, -0x0022, -0x0038, +0x0006, -0x0001, +0x0011, 
    +0x0013, -0x0005, -0x0008, +0x0009, +0x0019, -0x0012, -0x0019, +0x0012, 
    +0x0010, +0x000f, -0x000a, -0x000e, -0x0015, -0x000a, +0x0012, +0x0009, 
    -0x0020, +0x0003, +0x0001, +0x0007, -0x0001, +0x0005, +0x0006, -0x000f, 
    -0x0001, +0x0010, -0x001c, +0x0016, -0x0030, -0x000b, +0x000e, +0x0015, 
    +0x0010, +0x0003, -0x0017, +0x000c, +0x000a, +0x0001, -0x0042, +0x0022, 
    +0x0003, +0x0016, -0x0028, -0x000a, -0x0013, +0x000b, +0x0000, +0x000d, 
    -0x0008, +0x000e, -0x0019, +0x000d, +0x0000, +0x001e, -0x0001, -0x000a, 
    -0x0005, +0x0020, -0x0007, -0x0006, -0x003f, -0x000b, +0x000d, +0x0001, 
    +0x0013, +0x0008, -0x0013, -0x000a, +0x0012, +0x0000, -0x0033, -0x0004, 
    -0x0013, +0x0003, -0x000a, -0x0001, -0x0019, +0x000c, -0x0003, +0x000f, 
    -0x000c, +0x0001, -0x0017, +0x0010, +0x0004, -0x0002, -0x000a, +0x0015, 
    -0x0003, +0x0028, -0x0017, -0x000e, -0x0004, +0x000f, +0x000e, -0x0008, 
    -0x0010, -0x0005, +0x000f, -0x0014, -0x0007, -0x0014, +0x002b, -0x0009, 
    +0x0003, -0x0005, -0x000c, -0x0009, -0x001a, +0x0023, -0x0022, +0x0014, 
    -0x0007, -0x0004, -0x000e, +0x0013, -0x0008, +0x000d, -0x0009, +0x000c, 
    -0x0018, +0x000b, +0x0018, -0x0005, +0x0004, +0x0008, +0x001b, -0x0013, 
    +0x0015, -0x0005, +0x0002, -0x000f, +0x0022, -0x001a, +0x001d, -0x0006, 
    +0x000d, +0x0002, +0x000f, -0x0004, -0x0013, +0x0009, +0x0007, -0x0001, 
    +0x000b, +0x0004, -0x0005, +0x0006, -0x000c, +0x0010, -0x0006, -0x0006, 
    -0x0009, -0x001c, +0x001a, +0x0009, +0x0017, +0x001a, -0x0011, -0x000c, 
    +0x0009, -0x001a, +0x000e, +0x0013, +0x0010, -0x0014, +0x0005, +0x0006, 
    -0x0003, +0x0001, +0x0018, -0x000b, -0x000d, +0x0019, -0x0002, +0x0003, 
    -0x0001, -0x001f, +0x000f, +0x0015, -0x0004, -0x000b, +0x0001, +0x000e, 
    +0x000c, +0x0013, -0x0028, +0x000d, +0x0037, +0x002b, -0x0013, -0x0020, 
    +0x0012, -0x0005, +0x0004, +0x0009, +0x0023, +0x000c, -0x0010, -0x0005, 
    -0x0029, -0x0003, +0x000a, -0x0011, -0x0019, +0x0014, -0x000b, +0x0003, 
    -0x001e, +0x0004, +0x0010, +0x0006, -0x0005, +0x0009, -0x0001, +0x0005, 
    -0x0007, +0x0003, +0x000e, -0x000f, +0x0021, +0x0011, -0x002f, +0x0008, 
    -0x0016, +0x000b, -0x0008, +0x0006, +0x0001, +0x0003, -0x000a, +0x0002, 
    -0x0017, -0x000f, +0x0017, -0x0003, -0x0017, +0x0007, +0x000c, +0x000d, 
    +0x000c, +0x001e, -0x000e, -0x0019, +0x0003, -0x0001, -0x0006, +0x000a, 
    -0x0005, +0x0029, +0x0010, -0x000d, +0x0011, +0x0007, -0x0014, +0x0004, 
    +0x001f, -0x0003, -0x0013, +0x000d, +0x0004, +0x000a, -0x001f, -0x0004, 
    +0x000f, +0x000c, +0x0000, -0x0018, +0x0012, -0x0004, +0x0001, -0x0001, 
    -0x000c, -0x0005, +0x0017, -0x000f, +0x0006, -0x0003, +0x000b, -0x0006, 
    +0x0000, +0x0007, +0x0003, +0x0007, +0x001b, -0x0002, -0x0037, +0x0014, 
    +0x0008, -0x0002, +0x0009, +0x000a, +0x0013, -0x0003, +0x000a, -0x000c, 
    -0x001e, +0x000a, +0x000a, -0x001c, -0x002a, +0x0008, +0x0008, +0x0010, 
    +0x0005, -0x001a, +0x0006, +0x0015, -0x0005, +0x0009, +0x0007, -0x0005, 
    +0x0001, +0x000c, +0x0006, -0x0014, +0x0009, +0x000a, -0x0017, -0x0006, 
    +0x0017, -0x0003, +0x0004, -0x0009, +0x000c, +0x0011, -0x001c, -0x000c, 
    -0x001c, +0x0009, +0x000e, -0x0011, -0x002a, -0x000c, +0x000e, +0x0017, 
    +0x0003, -0x001d, +0x0012, +0x000b, +0x0002, +0x0004, +0x0003, +0x0012, 
    +0x0006, +0x0001, +0x0012, -0x0011, -0x0012, -0x000a, +0x000d, -0x0004, 
    -0x0001, +0x000b, +0x000b, -0x0006, +0x001c, +0x0026, -0x0016, -0x0018, 
    -0x0014, -0x0006, +0x0017, -0x0006, -0x0011, -0x000a, +0x0030, -0x0018, 
    -0x0001, +0x0003, -0x001d, +0x001e, -0x0005, +0x000a, +0x0005, +0x0001, 
    +0x0011, -0x0011, +0x001c, -0x000e, -0x000b, +0x0005, +0x000f, +0x0003, 
    -0x0008, -0x0005, +0x000d, +0x0008, +0x0018, -0x0023, +0x0022, +0x000b, 
    -0x0004, -0x0019, +0x0006, +0x0007, -0x0002, +0x0002, +0x0005, -0x000c, 
    +0x0007, -0x0001, -0x0007, +0x0007, -0x000a, +0x000c, -0x0008, +0x0009, 
    -0x0002, -0x0004, +0x0002, +0x0008, -0x0018, +0x0012, +0x000b, -0x0009, 
    +0x0000, +0x0000, +0x0003, -0x0005, -0x000b, -0x0003, +0x0001, +0x0006, 
    -0x000a, -0x0014, -0x000d, +0x0018, +0x0017, +0x0008, -0x0010, -0x0005, 
    +0x000a, +0x0004, -0x0011, -0x000d, -0x0003, -0x000d, +0x0003, +0x0002, 
    -0x0005, -0x000e, +0x0003, +0x0017, -0x0015, +0x0027, -0x0004, -0x002e, 
    +0x0040, -0x000a, +0x0012, -0x0021, -0x0008, -0x0008, -0x0009, +0x0001, 
    +0x001d, +0x000a, -0x0010, -0x0003, +0x000d, -0x0013, -0x0021, +0x001f, 
    -0x000e, +0x001b, -0x0019, -0x0018, -0x0005, +0x0008, -0x0001, -0x0006, 
    -0x000b, +0x0014, +0x000a, -0x000e, -0x002a, +0x0041, +0x000a, -0x002c, 
    +0x0009, +0x0011, +0x0008, -0x0007, +0x0030, +0x0000, -0x0010, -0x000a, 
    -0x000a, +0x0005, -0x0004, +0x0007, -0x001c, +0x0007, -0x000d, +0x0000, 
    -0x0006, +0x000e, +0x000d, -0x0005, -0x001b, -0x0010, +0x0015, -0x0009, 
    -0x0019, +0x000f, +0x0001, -0x0007, +0x0000, +0x000a, +0x0009, -0x0010, 
    -0x001a, -0x0009, +0x0003, +0x0000, +0x0012, +0x0013, +0x000a, -0x0018, 
    -0x0019, -0x000b, -0x0013, +0x0027, -0x0007, +0x0001, +0x0000, +0x0000, 
    -0x0002, -0x0012, +0x0006, -0x0002, -0x0005, +0x0004, -0x0006, -0x000a, 
    +0x0015, -0x0004, +0x0007, -0x0007, -0x0026, +0x000b, -0x0008, +0x000a, 
    -0x000f, +0x0003, +0x0002, +0x0012, +0x0006, +0x0005, +0x0009, -0x0011, 
    +0x0006, +0x000c, -0x0018, -0x0008, -0x0007, -0x0017, +0x000c, +0x0001, 
    -0x001f, -0x0006, +0x002e, -0x0021, -0x000b, -0x0008, +0x000e, +0x000d, 
    -0x0008, +0x0005, +0x000b, -0x0015, -0x0031, -0x000b, +0x0010, +0x001c, 
    +0x0008, -0x001d, -0x000b, +0x0018, +0x0023, -0x000a, -0x000d, -0x0010, 
    -0x001a, -0x000b, +0x0006, +0x0014, -0x0027, -0x0001, +0x0014, -0x0011, 
    +0x0009, +0x000d, +0x001a, -0x001e, +0x0006, +0x000b, +0x001d, -0x0029, 
    +0x0006, +0x0012, -0x0005, +0x0000, -0x001b, +0x0000, +0x0017, +0x000e, 
    -0x0002, -0x000e, -0x0003, +0x0014, -0x0008, -0x0012, -0x0008, +0x0016, 
    +0x000b, +0x000c, -0x0016, -0x0008, -0x0040, +0x0015, +0x0010, +0x0000, 
    -0x0002, +0x0014, -0x0001, +0x0003, -0x000f, +0x0001, +0x000e, +0x0008, 
    +0x0000, +0x0013, +0x0005, -0x0014, +0x0000, -0x0002, +0x000f, +0x0009, 
    +0x000a, -0x000f, -0x001c, +0x0019, -0x0010, -0x0008, -0x001e, +0x0018, 
    -0x0014, +0x0005, -0x000a, -0x0007, -0x001c, -0x0006, +0x0010, +0x0002, 
    -0x0016, -0x0012, -0x0007, +0x001d, +0x0003, +0x0023, +0x000b, -0x000f, 
    +0x0008, +0x0005, -0x0017, +0x000a, -0x0017, -0x0016, +0x000b, +0x000a, 
    +0x0001, -0x0005, -0x001b, +0x0009, +0x0003, +0x0007, -0x0029, +0x000d, 
    -0x0013, +0x0019, -0x0024, -0x0009, -0x000b, +0x0026, +0x0004, -0x000a, 
    -0x0002, +0x0019, -0x0009, -0x0007, -0x0005, +0x0027, -0x0013, +0x0000, 
    -0x0003, +0x0020, +0x000e, -0x001f, -0x0030, -0x0002, +0x001a, +0x0004, 
    +0x000e, -0x0005, -0x0006, +0x000a, +0x001b, +0x0008, -0x0020, +0x0008, 
    -0x0016, +0x0007, -0x0014, -0x0001, -0x0020, +0x0014, +0x0014, -0x000b, 
    -0x000a, -0x0002, -0x0017, +0x0012, -0x0008, -0x0005, -0x0010, +0x001d, 
    +0x000e, +0x001f, -0x0002, -0x0010, -0x0006, +0x0017, +0x0012, -0x0017, 
    -0x0011, -0x0013, +0x0023, -0x0002, -0x0009, +0x0002, +0x000e, -0x000a, 
    -0x000a, -0x0002, -0x0009, +0x0005, -0x0028, +0x002c, -0x001c, -0x0001, 
    -0x0018, +0x0009, +0x0008, +0x0004, +0x0001, +0x000d, -0x000b, +0x0006, 
    -0x0017, +0x0006, +0x0003, -0x0008, +0x0015, +0x0000, +0x0018, -0x001c, 
    +0x001a, -0x0009, +0x0008, -0x0011, +0x0027, -0x000f, +0x0015, -0x0001, 
    -0x0006, +0x0006, +0x0018, -0x001c, -0x001b, +0x0003, +0x000d, +0x0009, 
    -0x0014, -0x000e, +0x0005, +0x0005, -0x0007, -0x000c, -0x0009, +0x000a, 
    +0x000c, -0x0012, +0x0007, -0x0003, +0x0023, +0x001c, -0x0011, -0x000b, 
    +0x0002, -0x0011, +0x0005, +0x0018, +0x0003, -0x000f, +0x0006, -0x000a, 
    -0x0002, -0x0001, +0x0017, -0x000a, -0x0003, -0x0002, -0x0006, +0x0006, 
    -0x001c, -0x0001, +0x0012, +0x000d, -0x000f, -0x001b, +0x0004, +0x0013, 
    -0x0001, +0x000c, +0x0004, -0x0004, +0x0027, +0x0022, -0x001b, -0x0021, 
    +0x0015, -0x000d, -0x000c, +0x0006, +0x0006, -0x0004, +0x0006, -0x0003, 
    -0x0029, +0x0001, +0x0019, -0x0009, -0x000e, +0x0015, -0x0004, +0x0000, 
    -0x000d, -0x0002, +0x0022, -0x000d, -0x0006, -0x001b, +0x000f, +0x0012, 
    +0x0000, -0x0014, +0x0021, -0x000e, +0x001d, +0x0011, -0x0015, +0x0007, 
    -0x0003, -0x0004, +0x0002, +0x0004, +0x000a, -0x0001, +0x0001, -0x0005, 
    -0x0024, -0x0008, +0x0012, -0x0006, -0x0010, -0x0002, -0x0004, +0x0009, 
    +0x0000, +0x0007, +0x0002, -0x0009, -0x0003, -0x002b, -0x0009, +0x0026, 
    -0x0014, +0x0017, +0x0017, -0x0013, +0x000b, +0x0005, -0x0024, +0x0010, 
    +0x0004, +0x0000, -0x000a, +0x0008, +0x0018, +0x001f, -0x0022, -0x000b, 
    -0x0006, +0x0006, +0x000e, -0x0012, +0x0013, +0x0003, +0x0004, -0x0006, 
    -0x0001, +0x0007, +0x0018, -0x0007, -0x000f, +0x0014, +0x0006, +0x0003, 
    -0x000b, +0x0002, +0x000b, -0x001a, -0x0001, -0x0005, -0x0021, +0x001e, 
    -0x0008, -0x000d, -0x0008, +0x000b, +0x001c, +0x0008, -0x0014, -0x000b, 
    -0x002b, -0x000d, +0x000a, +0x0003, -0x0031, +0x0012, +0x000f, +0x000a, 
    +0x0001, -0x000e, -0x0012, +0x001f, -0x0006, -0x0011, +0x0018, -0x0005, 
    -0x000b, -0x0004, +0x0007, -0x0012, +0x000e, +0x000c, -0x0009, -0x0005, 
    +0x0016, +0x0003, -0x0003, -0x0010, +0x000e, +0x0014, -0x0010, -0x0016, 
    -0x001e, +0x0000, +0x000e, -0x000d, -0x0044, +0x0000, +0x001e, +0x0012, 
    +0x000d, -0x0006, -0x0005, +0x0005, +0x000b, +0x0001, -0x0003, -0x000b, 
    +0x0006, -0x0016, +0x001c, -0x0017, -0x0006, -0x000d, +0x0006, +0x000c, 
    -0x000e, -0x0005, +0x0002, +0x0008, +0x002b, +0x0010, -0x0017, -0x0016, 
    -0x0012, -0x000b, +0x0017, -0x0018, -0x0015, -0x000a, +0x001d, +0x0001, 
    -0x0007, +0x001c, -0x0006, -0x000d, +0x0002, +0x0004, +0x0000, -0x0001, 
    +0x0007, -0x0008, +0x0015, -0x000d, -0x0011, -0x0008, +0x001c, -0x0003, 
    -0x0003, +0x0004, -0x000b, +0x0001, -0x0004, -0x0014, +0x000f, +0x0003, 
    -0x0018, -0x0006, -0x0003, +0x000f, +0x0007, -0x0014, +0x000f, -0x0003, 
    +0x0008, -0x000e, +0x0004, -0x0005, +0x0000, -0x0002, +0x0009, -0x0007, 
    -0x000b, +0x0010, -0x0005, +0x0009, -0x001c, +0x0007, +0x0022, -0x0019, 
    +0x0003, +0x0001, +0x0005, +0x0008, +0x0001, -0x0004, -0x0003, -0x0004, 
    -0x0008, -0x000a, +0x0016, -0x0008, +0x0009, +0x0011, +0x0005, +0x000b, 
    +0x0000, +0x0008, -0x000f, -0x0009, -0x0003, -0x0016, -0x0010, +0x0010, 
    +0x0011, -0x0019, -0x0017, +0x0009, -0x0016, +0x000d, +0x0006, -0x001f, 
    +0x0024, -0x0006, -0x0031, +0x001c, +0x000b, -0x000e, -0x0009, -0x0008, 
    +0x0014, +0x0004, -0x0008, +0x0001, -0x0001, +0x000d, -0x0005, -0x0006, 
    -0x0025, +0x000d, +0x0005, +0x0009, -0x0001, +0x0006, +0x0003, +0x0010, 
    +0x0000, +0x0021, -0x0007, -0x000e, -0x0014, +0x0047, -0x0002, -0x002e, 
    -0x000d, +0x0011, -0x0003, -0x0001, +0x0031, -0x0003, -0x0009, -0x0013, 
    -0x001e, +0x0002, -0x000c, +0x0008, +0x0001, +0x000f, -0x0007, +0x0001, 
    +0x000b, +0x001f, -0x0007, -0x0021, -0x000a, -0x0012, +0x000e, +0x0015, 
    -0x0011, +0x0008, -0x0002, +0x0001, -0x0006, +0x0016, +0x0010, -0x001b, 
    -0x0003, -0x000f, +0x000d, +0x0011, +0x0018, +0x0004, -0x0004, -0x0012, 
    -0x000a, -0x0012, -0x0020, +0x001c, -0x0001, -0x000e, +0x0006, +0x000e, 
    +0x0008, +0x002a, -0x0007, -0x0026, -0x0004, +0x0004, -0x0004, +0x0000, 
    +0x0012, +0x000c, +0x000b, -0x000f, -0x0039, +0x0002, +0x0000, +0x0008, 
    -0x000a, +0x000d, -0x0001, -0x000a, +0x0001, -0x0003, -0x000a, +0x0003, 
    +0x0025, +0x000d, -0x0011, -0x0007, -0x000a, -0x000b, -0x0009, +0x0006, 
    -0x0018, +0x0014, +0x000d, -0x001b, -0x000a, +0x001e, +0x0010, -0x001a, 
    +0x0010, +0x000b, +0x0004, -0x000c, -0x0023, -0x0008, +0x0010, +0x000a, 
    +0x0005, -0x000e, -0x000b, +0x0012, +0x000b, +0x000e, +0x0006, -0x000d, 
    -0x000b, -0x000b, +0x000a, +0x0003, -0x003a, +0x000f, +0x0025, -0x0003, 
    -0x000c, +0x0015, +0x0007, -0x0029, +0x0004, +0x0000, +0x0020, -0x001d, 
    +0x0004, +0x0019, -0x0002, +0x000c, -0x0015, -0x0004, +0x000b, +0x0002, 
    -0x000e, +0x0003, -0x0017, +0x000f, -0x000a, -0x0005, -0x000b, +0x0013, 
    +0x000e, +0x0012, -0x000b, -0x000f, -0x002e, +0x0000, +0x0017, -0x0002, 
    -0x000d, +0x0009, -0x0010, +0x000f, +0x0006, +0x0001, -0x0005, -0x0006, 
    +0x0009, +0x0018, -0x0008, -0x000f, -0x000f, -0x0004, +0x000d, +0x0004, 
    -0x0001, -0x000b, -0x002b, +0x001e, -0x0009, -0x0009, -0x000f, +0x001a, 
    +0x000b, +0x0017, -0x002c, -0x0002, -0x001d, -0x000f, +0x002e, +0x000a, 
    -0x0016, -0x0013, +0x000c, +0x0008, -0x0002, +0x0023, -0x0004, -0x0011, 
    -0x0005, +0x0008, -0x0010, +0x0001, -0x0014, -0x0017, +0x0009, +0x000f, 
    +0x0000, +0x0004, -0x001c, +0x0019, +0x000a, +0x0005, -0x002d, +0x0017, 
    +0x0005, +0x000c, -0x0013, -0x0007, -0x0019, +0x0020, -0x0006, +0x0006, 
    -0x0012, +0x0006, +0x000a, +0x0003, -0x0007, +0x0025, -0x000c, -0x0007, 
    +0x0006, +0x001a, +0x0015, -0x0020, -0x0011, -0x0003, +0x0011, +0x000b, 
    +0x000a, -0x0007, -0x0012, +0x0010, -0x0001, +0x000b, -0x001a, -0x0003, 
    +0x0000, +0x000d, -0x0019, +0x0002, -0x0020, +0x000b, +0x0014, +0x000d, 
    -0x0007, -0x0002, -0x0032, +0x0027, +0x0001, +0x0003, -0x000f, +0x0005, 
    -0x0004, +0x0004, -0x0003, -0x000b, -0x0010, +0x0016, +0x000d, -0x0007, 
    -0x000b, -0x0014, +0x001b, -0x0003, -0x0005, +0x0002, +0x0013, -0x0006, 
    -0x0004, +0x000a, -0x0006, +0x000c, -0x0015, +0x001e, -0x0013, +0x0004, 
    -0x0001, +0x0009, -0x0001, -0x000c, -0x000e, +0x0003, -0x001c, +0x0005, 
    -0x000b, +0x0004, +0x0001, -0x0002, +0x000f, +0x0013, +0x001e, -0x0023, 
    +0x0001, -0x0009, +0x001a, -0x0015, +0x000b, -0x0003, +0x000e, -0x000e, 
    -0x0007, +0x0008, +0x0005, -0x001c, -0x0007, +0x0005, +0x0014, -0x0005, 
    -0x000f, -0x0002, -0x0013, +0x000b, -0x0004, -0x0017, +0x0005, +0x0007, 
    -0x0005, -0x0005, -0x0003, +0x0009, +0x000a, +0x001b, -0x001d, -0x0004, 
    +0x0002, -0x000d, -0x0002, +0x001a, -0x000c, -0x000a, +0x0025, -0x0007, 
    +0x0005, -0x0002, +0x0020, -0x001a, +0x0016, -0x0008, -0x0008, +0x0006, 
    -0x0013, -0x0004, +0x0017, -0x000e, +0x0006, +0x0007, +0x0002, -0x0004, 
    +0x000f, +0x0006, -0x0006, +0x0005, +0x0001, +0x001d, -0x0016, -0x000b, 
    -0x0009, +0x000c, -0x0003, -0x0008, -0x0001, +0x0007, +0x0001, -0x0011, 
    -0x002a, -0x000d, +0x001b, -0x000c, +0x0004, +0x0001, +0x0000, -0x0006, 
    -0x000a, +0x000c, +0x0011, -0x0007, -0x0008, -0x0025, -0x0002, +0x0015, 
    +0x0000, -0x0003, +0x000f, +0x0000, +0x0011, +0x0014, -0x001a, +0x0001, 
    -0x0008, +0x0003, -0x000b, +0x0012, +0x000d, -0x000c, +0x0005, +0x0001, 
    -0x0019, -0x0008, +0x0011, -0x0002, -0x0012, -0x0007, +0x0001, +0x0014, 
    +0x0001, +0x000b, +0x0004, -0x000d, -0x0008, -0x0019, -0x000f, +0x0016, 
    -0x0006, +0x0019, +0x0006, -0x0012, +0x000e, +0x0009, -0x0015, +0x0011, 
    +0x0009, +0x0006, -0x0017, -0x0004, +0x0012, +0x0023, -0x0010, -0x000d, 
    -0x0002, +0x0005, +0x000e, -0x001f, +0x0006, +0x0009, +0x0002, -0x0003, 
    -0x000b, +0x0004, +0x0015, -0x001e, +0x0000, -0x0006, +0x000c, -0x0001, 
    -0x0008, +0x0004, +0x000a, -0x0008, -0x0011, -0x000e, -0x001b, +0x0016, 
    +0x000c, -0x0002, -0x001e, +0x0005, +0x0014, +0x000f, -0x0010, -0x0015, 
    -0x0012, -0x0002, +0x0012, -0x0012, -0x0030, +0x000a, +0x0007, +0x0011, 
    +0x0002, -0x000c, -0x0003, +0x0017, -0x0004, -0x0013, +0x000c, -0x000b, 
    +0x0009, +0x0000, +0x000f, -0x000c, -0x0018, -0x0006, +0x000b, -0x000b, 
    +0x000a, +0x0000, -0x000d, +0x000c, +0x0004, +0x0019, -0x0015, +0x0005, 
    -0x000e, +0x0004, +0x000b, +0x0000, -0x0023, +0x0006, +0x000e, +0x0013, 
    +0x0002, -0x0016, +0x000c, +0x0015, +0x0001, -0x0001, -0x000a, +0x0019, 
    +0x000c, +0x0001, +0x0002, -0x0009, -0x0017, -0x0005, +0x0001, +0x000c, 
    -0x0010, +0x000e, -0x0008, +0x0002, +0x0012, +0x000e, -0x0016, -0x000e, 
    -0x0010, -0x0001, +0x001b, -0x0009, -0x001d, +0x0005, -0x0002, +0x0001, 
    -0x0009, +0x0008, +0x0004, -0x0024, -0x0006, +0x0009, -0x0004, +0x0009, 
    +0x000a, -0x000f, +0x0013, -0x000b, -0x000e, +0x000f, +0x0017, -0x0011, 
    -0x000c, +0x0009, -0x0003, +0x0006, -0x000b, +0x000c, -0x0007, -0x0008, 
    -0x0026, -0x0005, +0x0003, +0x0002, -0x000f, -0x0018, +0x0022, +0x0002, 
    +0x0004, -0x0007, +0x0004, +0x000c, +0x0001, +0x0000, +0x000a, +0x000a, 
    -0x0009, +0x000e, +0x000a, -0x0007, +0x0008, +0x000a, +0x001f, -0x0025, 
    -0x000e, +0x0003, +0x0004, +0x000a, -0x0003, -0x0004, +0x0004, +0x0012, 
    -0x0002, -0x0006, -0x0005, +0x0002, +0x000a, -0x0002, +0x0000, +0x0008, 
    -0x000b, +0x000c, -0x0023, +0x0005, -0x0004, +0x0001, -0x000e, -0x0008, 
    +0x0001, -0x000f, -0x0014, +0x0017, +0x0011, -0x0003, +0x0005, -0x0014, 
    +0x002f, -0x0005, -0x0021, +0x0011, +0x000f, +0x0005, -0x0010, -0x0010, 
    +0x0014, +0x0006, -0x000f, -0x000b, -0x0011, +0x0009, -0x0002, +0x0006, 
    -0x000e, +0x0006, -0x001e, -0x0001, -0x0007, -0x0007, -0x0003, +0x0000, 
    -0x0009, +0x001d, -0x0003, -0x0013, -0x0040, +0x0037, +0x0000, -0x002b, 
    -0x0011, +0x0016, +0x0000, +0x0001, +0x0032, -0x0006, -0x0009, -0x000d, 
    -0x001c, +0x0000, +0x0008, +0x0005, -0x0013, +0x0001, -0x0010, +0x000a, 
    +0x0021, +0x001a, -0x0016, -0x001a, -0x001a, -0x000e, +0x0006, +0x0018, 
    -0x0007, -0x0006, -0x000d, +0x000a, -0x0011, +0x0007, +0x0008, -0x000a, 
    -0x0018, -0x000d, +0x0000, +0x0010, +0x0010, +0x001b, -0x0008, -0x0014, 
    -0x0013, -0x0012, -0x000f, +0x0022, -0x0004, +0x0002, -0x0001, +0x0002, 
    +0x0012, +0x0026, -0x0006, -0x0020, +0x0009, -0x0008, +0x000c, +0x000a, 
    +0x000d, +0x0011, -0x000b, -0x0002, -0x001f, +0x0000, -0x0003, +0x0015, 
    +0x0015, -0x0001, -0x0008, +0x000a, +0x000b, +0x0001, -0x000c, -0x0003, 
    -0x0005, +0x0015, -0x0022, -0x000f, -0x0003, -0x000c, +0x0000, +0x000a, 
    -0x000b, -0x0002, +0x0010, +0x0009, -0x000a, +0x0022, +0x0021, -0x002f, 
    -0x0001, +0x0015, +0x000e, -0x000d, -0x003c, -0x0004, +0x0017, +0x000c, 
    +0x000c, -0x001b, -0x0009, +0x0019, +0x0013, +0x0008, -0x0018, -0x0005, 
    -0x000c, -0x000b, +0x0017, +0x0014, -0x002d, +0x0003, +0x0012, -0x0007, 
    -0x0001, +0x0004, +0x001a, -0x001f, +0x0003, +0x0006, +0x0019, -0x0005, 
    +0x0005, +0x000f, -0x000a, -0x0003, -0x0026, -0x0006, +0x0006, +0x0002, 
    -0x0006, -0x0005, -0x000c, +0x0005, -0x000c, +0x0005, -0x0010, +0x0008, 
    +0x0005, +0x000c, -0x0003, -0x0019, -0x0025, +0x0005, +0x0022, -0x0008, 
    -0x0008, +0x0009, -0x0006, +0x000a, +0x0007, +0x0014, +0x0001, -0x000e, 
    -0x0014, +0x0016, -0x000f, -0x000f, -0x0006, -0x0004, +0x000e, +0x0005, 
    +0x001b, -0x000f, -0x001f, +0x001b, -0x001a, -0x0013, -0x0006, +0x000e, 
    +0x000c, +0x0018, -0x0034, +0x0005, -0x001d, -0x0013, +0x002b, +0x0001, 
    -0x0005, -0x0004, -0x0005, +0x0003, +0x0000, +0x0025, +0x0001, -0x0011, 
    +0x0007, +0x0015, -0x000f, -0x0007, -0x0009, -0x000f, +0x0004, +0x0015, 
    -0x0004, -0x0001, -0x000d, +0x000c, +0x0007, +0x0002, -0x0017, +0x0013, 
    +0x0004, +0x0010, +0x0004, -0x0009, -0x0023, +0x0020, +0x0003, -0x0004, 
    -0x0015, +0x0016, -0x0012, +0x0009, -0x000d, +0x0030, -0x0001, -0x0023, 
    +0x0002, +0x0017, +0x0008, -0x000d, -0x0020, -0x000a, +0x0000, +0x0011, 
    -0x0006, -0x0010, -0x0002, +0x0013, +0x0006, -0x0003, -0x002f, +0x0006, 
    -0x000f, -0x000b, -0x0012, +0x000a, -0x0024, +0x0017, -0x000b, +0x0004, 
    +0x0010, -0x000e, -0x0026, +0x0030, +0x0002, +0x0009, -0x000f, +0x0008, 
    -0x0004, +0x0009, -0x000b, -0x000c, -0x0011, +0x0010, -0x0006, -0x0011, 
    +0x0004, -0x000d, +0x0024, -0x0003, -0x001a, +0x0003, +0x0010, -0x0006, 
    +0x0003, +0x0006, -0x0003, +0x000c, -0x001a, +0x0018, -0x0015, +0x000a, 
    +0x0005, -0x0004, -0x000a, +0x0011, -0x0001, -0x0004, -0x0006, -0x0005, 
    -0x0002, +0x0007, -0x0016, +0x0015, +0x000d, +0x0002, +0x0011, -0x0022, 
    +0x0017, -0x0010, +0x0029, -0x000b, -0x0001, -0x0007, +0x0005, +0x0000, 
    -0x0013, +0x0009, +0x000a, -0x0015, -0x0003, +0x0006, +0x0008, +0x0008, 
    -0x0017, -0x001f, +0x0009, +0x001f, -0x0007, -0x0009, -0x0006, -0x0002, 
    +0x0005, -0x0009, -0x0002, +0x0007, -0x0002, +0x0017, -0x0019, -0x0006, 
    +0x000b, +0x0002, -0x000f, +0x0014, +0x000b, -0x0008, +0x0021, -0x0014, 
    +0x0000, -0x0001, +0x0022, -0x0017, +0x000e, +0x0001, -0x000a, +0x0002, 
    -0x0014, -0x0014, +0x0017, +0x0012, -0x0008, -0x000b, +0x0013, -0x000f, 
    +0x000b, -0x0003, +0x0000, -0x000b, -0x0002, +0x0026, -0x001c, -0x0019, 
    -0x0008, +0x0005, -0x0001, -0x0009, +0x0004, +0x0009, +0x000a, -0x0001, 
    -0x001d, -0x0005, +0x0001, -0x0007, +0x000e, +0x0018, -0x001a, -0x000f, 
    -0x000d, +0x0006, +0x0027, -0x000b, +0x0008, -0x001b, +0x0007, +0x000d, 
    -0x000c, -0x0014, +0x0003, +0x000c, +0x001c, +0x0014, -0x001c, +0x0002, 
    +0x0001, -0x000a, -0x0005, +0x0019, +0x0007, -0x0004, -0x0001, -0x0002, 
    -0x001b, -0x000a, +0x000a, -0x0004, -0x000f, +0x0007, +0x0009, +0x000b, 
    -0x000a, +0x000c, -0x000f, +0x000d, +0x0009, -0x001d, -0x000a, +0x0020, 
    -0x0001, +0x0009, +0x0018, -0x0009, -0x0009, +0x000a, -0x001e, +0x0010, 
    -0x0004, -0x0007, -0x000d, +0x0004, +0x0010, +0x0007, -0x000a, +0x0000, 
    +0x0006, +0x0000, +0x000b, -0x0019, -0x0003, +0x0013, -0x0002, -0x0003, 
    -0x000a, -0x0008, +0x0001, +0x0004, +0x0000, +0x0015, +0x000f, -0x0015, 
    +0x000e, +0x000c, +0x000a, +0x0001, -0x0008, -0x0011, -0x000e, +0x0020, 
    -0x0004, -0x0010, -0x000e, +0x0018, -0x0002, +0x000a, -0x000e, -0x0008, 
    -0x0022, +0x0002, +0x001b, -0x0017, -0x0033, +0x0007, -0x0008, +0x0007, 
    -0x0012, -0x000e, +0x0012, -0x0004, -0x000b, -0x0019, +0x0019, -0x0005, 
    -0x0001, -0x0003, +0x0019, -0x0011, -0x0003, +0x0004, +0x0009, -0x000f, 
    +0x000e, -0x0010, -0x0017, +0x0012, +0x0016, +0x000d, -0x0011, +0x000b, 
    -0x0028, -0x0003, +0x0018, -0x0015, -0x0014, +0x000a, +0x000c, +0x0007, 
    -0x0004, -0x0007, +0x0014, +0x000f, +0x0003, -0x0018, -0x0002, +0x000a, 
    +0x0009, +0x000b, +0x0008, -0x0012, -0x0006, -0x0007, -0x0017, +0x0014, 
    -0x0003, +0x0013, +0x0003, -0x0004, +0x0023, +0x000d, -0x000b, -0x000e, 
    -0x0013, +0x0000, +0x0012, -0x0008, -0x0022, -0x0002, +0x001b, -0x0001, 
    +0x0003, -0x0009, +0x0014, -0x0010, +0x0009, +0x0001, -0x0008, +0x000b, 
    +0x0009, -0x0005, +0x000b, -0x0006, -0x000a, +0x0012, -0x0010, -0x0014, 
    -0x000d, +0x0012, -0x0009, -0x000f, +0x0014, -0x0001, +0x0015, -0x0019, 
    -0x0043, +0x001d, -0x0003, -0x0007, +0x0002, -0x000e, +0x0007, -0x0001, 
    -0x0003, -0x0010, +0x0005, +0x0017, -0x000b, -0x0008, +0x0003, -0x0005, 
    -0x0008, +0x0024, -0x0020, -0x0002, +0x0004, +0x000a, +0x0012, -0x0019, 
    +0x0003, +0x0006, -0x0004, -0x0003, -0x000d, +0x000c, +0x0008, +0x0009, 
    +0x0010, -0x0009, -0x0002, +0x000a, -0x0003, +0x0010, -0x0007, +0x0004, 
    -0x0001, -0x0004, -0x0010, -0x0007, +0x0000, +0x0007, +0x000f, -0x0018, 
    -0x0005, -0x0010, +0x0003, +0x0013, +0x0001, +0x0009, +0x0004, +0x0004, 
    +0x0061, -0x003b, -0x0018, +0x001c, +0x0009, +0x0006, -0x000e, -0x0012, 
    +0x001f, +0x000a, +0x0001, -0x0006, -0x0009, +0x000b, +0x0001, -0x0007, 
    -0x0015, +0x0005, -0x0011, +0x0003, -0x0008, -0x0013, +0x000b, -0x0002, 
    +0x0002, +0x0021, -0x000a, -0x0006, -0x0030, +0x0030, -0x000b, -0x0016, 
    -0x000b, +0x000d, -0x000a, +0x0003, +0x0034, -0x000b, +0x0009, -0x000a, 
    -0x002c, +0x0005, -0x0008, +0x0007, -0x0007, +0x0001, -0x000f, +0x0009, 
    +0x0020, +0x0016, -0x0003, -0x000a, -0x001d, +0x0000, +0x000a, +0x0004, 
    -0x0007, +0x0000, -0x0006, +0x0000, +0x0008, +0x0002, +0x001a, -0x0009, 
    +0x0008, -0x0015, -0x001d, +0x001c, +0x0016, +0x0017, +0x0018, -0x0028, 
    -0x0019, -0x0010, -0x0007, +0x001c, +0x0008, -0x0013, -0x0008, +0x000a, 
    +0x0010, +0x000c, +0x0000, -0x0009, +0x0003, +0x0005, +0x000e, +0x0001, 
    -0x0008, +0x0022, -0x0007, +0x0000, -0x003a, -0x0007, -0x0013, +0x0013, 
    -0x0008, -0x0009, -0x001d, +0x0007, +0x0017, -0x000a, -0x0006, -0x0001, 
    -0x000f, +0x000a, -0x0013, -0x0003, +0x0016, -0x0003, +0x000e, +0x0008, 
    +0x0000, -0x0013, +0x0021, +0x0004, -0x0001, +0x001d, +0x001b, -0x002b, 
    -0x0002, +0x001c, +0x000c, -0x000e, -0x002a, +0x0004, +0x0013, +0x0003, 
    +0x0011, -0x001e, -0x0009, +0x0024, +0x0010, +0x0011, -0x0001, -0x001a, 
    +0x0005, -0x0018, +0x0007, +0x0009, -0x002b, +0x0012, +0x000b, -0x0011, 
    +0x0007, -0x0021, +0x0025, -0x0002, -0x0011, +0x001b, +0x0013, -0x0020, 
    +0x0009, +0x0015, -0x001d, +0x0003, -0x0038, +0x0001, +0x000a, +0x000b, 
    +0x0000, -0x000d, -0x0018, +0x000a, -0x0018, -0x0003, -0x0008, +0x000f, 
    +0x0000, +0x0011, -0x000b, -0x0016, -0x003f, +0x0004, +0x002e, -0x000b, 
    -0x0017, +0x000b, +0x000b, -0x0009, -0x000e, +0x0019, -0x0013, -0x0005, 
    +0x0004, +0x001f, +0x0002, -0x000a, -0x0013, +0x0000, +0x0012, +0x000e, 
    +0x0013, -0x0005, -0x0034, +0x0012, -0x000f, -0x0002, -0x0008, +0x001a, 
    -0x0004, +0x0016, -0x001b, -0x0003, -0x0026, -0x0014, +0x0039, -0x0002, 
    -0x0011, -0x0003, -0x0006, +0x0018, -0x0006, +0x0029, -0x0010, -0x000a, 
    -0x0001, +0x000b, +0x0005, -0x0006, -0x0027, -0x0005, +0x0004, +0x0018, 
    +0x0012, -0x0008, -0x0013, +0x000a, -0x0005, +0x0006, -0x0017, +0x000c, 
    +0x0009, +0x0013, +0x0007, -0x0012, -0x0024, +0x001a, +0x0006, +0x0006, 
    -0x0002, -0x0003, -0x0005, +0x0008, +0x0000, +0x0014, +0x000a, -0x001d, 
    +0x0005, +0x000d, +0x000e, -0x0017, -0x0026, +0x0000, +0x0007, -0x0009, 
    -0x0009, -0x0012, -0x0009, +0x0012, -0x0019, +0x000b, -0x0014, +0x000c, 
    -0x001d, +0x0000, -0x0020, +0x000d, -0x002e, +0x0022, -0x000f, -0x0002, 
    +0x0001, -0x000a, -0x0012, +0x0021, +0x000c, -0x0005, -0x000f, +0x000d, 
    -0x0003, +0x0012, +0x0003, -0x0016, -0x002e, +0x0000, +0x0000, -0x0009, 
    +0x0005, -0x0010, +0x0028, -0x000b, -0x0015, +0x0003, +0x000b, +0x0004, 
    -0x0012, -0x0003, +0x0002, +0x0001, -0x0017, +0x001e, -0x0009, +0x000b, 
    -0x000e, +0x000f, -0x0019, +0x0012, +0x0002, +0x0016, -0x0005, -0x0003, 
    +0x000e, -0x0007, -0x0002, -0x0007, +0x0004, +0x000a, +0x0010, -0x001f, 
    +0x001c, -0x001a, +0x0024, -0x0015, +0x000d, -0x0003, +0x000f, -0x000f, 
    -0x0027, +0x0001, +0x0014, -0x001c, +0x0001, +0x0018, +0x0001, -0x0008, 
    -0x000a, -0x0010, -0x0020, +0x001b, +0x0008, -0x0009, -0x0009, +0x0008, 
    +0x0009, +0x0002, -0x0002, -0x000e, +0x0016, +0x0023, -0x0010, -0x000d, 
    +0x0010, -0x0013, -0x0007, +0x0011, +0x0005, +0x0003, +0x0014, -0x0014, 
    +0x0001, -0x0008, +0x0014, -0x0019, +0x0019, +0x0005, -0x0023, -0x0004, 
    -0x0013, -0x001e, +0x0016, +0x000d, +0x0007, -0x000f, +0x0005, +0x0004, 
    +0x0016, -0x000a, +0x0002, +0x0005, +0x0014, +0x0029, -0x001e, -0x001b, 
    +0x0009, -0x0003, +0x0000, -0x0001, +0x0012, +0x0007, +0x000b, -0x000c, 
    -0x0018, -0x0006, +0x0007, -0x0001, +0x0000, +0x000c, -0x0010, +0x000a, 
    -0x0005, +0x0003, +0x001e, -0x000c, +0x0008, -0x0015, -0x0001, +0x0014, 
    -0x0003, -0x000a, +0x0008, +0x0008, -0x000f, +0x0008, -0x000e, +0x000d, 
    -0x0001, +0x0003, -0x0008, -0x0002, +0x0016, +0x0001, +0x000d, -0x0002, 
    -0x0019, -0x0003, +0x0015, +0x0001, -0x0010, +0x0007, +0x0014, +0x0004, 
    +0x0001, +0x000c, +0x0004, +0x0001, -0x0002, -0x001d, -0x000a, +0x000e, 
    +0x0009, -0x000e, +0x0012, -0x000c, -0x0007, +0x0004, -0x002d, +0x0007, 
    +0x0008, +0x0008, +0x0002, -0x000b, +0x0013, -0x0004, -0x000b, +0x0000, 
    -0x0004, +0x000c, +0x000e, -0x0016, -0x001a, +0x0007, -0x0005, -0x0002, 
    -0x000b, +0x000e, -0x0014, +0x000a, +0x0008, -0x0003, +0x0008, +0x000b, 
    +0x0008, -0x0002, +0x0009, -0x000a, +0x0000, -0x0010, -0x0014, +0x001a, 
    +0x0003, -0x000b, -0x0005, -0x0009, +0x000e, +0x001e, -0x0011, -0x000f, 
    -0x0012, -0x0005, +0x0015, -0x0003, -0x0024, +0x000f, +0x0003, +0x0001, 
    +0x0008, -0x0007, -0x0007, +0x0007, +0x0000, -0x0016, +0x0002, +0x0005, 
    +0x0007, -0x0005, +0x000f, -0x0008, +0x0003, +0x0006, +0x0004, -0x000d, 
    +0x0005, -0x000b, +0x0003, -0x0005, -0x0002, +0x000e, -0x0003, -0x0001, 
    -0x0021, +0x0003, +0x0020, -0x0005, -0x000a, +0x0002, -0x000d, +0x0008, 
    +0x0007, -0x000c, +0x0000, -0x0006, +0x0004, -0x0016, +0x0012, +0x0010, 
    +0x000a, +0x000c, +0x0007, -0x000d, +0x000e, -0x0012, -0x000d, +0x0023, 
    -0x0002, +0x0004, -0x0003, +0x0009, +0x0003, +0x0017, -0x001a, +0x0004, 
    -0x001e, -0x0007, +0x000d, +0x000f, -0x002e, +0x0008, +0x001f, +0x0003, 
    +0x0001, -0x0006, +0x0013, -0x0003, -0x000c, +0x0000, +0x0000, -0x0006, 
    +0x0012, -0x0012, +0x0013, -0x000a, -0x000d, -0x0006, -0x000f, +0x0005, 
    +0x0002, +0x0008, +0x0010, -0x000e, +0x0002, -0x0007, -0x000e, -0x0005, 
    -0x0032, +0x0007, +0x000b, +0x0005, -0x000c, -0x000b, +0x0011, -0x0003, 
    -0x001a, -0x002b, +0x0025, +0x0004, -0x0005, +0x0001, +0x0008, -0x0005, 
    +0x0008, +0x000c, +0x0007, -0x0003, -0x0005, -0x000c, +0x0013, -0x000e, 
    +0x0005, +0x0002, +0x000a, -0x0006, +0x000f, +0x0009, +0x000b, -0x0006, 
    +0x0008, +0x0004, -0x001f, +0x000a, -0x0017, +0x0013, +0x000a, +0x0005, 
    -0x0008, +0x0001, +0x000f, -0x0004, +0x000f, -0x0007, +0x000a, -0x0003, 
    -0x0010, -0x0010, +0x0007, +0x000e, -0x000c, +0x000f, +0x0002, -0x0013, 
    +0x0048, -0x001e, -0x002c, +0x001a, +0x0020, +0x0000, -0x000a, -0x0010, 
    +0x0028, +0x0005, -0x0008, +0x0003, +0x0007, +0x000a, +0x0006, +0x0003, 
    -0x0024, +0x0027, -0x000f, -0x0015, -0x0007, -0x000f, -0x0001, +0x0002, 
    +0x0004, +0x0019, -0x000c, +0x0000, -0x001c, +0x0035, -0x0012, -0x001d, 
    -0x0003, +0x0018, -0x0008, +0x0006, +0x002c, -0x0006, -0x0006, -0x0013, 
    -0x0012, -0x0002, +0x0009, +0x000a, +0x000c, -0x0001, -0x001b, +0x0008, 
    +0x0002, +0x002a, +0x0003, -0x0017, -0x001f, +0x000d, +0x0000, +0x0004, 
    -0x0013, -0x000d, -0x0009, +0x000c, -0x000c, +0x0015, +0x0013, -0x0022, 
    +0x0008, -0x0009, -0x0012, +0x0022, +0x003a, +0x0019, -0x0009, -0x0036, 
    -0x000d, -0x0018, -0x0008, +0x0018, +0x0009, -0x0009, -0x0006, +0x0015, 
    +0x000d, +0x0021, -0x0014, -0x000a, +0x0009, -0x0010, -0x0006, +0x0010, 
    -0x0002, +0x0014, -0x0012, +0x0001, -0x0045, +0x0000, -0x0011, +0x0022, 
    -0x0003, +0x0003, +0x000a, +0x0005, +0x000e, -0x000e, -0x0018, +0x0004, 
    +0x0002, +0x000c, -0x001c, +0x0009, +0x0011, +0x0003, +0x0003, +0x0008, 
    -0x000f, -0x0006, +0x000c, +0x0004, -0x0009, +0x002e, +0x000c, -0x0022, 
    +0x0003, +0x0012, +0x0007, -0x000d, -0x0040, -0x0007, +0x000a, -0x0007, 
    +0x0003, -0x0009, -0x001b, +0x0017, +0x0026, +0x0011, -0x000d, -0x000c, 
    -0x0007, +0x0000, -0x0002, +0x000f, -0x0034, +0x0021, +0x000a, -0x0009, 
    +0x0001, -0x0015, +0x000d, +0x000c, -0x0003, +0x0010, +0x000d, -0x0011, 
    -0x0001, +0x0003, -0x0004, +0x0005, -0x002e, -0x0007, +0x0009, +0x000b, 
    +0x0004, -0x0009, -0x0027, +0x000c, -0x000d, -0x0003, -0x000b, +0x000d, 
    +0x0001, +0x0023, -0x000d, -0x0014, -0x0030, -0x0007, +0x0014, +0x0007, 
    -0x0016, +0x002a, -0x000a, -0x0010, +0x0004, +0x001f, -0x0015, +0x0001, 
    +0x0008, +0x0027, -0x0012, -0x0011, -0x0017, -0x0012, +0x000c, +0x0006, 
    +0x0019, +0x0000, -0x001d, +0x0017, -0x0013, +0x0000, -0x0013, +0x0010, 
    +0x000e, +0x000a, -0x0029, +0x0006, -0x000e, -0x000b, +0x001f, +0x0004, 
    -0x0008, -0x000a, +0x000d, -0x0008, -0x0008, +0x000a, -0x001f, +0x0017, 
    +0x0008, +0x0003, +0x0002, +0x0004, -0x0011, -0x0001, +0x000b, +0x0010, 
    -0x000e, -0x000c, -0x001e, +0x0009, +0x0002, +0x0007, -0x0007, +0x0010, 
    +0x0002, +0x0008, +0x0000, -0x000d, -0x002c, +0x001d, -0x000b, +0x0009, 
    -0x0007, -0x000e, +0x0007, +0x0005, -0x0009, +0x0029, -0x0001, -0x001a, 
    +0x0005, +0x000e, -0x0003, -0x0006, -0x0029, +0x0003, +0x0005, -0x0005, 
    -0x0003, -0x000a, +0x0003, +0x0011, -0x0007, +0x0005, +0x0003, +0x0012, 
    -0x0019, +0x0001, -0x0022, +0x0012, -0x001c, +0x0011, -0x0003, +0x0008, 
    -0x0011, -0x0004, -0x000e, +0x0020, -0x0002, +0x0006, -0x0006, +0x0006, 
    -0x0007, +0x0012, +0x000f, -0x000d, -0x0018, +0x000a, -0x0003, -0x0001, 
    -0x000a, +0x0008, +0x0002, -0x0006, -0x0002, +0x0006, -0x000a, +0x000b, 
    -0x0016, -0x0006, +0x0000, +0x0008, -0x001e, +0x0021, -0x000b, +0x000b, 
    +0x0002, -0x0006, -0x001b, +0x001c, +0x000a, +0x0011, +0x0000, -0x0009, 
    +0x0002, +0x0000, +0x0001, -0x0001, +0x0001, +0x0010, +0x000b, -0x0017, 
    +0x002c, -0x0013, +0x0026, -0x001a, +0x000c, +0x0000, +0x0007, -0x000f, 
    -0x001d, +0x000b, +0x0018, -0x0016, -0x000d, +0x0016, -0x0003, -0x000b, 
    -0x0013, -0x001d, +0x000e, +0x000e, +0x0004, -0x001a, +0x0004, +0x000c, 
    +0x0002, -0x000d, +0x000c, -0x0002, +0x0014, +0x0027, -0x000f, -0x0022, 
    +0x0009, -0x000a, -0x0014, -0x0003, -0x0001, +0x0006, +0x000a, -0x0011, 
    -0x0001, -0x000e, +0x000d, -0x0005, +0x001a, -0x000b, +0x0003, +0x000a, 
    -0x001b, -0x0024, +0x003a, +0x000b, -0x0006, -0x0003, -0x0009, -0x0006, 
    +0x0002, -0x000e, +0x0006, -0x0002, +0x0007, +0x0022, -0x0014, -0x001b, 
    +0x000d, -0x0001, +0x0003, -0x0004, -0x0008, +0x0009, +0x0004, -0x0021, 
    +0x0001, +0x0001, +0x000a, -0x0004, -0x0009, +0x000a, -0x0004, -0x0004, 
    +0x000d, -0x0003, +0x0012, +0x0001, -0x0006, -0x0029, -0x000d, +0x0023, 
    +0x0002, +0x000d, +0x0003, -0x0001, -0x000b, +0x0017, -0x000b, +0x0003, 
    -0x0004, +0x0002, -0x0007, +0x0000, +0x0013, -0x000c, +0x000f, -0x000c, 
    -0x0001, -0x0010, +0x0018, -0x0009, -0x0012, -0x0002, +0x0006, +0x0002, 
    +0x0007, -0x0006, +0x000c, -0x0001, -0x0001, -0x000e, -0x0001, +0x000a, 
    +0x0012, -0x000d, +0x0016, -0x000b, -0x000d, +0x000e, -0x0022, +0x0006, 
    -0x0009, -0x000b, +0x000d, -0x0015, +0x000c, +0x000c, -0x000b, -0x0008, 
    -0x0008, -0x0002, +0x0005, -0x001e, -0x0012, +0x0001, -0x0004, +0x0015, 
    -0x0009, +0x0008, -0x0009, +0x000f, +0x000f, -0x0016, +0x0004, +0x0006, 
    +0x000f, -0x0009, +0x0028, -0x000b, -0x0002, -0x000e, -0x0008, +0x0017, 
    +0x0004, -0x0002, +0x0029, -0x000a, +0x0019, +0x001a, -0x0023, -0x0003, 
    -0x0011, -0x0005, +0x000f, -0x000c, -0x0014, +0x0001, -0x0001, -0x0005, 
    -0x0002, -0x0018, +0x0008, -0x0005, -0x0003, +0x0000, -0x0003, +0x000c, 
    +0x000d, +0x000a, +0x001f, -0x0012, -0x0009, +0x0000, +0x0008, +0x0000, 
    +0x0015, -0x0017, +0x0006, +0x0017, +0x000f, +0x0001, -0x0018, +0x0007, 
    -0x0022, +0x0001, +0x000f, -0x000c, -0x0023, +0x000e, +0x0010, +0x0003, 
    -0x0003, -0x0006, +0x0001, -0x0004, +0x0005, -0x0013, -0x0003, +0x0008, 
    -0x0002, -0x0008, +0x0001, -0x000a, -0x000c, -0x001b, +0x0000, +0x001f, 
    -0x001d, +0x000d, -0x0009, +0x000e, +0x0014, +0x0010, -0x002d, +0x000c, 
    -0x0028, -0x000e, +0x000d, -0x0001, -0x001c, -0x0005, +0x0017, +0x0002, 
    -0x0003, -0x000a, +0x001d, -0x0002, -0x000a, -0x0001, +0x0008, -0x000a, 
    +0x000f, +0x000a, -0x0003, -0x0008, -0x0012, -0x0009, -0x002a, +0x0019, 
    +0x0002, +0x0007, -0x0007, -0x0007, -0x000f, +0x000c, -0x0007, +0x0009, 
    -0x003c, -0x0002, +0x0013, +0x0000, -0x0002, -0x0005, +0x0006, +0x000b, 
    -0x000d, -0x0034, +0x0015, +0x001b, +0x0006, +0x000d, -0x0003, +0x000a, 
    -0x000d, +0x000c, +0x000a, -0x0012, -0x001d, -0x0004, +0x000e, +0x0002, 
    +0x0002, +0x0009, +0x0009, +0x0002, -0x0007, -0x0001, +0x0004, -0x0006, 
    +0x0002, +0x0014, -0x0017, +0x0010, -0x0017, +0x0014, -0x0006, +0x0007, 
    +0x0003, -0x0001, +0x0005, -0x0007, +0x0007, -0x0015, +0x000e, -0x000f, 
    -0x0010, +0x0012, -0x0005, -0x0007, +0x000d, -0x0003, -0x0006, -0x0008, 
    +0x0039, -0x000d, -0x003d, +0x0023, +0x0018, +0x0007, -0x0001, -0x000c, 
    +0x000f, -0x0009, +0x000a, +0x0005, -0x0007, -0x0006, +0x000c, +0x0002, 
    +0x0009, +0x0010, +0x001c, -0x0026, -0x0003, +0x0004, +0x0011, +0x0002, 
    -0x000f, +0x0020, -0x0008, -0x0004, -0x001e, +0x0025, -0x0017, -0x0014, 
    -0x0011, +0x000a, -0x0012, -0x0002, +0x0024, -0x0003, -0x0006, -0x0002, 
    +0x0002, +0x000b, -0x000d, -0x0002, +0x000f, +0x0005, -0x0011, +0x000b, 
    -0x0006, +0x0020, -0x0002, -0x000b, -0x001f, +0x0014, -0x0004, +0x0006, 
    -0x001a, -0x0007, +0x0000, +0x000f, -0x000c, +0x0019, +0x0008, -0x0017, 
    +0x0002, -0x0010, -0x0017, +0x001b, +0x001d, +0x0016, +0x000f, -0x002d, 
    -0x001c, -0x000d, -0x0006, +0x001d, +0x0010, -0x000a, -0x000c, +0x000d, 
    -0x0003, +0x000f, +0x0007, -0x000b, -0x0005, +0x000e, -0x000a, -0x000a, 
    +0x0003, +0x001e, -0x0007, -0x000d, -0x0048, -0x0003, -0x0009, +0x001b, 
    -0x0009, +0x000c, +0x0007, +0x0004, +0x000d, -0x0010, -0x0003, +0x0011, 
    +0x0006, +0x0014, -0x001b, +0x0006, +0x000b, +0x0002, +0x0005, -0x0002, 
    -0x001f, -0x000e, +0x0011, +0x0010, -0x0006, +0x001c, +0x000a, -0x0025, 
    -0x0006, +0x0018, -0x0008, -0x000d, -0x0036, +0x0000, +0x0016, +0x000b, 
    +0x001e, -0x0014, -0x0005, +0x0019, +0x0010, +0x0010, -0x000f, -0x000b, 
    -0x0009, -0x0010, +0x000b, +0x000b, -0x002c, +0x001f, +0x000a, -0x0006, 
    -0x0005, +0x0004, +0x0018, -0x0001, +0x0004, +0x0015, +0x0005, -0x0016, 
    -0x0002, +0x0002, +0x0001, +0x0002, -0x002c, +0x0000, +0x0006, +0x0015, 
    +0x0026, -0x0004, -0x0016, +0x0006, -0x0002, -0x0016, +0x0002, +0x0003, 
    -0x0006, +0x0013, +0x0001, -0x0010, -0x0034, -0x0001, +0x0022, +0x0006, 
    -0x0015, +0x0013, -0x0002, +0x0002, +0x0002, +0x001b, -0x000c, +0x0004, 
    +0x0000, +0x0025, +0x0001, -0x0025, -0x002d, -0x000c, +0x000b, +0x0012, 
    +0x0024, +0x0003, -0x0022, +0x000f, -0x001c, -0x0002, -0x0013, +0x001f, 
    -0x0008, +0x0017, -0x0024, +0x0007, -0x0016, +0x0006, +0x0026, -0x0007, 
    -0x0027, -0x0014, +0x0016, +0x0010, -0x0011, +0x0013, -0x0017, +0x000d, 
    -0x0009, +0x000a, +0x000f, -0x000b, -0x0021, -0x000d, -0x000a, +0x0011, 
    +0x0006, +0x0005, -0x0023, +0x0007, -0x0007, +0x0004, -0x0004, +0x0008, 
    +0x0014, +0x001c, -0x0008, -0x000f, -0x001c, +0x0012, -0x0006, +0x000c, 
    -0x0005, +0x0012, +0x0009, -0x0006, -0x0008, +0x0023, -0x0003, -0x001f, 
    +0x0004, +0x000e, -0x0008, -0x0007, -0x0027, -0x0007, +0x000f, +0x000a, 
    +0x001b, -0x0013, +0x0008, +0x0008, -0x000b, +0x000e, -0x001e, +0x0001, 
    -0x0033, -0x0002, -0x0016, +0x000c, -0x0035, +0x0011, +0x000f, +0x000a, 
    -0x0018, -0x0002, -0x0024, +0x000c, -0x000b, +0x000b, +0x0006, +0x0004, 
    -0x0014, +0x000f, +0x0014, -0x0013, -0x001e, +0x0015, -0x0005, -0x0009, 
    +0x0009, -0x000a, +0x0003, -0x0007, +0x000f, +0x0000, -0x0011, +0x000a, 
    -0x0012, -0x000f, +0x000c, -0x0002, -0x0023, +0x0016, -0x000c, +0x0009, 
    +0x0002, -0x0002, -0x0014, +0x000e, +0x0009, +0x000a, +0x0010, -0x0007, 
    +0x0004, +0x0008, +0x0001, -0x000d, +0x0015, +0x0013, +0x000b, -0x0018, 
    +0x0012, -0x001e, +0x000f, -0x0008, +0x000c, +0x0006, +0x0006, +0x0005, 
    -0x001c, +0x000e, +0x000d, -0x0018, -0x0015, +0x0012, -0x0007, -0x0009, 
    -0x0011, -0x0011, -0x000d, +0x0019, -0x0012, +0x0003, -0x0003, +0x0007, 
    +0x0007, +0x0009, +0x0009, -0x0001, +0x000e, +0x002c, -0x0026, -0x0019, 
    +0x0012, -0x000e, -0x0008, +0x0016, -0x001e, +0x0001, +0x0008, -0x000d, 
    -0x000e, -0x000a, +0x0015, -0x000a, +0x000e, -0x0004, +0x001e, +0x0002, 
    -0x000b, -0x001f, +0x0011, +0x0006, -0x0001, -0x0005, +0x000a, -0x000e, 
    +0x0007, -0x000b, +0x0015, -0x000a, +0x0013, +0x001a, -0x0017, -0x000f, 
    +0x0010, -0x000d, +0x000d, -0x0004, +0x000c, +0x0009, -0x0018, -0x000c, 
    -0x0014, -0x000a, +0x0006, +0x0004, -0x0003, +0x001d, -0x000c, -0x000c, 
    +0x0000, -0x0002, +0x0000, +0x0007, +0x0006, -0x001f, +0x0005, +0x0019, 
    -0x0005, -0x0007, -0x0002, +0x0005, +0x0000, +0x000b, -0x000c, -0x0002, 
    +0x0002, -0x0005, -0x0003, +0x0013, +0x0012, -0x0001, +0x0012, -0x0015, 
    -0x000f, -0x000a, +0x0010, -0x000d, +0x000a, +0x0002, +0x0009, -0x000e, 
    -0x000a, -0x0005, +0x0014, -0x0001, +0x0014, -0x001a, +0x0010, +0x0006, 
    -0x000f, -0x0003, +0x0014, -0x000c, -0x0017, +0x0009, -0x000b, +0x000d, 
    +0x0012, -0x000b, +0x0014, -0x0004, +0x000a, +0x0001, +0x0000, -0x000e, 
    +0x0003, +0x0007, +0x001a, -0x0018, +0x0004, -0x0008, -0x0005, +0x0008, 
    -0x0011, -0x0009, +0x0007, +0x000c, +0x000b, -0x0006, +0x000c, -0x000a, 
    +0x000e, -0x0005, +0x0015, -0x000b, -0x000b, -0x0014, -0x0001, +0x001e, 
    +0x000e, -0x0005, +0x0027, -0x000d, +0x0012, +0x0015, -0x0021, -0x0002, 
    -0x001e, +0x0005, +0x0004, -0x0001, +0x0003, +0x0008, -0x0003, -0x0011, 
    -0x0010, -0x0008, +0x000f, -0x0009, -0x000c, -0x0004, +0x0011, -0x0002, 
    +0x0002, +0x0002, +0x001a, -0x0019, -0x0009, -0x0001, +0x0001, -0x0002, 
    +0x0028, -0x001c, +0x000c, +0x0009, +0x0003, +0x0007, +0x0002, -0x0005, 
    -0x002f, -0x0005, +0x001a, -0x000a, -0x000b, +0x0000, +0x000e, -0x000b, 
    +0x0004, -0x000e, +0x0018, +0x0002, -0x0005, -0x0021, +0x0014, +0x0007, 
    +0x000a, -0x000f, +0x0003, -0x000d, -0x001e, -0x0017, -0x0006, +0x000f, 
    +0x0005, +0x000d, +0x0004, -0x000e, +0x0002, +0x0013, -0x001f, +0x0001, 
    +0x0000, -0x0016, +0x0019, +0x0002, -0x0017, -0x0014, +0x0021, -0x0002, 
    -0x0018, -0x0015, +0x0023, +0x0007, -0x000a, +0x0007, +0x0003, -0x000c, 
    +0x0000, -0x000d, +0x000a, +0x0004, -0x0014, +0x000c, -0x001d, +0x0006, 
    -0x0001, +0x000a, -0x0002, -0x000d, -0x000c, +0x0004, +0x0004, -0x0002, 
    -0x0045, -0x000c, +0x0017, -0x0004, +0x0004, +0x0001, -0x0001, +0x0001, 
    +0x0001, -0x0025, +0x0004, +0x001c, +0x0003, -0x0009, -0x000a, +0x0002, 
    -0x0008, +0x0018, +0x000a, -0x0015, -0x0001, -0x000a, +0x000d, +0x0006, 
    -0x000d, -0x000c, +0x0007, +0x0001, +0x0009, -0x0002, +0x0006, -0x0002, 
    -0x0003, +0x0007, -0x001d, +0x0019, -0x0010, +0x0007, -0x0004, -0x0002, 
    +0x0011, -0x0002, +0x0015, -0x0010, +0x0015, -0x000e, +0x0020, -0x000f, 
    -0x000f, -0x0002, +0x000a, -0x0001, +0x0016, -0x0003, +0x0008, -0x0014, 
    +0x002e, -0x000e, -0x0042, +0x001f, +0x000c, +0x0000, -0x000e, +0x0000, 
    +0x0029, +0x0014, -0x000a, -0x000a, +0x000c, -0x0003, +0x000c, +0x0002, 
    +0x0008, -0x0004, +0x0015, -0x000e, +0x0009, -0x0004, +0x0000, +0x0012, 
    +0x0001, +0x001b, -0x001e, -0x0006, -0x001f, +0x0039, -0x0029, -0x0006, 
    -0x000f, +0x0008, -0x000a, +0x0001, +0x001c, -0x000b, +0x0000, +0x0000, 
    -0x000d, +0x0013, -0x0007, -0x0003, -0x000a, +0x0012, -0x000f, -0x0001, 
    -0x0005, +0x002b, -0x000b, -0x0017, -0x0013, +0x0005, +0x000a, -0x0001, 
    +0x0004, -0x000e, +0x0001, +0x000c, -0x0046, +0x0019, +0x0006, -0x0009, 
    +0x0004, -0x0012, -0x0014, +0x0014, +0x0027, +0x0019, -0x000b, -0x001f, 
    -0x0022, -0x0009, +0x0002, +0x0013, -0x0011, -0x0005, -0x000f, +0x0014, 
    +0x000b, +0x0019, +0x0006, -0x0004, +0x0001, +0x0006, +0x0008, +0x0007, 
    -0x0003, +0x0001, +0x0002, +0x0008, -0x0052, +0x0002, -0x000c, +0x0011, 
    -0x0007, +0x0004, +0x000a, -0x0003, +0x001b, -0x0006, -0x001a, +0x0014, 
    -0x001d, +0x0013, -0x001d, -0x0006, +0x0001, -0x0009, +0x0002, +0x0008, 
    -0x0027, -0x000c, +0x001e, +0x0014, +0x0007, +0x0003, +0x000e, -0x000e, 
    -0x000d, +0x001f, +0x0006, -0x0019, -0x0049, -0x0003, +0x0016, +0x0006, 
    +0x001a, -0x0021, -0x0009, +0x001c, +0x0009, +0x000d, -0x000a, -0x000b, 
    +0x0001, -0x0001, +0x0010, +0x0013, -0x0019, +0x0013, -0x0002, -0x0011, 
    -0x0008, +0x0009, +0x0005, -0x0002, +0x0006, +0x0007, -0x0009, -0x0002, 
    -0x0005, +0x0018, -0x0001, -0x0002, -0x0027, -0x0001, +0x0005, +0x000d, 
    +0x000a, -0x0014, -0x000a, +0x0010, -0x000a, -0x0004, +0x000a, +0x0008, 
    -0x0004, +0x000b, +0x0014, -0x0014, -0x0049, -0x000b, +0x0018, -0x0005, 
    -0x0017, +0x000e, +0x001c, -0x0009, +0x0005, +0x0016, -0x0017, -0x0006, 
    -0x0006, +0x0017, -0x0002, -0x0010, -0x001e, -0x0006, +0x0006, +0x000d, 
    +0x0021, -0x0003, -0x0034, +0x000e, -0x0011, -0x000b, -0x0010, +0x0019, 
    -0x0022, +0x0011, -0x001b, +0x0008, -0x001e, -0x0005, +0x0019, -0x0011, 
    -0x0007, -0x0017, +0x0024, +0x0007, +0x0003, +0x0016, -0x000d, +0x0006, 
    -0x0011, +0x000e, +0x0000, -0x000f, -0x0034, +0x0002, +0x0004, +0x000a, 
    +0x001b, -0x0006, -0x001c, +0x0008, +0x000b, +0x0004, +0x0007, -0x0002, 
    +0x0005, +0x000e, -0x000b, -0x0007, -0x0014, +0x0011, -0x0003, -0x0007, 
    -0x0015, +0x000d, -0x0002, -0x000f, -0x0011, +0x001a, +0x000a, -0x0017, 
    -0x0005, +0x0011, -0x0001, -0x0014, -0x001f, +0x0004, +0x0003, +0x000a, 
    +0x000e, -0x0017, +0x0010, +0x0008, -0x000e, +0x0010, -0x0013, +0x0006, 
    -0x0033, +0x000e, -0x0010, +0x0011, -0x001c, +0x000f, +0x0007, +0x0013, 
    +0x0005, -0x0013, +0x0000, -0x0001, -0x0003, +0x000f, +0x0001, -0x0005, 
    -0x000b, +0x0006, +0x0013, -0x0013, -0x0013, +0x0012, -0x0003, -0x0005, 
    +0x000f, -0x0016, +0x0016, -0x0003, -0x0007, -0x000a, +0x0001, +0x000f, 
    -0x0025, -0x000e, +0x001a, +0x0006, -0x0022, +0x0013, -0x0014, -0x0002, 
    +0x0002, +0x0003, -0x0029, +0x0019, +0x000a, +0x0002, +0x0003, -0x0003, 
    -0x000f, -0x0001, +0x000a, -0x000f, +0x000e, +0x0018, -0x0005, -0x0010, 
    +0x002f, -0x0010, +0x001a, +0x0001, +0x0002, +0x0009, -0x0005, -0x0007, 
    -0x002d, -0x0007, +0x0022, -0x0021, -0x000a, -0x0001, -0x000c, +0x0010, 
    -0x001a, -0x001b, +0x0006, +0x0017, -0x0005, +0x0009, +0x0000, +0x0007, 
    +0x0009, -0x0002, -0x000d, +0x000f, +0x0018, +0x001f, -0x0018, -0x000d, 
    +0x0006, -0x000b, -0x0002, +0x0010, -0x000b, +0x0006, +0x0011, -0x000e, 
    +0x000b, -0x0005, +0x0014, -0x0012, +0x000b, -0x0010, +0x0003, +0x0005, 
    -0x0017, -0x002b, +0x0037, +0x000f, +0x0005, +0x0005, +0x0007, -0x0003, 
    +0x0004, -0x001a, +0x000e, -0x0003, +0x001e, +0x001c, -0x0021, -0x0011, 
    +0x0004, -0x000b, +0x0019, +0x0007, +0x000c, +0x0005, -0x0003, -0x0011, 
    -0x0026, +0x000e, -0x0009, +0x0000, +0x0014, +0x0007, -0x0009, +0x0004, 
    -0x000c, +0x000d, +0x000c, -0x0004, -0x0010, -0x0009, -0x0006, +0x000c, 
    -0x0003, -0x0002, -0x0006, +0x0001, +0x0012, +0x000f, -0x0019, +0x0001, 
    +0x0001, +0x0002, +0x0003, -0x000a, -0x0005, +0x0001, +0x000f, -0x0017, 
    -0x000b, -0x000e, +0x0015, +0x0003, -0x0003, +0x000e, +0x000e, -0x000d, 
    -0x000d, -0x0001, +0x000f, +0x0002, +0x0001, -0x0011, +0x0007, -0x0001, 
    -0x0013, -0x000b, +0x0014, +0x000f, -0x0007, +0x000c, -0x0009, +0x0002, 
    +0x0006, -0x000f, -0x0013, +0x000c, +0x000e, +0x000e, -0x0004, -0x0005, 
    -0x0007, +0x0005, +0x000f, -0x001e, +0x0012, -0x000b, -0x000d, +0x000e, 
    -0x000a, +0x0006, -0x000e, -0x0011, -0x0002, +0x0001, +0x000c, -0x0007, 
    +0x0007, -0x000f, +0x000e, -0x0006, -0x0008, -0x0011, -0x0007, +0x001f, 
    +0x0012, +0x0004, +0x0011, -0x0021, +0x0013, +0x0015, -0x0015, -0x000d, 
    -0x0019, -0x0001, +0x0010, -0x0013, +0x000e, +0x0007, +0x000e, +0x0001, 
    -0x0005, -0x000f, +0x0017, +0x000a, -0x0005, -0x001d, +0x0002, +0x000b, 
    -0x0002, -0x000d, +0x0014, -0x0008, +0x0000, +0x000d, +0x000c, +0x0006, 
    +0x0010, -0x0002, +0x000f, -0x000c, +0x001a, -0x0002, -0x000e, +0x0002, 
    -0x001b, +0x000f, +0x001b, -0x0013, -0x0017, +0x0007, +0x0013, -0x000f, 
    -0x000d, -0x000e, +0x001a, +0x000c, -0x000a, -0x0020, +0x0017, +0x0008, 
    +0x000a, +0x0001, -0x0003, -0x0003, -0x001c, +0x0001, +0x0007, -0x0004, 
    -0x0006, -0x0005, +0x0013, +0x0007, -0x0007, +0x0020, -0x0012, -0x0001, 
    -0x0011, -0x0018, +0x002a, -0x0012, -0x0026, -0x0004, +0x002a, -0x0009, 
    +0x0004, -0x0015, +0x0012, -0x0009, +0x0002, +0x000f, -0x0007, -0x000c, 
    +0x0002, +0x0000, -0x000c, +0x000b, -0x0014, +0x0000, -0x0001, +0x000e, 
    +0x000a, +0x0005, +0x0007, -0x0019, -0x0014, -0x000b, +0x0019, +0x0005, 
    -0x003c, -0x000a, +0x0018, +0x0007, +0x0006, -0x0014, +0x0008, +0x0007, 
    -0x0010, -0x0031, +0x0004, +0x0029, -0x0009, -0x0003, -0x0001, -0x0008, 
    -0x0011, +0x000c, +0x0011, +0x000d, +0x000c, -0x000f, +0x000d, -0x0003, 
    -0x000e, -0x000f, +0x0012, +0x0002, +0x0017, -0x000c, +0x0007, -0x000a, 
    +0x001f, -0x0007, -0x0007, -0x0009, -0x0010, +0x0000, +0x0002, +0x0012, 
    +0x0002, +0x0006, -0x000a, -0x0010, +0x0016, -0x0014, +0x000c, -0x000a, 
    -0x0001, +0x000b, +0x0002, -0x0010, +0x0003, +0x0007, -0x000c, +0x0006, 
    +0x0039, +0x0009, -0x0042, +0x0008, +0x0010, +0x0004, -0x001f, -0x0002, 
    +0x0024, -0x0001, -0x0008, -0x0011, +0x000d, -0x0002, -0x0011, -0x0007, 
    -0x0026, +0x000b, +0x0019, -0x0015, -0x0004, -0x0014, +0x0007, +0x0000, 
    +0x0009, +0x0026, -0x0013, +0x0002, -0x0029, +0x0031, -0x001a, -0x000a, 
    -0x001c, +0x0008, -0x000e, -0x0007, +0x001a, -0x0013, -0x0005, -0x0006, 
    -0x001c, +0x0004, -0x0014, +0x0004, +0x0009, +0x0006, -0x0012, +0x0005, 
    -0x0027, +0x0027, -0x001d, +0x000b, -0x0013, +0x000e, +0x0013, -0x0013, 
    +0x0008, -0x000d, -0x000d, +0x0016, -0x002c, +0x0019, +0x0015, -0x001f, 
    +0x0005, -0x0015, -0x0022, +0x001c, +0x0018, +0x0020, +0x0014, -0x0029, 
    -0x000d, -0x0009, -0x0006, +0x0016, -0x001a, -0x000a, -0x0004, +0x000c, 
    +0x0015, +0x0013, -0x0003, -0x000c, -0x0002, +0x0001, -0x0002, -0x0001, 
    +0x0001, -0x0011, -0x000f, +0x0012, -0x0045, -0x000d, -0x0002, +0x0006, 
    -0x0009, +0x0003, -0x0009, +0x0000, +0x000b, -0x000a, -0x0015, +0x000b, 
    -0x0011, +0x001f, -0x001d, -0x0001, -0x0017, -0x0015, +0x0015, +0x0002, 
    -0x0005, -0x0015, +0x0015, +0x0019, -0x0001, +0x0009, +0x0015, -0x000f, 
    -0x0001, +0x001f, -0x000f, -0x0011, -0x0040, -0x000c, +0x001c, +0x0009, 
    +0x0000, -0x0017, -0x0008, +0x0013, +0x0010, +0x000e, +0x0006, -0x001b, 
    +0x0016, -0x0007, -0x0015, +0x0011, -0x0019, +0x0011, +0x000c, -0x000f, 
    -0x000c, +0x0000, +0x001d, -0x0020, +0x0004, +0x000d, -0x0013, +0x0006, 
    +0x0005, +0x002a, -0x0009, -0x001a, -0x0026, +0x0002, +0x000d, +0x0011, 
    -0x0001, -0x0017, +0x000f, +0x000b, -0x0008, -0x000b, +0x000f, +0x0007, 
    -0x0013, +0x001a, -0x000b, -0x0008, -0x0055, -0x0003, +0x0015, +0x0006, 
    -0x001b, +0x000e, +0x0006, +0x000d, -0x000a, +0x000a, -0x002d, +0x0011, 
    -0x000a, +0x002a, +0x0019, -0x0020, -0x0040, -0x000b, +0x0001, +0x000a, 
    +0x0018, -0x0008, -0x0021, +0x000d, -0x0012, -0x0008, -0x0018, +0x0016, 
    -0x0005, +0x000d, -0x0022, +0x000b, -0x0029, -0x0011, +0x0020, -0x0009, 
    -0x000d, -0x0008, +0x000c, +0x0003, -0x0018, +0x0008, -0x0005, +0x000a, 
    +0x000f, +0x000c, +0x0004, -0x0001, -0x0044, -0x0006, +0x0006, +0x0012, 
    +0x0018, -0x0004, -0x001c, +0x0012, +0x0003, -0x0001, -0x000b, +0x000e, 
    -0x0011, +0x0014, +0x0004, -0x0005, -0x0022, +0x000a, -0x0008, -0x0006, 
    -0x000d, +0x000b, +0x0008, -0x0006, -0x000e, +0x0010, +0x0012, -0x0016, 
    -0x0001, +0x000a, -0x0007, -0x0003, -0x0035, +0x0001, +0x000d, +0x0005, 
    +0x0005, -0x000a, +0x0011, +0x0003, +0x0002, +0x0011, -0x0010, +0x0006, 
    -0x0019, -0x0002, -0x001e, +0x0012, -0x0009, +0x000a, +0x0008, +0x0008, 
    -0x000a, -0x001b, -0x0001, +0x000d, -0x0009, +0x000f, -0x0005, -0x0001, 
    -0x0005, +0x0018, +0x0002, -0x0009, +0x0007, +0x000d, -0x0012, -0x0002, 
    -0x0007, -0x000c, +0x000a, +0x0002, -0x0016, -0x0010, -0x0002, +0x000b, 
    -0x0024, -0x0002, +0x0018, +0x000a, -0x0021, +0x001f, -0x000f, -0x0003, 
    -0x000b, +0x0001, -0x0030, +0x001b, +0x0004, +0x0006, +0x0011, +0x0005, 
    +0x0000, -0x0002, +0x000f, +0x0000, +0x0014, +0x0019, -0x0005, -0x0016, 
    +0x0024, -0x0013, +0x0012, -0x0005, +0x0007, +0x0008, +0x0005, -0x0004, 
    -0x0014, -0x0005, +0x0020, -0x001b, +0x0009, +0x0008, -0x0012, +0x0000, 
    -0x0009, -0x000a, -0x001a, +0x001e, -0x0006, -0x000a, +0x0010, +0x0012, 
    +0x0008, -0x0006, -0x0003, +0x0014, +0x0005, +0x002c, -0x000e, -0x0021, 
    -0x0012, -0x001f, -0x000e, +0x0017, +0x0006, +0x000c, +0x0013, -0x0021, 
    +0x0005, -0x0004, +0x000a, -0x0006, -0x0002, +0x0003, +0x0007, +0x0003, 
    -0x0013, -0x0023, +0x001c, +0x000c, -0x0013, +0x0007, +0x001b, +0x0000, 
    -0x0009, -0x0005, +0x0007, -0x000b, +0x001f, +0x0018, -0x000a, -0x001b, 
    -0x0009, -0x0015, +0x0004, +0x0016, +0x0015, -0x0004, -0x0009, +0x000d, 
    -0x0024, +0x0003, -0x000a, +0x000b, +0x0004, -0x0002, -0x000a, -0x000a, 
    -0x000d, +0x000d, -0x0001, +0x0000, -0x0008, -0x0013, -0x0012, +0x0016, 
    -0x000e, +0x0005, +0x0015, -0x0005, -0x0002, +0x0006, -0x0011, -0x0003, 
    +0x0015, -0x000c, +0x000a, -0x0002, +0x0019, -0x0007, +0x0007, -0x0004, 
    -0x0014, +0x0005, +0x0019, -0x0014, -0x0016, +0x0005, +0x0015, -0x0017, 
    -0x000b, -0x001c, +0x0009, +0x0014, +0x000b, -0x0019, +0x0018, -0x0002, 
    -0x0007, +0x0002, +0x0005, -0x000a, -0x000e, +0x0012, -0x0013, +0x0001, 
    +0x0011, -0x0011, +0x000b, +0x0001, +0x000f, +0x0007, +0x0009, -0x0001, 
    -0x0013, -0x0002, +0x0021, -0x000f, +0x0021, +0x000a, +0x000b, -0x0001, 
    +0x000d, -0x000e, +0x0006, +0x0006, +0x0002, -0x0015, +0x0003, -0x0002, 
    +0x0001, +0x0003, +0x000b, -0x0015, -0x0009, -0x0016, -0x0006, +0x000f, 
    -0x0006, +0x000e, +0x0002, -0x0010, +0x0008, +0x000d, -0x0017, -0x0008, 
    -0x0016, -0x0001, +0x000d, -0x000e, -0x0008, +0x0003, +0x000e, -0x0006, 
    -0x0016, -0x0009, +0x001b, +0x0003, +0x0001, -0x0023, +0x0013, +0x000a, 
    +0x000d, -0x0001, +0x0005, -0x000d, -0x0014, +0x000d, -0x0011, +0x0008, 
    +0x0014, -0x0006, +0x0002, +0x0007, +0x001f, +0x000a, -0x0006, -0x000a, 
    -0x0025, +0x000e, +0x0002, -0x0006, -0x0016, -0x0004, +0x001c, +0x0004, 
    -0x000d, -0x0013, +0x0017, +0x0008, -0x0009, -0x0011, +0x0015, +0x0000, 
    +0x0009, -0x000d, -0x000d, -0x000b, -0x002a, +0x0005, +0x001e, -0x0012, 
    -0x0001, -0x0002, +0x0013, -0x0015, +0x0003, +0x0006, -0x001c, +0x0018, 
    -0x002f, -0x000c, +0x001e, +0x0001, -0x001f, +0x0013, +0x0024, -0x0013, 
    -0x0010, -0x001a, +0x0001, +0x0001, +0x0006, +0x0003, -0x0005, -0x0001, 
    +0x0004, -0x0005, -0x0007, -0x0007, -0x0028, +0x0004, +0x000c, -0x0003, 
    +0x0006, +0x0013, +0x000b, -0x0010, -0x002e, -0x0014, +0x0009, +0x000f, 
    -0x0044, -0x000a, -0x0001, +0x0006, -0x000b, +0x0006, -0x0004, +0x000a, 
    -0x0025, -0x0011, -0x0003, +0x001e, +0x0006, -0x000a, +0x0008, -0x0008, 
    -0x000d, +0x0007, +0x0011, -0x0005, +0x0008, -0x000f, +0x0010, +0x0015, 
    -0x000a, -0x000b, +0x0012, -0x0002, -0x0001, -0x0006, +0x0006, +0x0006, 
    +0x0006, +0x000b, -0x0009, +0x0003, -0x000a, -0x0005, +0x0000, +0x0003, 
    -0x0006, +0x000e, +0x0003, -0x000b, +0x000b, -0x0028, +0x0028, +0x0000, 
    +0x0010, -0x0004, +0x0004, +0x0006, -0x0002, +0x0007, -0x0018, -0x0003, 
    +0x001a, +0x001a, -0x002f, +0x0006, +0x0008, +0x0003, -0x0012, -0x000d, 
    +0x001d, +0x000a, -0x000b, +0x0006, -0x0003, +0x0004, -0x0010, +0x0007, 
    -0x0006, -0x0008, +0x0008, +0x0004, +0x000c, +0x0013, +0x0001, -0x0014, 
    -0x0019, +0x0018, -0x0005, -0x0012, -0x0044, +0x002f, +0x0003, -0x001d, 
    -0x0009, +0x000a, -0x0005, +0x0009, +0x0020, -0x0016, +0x0006, -0x0007, 
    -0x0012, +0x0008, -0x000f, -0x0001, +0x0002, +0x000e, -0x0031, +0x0013, 
    +0x0001, +0x001d, -0x0010, +0x0005, -0x0025, +0x0014, +0x0003, -0x000c, 
    -0x000c, -0x0002, -0x0016, +0x0016, -0x000e, -0x0001, +0x0028, -0x0015, 
    +0x002e, -0x000c, -0x0015, +0x0017, -0x000c, +0x0018, -0x0006, -0x0026, 
    -0x0005, -0x0005, -0x000e, +0x0022, +0x0001, -0x0002, -0x0005, +0x0003, 
    +0x0003, +0x0006, -0x0011, +0x0006, +0x0002, +0x001b, -0x000e, -0x0010, 
    -0x0004, +0x0007, -0x0015, +0x0009, -0x0034, +0x0000, -0x0008, +0x0019, 
    -0x000a, -0x0005, -0x0012, +0x0013, +0x0007, -0x000d, -0x0006, +0x000b, 
    -0x0027, +0x0011, -0x0008, -0x0001, +0x000e, -0x0016, +0x0013, +0x0002, 
    -0x0008, -0x001c, +0x0010, +0x0001, -0x0008, +0x0014, -0x0006, -0x000b, 
    +0x0009, +0x001c, -0x000a, -0x000d, -0x0023, -0x0003, +0x000b, +0x000b, 
    +0x0004, -0x0014, -0x0004, +0x0016, +0x000e, +0x0011, -0x001d, -0x0010, 
    -0x0005, +0x0001, -0x0004, +0x000f, -0x0012, +0x0006, +0x0010, -0x0015, 
    -0x0017, +0x0006, +0x0022, -0x001d, -0x0003, +0x0004, -0x0001, -0x000a, 
    +0x000e, +0x002f, -0x0001, -0x000d, -0x001c, -0x0007, +0x0011, +0x0004, 
    +0x001e, -0x000e, -0x0008, +0x0001, +0x0007, -0x0007, +0x000f, -0x0004, 
    -0x0008, +0x001c, -0x001e, -0x0003, -0x0041, -0x0001, +0x0019, +0x0015, 
    -0x0019, +0x0010, -0x0005, -0x0002, +0x0001, +0x0015, -0x0025, -0x0002, 
    -0x0004, +0x0032, +0x0025, -0x0037, -0x002a, -0x0007, +0x0001, +0x000e, 
    +0x0019, -0x000b, -0x001d, +0x0014, -0x0001, -0x0008, -0x0016, +0x0013, 
    +0x0006, +0x0009, -0x0024, +0x0010, -0x001f, -0x000d, +0x0015, -0x0002, 
    -0x0005, -0x000f, +0x000a, -0x0004, -0x000e, -0x0004, +0x0002, +0x0006, 
    +0x000c, -0x0007, +0x0005, +0x0001, -0x0031, -0x000b, +0x000e, +0x000e, 
    +0x0005, -0x000b, -0x001f, +0x000c, -0x0001, +0x0000, +0x0007, +0x0005, 
    -0x0004, +0x0016, -0x0001, -0x000f, -0x002c, +0x0014, -0x0006, -0x000f, 
    -0x0008, +0x0020, -0x0003, -0x0018, -0x0003, +0x000a, +0x001c, -0x0008, 
    +0x0005, +0x0008, -0x0003, -0x000b, -0x0028, -0x0001, +0x0008, +0x0012, 
    -0x0001, -0x0010, +0x0010, +0x000a, -0x001d, +0x0012, -0x000f, -0x0006, 
    -0x0025, +0x000b, -0x001c, +0x0010, -0x0009, +0x0011, -0x000e, +0x0001, 
    +0x0005, -0x000b, +0x0010, +0x0004, +0x0008, +0x000d, -0x0002, +0x0003, 
    -0x0006, +0x0013, +0x0018, -0x000f, -0x000b, +0x0014, -0x0011, -0x000b, 
    -0x001c, -0x0010, +0x000c, +0x000e, -0x0002, +0x0003, -0x0008, +0x000f, 
    -0x001b, -0x0003, +0x0001, -0x0008, -0x0042, +0x0024, -0x0003, -0x0011, 
    -0x0015, +0x0007, -0x0028, +0x0015, +0x0000, +0x0009, +0x0006, -0x0003, 
    -0x0001, -0x0005, -0x0004, +0x0012, -0x0008, +0x0015, +0x0005, -0x0014, 
    +0x001f, -0x001e, +0x0014, +0x0003, +0x001f, -0x0009, +0x0011, -0x0003, 
    -0x000d, +0x0015, +0x0017, -0x001a, -0x0008, +0x0018, -0x0013, +0x0005, 
    -0x0020, -0x0001, +0x0001, +0x0015, -0x000a, -0x0006, +0x0003, +0x0015, 
    -0x0009, -0x0008, +0x000e, +0x000c, +0x0007, +0x001e, +0x0003, -0x0018, 
    -0x001b, -0x000f, +0x0018, +0x0008, -0x0009, +0x000c, +0x000b, -0x001b, 
    +0x0001, -0x0002, +0x0019, +0x0000, +0x0001, -0x0007, +0x0002, -0x0007, 
    -0x0018, -0x001e, +0x001e, +0x0014, -0x0007, -0x000b, +0x000e, -0x0003, 
    +0x000a, +0x0006, +0x000b, -0x000a, +0x0028, +0x0017, -0x0011, -0x0017, 
    -0x0011, -0x0012, +0x0005, +0x0010, +0x000a, +0x0000, -0x0013, +0x0002, 
    -0x001d, -0x000a, +0x000d, +0x0006, +0x0010, +0x000d, -0x0008, -0x0005, 
    -0x001d, -0x000e, +0x0003, -0x0001, +0x0004, -0x0017, -0x000e, +0x0020, 
    -0x0002, -0x000e, +0x0016, +0x0008, +0x0015, +0x000c, -0x0010, +0x000b, 
    -0x000e, -0x0005, +0x000f, +0x0004, +0x0003, +0x0004, +0x000b, -0x0015, 
    +0x0001, -0x0008, +0x001c, -0x000c, +0x0007, +0x000b, +0x0018, -0x000c, 
    -0x0005, -0x0010, +0x001a, -0x0006, -0x0001, -0x001b, +0x0014, -0x0001, 
    +0x0002, -0x0005, +0x0015, -0x0011, +0x0013, +0x0007, -0x0019, +0x0001, 
    +0x0005, -0x0018, +0x0004, +0x0007, +0x0000, +0x0004, -0x0002, -0x000b, 
    -0x0019, +0x0000, +0x0013, -0x0013, +0x0019, +0x0004, +0x0009, +0x000a, 
    +0x0008, -0x0006, +0x0001, -0x000d, +0x0000, +0x0000, +0x0003, +0x000d, 
    -0x0007, -0x000e, +0x0021, -0x0005, +0x0038, -0x000b, +0x0006, +0x0017, 
    +0x0002, -0x0005, +0x000e, -0x0011, +0x0008, +0x000f, -0x0004, +0x0008, 
    -0x001f, -0x0007, +0x0014, -0x0002, +0x0007, -0x0002, +0x000b, -0x0005, 
    +0x000f, +0x0005, +0x0004, -0x0006, +0x0008, -0x0008, +0x0002, -0x0010, 
    -0x0003, +0x0015, +0x000c, -0x0017, +0x001a, +0x0005, +0x0006, +0x0000, 
    +0x000d, -0x0017, +0x0015, -0x000a, +0x0011, +0x000f, -0x0008, -0x0003, 
    -0x0025, +0x000f, +0x001e, -0x0018, -0x0015, -0x000b, +0x0017, -0x0009, 
    -0x000b, -0x0021, +0x001e, +0x0013, -0x0009, -0x0002, +0x000e, -0x0014, 
    -0x0005, -0x0004, +0x0000, -0x0004, -0x002f, -0x000d, +0x001b, -0x000d, 
    -0x0012, +0x0012, +0x002e, -0x001d, +0x0010, +0x0009, -0x001d, +0x000d, 
    -0x001c, -0x0014, +0x001f, -0x000b, -0x0011, +0x000b, +0x0028, -0x0013, 
    -0x0006, -0x0013, +0x0006, +0x0008, -0x0006, +0x0027, -0x000c, -0x000a, 
    +0x0007, -0x0006, -0x000b, -0x0002, -0x001e, +0x000e, +0x0005, -0x0004, 
    +0x0002, +0x0005, +0x0005, -0x0009, -0x0012, -0x0005, -0x000d, +0x0008, 
    -0x002b, +0x0003, +0x000b, +0x0007, -0x0004, +0x0018, -0x000e, -0x000c, 
    -0x001b, -0x000d, +0x0011, -0x0002, +0x0001, -0x0010, +0x0004, -0x0007, 
    +0x0003, +0x000a, +0x000c, -0x0019, -0x000e, -0x0017, +0x0013, +0x0002, 
    +0x0007, -0x0007, +0x0019, +0x0008, -0x0004, +0x0000, -0x000c, -0x0004, 
    -0x0001, +0x001d, -0x000e, -0x0014, -0x000d, +0x0004, -0x000e, -0x0002, 
    +0x0001, -0x0005, +0x001f, -0x001f, +0x000e, -0x001b, +0x001e, -0x0007, 
    -0x0004, +0x0006, +0x0006, -0x0008, +0x0004, +0x000c, -0x000f, -0x0011, 
    +0x0035, -0x000a, -0x0041, +0x0005, -0x0009, +0x0000, -0x0005, +0x0003, 
    +0x000e, +0x0003, -0x0006, -0x000e, -0x000f, -0x0001, +0x000e, +0x0001, 
    -0x0007, -0x0005, -0x0012, +0x0010, -0x0001, +0x0019, +0x0010, -0x001b, 
    -0x000c, +0x002b, -0x0015, +0x0003, -0x003f, +0x0027, -0x000c, -0x000f, 
    -0x0015, +0x000e, +0x0002, +0x0000, +0x001f, -0x0020, -0x0003, +0x0006, 
    -0x001d, +0x0009, +0x0004, -0x0005, +0x0014, +0x000a, -0x003c, +0x0009, 
    -0x0018, +0x0015, +0x0006, +0x0009, -0x0014, +0x0015, +0x0006, -0x0002, 
    -0x000a, +0x001d, -0x000d, +0x0008, -0x0032, -0x0003, +0x001e, -0x001f, 
    +0x001c, -0x0007, -0x0024, +0x0010, +0x0006, +0x000d, +0x0003, -0x002b, 
    -0x0002, -0x0012, -0x0010, +0x001a, -0x0006, -0x0003, -0x0006, +0x000b, 
    -0x0010, +0x0005, +0x0014, -0x001e, +0x0009, +0x000f, +0x0002, +0x0003, 
    -0x0009, +0x0003, -0x0011, +0x0016, -0x005e, -0x0008, +0x0005, +0x001f, 
    -0x0003, -0x0001, -0x000e, +0x0012, -0x0004, -0x0005, -0x000e, +0x000f, 
    -0x0040, +0x000b, -0x000d, +0x0002, -0x0005, -0x0014, +0x0013, +0x000b, 
    -0x0004, -0x001e, +0x0012, +0x0019, -0x0005, +0x0017, +0x0002, -0x000f, 
    +0x0003, +0x001a, -0x0020, -0x0001, -0x0026, -0x0006, +0x000b, +0x0016, 
    +0x0001, -0x001c, -0x0004, +0x0012, +0x000b, +0x0008, +0x0007, -0x0019, 
    +0x000d, -0x0008, +0x0004, +0x0014, -0x000c, +0x0007, +0x0012, -0x000d, 
    -0x0003, +0x0018, +0x0002, -0x0024, +0x0001, +0x0007, +0x0002, -0x0001, 
    -0x0007, +0x002f, -0x000a, -0x001c, -0x001c, -0x0003, +0x000e, +0x0007, 
    +0x0021, -0x0006, -0x0006, +0x000a, -0x0001, +0x0004, +0x0001, -0x0001, 
    -0x0019, +0x0015, -0x0019, +0x0004, -0x0052, -0x0009, +0x000e, +0x0008, 
    -0x0021, -0x0001, +0x0004, +0x0003, -0x000d, +0x000e, -0x0013, +0x0000, 
    +0x0002, +0x0012, +0x0020, -0x001c, -0x0017, -0x0009, +0x0008, +0x000b, 
    -0x0002, -0x000b, -0x0018, +0x001b, -0x0012, -0x000b, -0x000e, +0x0010, 
    +0x0002, +0x0019, -0x002a, +0x001a, -0x001c, -0x0003, +0x0012, +0x0002, 
    +0x0003, +0x0000, -0x0006, +0x000d, -0x0007, +0x0009, +0x000c, +0x0003, 
    +0x0002, -0x000a, -0x0012, +0x000e, -0x003e, -0x0006, +0x0010, +0x0012, 
    +0x000e, -0x0002, -0x001d, +0x000d, +0x0005, +0x0003, -0x000d, +0x000b, 
    -0x0011, +0x0013, -0x0017, -0x0004, -0x0022, +0x0018, +0x0002, -0x0004, 
    -0x0019, +0x001a, +0x0006, -0x0015, +0x0002, +0x0002, +0x002b, -0x0012, 
    -0x000e, +0x0013, -0x0034, +0x0002, -0x0030, +0x0007, +0x000a, +0x000a, 
    -0x000c, -0x0019, +0x0005, +0x0019, -0x0026, +0x001f, -0x0020, +0x000b, 
    -0x0042, -0x0009, -0x0025, +0x001f, -0x0039, +0x0000, -0x0007, +0x0004, 
    +0x0002, -0x0011, +0x0008, +0x001b, -0x0007, -0x0008, +0x0011, +0x000e, 
    -0x0009, +0x0013, +0x000f, -0x0004, -0x0019, +0x001a, -0x0014, -0x0005, 
    -0x000f, -0x0012, +0x0012, +0x0001, -0x0004, -0x0006, -0x0013, +0x0006, 
    -0x002d, +0x0004, +0x0013, +0x0001, -0x0036, +0x0010, +0x000f, +0x0000, 
    -0x0006, -0x0004, -0x001e, +0x0015, -0x0004, +0x0005, -0x0007, +0x0008, 
    -0x000e, -0x0007, +0x0001, +0x0007, -0x0003, +0x001c, +0x0002, -0x0009, 
    -0x0001, -0x001d, +0x001c, +0x000e, +0x0007, +0x0002, +0x0002, -0x000c, 
    -0x002e, +0x0006, +0x001d, -0x001e, -0x0006, -0x0001, -0x0002, +0x0002, 
    -0x0013, +0x0000, -0x000a, +0x000e, +0x0000, -0x0009, -0x0005, +0x0009, 
    +0x0007, -0x001d, +0x001c, +0x0004, +0x0013, +0x001e, -0x001d, -0x0016, 
    -0x0017, -0x000b, +0x000f, +0x0008, +0x0005, +0x0009, +0x0008, -0x0017, 
    -0x0011, -0x0015, +0x0027, -0x0011, -0x000d, -0x0009, +0x0017, +0x0006, 
    -0x0009, -0x0014, +0x0011, -0x0013, -0x0009, -0x000e, +0x0019, +0x0005, 
    +0x000a, +0x0004, +0x0010, -0x0006, +0x001e, +0x000a, -0x0010, -0x0008, 
    -0x000c, -0x0002, -0x0002, +0x000c, +0x0001, -0x0004, -0x0010, +0x000d, 
    -0x002b, +0x0004, +0x0005, -0x0005, +0x0008, +0x0012, +0x000a, -0x0016, 
    -0x002a, +0x0003, -0x0005, +0x000b, -0x000a, -0x0006, -0x000c, +0x0026, 
    +0x0002, +0x0005, +0x000c, +0x0002, -0x0005, +0x0018, -0x0021, +0x0005, 
    +0x0015, -0x000f, +0x0015, +0x0001, -0x0012, +0x0003, +0x0006, -0x000a, 
    -0x000b, -0x0017, +0x0019, -0x0004, +0x0009, -0x0002, +0x0017, -0x0004, 
    +0x0005, -0x0005, -0x0006, -0x0003, +0x0007, -0x0011, +0x000e, -0x000b, 
    -0x0005, -0x0008, +0x0020, +0x0001, -0x0005, +0x0011, -0x001c, +0x0002, 
    -0x000a, -0x0010, -0x0001, +0x0010, +0x0015, +0x000c, -0x0007, -0x000a, 
    -0x001c, +0x0007, +0x0019, -0x0008, -0x0015, +0x0004, -0x0005, -0x0001, 
    +0x000d, -0x0019, -0x0010, +0x0004, +0x000a, -0x0001, -0x0002, +0x000d, 
    -0x0009, -0x0011, +0x0015, +0x0018, +0x000f, -0x000d, -0x0003, +0x0018, 
    -0x0001, +0x0007, -0x000a, +0x0010, +0x000f, +0x001f, -0x0015, -0x0003, 
    -0x0021, +0x0000, +0x000e, -0x000b, -0x0011, +0x000c, +0x0006, -0x0005, 
    -0x0008, -0x0005, +0x0010, -0x0005, +0x0005, -0x0001, +0x0006, +0x0002, 
    -0x0001, +0x0012, +0x000e, -0x0024, +0x0013, +0x0007, +0x0008, -0x0008, 
    -0x0004, -0x000a, +0x000f, -0x000f, +0x000e, +0x0005, +0x0004, -0x000c, 
    -0x0036, +0x0007, +0x0006, -0x0004, -0x0019, -0x0009, +0x0017, +0x000d, 
    +0x0001, -0x0014, -0x0003, +0x0011, +0x0006, -0x0001, +0x0015, +0x0005, 
    +0x000c, -0x0007, -0x0012, +0x0008, -0x0009, -0x0004, +0x0011, -0x0002, 
    -0x000f, -0x0001, +0x001c, -0x000e, +0x0000, +0x0009, -0x0014, +0x0010, 
    -0x0016, -0x0006, +0x0023, +0x000c, -0x002f, +0x0004, +0x001c, -0x000f, 
    -0x0009, -0x000b, +0x0004, +0x0007, -0x0004, +0x0029, -0x0013, -0x000a, 
    +0x000e, +0x0003, -0x000a, -0x000b, -0x0015, -0x0010, +0x001c, +0x000d, 
    -0x000c, -0x0006, +0x0014, -0x0007, -0x0003, -0x0004, +0x0012, -0x000f, 
    -0x0039, +0x0007, -0x0005, -0x0005, -0x001b, +0x000a, -0x0014, -0x0004, 
    -0x001e, -0x000b, +0x000c, +0x0000, +0x000a, +0x0002, +0x0002, +0x0000, 
    +0x0000, +0x0014, -0x0014, -0x000c, +0x0003, -0x0011, +0x001e, +0x000d, 
    -0x0026, -0x0001, +0x000f, +0x0004, -0x0003, -0x000c, +0x0005, +0x0000, 
    -0x000b, +0x0027, -0x0012, -0x0014, -0x0015, +0x000d, +0x000a, +0x0005, 
    +0x0004, +0x0012, +0x0007, -0x000d, +0x0009, -0x0015, +0x001e, -0x0005, 
    +0x000d, +0x0000, -0x0004, +0x0000, -0x001d, +0x001c, -0x0015, -0x0008, 
    +0x0047, +0x000a, -0x002f, -0x000c, +0x0010, -0x0003, -0x0009, -0x0004, 
    +0x0001, +0x0006, +0x0008, -0x0007, -0x0002, +0x000d, +0x0007, +0x0004, 
    +0x0003, +0x0005, -0x0023, +0x000e, -0x000d, +0x0011, +0x0005, +0x0007, 
    -0x001d, +0x001e, -0x0011, -0x0003, -0x003c, +0x002d, +0x0000, -0x0009, 
    -0x0006, +0x0009, -0x0001, +0x0002, +0x0022, -0x0018, -0x0003, +0x000e, 
    -0x0013, +0x000c, +0x0016, -0x0002, +0x000d, +0x0005, -0x003f, +0x0009, 
    -0x000f, +0x000b, +0x0016, -0x000e, -0x0023, +0x000f, +0x000f, -0x000e, 
    -0x0007, +0x0012, -0x000f, -0x0006, +0x0002, -0x000f, +0x003c, -0x000f, 
    -0x0005, -0x0002, -0x000b, +0x0010, -0x0004, +0x0001, -0x0002, +0x0008, 
    +0x0009, -0x0003, -0x0012, +0x001d, -0x0004, +0x0005, -0x0004, +0x000e, 
    -0x000c, +0x0006, +0x0007, -0x000e, +0x000a, +0x001d, -0x0004, -0x0010, 
    -0x0002, +0x0002, -0x0015, +0x0012, -0x0041, +0x0009, +0x0002, -0x0002, 
    -0x0001, -0x0001, -0x0004, +0x0015, -0x0014, +0x0008, -0x0012, +0x000f, 
    -0x002c, +0x001a, -0x001f, +0x0009, +0x0003, -0x0017, +0x0005, +0x0016, 
    -0x0023, -0x0023, +0x000c, +0x0010, +0x0002, +0x000b, +0x0002, -0x000a, 
    +0x0002, +0x0012, -0x0007, +0x000c, -0x0041, +0x000c, +0x0016, +0x000e, 
    +0x0004, -0x000b, +0x0000, +0x000f, -0x0005, +0x0001, +0x0002, -0x000d, 
    +0x0005, +0x0005, -0x0003, +0x0014, -0x0017, +0x000f, +0x0002, -0x000b, 
    -0x0019, +0x0019, +0x001c, -0x0021, -0x0005, +0x0002, +0x0008, +0x0005, 
    -0x0004, +0x0020, -0x0008, -0x0012, -0x0045, +0x000c, +0x0013, -0x0006, 
    +0x0033, -0x0012, -0x0008, +0x0008, -0x000e, +0x0000, +0x000e, -0x000e, 
    +0x0008, +0x000e, -0x001d, -0x0006, -0x003c, -0x000b, +0x001d, +0x0006, 
    -0x0017, +0x0004, -0x000f, +0x0011, -0x000b, +0x0001, -0x001d, +0x0012, 
    +0x0010, +0x0014, +0x0009, -0x0017, -0x0011, -0x0009, +0x0017, +0x000c, 
    +0x0021, -0x000f, -0x002a, +0x0014, -0x0001, -0x0007, +0x0003, +0x0020, 
    +0x0010, +0x0001, -0x0039, +0x0022, -0x0016, -0x000a, +0x001d, +0x000c, 
    -0x0007, -0x000b, +0x0012, +0x000e, -0x0001, +0x0003, +0x000c, -0x0003, 
    +0x000a, +0x000d, -0x0006, -0x0006, -0x0036, -0x0001, +0x0013, +0x0003, 
    -0x0001, -0x0007, -0x0014, +0x001b, -0x000f, +0x0006, -0x0008, +0x0014, 
    -0x002e, +0x0012, -0x0008, -0x000d, -0x001c, +0x001b, -0x0005, +0x0004, 
    -0x0022, +0x000d, -0x000b, +0x0003, +0x000d, +0x0012, +0x0017, -0x001e, 
    -0x0006, +0x0011, -0x002f, +0x0005, -0x0028, +0x0006, -0x0004, +0x0009, 
    -0x0014, -0x001c, +0x001a, +0x0010, -0x0019, +0x000b, -0x0023, +0x0008, 
    -0x0044, -0x0001, -0x0018, +0x0024, -0x003b, +0x0006, +0x0001, -0x0005, 
    -0x0002, -0x0025, -0x0002, +0x002b, +0x0000, -0x0009, +0x0008, -0x000a, 
    -0x000e, +0x000e, -0x0007, -0x0006, -0x0025, +0x001e, -0x000d, -0x0008, 
    -0x0005, -0x001d, +0x0021, -0x000a, +0x000a, +0x0009, -0x0002, +0x0009, 
    -0x0018, +0x0005, +0x0009, +0x0004, -0x000a, +0x0025, -0x0016, -0x0006, 
    -0x0005, -0x0009, -0x0033, +0x002e, +0x0005, -0x0009, -0x000f, +0x0008, 
    -0x0001, +0x0001, -0x0013, +0x0015, +0x0000, +0x0006, +0x0002, -0x0009, 
    +0x0009, -0x002b, +0x001b, -0x0001, +0x000b, -0x0003, +0x0003, -0x0005, 
    -0x0034, +0x000e, +0x001f, -0x001d, -0x0011, +0x0012, +0x0002, -0x0004, 
    -0x0016, +0x000d, -0x000a, -0x000c, +0x0003, +0x0000, +0x0000, +0x0003, 
    +0x000c, -0x001c, +0x000a, +0x0004, +0x000a, +0x0022, +0x0001, -0x0017, 
    -0x0016, -0x000e, +0x0008, -0x0002, +0x0012, +0x0011, +0x000f, -0x0018, 
    -0x0017, -0x0015, +0x002b, -0x0014, +0x0015, -0x0002, +0x000c, -0x000f, 
    -0x0024, -0x000c, +0x0015, -0x0007, +0x0002, -0x000c, +0x001e, -0x0001, 
    -0x0001, -0x0016, -0x0005, +0x0013, +0x0012, +0x0009, -0x0001, +0x0000, 
    -0x000b, -0x0007, +0x0007, +0x0004, +0x0013, -0x0001, -0x001a, +0x001c, 
    -0x0009, +0x0006, +0x0005, +0x0009, +0x000d, +0x0012, -0x0005, +0x0000, 
    -0x001f, +0x0004, +0x0000, -0x0001, -0x000a, -0x0008, -0x0002, +0x0010, 
    -0x0006, -0x001d, +0x001d, +0x0001, -0x0011, -0x0002, -0x001b, +0x001e, 
    +0x0001, -0x001c, +0x0010, +0x000e, +0x0000, +0x0010, +0x000f, -0x0012, 
    +0x000d, -0x0005, +0x000d, -0x0005, -0x000b, +0x0005, +0x0028, -0x000d, 
    -0x0007, +0x0003, +0x001b, -0x000d, -0x0001, -0x000f, +0x000b, -0x0003, 
    -0x0002, +0x000c, +0x001c, -0x000a, +0x0015, +0x0007, -0x001e, +0x000b, 
    -0x0008, -0x0005, -0x0007, +0x001d, +0x001b, +0x0011, -0x0011, -0x0006, 
    -0x001b, +0x0006, +0x000f, -0x0011, -0x0009, +0x0005, +0x0009, -0x0006, 
    +0x001e, -0x0024, +0x001b, -0x000f, -0x0006, -0x000e, -0x001f, +0x001a, 
    -0x0010, +0x0007, -0x0008, +0x000f, +0x000f, -0x0006, -0x000a, +0x0009, 
    +0x000d, +0x0004, -0x0013, +0x0001, -0x0009, +0x0012, -0x000e, -0x000c, 
    -0x0035, -0x0002, +0x0010, -0x000a, -0x0019, +0x0003, -0x0003, -0x000a, 
    -0x0005, +0x000a, +0x0002, -0x000c, -0x0007, -0x0004, -0x0008, +0x0010, 
    +0x0003, +0x0010, +0x001c, -0x0026, +0x001e, +0x0000, +0x0001, -0x000d, 
    +0x000d, -0x000b, +0x000f, -0x0006, -0x000b, +0x0005, -0x000e, -0x0008, 
    -0x0052, +0x0012, +0x001f, -0x000c, -0x002a, -0x0011, +0x0015, -0x0006, 
    -0x000c, -0x0015, -0x000d, +0x0017, +0x0001, -0x000a, +0x0002, +0x0012, 
    +0x0007, -0x001c, +0x0008, +0x000b, +0x0002, +0x0000, +0x0009, +0x0000, 
    -0x0013, +0x0002, +0x002a, -0x0025, -0x000a, +0x0007, -0x0008, -0x0003, 
    -0x0021, -0x000a, +0x0006, +0x000a, -0x0029, -0x0001, +0x0018, -0x0001, 
    -0x0010, -0x0009, +0x0005, +0x0002, +0x0002, +0x0024, -0x0010, -0x0013, 
    -0x0003, -0x0019, +0x0002, +0x0010, -0x0030, -0x0004, +0x0004, +0x0007, 
    -0x0003, +0x0001, +0x0007, -0x0005, -0x0015, -0x0003, +0x0009, +0x000b, 
    -0x0021, +0x0009, +0x0008, -0x0008, -0x000f, +0x000e, +0x000b, -0x0009, 
    -0x0024, -0x0007, +0x0000, +0x0011, +0x0000, +0x0005, +0x0002, -0x0009, 
    +0x0008, +0x0008, -0x0014, -0x0002, +0x0019, -0x002f, +0x0018, +0x000d, 
    -0x000c, -0x000b, +0x0011, -0x0002, -0x0005, +0x0001, +0x0002, -0x0005, 
    +0x0007, +0x001f, -0x0020, -0x0013, -0x0011, +0x000f, +0x000d, +0x0003, 
    -0x0004, +0x000e, +0x000d, -0x001c, +0x0007, -0x001e, +0x0013, -0x0002, 
    +0x000b, +0x0009, -0x0017, +0x0000, +0x0007, -0x0010, -0x0006, +0x000d, 
    +0x0039, -0x0008, -0x0017, -0x000c, +0x000d, +0x0007, -0x0004, -0x0002, 
    +0x000e, -0x0001, +0x0009, +0x0004, -0x000d, +0x0004, +0x0006, +0x0005, 
    +0x000f, -0x0003, -0x0014, +0x0011, +0x0009, +0x000c, +0x0005, +0x0002, 
    -0x0019, +0x001f, -0x0014, -0x0003, -0x0048, +0x0019, -0x0011, +0x000b, 
    -0x0002, +0x000f, +0x0004, -0x0008, +0x0020, -0x000a, -0x0008, -0x0008, 
    -0x0015, +0x0012, +0x001e, +0x0001, +0x000f, +0x0012, -0x0043, +0x0006, 
    -0x0027, -0x0005, +0x0012, +0x0004, -0x0021, +0x0011, +0x0004, -0x000b, 
    -0x0006, +0x0042, -0x0016, -0x0018, -0x0008, +0x000a, +0x0025, -0x000d, 
    +0x0017, +0x0009, -0x0030, +0x0006, +0x0018, +0x000a, +0x000a, -0x0019, 
    +0x0006, -0x0006, -0x000b, +0x0014, -0x0005, -0x0001, -0x000a, +0x0008, 
    -0x000c, -0x0001, +0x0029, -0x0012, +0x0006, +0x001d, -0x0012, +0x0003, 
    -0x0001, -0x0017, -0x001b, +0x0019, -0x0039, +0x0010, +0x000b, -0x0001, 
    -0x001e, -0x0001, -0x0019, +0x0014, -0x0003, +0x0010, -0x0006, +0x0006, 
    -0x0019, +0x001e, -0x0017, +0x0000, +0x0008, -0x0016, +0x0003, +0x0019, 
    -0x0018, -0x0032, +0x0007, +0x0025, -0x000b, +0x000f, -0x0011, -0x0002, 
    +0x0008, +0x000a, -0x001c, +0x000d, -0x0031, -0x000b, +0x0009, +0x0016, 
    -0x000d, -0x0013, -0x001b, +0x001d, +0x0002, +0x0004, +0x000e, -0x000c, 
    -0x001d, +0x0000, +0x0004, +0x000f, -0x0016, +0x000b, +0x0010, -0x0013, 
    -0x0014, +0x0014, +0x0019, -0x0016, +0x0007, +0x0007, +0x000e, -0x000f, 
    -0x0008, +0x003c, -0x0021, -0x000b, -0x0046, +0x0015, +0x000c, -0x0009, 
    +0x002c, -0x000b, +0x0001, +0x000a, -0x0004, +0x0010, +0x000b, +0x0008, 
    +0x0003, +0x0017, -0x0017, -0x0009, -0x0036, -0x0002, +0x0019, +0x0001, 
    -0x0024, +0x0000, +0x0010, +0x000e, +0x0000, +0x0014, -0x0015, +0x000e, 
    +0x0009, -0x0003, +0x0007, -0x0010, -0x0037, -0x0005, +0x0014, +0x0007, 
    +0x0019, -0x000a, -0x001c, +0x0009, -0x0002, -0x0006, -0x0010, +0x0019, 
    -0x0004, -0x0008, -0x001f, +0x0022, -0x000d, -0x0010, +0x001b, -0x000e, 
    +0x000e, -0x0016, +0x0012, +0x0006, -0x0001, -0x0011, -0x0008, +0x000d, 
    -0x0002, -0x0003, -0x000a, +0x0010, -0x0057, -0x0009, +0x000c, +0x0016, 
    +0x0003, -0x0016, -0x0010, +0x0013, -0x0003, -0x000d, -0x0003, +0x000b, 
    -0x0029, +0x000b, -0x0006, +0x0000, -0x0033, +0x0004, -0x000e, +0x0005, 
    -0x0015, +0x000e, -0x0007, +0x000f, +0x0002, -0x0002, +0x0010, -0x000c, 
    -0x000c, -0x0002, -0x0018, -0x0001, -0x000c, -0x0008, +0x0009, -0x0004, 
    -0x0021, -0x000d, +0x0011, +0x000a, -0x000c, +0x0007, -0x0006, +0x000a, 
    -0x003f, -0x0003, -0x0025, +0x0020, -0x0027, +0x0013, +0x0003, +0x0006, 
    -0x001b, +0x000b, -0x0022, +0x0026, -0x0008, +0x0007, +0x000e, -0x0009, 
    -0x0009, +0x0016, -0x0008, +0x0001, -0x000e, +0x0003, -0x000a, -0x0007, 
    -0x001c, -0x0007, +0x0022, -0x0012, -0x0007, -0x0005, -0x0006, +0x0018, 
    -0x001e, +0x0012, +0x0004, -0x000b, -0x003e, +0x0017, -0x0007, -0x0007, 
    -0x0004, +0x0006, -0x0036, +0x0029, +0x0004, -0x0004, +0x0006, -0x0008, 
    +0x000b, +0x0020, -0x0023, +0x0004, +0x000a, -0x0002, +0x0011, -0x0011, 
    +0x000f, -0x0023, +0x001b, +0x0015, +0x0000, +0x0006, +0x0011, -0x0013, 
    -0x0031, +0x0016, +0x001a, -0x0029, -0x0014, +0x000b, -0x000a, -0x0003, 
    -0x0008, -0x000d, +0x000a, +0x0004, -0x000e, -0x0018, -0x000a, +0x000f, 
    +0x000a, +0x0007, -0x000f, +0x000d, +0x001c, +0x000f, +0x000b, -0x0020, 
    -0x0001, -0x0018, +0x0019, +0x000a, +0x0005, +0x0010, +0x0018, -0x001f, 
    -0x0028, -0x001d, +0x001e, +0x0013, +0x000d, +0x000e, +0x0008, -0x0017, 
    +0x0000, -0x0011, +0x0004, +0x0008, +0x0002, -0x001b, +0x0011, +0x0004, 
    -0x0008, +0x0011, -0x0011, -0x0002, +0x0002, +0x0018, +0x0004, -0x0012, 
    -0x0002, +0x0002, +0x0005, +0x0002, +0x0004, -0x0006, -0x0007, -0x0002, 
    +0x001d, +0x000d, -0x0006, +0x0001, +0x0009, +0x0019, -0x0009, -0x0018, 
    -0x000e, +0x0006, -0x0001, +0x000d, +0x0006, -0x0009, -0x001f, +0x001f, 
    -0x0007, -0x002b, +0x0036, +0x0001, -0x0016, +0x000a, -0x0011, -0x0003, 
    -0x0003, -0x0015, +0x0018, +0x0014, +0x0014, -0x000c, +0x000a, +0x0002, 
    -0x0012, -0x0002, +0x000f, -0x0003, -0x0005, +0x0006, +0x0004, -0x0010, 
    +0x000c, -0x0014, +0x0001, -0x0004, +0x0008, -0x0019, +0x000c, +0x000c, 
    +0x0002, -0x000f, +0x001e, -0x0010, -0x001a, +0x0015, -0x0029, +0x0011, 
    +0x0002, -0x0006, -0x0006, +0x000d, +0x0016, +0x000a, -0x000c, -0x0015, 
    -0x0025, +0x000a, +0x001d, -0x000d, +0x000b, +0x0006, -0x0002, +0x0007, 
    -0x0006, -0x0033, +0x002c, -0x0009, -0x0004, -0x0019, -0x0009, +0x0019, 
    -0x0001, -0x0003, +0x0002, +0x0008, +0x000b, -0x0001, -0x0010, +0x0022, 
    +0x000d, -0x000b, -0x001f, +0x0013, -0x0017, +0x000d, -0x0011, -0x0005, 
    -0x0032, -0x0003, +0x0014, -0x000e, -0x000e, +0x000d, +0x0003, +0x0002, 
    +0x001c, +0x0005, -0x0008, -0x0006, -0x000d, +0x0016, +0x000f, -0x0009, 
    -0x0006, +0x001b, +0x0000, -0x0027, +0x0005, -0x0005, +0x0003, +0x0001, 
    +0x0009, +0x0000, +0x0016, -0x0005, +0x0002, +0x0017, -0x0005, -0x000c, 
    -0x0047, +0x0006, +0x0012, -0x0011, -0x002c, -0x0005, +0x0017, +0x0006, 
    -0x0008, -0x000b, -0x0002, +0x001d, -0x0008, +0x0002, -0x000d, +0x0008, 
    +0x000e, +0x0007, -0x0015, +0x0007, +0x0000, +0x0011, +0x0009, -0x0012, 
    +0x0004, +0x000b, +0x001d, -0x0020, +0x000a, +0x0003, -0x000e, +0x0004, 
    -0x0024, -0x0009, +0x000e, -0x0006, -0x002f, -0x0007, +0x0016, -0x0005, 
    -0x0007, -0x0007, -0x000c, +0x0008, -0x0007, +0x0012, -0x0001, +0x0009, 
    +0x0008, -0x0029, +0x0005, +0x0013, -0x0013, -0x0006, +0x001e, -0x0001, 
    +0x0001, +0x0005, +0x000a, -0x0013, +0x0007, -0x000f, +0x0003, -0x0007, 
    -0x002c, +0x0005, +0x0008, +0x0002, -0x0028, +0x0005, +0x000c, -0x0001, 
    -0x0022, -0x0009, -0x0003, +0x0018, +0x0001, +0x000e, +0x000a, +0x0004, 
    -0x0004, -0x0021, -0x0006, +0x0014, -0x0006, -0x0033, +0x0018, +0x0004, 
    -0x000c, -0x0006, +0x0013, -0x0004, -0x0009, -0x0004, +0x0007, +0x000a, 
    -0x0025, +0x0016, -0x0034, +0x0016, -0x001c, -0x0007, +0x000b, +0x0001, 
    -0x001c, +0x0010, -0x0003, -0x0004, +0x0009, -0x0022, +0x000c, +0x0007, 
    +0x0008, +0x000e, -0x000c, +0x0002, +0x0006, -0x0007, +0x0005, +0x0004, 
    +0x003a, -0x0001, -0x000a, -0x0015, +0x000c, +0x000a, -0x0015, -0x0007, 
    +0x0000, -0x0004, +0x0007, +0x0008, -0x0007, +0x000c, -0x0007, +0x0001, 
    -0x0005, -0x0008, -0x0013, +0x0017, -0x0003, +0x0010, +0x000e, -0x0014, 
    -0x0017, +0x001d, +0x0009, -0x001c, -0x0059, +0x0035, -0x000b, +0x0015, 
    -0x0012, +0x0008, -0x0012, -0x0004, +0x001d, -0x0009, +0x0001, -0x0009, 
    -0x001d, +0x0011, +0x0022, -0x000e, +0x000d, +0x0019, -0x004b, +0x0017, 
    -0x0015, -0x0006, +0x0002, +0x0007, -0x0025, +0x0018, -0x0008, -0x000e, 
    -0x0009, +0x002a, +0x0004, -0x0025, -0x001c, +0x001c, +0x000c, -0x0017, 
    +0x000d, +0x000f, -0x0023, +0x0007, -0x0008, +0x0016, +0x0002, -0x000c, 
    -0x0006, -0x000b, -0x0001, +0x0013, -0x0010, -0x0006, -0x0001, +0x0009, 
    -0x0019, -0x0012, +0x002c, -0x0012, +0x0000, +0x0001, -0x0003, -0x0001, 
    -0x000c, -0x0014, -0x0011, +0x0024, -0x001f, +0x0002, +0x000e, +0x0013, 
    -0x003a, -0x0005, -0x0002, +0x0011, -0x0014, +0x0017, -0x000b, +0x000f, 
    -0x0010, +0x0017, -0x0020, -0x0003, -0x0019, -0x0020, +0x000e, +0x0009, 
    -0x002c, -0x0055, +0x0020, +0x002f, -0x000d, +0x0000, -0x0013, +0x001b, 
    -0x000b, +0x0017, +0x000a, -0x0017, -0x0027, +0x0006, -0x0003, +0x001a, 
    -0x0012, +0x0000, -0x0016, +0x0009, -0x000a, +0x0002, +0x0019, -0x0012, 
    +0x0004, -0x0006, -0x000b, +0x000c, -0x000c, +0x000b, +0x000c, -0x0019, 
    -0x0024, +0x002c, +0x0025, -0x0039, -0x0006, +0x0005, -0x0008, -0x0010, 
    -0x0006, +0x0001, -0x0004, +0x0005, -0x0054, +0x0007, +0x0023, -0x0004, 
    +0x0033, -0x000a, -0x0002, +0x0005, -0x002f, -0x0001, +0x000e, +0x000c, 
    +0x0007, +0x001d, -0x001b, -0x000b, -0x0036, -0x0007, +0x0022, -0x0005, 
    -0x0015, -0x000f, +0x0002, +0x0004, +0x0005, +0x0015, -0x0024, +0x0006, 
    -0x0003, +0x0009, -0x000e, +0x0002, -0x002e, -0x0003, +0x000b, +0x0010, 
    +0x0018, -0x0002, -0x0024, +0x001d, +0x0009, -0x000f, -0x000b, +0x0013, 
    +0x0009, +0x0005, -0x001f, +0x0015, -0x002c, +0x000c, +0x0024, -0x000c, 
    -0x0019, -0x0030, +0x003b, -0x0022, +0x0001, -0x0011, +0x000c, +0x0015, 
    -0x0011, +0x0003, -0x001e, +0x0001, -0x002b, -0x0008, -0x0002, +0x0016, 
    +0x0006, -0x000a, -0x0003, +0x0012, -0x0011, -0x0004, -0x0006, +0x000f, 
    -0x001f, +0x0011, -0x001f, -0x0007, -0x002f, +0x0016, +0x0002, -0x0001, 
    -0x0012, +0x0011, -0x000d, +0x0008, +0x000a, +0x000e, +0x0018, -0x0025, 
    -0x000c, -0x0021, +0x0003, +0x001d, -0x000a, +0x0002, -0x000e, +0x0010, 
    -0x0027, -0x0014, +0x0015, +0x0010, +0x000e, +0x0005, +0x0005, -0x0001, 
    -0x0034, +0x0001, -0x002b, +0x001c, -0x004a, +0x0016, -0x000f, +0x0008, 
    -0x002a, -0x0003, -0x001c, +0x001b, -0x0009, +0x0005, +0x0008, -0x0009, 
    -0x0004, +0x0006, -0x0009, +0x0011, -0x0018, +0x0010, +0x0005, -0x000a, 
    -0x001c, +0x0010, +0x0024, -0x0014, +0x0003, +0x0007, -0x000c, +0x0008, 
    -0x0020, +0x000d, +0x0005, -0x0002, -0x003f, +0x001c, +0x0007, +0x0000, 
    -0x0018, +0x000a, -0x003b, +0x001e, -0x0001, -0x0003, +0x0010, +0x0003, 
    -0x0008, +0x001c, -0x0012, -0x0026, -0x000f, +0x001f, +0x000c, -0x001d, 
    +0x0011, -0x0033, +0x001a, +0x0024, -0x000f, +0x0005, +0x0026, -0x000b, 
    -0x0007, +0x0019, +0x0022, -0x0038, -0x0006, +0x000d, -0x0005, +0x0004, 
    -0x000d, -0x0004, -0x001c, +0x0016, -0x000d, -0x000a, -0x0004, +0x0016, 
    -0x0003, +0x000c, -0x000c, +0x000f, -0x0008, +0x001a, +0x0006, -0x0011, 
    -0x000a, -0x0023, +0x0018, +0x001b, -0x0006, -0x0005, +0x0015, -0x001a, 
    -0x0040, -0x0003, +0x0018, -0x000e, +0x0002, -0x0001, +0x000a, +0x0000, 
    -0x0023, -0x000e, -0x0006, +0x001f, -0x0006, -0x0024, +0x002e, +0x000c, 
    +0x0008, +0x0014, -0x002d, +0x0023, -0x0009, +0x002e, -0x001c, -0x000f, 
    +0x0006, +0x0003, +0x0003, -0x0011, +0x0001, -0x000f, +0x0005, +0x0002, 
    -0x000a, +0x0003, +0x0007, -0x0013, +0x0026, +0x0005, -0x0009, +0x000d, 
    -0x0033, +0x001a, -0x000e, +0x0008, +0x0005, +0x0002, -0x0010, +0x000f, 
    -0x0001, -0x0011, +0x0011, -0x0004, -0x0003, +0x0021, -0x001c, -0x0002, 
    -0x0006, -0x000c, -0x0011, +0x0004, +0x0024, +0x0004, -0x000e, -0x0004, 
    +0x000b, -0x0007, +0x001a, -0x001c, +0x0009, -0x0004, +0x0008, +0x0003, 
    +0x0003, +0x000f, +0x0003, -0x001d, +0x000c, -0x0002, -0x0001, +0x0015, 
    +0x0008, -0x0013, +0x001d, -0x0003, -0x0002, +0x001d, -0x0028, +0x000d, 
    +0x0014, -0x0014, -0x0003, +0x001b, +0x0020, +0x0015, -0x000c, -0x0014, 
    -0x000a, +0x0004, +0x0019, -0x000b, +0x0005, +0x0003, -0x0006, +0x0002, 
    -0x0022, -0x002b, +0x002d, -0x000d, +0x000e, -0x000c, -0x0010, +0x0013, 
    -0x0007, -0x000d, +0x0006, +0x000e, +0x000e, +0x000b, -0x000c, +0x000e, 
    -0x000f, -0x000d, -0x0017, +0x0025, +0x0008, +0x001e, -0x0023, +0x0008, 
    -0x0026, +0x000c, +0x0006, -0x0015, -0x0015, -0x0005, +0x0012, +0x000d, 
    +0x0006, -0x0003, -0x000a, -0x0003, -0x0005, +0x0013, +0x0017, -0x0013, 
    +0x0008, +0x0036, -0x0010, -0x0014, -0x0011, -0x0007, +0x0011, -0x0016, 
    -0x0011, -0x0017, +0x0001, +0x0008, +0x000c, +0x0013, -0x000e, -0x0014, 
    -0x002d, +0x000b, +0x0014, -0x0011, -0x0028, +0x0000, +0x0013, -0x0003, 
    +0x0000, -0x0009, -0x0007, +0x001a, -0x0003, -0x000b, +0x0006, +0x0010, 
    -0x000b, +0x001a, -0x0009, -0x0010, -0x002b, +0x000c, +0x000f, -0x0022, 
    -0x0010, -0x0012, +0x001f, +0x0003, +0x000b, -0x0007, +0x0005, +0x0007, 
    -0x0020, +0x0008, +0x0015, -0x0013, -0x0025, -0x000e, +0x001b, -0x000e, 
    -0x000a, +0x0001, -0x0007, +0x000e, -0x0006, -0x000a, -0x000b, +0x000f, 
    -0x0005, -0x000c, +0x0009, +0x000c, -0x0010, -0x0017, +0x001b, -0x0002, 
    -0x001c, +0x0001, +0x0014, -0x0009, +0x0006, -0x0009, -0x0016, +0x0010, 
    -0x000d, +0x0002, +0x0014, -0x0003, -0x0024, +0x0000, +0x0007, -0x0008, 
    -0x003b, -0x000c, +0x0009, +0x000d, -0x000b, +0x0009, -0x0006, -0x0003, 
    +0x0001, -0x0008, -0x0004, +0x0000, +0x000d, -0x001d, -0x000a, +0x0000, 
    +0x0000, +0x0004, +0x0012, -0x000a, -0x0029, -0x0006, -0x0007, +0x0000, 
    -0x000e, +0x0023, -0x0025, +0x0013, -0x001c, +0x0006, +0x000f, +0x0000, 
    -0x002d, -0x0004, +0x001f, -0x0001, +0x0009, -0x0012, +0x000f, -0x0001, 
    +0x0009, +0x000a, -0x0008, -0x0008, -0x0019, -0x000c, -0x0009, +0x000b, 
    +0x0014, +0x0043, -0x000e, -0x0035, +0x0012, +0x0005, -0x0012, -0x0014, 
    +0x0013, -0x000f, +0x0006, +0x000e, +0x0008, +0x0007, -0x000d, +0x0009, 
    -0x0011, -0x0005, -0x0017, +0x0013, -0x0010, +0x000b, -0x0011, +0x000b, 
    -0x0007, -0x0007, +0x001b, -0x0012, -0x004a, +0x0011, -0x001d, +0x0026, 
    -0x0001, +0x0015, -0x0015, +0x0000, +0x001c, -0x0018, -0x0003, -0x000d, 
    -0x0035, +0x0027, -0x001f, +0x000c, +0x002e, +0x0012, -0x0039, +0x0004, 
    -0x0017, +0x0023, -0x001f, +0x000c, -0x001e, +0x0010, +0x0002, +0x0003, 
    +0x0001, +0x001e, +0x0019, -0x0016, -0x0006, +0x0008, -0x0005, +0x0002, 
    +0x0006, +0x0003, -0x001e, +0x000d, -0x0011, +0x0025, +0x0000, -0x000c, 
    +0x000d, -0x0006, -0x003a, +0x0029, -0x0017, -0x000a, +0x000b, +0x0016, 
    -0x0031, +0x0009, +0x0021, -0x000f, +0x0005, +0x0009, -0x0003, -0x0006, 
    +0x0005, -0x001d, +0x000a, +0x000f, -0x0031, +0x0017, -0x001e, +0x000f, 
    -0x002a, -0x0013, -0x0016, +0x0023, -0x0011, +0x0020, -0x001a, +0x0001, 
    -0x000f, +0x0024, -0x0012, -0x0004, -0x001f, -0x001b, +0x0017, +0x0007, 
    -0x002b, -0x002b, +0x0013, +0x0028, -0x000a, -0x0008, -0x0004, +0x0014, 
    -0x0009, -0x0007, +0x0002, -0x0009, -0x003d, -0x0015, -0x000c, +0x0031, 
    +0x0006, -0x000b, -0x000a, +0x0002, -0x000c, -0x0008, -0x0009, +0x000b, 
    +0x0012, +0x0009, -0x0020, +0x0016, -0x000e, +0x0007, +0x0008, -0x0016, 
    -0x0029, +0x0022, +0x0000, -0x0026, -0x0008, +0x0012, +0x0007, -0x0016, 
    -0x0008, -0x0010, +0x0002, +0x0008, -0x004a, +0x000c, +0x001f, -0x0012, 
    +0x0024, -0x000b, +0x0006, +0x0005, -0x001e, +0x0002, +0x000c, -0x0008, 
    -0x000f, +0x0009, -0x001e, +0x0000, -0x0032, -0x000d, +0x001a, +0x0001, 
    -0x002c, +0x0009, +0x0006, +0x0006, +0x0004, +0x0016, -0x001e, -0x0007, 
    +0x0007, +0x0004, -0x0009, +0x0006, -0x0032, +0x0007, -0x000d, +0x001d, 
    +0x0000, -0x0003, -0x0009, +0x0005, +0x0007, -0x0006, -0x000f, +0x0005, 
    -0x000e, +0x0000, -0x0005, +0x000c, -0x0019, -0x000a, +0x0011, -0x000d, 
    -0x0023, -0x000a, +0x002d, -0x000c, -0x0005, -0x0015, -0x0011, +0x0016, 
    -0x000c, +0x000b, +0x0002, +0x0006, -0x0042, -0x0028, +0x0022, +0x001f, 
    -0x0011, -0x000c, +0x000a, +0x0012, -0x000c, +0x0009, -0x000d, +0x0011, 
    -0x0023, +0x0008, -0x0025, +0x0011, -0x0033, +0x0015, +0x0011, +0x0005, 
    -0x000a, +0x000c, +0x0001, +0x0001, +0x0000, +0x000a, +0x0014, -0x001c, 
    -0x0008, -0x001e, -0x000c, +0x0024, -0x0002, +0x001d, +0x001e, -0x0011, 
    -0x0036, +0x0000, +0x0016, +0x0000, -0x0009, +0x000a, -0x001d, +0x0002, 
    -0x003d, +0x0002, -0x0024, +0x001d, -0x002d, +0x000b, -0x002c, +0x000f, 
    -0x002c, -0x0005, -0x0017, +0x0025, -0x000b, +0x0000, +0x0007, +0x0001, 
    +0x0002, -0x0015, +0x0000, +0x000e, +0x000f, +0x0016, +0x0007, -0x0029, 
    -0x0023, -0x000c, +0x0028, -0x000e, -0x0008, +0x0005, +0x0001, -0x0004, 
    -0x002b, +0x000e, -0x001a, +0x0012, -0x0026, +0x000e, +0x0007, -0x000c, 
    -0x002c, +0x000d, -0x003d, +0x0022, +0x0006, +0x0000, +0x0001, +0x0004, 
    -0x0008, +0x0045, +0x0004, -0x003a, +0x0008, +0x0018, +0x0005, -0x0018, 
    +0x001a, -0x002f, +0x0015, +0x001b, +0x000e, -0x0007, +0x0013, +0x0006, 
    -0x001c, +0x0005, +0x0035, -0x0020, +0x0006, +0x0017, -0x000f, -0x000f, 
    -0x000e, +0x000c, -0x001f, +0x0007, -0x0015, -0x0002, +0x0011, -0x0002, 
    -0x0008, +0x0000, -0x000e, +0x001f, +0x0000, -0x000a, +0x0018, -0x0017, 
    +0x0000, -0x001e, -0x0003, +0x0025, -0x0001, +0x0009, +0x001d, -0x0015, 
    -0x001d, -0x0007, +0x001e, -0x000a, -0x0022, -0x0003, +0x0008, +0x0006, 
    -0x001b, -0x0001, +0x000d, -0x0007, -0x000c, -0x0025, +0x002c, +0x0003, 
    -0x000c, +0x001b, -0x002d, +0x0015, -0x001b, +0x0024, -0x0038, +0x0013, 
    -0x000e, +0x000d, -0x0002, +0x0003, +0x000e, -0x0009, +0x0006, +0x0010, 
    -0x000e, -0x0014, +0x0020, -0x0002, +0x0007, +0x0007, -0x0012, +0x0002, 
    -0x001f, +0x0023, -0x000a, +0x0008, -0x0001, -0x0012, +0x000b, +0x0010, 
    -0x0004, -0x000e, +0x0028, -0x001d, -0x001e, +0x0025, -0x0015, -0x0009, 
    -0x001c, +0x0010, -0x0017, +0x0009, +0x0015, +0x0005, +0x0001, -0x000b, 
    +0x0014, -0x000f, +0x0035, -0x001c, -0x000d, -0x0008, +0x001d, -0x0010, 
    -0x000e, +0x0008, +0x0000, -0x0003, -0x0006, -0x0010, -0x000f, +0x000c, 
    +0x0001, +0x000a, +0x0003, -0x000e, +0x0016, +0x0015, -0x0023, +0x000f, 
    -0x000b, -0x000a, +0x000f, +0x0005, +0x0026, -0x0007, +0x0002, -0x0006, 
    -0x0031, +0x0003, +0x0026, -0x000a, +0x000d, +0x0007, -0x0003, -0x0001, 
    -0x0030, -0x0017, +0x002b, +0x0017, +0x0004, -0x000c, -0x0006, +0x0001, 
    +0x000a, -0x0019, +0x0016, +0x0001, +0x0008, +0x000d, -0x001f, +0x000d, 
    -0x0018, +0x0000, -0x000b, +0x000d, +0x0000, +0x000d, -0x0005, -0x0005, 
    -0x000d, -0x0002, +0x0014, -0x000f, -0x0028, +0x0007, +0x000c, -0x000e, 
    +0x0015, +0x0012, -0x0017, -0x001b, -0x0007, +0x0000, +0x0017, -0x000e, 
    -0x0003, +0x000d, -0x0002, -0x0021, -0x0009, +0x0020, -0x0019, -0x000e, 
    -0x0018, +0x0003, +0x0013, +0x0006, -0x0007, +0x0010, -0x0012, -0x000d, 
    -0x003f, -0x0010, +0x0032, -0x000c, -0x0026, -0x0004, +0x0011, -0x0003, 
    -0x000c, -0x000e, -0x0011, +0x001b, -0x000f, +0x0000, +0x0006, +0x0011, 
    -0x0009, -0x000f, +0x0002, +0x0001, -0x000d, +0x001d, -0x0003, -0x0018, 
    -0x0002, -0x0006, +0x0000, -0x0002, +0x0019, +0x0004, -0x0008, -0x001a, 
    -0x000d, -0x0006, +0x0030, -0x000c, -0x0029, -0x000e, +0x0013, -0x0006, 
    -0x002b, +0x000f, -0x0015, +0x0004, +0x0009, +0x0009, +0x0005, -0x0011, 
    +0x0007, -0x001a, +0x000b, +0x0008, +0x0004, -0x0012, -0x0003, +0x0012, 
    +0x0001, +0x0005, +0x000d, -0x000e, +0x0016, +0x0001, -0x0012, +0x0003, 
    +0x0001, +0x000b, +0x0003, -0x000c, -0x0024, +0x0017, -0x0009, +0x0007, 
    -0x0031, +0x000c, -0x0009, +0x0021, -0x0005, +0x0004, -0x0009, -0x0008, 
    -0x0004, +0x000b, -0x000d, -0x0005, -0x0014, +0x0015, -0x0009, -0x0029, 
    -0x0008, +0x0002, +0x000d, -0x001b, -0x0017, -0x0005, -0x000d, +0x000f, 
    -0x000c, +0x0004, -0x0017, +0x000f, -0x0017, -0x0004, +0x000b, -0x0002, 
    -0x000a, +0x0001, +0x0013, -0x000f, +0x0007, -0x000a, +0x0004, -0x0004, 
    +0x000a, +0x000c, +0x0000, -0x000b, -0x000a, -0x0015, -0x0005, +0x0000, 
    +0x004d, +0x0039, -0x0017, -0x004b, +0x0020, +0x0003, -0x0005, -0x0012, 
    +0x000e, -0x000e, +0x0003, -0x0007, +0x0014, +0x000d, -0x001e, +0x0004, 
    -0x0004, +0x0005, -0x001f, +0x0001, +0x0004, +0x0021, +0x0008, -0x0018, 
    +0x0002, +0x001a, -0x0002, -0x000c, -0x0042, +0x0039, -0x0017, -0x001d, 
    -0x001a, +0x000d, -0x0012, +0x0005, +0x0016, -0x000c, -0x0003, +0x0007, 
    -0x0022, +0x003b, -0x0039, -0x0014, +0x000d, +0x0013, -0x0041, +0x0016, 
    -0x0030, +0x0015, -0x000e, +0x000b, +0x0004, +0x000b, +0x0014, -0x0015, 
    +0x0008, +0x002b, -0x0015, -0x0007, +0x0008, -0x0003, +0x0032, -0x0025, 
    +0x0024, -0x0003, -0x001d, +0x0014, -0x0030, +0x0029, -0x000b, -0x0006, 
    -0x000d, +0x0015, -0x0047, +0x0025, -0x0027, -0x000c, -0x0007, +0x000f, 
    -0x0007, +0x0003, +0x0015, -0x0008, -0x0001, +0x0016, +0x0003, -0x001f, 
    +0x0002, -0x003e, +0x0007, +0x0045, +0x001f, -0x000c, +0x0006, +0x0005, 
    -0x0030, -0x0006, -0x0005, +0x000f, -0x000c, +0x0002, -0x000b, +0x0001, 
    +0x000b, +0x002a, -0x0053, -0x000b, -0x0003, -0x001c, +0x0015, +0x000b, 
    -0x0035, -0x000b, +0x0002, +0x0023, -0x0017, -0x0006, +0x0016, +0x000d, 
    +0x0002, -0x000c, +0x000f, +0x0003, -0x001a, -0x0076, +0x0041, +0x0052, 
    -0x000e, -0x001d, -0x000b, +0x000f, -0x0007, -0x0008, +0x0002, -0x0004, 
    -0x0023, -0x000a, -0x001b, +0x0024, -0x002d, +0x0021, +0x0008, -0x000e, 
    -0x002c, +0x001b, +0x000d, -0x0007, -0x000a, +0x000c, +0x0019, -0x0009, 
    +0x0005, -0x0020, -0x0001, +0x0020, -0x002f, +0x0012, -0x0019, -0x0001, 
    +0x0012, -0x000c, +0x0014, -0x0002, -0x0010, -0x0005, +0x0008, -0x000d, 
    -0x0026, +0x000a, -0x0035, +0x0016, -0x007f, +0x0000, +0x001a, +0x0006, 
    -0x0040, -0x0003, +0x0010, -0x0010, -0x0009, +0x0021, -0x0015, -0x0015, 
    +0x0002, -0x001a, -0x000b, +0x0008, -0x003b, +0x002a, -0x003c, +0x0009, 
    +0x0001, -0x0003, -0x0014, +0x0006, -0x0023, -0x000d, -0x001a, +0x0017, 
    -0x0011, -0x0007, -0x0014, +0x002e, -0x0008, -0x000e, +0x002a, -0x0007, 
    -0x004a, +0x0011, +0x0014, -0x0015, -0x0009, -0x0006, -0x001e, +0x0018, 
    +0x0000, +0x000c, +0x0003, +0x0003, -0x001f, +0x001d, -0x002d, -0x0006, 
    +0x0006, -0x001a, +0x000c, +0x0013, -0x001a, +0x0004, -0x000a, +0x0006, 
    -0x002b, +0x0013, -0x001f, +0x0005, -0x0022, +0x0014, +0x001f, -0x0018, 
    -0x000e, +0x0009, -0x0005, +0x0008, -0x000f, +0x0011, +0x0009, -0x000d, 
    +0x0006, +0x0000, -0x000d, +0x000e, +0x0048, +0x003b, -0x0023, -0x004c, 
    -0x0021, -0x0012, +0x0019, +0x0004, -0x000b, +0x0007, -0x000b, +0x0009, 
    -0x0027, +0x0001, -0x0007, +0x000c, -0x0048, +0x000c, -0x002c, +0x001a, 
    -0x0023, -0x0007, +0x0009, +0x0019, -0x0014, +0x000c, -0x0007, -0x0015, 
    +0x0001, +0x0008, +0x000b, -0x0021, -0x0030, +0x0019, +0x0013, -0x0025, 
    -0x001f, +0x0002, +0x0024, -0x0015, -0x000d, -0x0009, -0x0003, -0x0008, 
    -0x0028, +0x002c, -0x0033, -0x000e, -0x002a, +0x000d, -0x0006, +0x0000, 
    -0x001e, +0x0004, -0x003f, +0x001e, +0x0006, -0x0003, +0x0003, +0x000e, 
    -0x0001, +0x0033, -0x001f, -0x000c, -0x001c, +0x0010, +0x001c, -0x000f, 
    +0x0034, -0x003b, +0x001e, +0x0027, -0x000b, -0x0008, +0x001c, +0x0002, 
    -0x0028, +0x001a, +0x0015, -0x0016, -0x0024, +0x0023, +0x0005, -0x000f, 
    -0x001d, +0x0020, -0x0016, +0x0001, -0x000e, -0x0004, -0x0001, +0x0001, 
    -0x0006, +0x0008, -0x0017, +0x001a, +0x0004, +0x0003, +0x0014, -0x0007, 
    -0x0002, -0x0013, +0x0007, +0x0027, -0x000b, +0x0005, +0x0020, -0x0015, 
    -0x004e, +0x0008, +0x0000, +0x0006, +0x0002, +0x0000, +0x0000, -0x0003, 
    -0x0041, -0x0007, +0x0001, +0x0017, -0x0013, -0x0012, +0x001c, -0x0004, 
    -0x000a, -0x0024, +0x0002, +0x000d, +0x0000, +0x0023, -0x003a, +0x0008, 
    -0x0003, +0x0000, -0x000a, -0x000d, +0x0012, -0x0008, -0x0005, +0x0006, 
    -0x0009, +0x0015, -0x000f, -0x0013, +0x0001, +0x001b, -0x000d, -0x0017, 
    -0x0038, +0x0006, +0x0011, +0x000a, -0x0008, +0x0000, +0x0021, -0x0016, 
    +0x0000, -0x0017, +0x0015, -0x0015, -0x002a, +0x0018, +0x0009, -0x0012, 
    -0x000a, +0x0003, -0x0015, +0x0018, +0x0006, +0x000b, -0x0006, +0x0002, 
    +0x0024, -0x0005, +0x000d, -0x0011, -0x001e, +0x0000, +0x0013, +0x0003, 
    -0x0022, -0x000f, +0x0012, +0x0000, -0x0012, -0x0028, +0x0021, +0x000a, 
    +0x0008, -0x0007, +0x0003, -0x0009, -0x0033, +0x0006, +0x0017, -0x0038, 
    +0x0002, +0x0006, -0x0012, +0x0014, +0x0015, +0x0001, -0x0008, -0x0008, 
    -0x000c, -0x0004, +0x001c, -0x0004, +0x0012, -0x000b, -0x0003, +0x0015, 
    -0x001b, -0x0008, +0x001d, -0x0006, -0x0002, -0x001d, +0x0010, -0x0004, 
    +0x0006, +0x000e, -0x0007, -0x0005, -0x0013, -0x000a, +0x0016, -0x0025, 
    -0x0014, +0x0006, -0x0012, +0x000c, -0x000b, +0x000a, -0x001e, +0x0009, 
    -0x0012, +0x000e, +0x000e, -0x0017, -0x0005, +0x0001, +0x0003, +0x0014, 
    +0x0004, -0x0003, +0x000b, -0x0009, -0x000e, -0x002c, +0x0035, -0x0005, 
    +0x0005, +0x0008, +0x000a, +0x0003, -0x0011, -0x0008, -0x0011, +0x0015, 
    +0x0007, -0x0015, +0x000f, -0x0004, -0x0004, +0x0005, +0x0005, -0x000f, 
    -0x003f, -0x0016, +0x0038, -0x000b, -0x0039, -0x0006, +0x0002, +0x0008, 
    -0x0005, +0x0002, -0x0015, +0x0005, -0x0001, -0x0004, -0x000d, +0x000e, 
    +0x0008, +0x000c, -0x0003, -0x0008, -0x0011, +0x001b, +0x0013, -0x0031, 
    +0x000c, +0x0000, -0x000e, +0x0007, -0x0002, +0x000e, -0x000e, -0x0008, 
    -0x0041, -0x0012, +0x0028, +0x0001, -0x0021, +0x0004, -0x0009, +0x0013, 
    -0x0022, -0x0004, -0x0001, +0x0011, +0x0002, +0x000a, +0x0009, -0x0008, 
    +0x0002, -0x0007, +0x0008, +0x000e, -0x0007, -0x0042, +0x0014, +0x0028, 
    -0x0011, -0x0002, +0x000d, +0x0001, +0x001a, +0x0001, -0x003b, +0x000d, 
    -0x0032, -0x000b, +0x001e, +0x0001, -0x0018, -0x0001, +0x0000, +0x0002, 
    -0x001c, +0x0013, -0x000b, +0x0009, -0x000a, -0x0001, +0x0005, +0x0002, 
    +0x0007, +0x000d, -0x0014, +0x000c, -0x0030, +0x001a, -0x0019, +0x0000, 
    +0x0000, +0x0004, +0x0028, -0x0016, -0x0011, -0x0001, -0x0007, +0x0001, 
    -0x0045, +0x0015, -0x001c, +0x000e, -0x001c, +0x0000, +0x000d, -0x0012, 
    +0x0008, +0x000b, +0x000b, -0x000f, +0x0005, -0x0002, +0x000e, +0x0001, 
    -0x0002, +0x0004, +0x0005, -0x000e, -0x001b, -0x0013, +0x001d, +0x0003, 
    +0x004f, +0x001c, -0x0008, -0x003f, +0x001d, +0x0001, -0x000b, -0x000d, 
    -0x005e, -0x0002, +0x0006, -0x0005, +0x000b, +0x0013, -0x0004, -0x0007, 
    +0x0017, -0x000f, -0x0001, -0x0005, +0x0011, +0x0019, +0x0003, -0x0018, 
    -0x0008, -0x000e, +0x001e, -0x0011, -0x0038, +0x0014, -0x002d, +0x0011, 
    +0x0004, +0x000c, -0x0013, -0x0013, +0x000b, -0x0011, -0x000b, -0x0006, 
    -0x0018, +0x001d, +0x0006, -0x0018, -0x0027, -0x000b, -0x0023, +0x0027, 
    -0x003c, +0x0027, -0x0014, +0x0013, -0x0038, +0x0014, +0x0005, -0x001b, 
    +0x000b, +0x0031, -0x000c, -0x0016, +0x0004, +0x001a, +0x0016, -0x003f, 
    +0x001a, -0x0003, -0x002b, +0x0018, -0x003a, -0x001a, +0x0039, -0x000a, 
    -0x0041, +0x000c, -0x0046, +0x002d, -0x0021, +0x0000, +0x0009, +0x000a, 
    +0x000b, +0x0001, +0x0026, -0x0028, +0x0006, +0x0013, +0x0017, -0x002f, 
    -0x0009, -0x0026, +0x0010, +0x0010, +0x001f, +0x001e, -0x0011, -0x0016, 
    -0x0005, +0x0002, -0x0009, +0x0007, -0x001e, +0x0007, +0x0001, +0x000f, 
    -0x0013, +0x0023, -0x0039, -0x0002, -0x0038, -0x0015, +0x0012, +0x0011, 
    -0x0009, +0x000b, -0x000b, +0x0006, -0x0013, -0x0004, -0x0011, +0x001b, 
    +0x0005, -0x0014, +0x000e, -0x0006, +0x0017, -0x0038, +0x000c, +0x0038, 
    +0x000a, +0x0000, -0x0014, +0x000f, -0x0009, +0x0008, +0x0010, -0x000d, 
    -0x0025, +0x0006, -0x0019, +0x001f, -0x0057, +0x0021, -0x0010, +0x0005, 
    -0x0021, +0x0027, -0x0006, -0x000b, +0x0004, +0x001a, -0x0018, -0x0010, 
    +0x0009, -0x0018, -0x001a, +0x001a, -0x003d, +0x000d, -0x0007, +0x0010, 
    +0x0008, -0x0007, -0x0003, +0x0008, -0x002b, +0x0006, +0x0000, +0x000d, 
    -0x0014, +0x0017, -0x0042, -0x0004, -0x0067, -0x000a, +0x0024, +0x0001, 
    -0x0021, +0x0009, -0x0001, -0x0001, +0x0008, +0x000c, -0x0016, +0x0014, 
    -0x0009, +0x0010, +0x0006, -0x0009, -0x0068, +0x0007, -0x002b, +0x0008, 
    +0x0010, +0x0000, -0x0011, +0x000c, -0x001e, -0x0005, -0x000c, +0x0018, 
    +0x000f, +0x0001, -0x0023, +0x0022, +0x0012, -0x0008, +0x0027, -0x001d, 
    -0x0031, +0x0014, +0x0011, -0x0014, -0x000f, -0x000d, -0x001a, +0x0030, 
    -0x0003, -0x0004, +0x0006, +0x0005, -0x0030, -0x001d, -0x0010, +0x0035, 
    -0x000e, -0x000e, -0x000c, +0x0013, -0x0027, +0x0002, -0x001f, +0x0015, 
    -0x0016, +0x001f, -0x0028, +0x000d, -0x001b, +0x0016, -0x000b, -0x001b, 
    -0x0005, +0x000c, -0x000f, -0x0014, -0x0015, +0x0016, +0x0008, -0x000b, 
    -0x0002, +0x0002, -0x0018, +0x0008, +0x0051, +0x0005, -0x0016, -0x000e, 
    -0x001e, -0x000e, +0x001b, -0x0002, -0x0006, +0x000b, -0x0030, +0x0014, 
    -0x0032, -0x0006, -0x0002, +0x0011, -0x004c, +0x0011, -0x001e, +0x0011, 
    -0x0017, +0x001a, -0x002c, +0x0009, -0x0010, +0x0004, +0x0000, -0x0003, 
    +0x0006, +0x0009, +0x001e, -0x0025, -0x000e, +0x001a, +0x0026, -0x002e, 
    -0x0001, -0x0008, +0x0043, -0x001c, -0x0022, -0x0008, -0x000e, +0x0006, 
    -0x000e, +0x0018, -0x0022, +0x0006, -0x0043, -0x000c, +0x001b, -0x000a, 
    +0x000a, +0x0006, -0x0018, +0x0017, -0x0001, -0x0009, -0x0008, +0x000e, 
    +0x0002, +0x001c, +0x0001, -0x000d, -0x002f, +0x0009, +0x0029, -0x0009, 
    +0x0013, -0x0018, +0x0022, +0x0002, -0x0014, -0x0009, +0x000a, -0x0004, 
    -0x000d, +0x001d, -0x0005, -0x000a, -0x0049, +0x0015, -0x0012, -0x000f, 
    -0x000f, +0x000c, -0x001b, +0x001c, -0x0008, -0x0009, +0x0004, +0x0003, 
    +0x000b, -0x0009, +0x000d, +0x0002, +0x001d, +0x000b, +0x000b, -0x0005, 
    -0x0013, -0x000c, +0x0015, +0x000f, -0x0011, +0x0007, +0x0011, -0x0016, 
    -0x0010, +0x0006, -0x000c, +0x0012, -0x0004, +0x0013, -0x004b, +0x001a, 
    -0x001b, -0x001c, -0x000c, +0x0018, -0x001d, -0x001e, +0x0015, +0x000a, 
    +0x0004, -0x0020, +0x000c, +0x0023, +0x0002, +0x0027, -0x002b, -0x0004, 
    +0x0009, -0x0007, -0x0014, +0x000c, +0x0005, +0x000c, +0x0000, +0x0002, 
    +0x0015, -0x0010, +0x0005, +0x0006, +0x0002, -0x0004, -0x0016, +0x0012, 
    -0x002a, +0x001c, -0x0005, -0x0006, -0x0008, -0x000d, +0x000a, -0x0003, 
    -0x0007, -0x002d, +0x0004, +0x0029, -0x0014, +0x0003, +0x0001, -0x0003, 
    -0x0008, +0x000c, -0x0012, +0x000d, +0x0033, +0x0002, +0x0010, -0x001a, 
    +0x002a, +0x0009, +0x0010, -0x001d, -0x0002, -0x0007, +0x0031, -0x0015, 
    -0x000b, +0x0007, +0x0017, -0x0011, -0x0012, +0x0004, -0x0002, +0x0004, 
    -0x0006, +0x001e, +0x0009, -0x0010, -0x003c, +0x0023, +0x001b, -0x002a, 
    +0x0008, -0x0003, -0x0019, +0x0007, +0x002e, -0x0004, +0x0000, +0x0000, 
    -0x000a, -0x0008, -0x0019, +0x0010, -0x000f, +0x0006, -0x000a, +0x000f, 
    -0x0014, -0x0004, +0x001d, -0x0008, -0x0006, -0x000d, +0x0017, +0x0002, 
    +0x000a, +0x002c, -0x0008, -0x0004, -0x0014, +0x0006, +0x0000, +0x0007, 
    -0x000d, +0x000c, -0x0008, +0x0007, +0x0008, +0x0003, -0x000b, +0x000e, 
    +0x000d, +0x000d, -0x0004, -0x0010, -0x0010, -0x000a, +0x0002, +0x000e, 
    -0x0006, -0x0008, +0x0009, +0x0010, -0x000e, -0x000f, +0x0010, +0x000e, 
    -0x0001, +0x002a, -0x000a, -0x000e, -0x0017, -0x0008, +0x000f, +0x000e, 
    +0x0010, -0x000c, +0x0004, +0x0007, +0x0032, -0x0004, -0x0003, -0x0001, 
    -0x003d, +0x0003, +0x0016, +0x0004, -0x002e, +0x000d, +0x0007, -0x0003, 
    -0x0004, +0x0015, +0x0002, -0x0019, +0x0003, -0x000c, -0x0009, +0x0012, 
    -0x0007, -0x0001, -0x0009, +0x0003, -0x0023, -0x0005, +0x0025, +0x0008, 
    -0x000a, -0x0002, -0x0020, +0x0017, +0x000d, +0x0018, -0x0015, -0x000c, 
    -0x0003, +0x0001, +0x0028, -0x0003, -0x0012, -0x0001, -0x0007, +0x0008, 
    +0x0000, -0x0006, +0x000b, +0x0006, +0x0008, +0x0000, -0x0001, -0x0005, 
    +0x0001, -0x000d, -0x0010, +0x0019, -0x0002, +0x0000, +0x002c, -0x000f, 
    +0x0000, +0x000f, -0x0004, +0x0002, +0x0013, +0x0008, -0x0039, +0x0009, 
    -0x0022, +0x0007, +0x0005, -0x0002, -0x0019, +0x001c, -0x001a, +0x0000, 
    -0x0002, -0x0008, -0x0010, +0x0000, -0x0001, -0x000c, +0x0004, -0x0007, 
    +0x0001, +0x0015, -0x0015, +0x0004, -0x0036, -0x0013, +0x0018, -0x000d, 
    -0x0005, -0x000d, +0x0022, -0x000c, -0x0001, -0x0004, -0x000b, -0x0004, 
    -0x0044, +0x000e, -0x0045, +0x0020, -0x0016, +0x0005, +0x0014, -0x0001, 
    +0x000c, -0x0007, -0x0001, +0x0001, +0x0006, -0x0001, +0x0011, +0x0006, 
    +0x0002, +0x0005, +0x0010, -0x0006, -0x003a, -0x001d, +0x0018, +0x000f, 
    +0x0041, +0x002f, -0x0012, -0x0031, -0x0011, +0x000a, -0x0010, +0x0000, 
    -0x0025, +0x0005, +0x000c, -0x000b, +0x000e, +0x000a, -0x000f, -0x0004, 
    +0x0023, -0x0014, -0x001b, -0x0001, +0x000e, -0x000b, +0x001a, +0x0001, 
    -0x0015, +0x0005, +0x0024, -0x000d, -0x0069, +0x000f, -0x001e, +0x0019, 
    +0x0018, +0x000c, -0x000b, -0x0013, +0x0021, -0x001a, +0x0007, -0x0009, 
    +0x000f, +0x001e, -0x000f, -0x0018, +0x000c, -0x0002, -0x001e, +0x000f, 
    -0x0038, +0x0011, +0x0003, +0x0009, -0x0014, +0x0001, +0x0016, -0x000c, 
    -0x0029, +0x0015, +0x0005, +0x0000, +0x0002, +0x0016, -0x0004, -0x0020, 
    +0x0005, -0x0009, -0x001f, +0x0016, -0x0002, -0x0010, +0x0014, +0x0004, 
    -0x0019, +0x0007, -0x0040, +0x001a, -0x0025, -0x000a, -0x000d, +0x0024, 
    +0x0025, -0x001b, +0x0004, -0x0021, +0x0001, +0x0019, +0x0005, -0x0020, 
    -0x0013, -0x0012, +0x000b, +0x000b, +0x0024, -0x0021, +0x0018, +0x0007, 
    -0x0008, -0x0007, -0x0017, +0x000d, -0x0012, +0x0017, -0x0017, +0x0003, 
    +0x002f, +0x0027, -0x001c, -0x0013, -0x0005, -0x002a, +0x0035, +0x0008, 
    -0x0007, -0x000a, +0x0011, -0x0014, -0x0017, -0x0019, +0x0015, +0x0020, 
    -0x000e, -0x0005, +0x001a, -0x000d, -0x0016, -0x0046, +0x004e, +0x0015, 
    -0x000b, -0x0003, +0x000d, -0x0005, -0x0006, +0x0001, +0x0009, -0x0007, 
    -0x002b, +0x0004, +0x0013, +0x000d, -0x002b, +0x0008, +0x0010, -0x0010, 
    -0x0024, +0x0014, +0x0008, -0x0001, +0x000d, +0x0013, +0x0007, -0x0018, 
    +0x000d, -0x0002, -0x0007, -0x0011, -0x0037, +0x0016, -0x000b, +0x000c, 
    -0x0003, -0x0009, -0x000d, +0x0013, -0x003b, +0x000d, +0x000f, +0x0010, 
    -0x0009, +0x0022, -0x0033, +0x0007, -0x005d, +0x0007, +0x000b, +0x0007, 
    -0x0019, +0x000b, +0x0003, +0x000b, +0x0008, -0x0005, -0x0003, +0x0007, 
    +0x0003, +0x000c, +0x0004, -0x0008, -0x007e, -0x0005, -0x0012, +0x002c, 
    -0x0017, -0x000b, -0x0013, +0x000b, -0x002d, -0x0007, -0x0008, +0x001b, 
    +0x0022, -0x0012, -0x0026, +0x001c, -0x0001, -0x0017, +0x001c, +0x0001, 
    -0x0013, +0x001f, +0x0009, +0x0000, -0x0018, -0x000b, -0x0005, +0x0010, 
    -0x000e, -0x0006, +0x000b, +0x0001, -0x0033, -0x0008, -0x0011, +0x002b, 
    -0x0017, -0x0007, -0x000e, +0x0011, -0x001a, +0x0015, -0x001c, +0x0009, 
    -0x000f, +0x0009, -0x002d, +0x0013, -0x0022, +0x0019, -0x0012, -0x000f, 
    +0x000a, +0x0007, +0x0015, -0x000e, -0x0014, +0x001a, +0x0017, -0x002d, 
    -0x0006, -0x0008, +0x0003, +0x0004, +0x005b, +0x000e, -0x000d, -0x0010, 
    -0x001d, -0x0011, +0x000a, +0x000b, -0x0028, +0x0015, -0x001b, +0x0013, 
    -0x0013, +0x0003, -0x0020, +0x000a, -0x0040, +0x0016, -0x0010, +0x000f, 
    +0x000a, +0x001f, -0x0016, -0x0001, -0x001b, +0x0001, +0x0024, -0x0009, 
    +0x0006, +0x000e, +0x001a, -0x0032, -0x0006, +0x0002, +0x000d, -0x001a, 
    -0x0009, -0x0004, +0x0015, -0x0012, +0x0002, +0x0000, +0x0007, -0x0003, 
    -0x0017, +0x001b, -0x0025, -0x0008, -0x0030, +0x0010, +0x0000, -0x0006, 
    -0x000a, +0x000f, -0x0020, +0x0013, +0x0003, -0x0014, +0x0002, +0x0007, 
    -0x000e, +0x0045, -0x001b, -0x0028, -0x0020, +0x0009, -0x0010, -0x000e, 
    -0x0001, -0x0014, +0x001c, +0x000c, -0x001c, +0x0009, +0x0014, +0x0000, 
    +0x0007, +0x000d, -0x0010, -0x0014, -0x0026, +0x002b, -0x0018, -0x0010, 
    -0x0006, +0x000c, -0x0007, +0x000c, -0x0020, +0x0004, -0x0004, +0x0000, 
    +0x0004, +0x0023, -0x0022, -0x0014, +0x0024, -0x0007, +0x0016, -0x0018, 
    -0x0002, -0x0020, +0x0016, +0x0011, -0x0024, +0x0008, +0x0013, -0x0018, 
    +0x001f, +0x0003, -0x0016, +0x000b, +0x000d, +0x000f, -0x0022, -0x0007, 
    -0x0012, +0x000a, -0x0005, +0x000c, -0x0019, -0x001c, +0x0017, +0x000c, 
    -0x0010, -0x0025, +0x001e, +0x0008, +0x0008, +0x0020, -0x003b, +0x0015, 
    -0x0006, -0x000c, -0x0008, +0x0002, +0x0009, -0x0002, -0x0003, +0x000a, 
    +0x0021, -0x000d, -0x0005, -0x0001, -0x0015, -0x0001, +0x0002, -0x0002, 
    -0x0009, +0x000b, -0x0002, -0x0011, +0x0001, -0x0017, +0x001b, -0x0003, 
    -0x000f, -0x000e, +0x003b, -0x0022, -0x0009, -0x0002, +0x0017, -0x0004, 
    +0x0000, +0x0011, -0x001b, -0x0001, +0x0016, +0x0009, -0x0002, -0x000a, 
    +0x0036, -0x0001, -0x0030, +0x000d, -0x0016, +0x0011, +0x0012, -0x0016, 
    +0x001b, -0x0006, +0x0000, +0x0001, +0x0005, -0x000e, -0x0003, +0x0012, 
    -0x0005, +0x001d, -0x0024, -0x000e, -0x0035, +0x0002, +0x0019, -0x001c, 
    -0x0005, +0x0006, -0x0016, -0x0004, +0x0021, +0x0016, -0x0003, -0x0011, 
    -0x0017, +0x0022, -0x0019, -0x0004, -0x0002, -0x0011, -0x0007, +0x0010, 
    -0x0021, -0x000f, +0x0011, +0x0003, -0x0004, -0x0006, +0x002b, -0x001d, 
    -0x000f, +0x0013, -0x0022, +0x000b, +0x0012, +0x000c, -0x0006, -0x000b, 
    +0x0008, +0x0011, -0x001a, -0x0004, +0x002c, +0x0002, -0x0015, -0x0003, 
    +0x001b, +0x000f, +0x0008, -0x0011, -0x001a, +0x0007, +0x0003, -0x0006, 
    +0x0004, -0x000a, +0x0000, +0x000f, +0x0001, -0x0010, +0x0018, +0x0010, 
    -0x000a, +0x0007, +0x0031, -0x002f, +0x0002, +0x000a, +0x0014, -0x002a, 
    +0x000e, +0x0000, +0x0002, +0x0001, +0x0024, +0x000f, -0x000f, +0x0004, 
    -0x0011, +0x0010, -0x000f, +0x0001, -0x0033, +0x000d, -0x0001, -0x0005, 
    -0x001d, +0x0002, -0x0001, +0x000a, +0x0002, -0x002a, +0x0008, +0x0023, 
    -0x0003, -0x0019, +0x0012, -0x000d, -0x0015, +0x0024, +0x0007, -0x002f, 
    +0x0002, -0x0009, -0x0003, +0x0004, +0x000c, +0x0013, -0x0028, +0x0009, 
    -0x0020, +0x0007, +0x000e, +0x0000, -0x001b, -0x0003, -0x0007, +0x0003, 
    +0x000b, -0x0005, -0x0005, +0x000c, +0x0003, +0x0028, +0x0002, -0x002d, 
    -0x0004, -0x0006, -0x000d, +0x0013, +0x000a, +0x0012, +0x001f, -0x0016, 
    +0x0004, +0x0007, +0x0000, -0x0007, +0x001b, +0x0020, -0x0008, -0x000e, 
    +0x0003, -0x0003, +0x0003, -0x0003, -0x0011, +0x000f, -0x0030, +0x001f, 
    +0x0018, -0x000d, -0x0005, +0x0005, -0x0007, +0x0009, -0x0003, +0x000d, 
    -0x000f, +0x000e, -0x0012, +0x0018, -0x002b, -0x0027, +0x002c, +0x000a, 
    +0x0012, -0x0001, -0x000f, -0x0014, -0x000b, +0x0006, -0x0009, +0x0008, 
    -0x0017, +0x001b, -0x000d, +0x0006, -0x001a, -0x0009, +0x0012, -0x000a, 
    +0x000a, +0x0005, -0x0003, -0x0013, +0x0014, -0x000e, +0x000f, -0x0007, 
    +0x0017, -0x0005, -0x0014, +0x0002, -0x0021, -0x0018, +0x0024, +0x0001, 
    +0x005b, +0x000f, -0x0008, -0x0037, +0x0020, -0x0011, +0x0004, -0x0005, 
    +0x000e, -0x0003, +0x0006, +0x0009, +0x0013, +0x0007, -0x0001, +0x0005, 
    -0x0001, -0x0011, -0x0020, +0x002b, +0x000d, -0x0005, -0x0011, -0x0005, 
    -0x004a, -0x0019, +0x0039, +0x0010, -0x0029, +0x0041, -0x002e, +0x000a, 
    +0x0017, +0x0012, -0x0015, -0x0015, +0x0044, -0x001b, -0x0005, -0x0040, 
    +0x0001, +0x0007, +0x001d, -0x001d, -0x0036, +0x000b, -0x000d, +0x000c, 
    -0x000f, -0x0003, -0x0001, +0x0006, -0x0013, +0x0014, -0x0005, -0x0001, 
    -0x005b, +0x0003, +0x0009, +0x0010, -0x0015, +0x0012, +0x0015, -0x0025, 
    +0x0021, +0x0005, -0x000e, +0x0009, +0x0017, -0x0017, +0x000c, -0x0013, 
    -0x0031, -0x0001, -0x0015, +0x001c, -0x003f, -0x0003, +0x000d, +0x001d, 
    +0x0033, -0x0025, -0x0007, +0x0000, -0x0012, +0x001b, +0x001b, -0x0014, 
    -0x0030, +0x0003, +0x0000, +0x000d, +0x0023, -0x0001, +0x000a, -0x0022, 
    +0x001a, -0x000c, -0x001d, +0x0009, +0x002d, +0x000d, -0x0009, -0x0014, 
    -0x0001, +0x0031, -0x002b, -0x0023, -0x0048, -0x0018, +0x002b, +0x001a, 
    +0x0016, +0x0009, +0x0020, -0x0035, -0x0002, +0x0018, -0x000d, +0x0009, 
    -0x0042, -0x0001, +0x0023, +0x0004, -0x0037, -0x003c, +0x003b, +0x001e, 
    +0x0019, -0x0015, -0x000a, -0x0006, +0x0020, +0x0000, -0x000a, -0x000f, 
    -0x002b, +0x000a, -0x0007, +0x0005, -0x0030, +0x0026, -0x0006, -0x000b, 
    -0x0064, +0x001e, +0x001c, -0x0015, +0x000e, +0x0033, -0x0019, -0x0028, 
    -0x0022, +0x0009, +0x0005, -0x0003, -0x0048, +0x0013, +0x001a, -0x0001, 
    +0x0018, -0x0011, -0x000c, +0x0007, +0x0021, +0x000f, -0x000d, -0x000f, 
    -0x0039, +0x0031, -0x0054, +0x0011, -0x0056, -0x0008, +0x001e, +0x0000, 
    -0x005b, -0x0001, +0x001e, -0x0005, +0x0008, +0x000a, -0x002b, +0x0008, 
    +0x001c, +0x0018, -0x001e, +0x000c, -0x0060, -0x000a, -0x003a, +0x0032, 
    +0x000d, -0x001b, -0x0012, +0x000b, +0x0017, -0x0018, -0x0006, +0x0002, 
    -0x0001, +0x000a, -0x002c, +0x0010, +0x0006, -0x0024, +0x002e, +0x0006, 
    -0x0054, +0x0010, +0x0019, +0x0008, +0x0016, -0x0008, -0x000b, +0x0004, 
    +0x000b, +0x001b, -0x0033, +0x000a, -0x004d, -0x001b, -0x003b, +0x003d, 
    +0x0010, -0x0021, -0x0012, +0x000f, +0x000f, -0x0006, -0x0008, +0x0010, 
    -0x001c, +0x0004, -0x0027, +0x002f, -0x001c, +0x0024, -0x001f, -0x0009, 
    -0x0062, +0x0000, +0x0007, +0x0012, -0x000d, +0x0016, -0x0003, -0x0016, 
    +0x0001, +0x0013, +0x000c, -0x000b, +0x0055, +0x0014, -0x0015, -0x0032, 
    +0x000b, -0x0017, -0x0001, +0x0001, +0x0004, -0x0009, -0x0011, +0x0007, 
    +0x0000, +0x0004, -0x0037, +0x0023, -0x003e, +0x0018, -0x0017, -0x0014, 
    -0x0048, +0x001d, -0x0011, -0x0005, -0x0007, -0x0012, -0x0003, +0x0018, 
    +0x0000, +0x001e, -0x0017, -0x000c, -0x0003, +0x000d, -0x000c, -0x0004, 
    +0x000f, -0x000b, +0x0013, +0x0002, +0x0010, -0x000f, +0x0012, -0x000f, 
    -0x0033, +0x0020, -0x0045, +0x000a, -0x0037, +0x0001, +0x0001, +0x0014, 
    -0x003b, +0x0028, -0x003d, +0x0009, +0x0011, -0x000f, -0x0029, +0x0027, 
    +0x0008, +0x001f, -0x001a, -0x0001, -0x0027, +0x0008, -0x0010, +0x0013, 
    +0x0002, -0x0009, +0x0018, +0x0006, -0x0004, -0x0005, +0x001e, -0x000f, 
    -0x0019, +0x0008, -0x001c, +0x001e, -0x003e, +0x0020, -0x0012, -0x000c, 
    -0x004e, +0x000e, +0x0005, +0x0017, -0x0014, +0x0018, -0x0021, -0x0008, 
    +0x0012, +0x0017, -0x0019, -0x000b, +0x0003, +0x0002, +0x0035, -0x0018, 
    +0x0014, -0x0006, -0x0004, +0x0000, +0x0004, -0x0006, -0x0008, -0x000f, 
    -0x000f, -0x0006, +0x0004, +0x0012, +0x000c, +0x0021, -0x0014, -0x0012, 
    -0x002b, +0x0000, +0x002f, -0x000a, -0x0002, -0x0009, +0x000c, +0x0000, 
    +0x0007, -0x0009, -0x0006, +0x000c, -0x001d, +0x0030, -0x0024, -0x000b, 
    +0x0000, +0x000a, +0x0009, -0x0007, +0x000f, -0x0003, +0x000b, +0x0000, 
    +0x0035, -0x0012, +0x0016, +0x0000, +0x0019, -0x000a, +0x0006, -0x0004, 
    -0x0016, +0x000e, +0x000e, -0x0014, -0x000b, -0x001a, +0x0020, -0x0002, 
    -0x0023, -0x0016, +0x0013, +0x000e, +0x0001, -0x0014, +0x0020, -0x0016, 
    +0x0006, +0x000a, -0x000f, -0x000b, -0x0006, -0x0001, +0x0004, +0x0010, 
    +0x0020, +0x0004, -0x000d, +0x0002, +0x0010, +0x000b, +0x001d, -0x0014, 
    +0x001a, +0x0007, -0x000d, -0x0006, -0x000b, -0x0022, +0x0026, +0x0008, 
    -0x0006, +0x0017, -0x001b, +0x0002, -0x002e, +0x0024, +0x0009, -0x002b, 
    -0x0007, -0x0001, -0x000e, +0x0005, +0x0004, -0x0003, +0x0001, -0x0015, 
    -0x0009, +0x0016, +0x001c, -0x0022, +0x0023, -0x0016, -0x000a, +0x0018, 
    -0x0026, +0x0007, +0x0010, -0x000f, -0x000c, -0x000f, +0x0020, -0x001b, 
    -0x0015, +0x0003, +0x0015, -0x000d, -0x0010, +0x0003, +0x0014, -0x0004, 
    +0x000e, +0x0008, -0x0004, -0x0001, +0x0006, +0x0010, -0x0008, -0x0003, 
    +0x000e, -0x000f, +0x0031, -0x000c, -0x0011, +0x000a, +0x0000, +0x0005, 
    -0x0027, +0x0002, -0x0004, +0x0006, -0x0003, +0x000a, -0x000b, -0x0001, 
    +0x0006, -0x0018, +0x001f, -0x000e, -0x000e, -0x0021, +0x0042, -0x002f, 
    +0x0002, -0x0003, +0x0007, -0x000a, -0x0012, +0x0012, -0x000c, +0x000d, 
    -0x0025, -0x0005, +0x001d, -0x0004, -0x0036, +0x000e, -0x0004, -0x0007, 
    -0x003c, +0x0011, -0x0029, +0x0009, +0x001b, -0x000c, +0x0007, +0x0005, 
    +0x0006, -0x0015, +0x0018, -0x0008, -0x000e, +0x0030, -0x001a, -0x0009, 
    +0x000c, -0x000b, +0x000e, -0x0002, -0x000d, +0x0007, -0x0009, +0x0008, 
    +0x0001, +0x0001, +0x000d, -0x0018, -0x003c, +0x0020, -0x0006, -0x000c, 
    -0x0034, +0x0005, -0x0009, +0x0013, +0x0010, +0x000c, +0x0006, -0x0012, 
    -0x0001, -0x0017, +0x0022, -0x0005, +0x0004, -0x001a, +0x0020, +0x0023, 
    +0x0006, -0x0008, +0x000f, -0x000e, +0x0018, +0x0015, +0x0001, -0x001b, 
    +0x0000, -0x0007, +0x000b, -0x0007, -0x0033, -0x000c, -0x0001, +0x0023, 
    -0x0023, +0x0000, -0x0007, -0x0001, -0x0001, -0x000f, -0x0009, -0x000a, 
    -0x000c, +0x000d, -0x000c, +0x0010, -0x000e, +0x0016, -0x0016, +0x0003, 
    +0x002c, -0x0003, -0x0001, -0x0013, +0x0004, -0x000d, -0x0001, -0x0005, 
    -0x005c, +0x0017, -0x001f, +0x0015, -0x000e, -0x0006, +0x0018, -0x000a, 
    +0x0020, -0x0005, +0x0002, -0x0002, +0x000e, -0x000a, +0x0002, -0x000f, 
    -0x001f, -0x001c, +0x0021, -0x0003, -0x003d, -0x001e, +0x002e, +0x0015, 
    +0x003f, -0x000a, -0x0001, -0x0024, +0x0028, -0x000a, +0x000a, -0x000f, 
    -0x0010, +0x0003, +0x000c, -0x0004, +0x0016, -0x0006, +0x0003, +0x0004, 
    +0x0006, -0x000a, +0x000f, -0x0006, -0x000a, -0x0002, -0x0017, +0x0013
};
#ifdef __cplusplus
}  // extern "C"
#endif

#ifdef __cplusplus
extern "C" {
#endif
static const int64_t __attribute__((section(".rodata.tvm"), aligned(16))) constant_4[8] = {
    +0x0000000000000028LL, +0x0000000000000028LL, +0x0000000000000028LL, +0x0000000000000028LL, +0x0000000000000028LL, +0x0000000000000028LL, +0x0000000000000028LL, +0x0000000000000028LL
};
#ifdef __cplusplus
}  // extern "C"
#endif

#ifdef __cplusplus
extern "C" {
#endif
static const int64_t __attribute__((section(".rodata.tvm"), aligned(16))) constant_3[8] = {
    +0x0000008000000000LL, +0x0000008000000000LL, +0x0000008000000000LL, +0x0000008000000000LL, +0x0000008000000000LL, +0x0000008000000000LL, +0x0000008000000000LL, +0x0000008000000000LL
};
#ifdef __cplusplus
}  // extern "C"
#endif

#ifdef __cplusplus
extern "C" {
#endif
static const int64_t __attribute__((section(".rodata.tvm"), aligned(16))) constant_2[8] = {
    +0x0000000050a3b27dLL, +0x000000004236b897LL, +0x0000000041adb5deLL, +0x0000000057673603LL, +0x000000004c953c1eLL, +0x0000000045c749e5LL, +0x000000005f230ac1LL, +0x0000000065460a1cLL
};
#ifdef __cplusplus
}  // extern "C"
#endif

#ifdef __cplusplus
extern "C" {
#endif
static const int32_t __attribute__((section(".rodata.tvm"), aligned(16))) constant_1[8] = {
    -0x00000fa0, -0x0000042c, -0x0000000b, -0x000000ed, -0x00000333, +0x00001167, -0x00000504, -0x00000d2e
};
#ifdef __cplusplus
}  // extern "C"
#endif

#ifdef __cplusplus
extern "C" {
#endif
static const int16_t __attribute__((section(".rodata.tvm"), aligned(16))) constant_0[1280] = {
    -0x0006, -0x0046, -0x003c, -0x003e, -0x0019, -0x0010, +0x000a, -0x002c, 
    -0x001d, -0x0028, +0x0015, +0x0049, +0x0007, +0x0009, +0x0008, -0x0022, 
    +0x0027, -0x0026, -0x0031, +0x003b, -0x0007, +0x0004, +0x0027, +0x0023, 
    -0x0029, -0x000a, -0x006f, +0x0037, -0x001e, -0x0001, -0x0003, +0x000d, 
    +0x0015, -0x0029, -0x001a, -0x0003, -0x0001, -0x000d, +0x0008, +0x0000, 
    -0x000d, -0x000a, -0x0055, -0x001b, +0x0003, +0x0013, -0x0018, +0x001f, 
    +0x0011, -0x0028, -0x0039, -0x007c, -0x0005, +0x001b, +0x0011, +0x0022, 
    -0x001b, -0x0002, +0x003d, -0x001f, -0x0015, -0x001e, -0x0011, +0x003a, 
    -0x001f, +0x0015, -0x0037, -0x002b, -0x000a, -0x0055, -0x0013, -0x0024, 
    -0x000f, +0x000e, +0x0018, +0x007f, -0x0019, -0x0049, +0x0006, -0x0028, 
    +0x0021, -0x0045, +0x001b, +0x004e, -0x0004, +0x001b, +0x0019, +0x0018, 
    -0x0013, -0x000e, +0x0057, +0x001e, +0x0008, -0x000a, +0x0000, +0x0013, 
    +0x0008, -0x0012, -0x0003, -0x0064, -0x0006, -0x000e, +0x0003, +0x0004, 
    -0x0007, -0x0027, -0x0035, -0x003e, -0x000d, -0x0010, -0x0038, +0x0035, 
    +0x000b, -0x000d, -0x0004, -0x0027, +0x001b, +0x001a, +0x0010, +0x0020, 
    -0x0005, -0x0015, +0x001a, -0x0042, -0x0008, -0x0048, -0x0002, +0x0031, 
    -0x0028, +0x0052, -0x0011, -0x0032, +0x0009, +0x0005, -0x0022, -0x0025, 
    -0x0005, +0x0030, +0x0023, +0x0049, -0x000f, -0x0004, +0x0023, -0x0044, 
    +0x0013, -0x0001, +0x000e, -0x0015, -0x000d, -0x0004, +0x0022, +0x0008, 
    -0x0018, -0x001c, +0x0008, -0x000e, +0x0004, -0x0043, +0x0001, -0x0015, 
    +0x0018, -0x002e, +0x0033, -0x002b, +0x001b, +0x0038, -0x0007, +0x0016, 
    -0x0009, +0x0001, +0x0006, -0x002d, -0x0012, +0x0004, -0x0011, +0x0025, 
    +0x0017, -0x0034, -0x0009, +0x0009, -0x0009, +0x001e, -0x0003, +0x0023, 
    +0x0004, -0x001b, -0x000b, -0x002d, +0x001a, +0x0000, -0x0001, +0x0022, 
    -0x0028, +0x007f, -0x0010, -0x0008, -0x0011, +0x001d, +0x0009, -0x002a, 
    +0x001b, +0x004f, -0x006e, +0x0028, +0x0010, +0x0028, +0x0019, -0x003a, 
    -0x000e, +0x0032, -0x0023, -0x0071, -0x0003, +0x0004, -0x000a, -0x0015, 
    +0x0018, -0x000b, -0x0003, -0x001d, -0x0013, -0x0068, -0x0010, -0x001e, 
    +0x0015, -0x0049, +0x0001, -0x0026, +0x000e, +0x003a, -0x0013, -0x0012, 
    -0x0009, -0x0026, -0x0002, -0x0036, -0x000f, -0x000f, -0x0022, +0x001e, 
    +0x000b, -0x0051, -0x005b, +0x000c, -0x0015, -0x0004, -0x001a, +0x0026, 
    +0x0021, -0x004f, -0x002f, -0x002b, -0x0001, +0x0006, -0x0002, +0x0039, 
    -0x001e, +0x006e, -0x0002, -0x0027, +0x000b, -0x002c, +0x000c, -0x001b, 
    +0x0022, +0x0069, -0x0061, +0x0032, +0x0006, -0x002b, +0x0006, -0x0020, 
    -0x0008, +0x0020, +0x002c, +0x0002, -0x0019, -0x001d, -0x0029, -0x0014, 
    +0x002f, +0x000e, +0x000a, +0x0013, +0x0002, +0x0014, -0x002b, -0x0023, 
    +0x0015, +0x0002, +0x0056, -0x0014, +0x0004, -0x000f, -0x0012, -0x000e, 
    -0x000b, -0x0021, +0x000a, -0x002e, -0x0006, -0x0019, -0x0028, -0x0005, 
    -0x0001, -0x004c, +0x001e, +0x0010, -0x0006, -0x0002, -0x0007, +0x0020, 
    +0x0013, -0x0065, +0x0020, +0x000f, -0x0009, +0x0008, +0x0003, +0x0034, 
    +0x0003, +0x0059, -0x0036, -0x001a, +0x0002, -0x0012, +0x0004, -0x0014, 
    +0x001f, +0x002f, +0x000a, +0x0019, +0x000e, -0x0003, +0x001c, -0x0017, 
    -0x000a, +0x004f, -0x0031, -0x0008, +0x0014, -0x000b, -0x0029, -0x0013, 
    +0x0039, +0x0025, +0x0064, +0x0010, +0x0012, +0x002b, -0x000c, -0x0010, 
    +0x0005, -0x002b, +0x0026, -0x003c, -0x0025, +0x0027, +0x0002, -0x0017, 
    -0x000f, -0x0040, -0x001b, -0x0006, -0x0011, -0x0014, -0x0042, +0x0001, 
    -0x0018, -0x0039, -0x0019, -0x002f, -0x0028, -0x000c, -0x0018, +0x0003, 
    +0x000e, -0x0059, -0x0046, +0x0003, -0x001d, +0x0017, -0x0009, +0x0025, 
    +0x0018, +0x002f, -0x0037, -0x0061, -0x002c, -0x0035, -0x0008, -0x0002, 
    +0x0009, +0x0051, -0x0032, -0x000c, +0x000a, -0x0033, +0x0007, -0x000d, 
    +0x000e, +0x0038, -0x0017, -0x0032, -0x0005, -0x0005, -0x002e, -0x0006, 
    +0x0030, +0x0034, -0x0037, +0x0013, +0x0007, -0x005e, -0x0017, -0x0008, 
    -0x001d, +0x0028, +0x000e, -0x001d, -0x000d, -0x0026, -0x0020, -0x0017, 
    -0x001e, -0x0033, +0x001a, -0x0009, -0x002e, -0x000c, -0x0017, -0x0001, 
    -0x001b, -0x0047, -0x0003, -0x001b, -0x002d, +0x000b, -0x0009, +0x0014, 
    -0x000a, -0x0045, -0x0006, +0x001b, +0x0000, -0x0034, -0x0028, +0x0016, 
    +0x003f, -0x0030, +0x0037, +0x0024, -0x0038, +0x0013, +0x002b, +0x0006, 
    +0x004a, +0x0035, -0x0047, -0x000d, -0x0028, +0x0056, -0x0005, -0x0006, 
    +0x0022, +0x0039, -0x005b, +0x000f, -0x002a, +0x0008, -0x000e, -0x0001, 
    +0x001b, +0x0017, -0x0012, -0x000d, -0x003b, +0x003a, -0x000e, -0x002b, 
    -0x003a, +0x002a, -0x0024, -0x001e, -0x003b, -0x003a, -0x0019, -0x0019, 
    -0x001a, +0x0000, -0x001e, +0x0008, -0x0025, -0x0061, -0x0010, -0x0006, 
    -0x0023, +0x0008, -0x0032, -0x0023, -0x0035, +0x0010, -0x0005, +0x0006, 
    -0x0023, -0x001d, +0x0015, -0x0007, -0x002c, -0x000b, -0x0058, +0x0024, 
    +0x0050, -0x0017, -0x0021, -0x001d, -0x0059, -0x000b, +0x0052, +0x000c, 
    +0x007f, -0x0032, -0x0047, -0x0013, -0x004e, -0x000d, +0x0027, -0x0010, 
    +0x0012, -0x0003, -0x0022, -0x000f, -0x0054, +0x000f, +0x0024, +0x0007, 
    -0x000f, +0x002b, -0x0009, -0x0015, -0x0005, +0x0053, +0x002e, -0x0035, 
    -0x0039, +0x0022, -0x0028, -0x001c, +0x000e, +0x0032, -0x0009, -0x0016, 
    -0x0004, +0x0004, +0x0009, -0x001c, +0x0039, -0x0008, +0x0034, -0x0005, 
    -0x0030, +0x003e, +0x0005, -0x0009, +0x003e, -0x0027, -0x002e, -0x0016, 
    -0x0011, +0x0027, +0x0010, +0x0002, +0x0024, -0x000c, -0x0067, -0x0002, 
    +0x0057, -0x003e, -0x000e, -0x0009, -0x001c, -0x001f, +0x0042, +0x0023, 
    +0x0073, -0x0029, -0x0050, +0x002b, -0x005c, -0x003d, +0x0040, -0x0025, 
    +0x0013, -0x001a, +0x0012, -0x0025, -0x000b, +0x0023, +0x000c, +0x0007, 
    -0x000a, +0x0010, +0x005a, +0x001a, +0x0024, -0x0057, +0x004a, -0x0032, 
    -0x001c, +0x0013, +0x0013, +0x0005, +0x006f, +0x000e, -0x0003, -0x0002, 
    -0x001c, +0x0015, +0x0031, +0x001b, +0x002e, -0x0056, +0x001e, -0x001d, 
    -0x002d, +0x0034, +0x0016, -0x002a, +0x0038, -0x0041, -0x0052, +0x0008, 
    +0x0016, +0x0038, +0x0003, -0x0010, +0x0046, -0x0029, -0x007f, -0x0021, 
    +0x0050, -0x0031, +0x0021, +0x0008, +0x003c, -0x0004, +0x0039, -0x0007, 
    +0x0043, -0x0023, -0x0066, +0x0014, -0x0031, -0x0014, +0x003c, -0x004a, 
    +0x000b, -0x0029, -0x0017, -0x0009, +0x0028, +0x001c, +0x0046, +0x0009, 
    +0x0006, +0x0015, +0x001b, -0x0001, +0x0013, -0x000f, +0x0047, -0x0033, 
    +0x0005, +0x0005, -0x0010, +0x002a, +0x007f, +0x0062, +0x0001, -0x0004, 
    -0x0024, +0x0014, -0x000a, +0x0011, +0x001b, +0x001b, +0x0038, -0x0018, 
    -0x000f, +0x0014, -0x003e, +0x000e, +0x003f, -0x0019, -0x001c, +0x0004, 
    +0x0008, +0x0046, +0x0010, +0x000d, +0x0049, -0x0015, -0x0029, -0x0020, 
    +0x000b, +0x0012, -0x0040, -0x0012, +0x004b, +0x0007, -0x0020, -0x0014, 
    +0x0009, +0x000b, +0x0014, -0x0009, +0x0012, -0x0007, -0x0058, -0x0008, 
    -0x0014, -0x0072, -0x0016, -0x0011, +0x001f, +0x0023, -0x0009, +0x0004, 
    +0x0019, +0x001d, +0x0001, +0x000d, +0x0022, -0x0032, -0x0049, -0x0006, 
    +0x0005, -0x0058, -0x0048, +0x001a, +0x0027, -0x000e, -0x001e, +0x0010, 
    -0x000f, -0x0002, -0x0006, +0x0001, -0x002a, -0x003a, -0x0074, -0x000b, 
    -0x0009, -0x000b, +0x000b, -0x003b, +0x0009, +0x0024, -0x0029, -0x0004, 
    -0x0019, +0x000e, +0x000c, -0x000d, +0x0012, +0x001f, -0x0069, -0x003d, 
    -0x0011, -0x0009, +0x003a, -0x0023, +0x005a, +0x0009, -0x0039, +0x0002, 
    -0x002f, +0x001c, +0x0019, -0x0026, +0x002a, -0x0003, -0x004d, +0x001d, 
    -0x0017, -0x0001, -0x0037, -0x0029, +0x0032, +0x002f, -0x001c, +0x0025, 
    -0x0011, -0x0002, -0x0051, +0x0020, +0x002f, -0x001a, -0x002a, +0x0010, 
    -0x000d, -0x001e, -0x0052, +0x0021, -0x000f, -0x000f, -0x0013, +0x002e, 
    -0x0018, -0x0005, +0x0017, +0x003d, -0x0011, -0x002d, -0x0047, -0x003e, 
    -0x0002, -0x000f, +0x000f, -0x0029, -0x0024, +0x0025, -0x000e, +0x0021, 
    -0x002a, +0x002a, -0x0034, +0x0007, -0x001a, +0x0005, -0x0038, -0x0023, 
    -0x0014, -0x0019, +0x0035, -0x0011, +0x0042, -0x0017, -0x0023, +0x0020, 
    -0x001d, -0x0008, -0x0022, +0x000c, +0x0057, -0x0035, -0x0020, +0x000c, 
    -0x0010, +0x0015, +0x001c, -0x0015, +0x0003, +0x0022, +0x0014, +0x0036, 
    -0x0015, -0x0006, +0x003b, -0x0017, -0x0012, +0x0029, -0x001b, -0x000b, 
    -0x0003, -0x002e, -0x0015, -0x002b, -0x005e, +0x001e, +0x0006, +0x0010, 
    -0x0017, +0x001a, -0x0004, +0x002a, -0x0020, -0x0011, -0x0023, -0x0021, 
    +0x0007, -0x0017, +0x0008, -0x0008, -0x0013, -0x0045, -0x001b, -0x002d, 
    -0x0015, +0x002c, -0x0049, +0x000b, -0x0027, -0x004d, -0x0029, -0x001b, 
    +0x0006, -0x002c, +0x0043, -0x000f, +0x001b, +0x0038, -0x0012, +0x002e, 
    -0x0010, +0x000c, +0x0024, +0x0008, +0x0025, -0x0020, +0x0017, +0x0003, 
    -0x0019, +0x0024, -0x002e, -0x0004, -0x001d, -0x0047, +0x0015, +0x002e, 
    -0x0012, -0x0026, -0x0013, -0x0018, -0x0013, -0x005d, +0x0005, -0x001c, 
    -0x0005, -0x003d, -0x0025, -0x000e, -0x0046, +0x0010, -0x0004, -0x0017, 
    -0x000a, +0x0027, +0x000d, +0x001e, -0x0004, -0x004c, -0x001f, -0x001f, 
    +0x0004, -0x002f, +0x0018, -0x0072, -0x0013, +0x0023, -0x001d, -0x0037, 
    -0x0014, -0x000a, -0x000c, -0x000c, -0x0012, +0x004e, -0x0017, +0x000e, 
    +0x0010, +0x0025, -0x002f, -0x0020, +0x0019, +0x0035, +0x0024, +0x0039, 
    -0x001f, +0x0032, -0x0011, +0x000f, +0x0020, +0x0031, +0x0008, -0x004e, 
    -0x0005, -0x003f, -0x0036, -0x0010, -0x0032, -0x0030, -0x0003, +0x001a, 
    +0x000b, -0x0013, -0x005e, +0x002e, +0x0001, -0x0038, -0x001b, -0x0032, 
    +0x0006, -0x0035, -0x007f, -0x0038, -0x001f, -0x0003, -0x0018, -0x0014, 
    -0x0021, +0x0014, -0x001d, -0x0004, -0x000b, -0x0006, -0x001b, +0x0005, 
    +0x000f, -0x0025, -0x000c, -0x0053, +0x0004, +0x000c, -0x0045, -0x000b, 
    -0x000e, -0x000d, -0x0050, +0x0010, -0x0019, +0x0034, -0x0010, +0x0003, 
    +0x0022, -0x0016, -0x001f, -0x003f, +0x0003, +0x003a, +0x0026, +0x0032, 
    -0x001a, -0x0007, +0x0036, -0x0003, +0x001f, +0x007f, +0x0023, -0x001b, 
    -0x000f, -0x0049, +0x000a, -0x0013, -0x0015, +0x004d, +0x0010, -0x000e, 
    +0x0014, -0x000c, -0x0033, +0x001c, -0x0001, +0x0052, -0x0043, -0x0021, 
    +0x0017, -0x003a, -0x001d, -0x002a, -0x0034, +0x0006, +0x000b, +0x0008, 
    -0x0019, +0x0001, -0x0044, -0x0007, +0x0004, -0x001f, -0x0001, -0x000b, 
    -0x0008, -0x001c, +0x0004, -0x000f, +0x0015, +0x004f, -0x0008, +0x001b, 
    +0x0004, -0x0001, -0x004a, -0x002a, -0x0008, +0x003f, -0x0027, +0x0004, 
    +0x000e, -0x0020, +0x005d, +0x0011, -0x0005, -0x0014, +0x0022, +0x0043, 
    -0x0036, +0x002b, +0x0016, +0x0045, +0x0007, +0x007d, +0x0023, +0x000f, 
    -0x0010, -0x001e, +0x0039, -0x001f, -0x0013, +0x0007, +0x0016, -0x0004, 
    -0x0006, +0x0003, -0x0012, +0x0021, +0x000e, -0x0023, -0x0020, -0x0015, 
    +0x0030, -0x0007, +0x0016, +0x001d, -0x0011, -0x0019, +0x0007, -0x004b, 
    -0x000f, +0x0031, +0x0017, -0x0016, -0x0007, -0x0008, -0x004f, +0x000d, 
    -0x0022, +0x0026, +0x002a, -0x0002, -0x0031, +0x0012, -0x0042, +0x000b, 
    -0x0007, -0x0006, +0x0022, +0x0018, +0x0021, -0x000c, -0x0027, -0x0015, 
    +0x0008, -0x0027, +0x0030, +0x0004, -0x0032, -0x0078, -0x0018, +0x0021, 
    -0x0036, -0x0006, +0x0042, -0x001c, +0x0005, -0x0062, -0x002a, -0x0006, 
    -0x0011, +0x000a, +0x0039, -0x002e, +0x0014, +0x001c, -0x002b, -0x0012, 
    -0x001a, -0x003e, -0x0019, +0x001f, +0x0029, +0x0034, -0x0035, -0x001e, 
    +0x0020, -0x001d, -0x0011, -0x001d, +0x000f, -0x003b, +0x0027, -0x001d, 
    -0x0021, +0x000c, +0x000e, -0x0009, +0x0004, -0x0073, -0x002f, +0x001b, 
    -0x0013, -0x0040, +0x0033, -0x0051, -0x003a, -0x0064, -0x002f, -0x0017, 
    -0x0007, -0x0029, -0x0006, -0x0020, +0x001d, -0x0047, -0x0027, -0x002b, 
    -0x000a, +0x0023, +0x005e, -0x003d, -0x002e, -0x005f, -0x0051, +0x000b, 
    -0x0036, +0x0012, -0x0005, +0x0029, +0x0030, -0x0022, -0x0037, -0x001f, 
    -0x0011, +0x0029, +0x0028, -0x0033, +0x001a, +0x0008, -0x003f, -0x0019, 
    -0x001c, +0x0034, +0x0008, -0x0008, +0x000b, +0x0014, -0x0079, -0x0021, 
    +0x0000, +0x0001, -0x0001, -0x0023, -0x0011, +0x0018, +0x0038, -0x0023, 
    -0x0008, +0x0021, -0x0021, +0x0002, +0x002e, +0x002b, +0x0004, -0x001d, 
    -0x0018, -0x003a, +0x0018, -0x0043, -0x0058, -0x005b, -0x002e, -0x001d, 
    -0x0021, +0x0015, +0x001d, +0x0000, +0x0012, -0x003a, -0x002a, -0x007f
};
#ifdef __cplusplus
}  // extern "C"
#endif

#ifdef __cplusplus
extern "C" {
#endif
static const int64_t __attribute__((section(".rodata.tvm"), aligned(16))) constant_9[8] = {
    +0x0000000000000026LL, +0x0000000000000025LL, +0x0000000000000026LL, +0x0000000000000027LL, +0x0000000000000026LL, +0x0000000000000026LL, +0x0000000000000026LL, +0x0000000000000026LL
};
#ifdef __cplusplus
}  // extern "C"
#endif

#ifdef __cplusplus
extern "C" {
#endif
static const int64_t __attribute__((section(".rodata.tvm"), aligned(16))) constant_8[8] = {
    +0x0000002000000000LL, +0x0000001000000000LL, +0x0000002000000000LL, +0x0000004000000000LL, +0x0000002000000000LL, +0x0000002000000000LL, +0x0000002000000000LL, +0x0000002000000000LL
};
#ifdef __cplusplus
}  // extern "C"
#endif

#ifdef __cplusplus
extern "C" {
#endif
static const int64_t __attribute__((section(".rodata.tvm"), aligned(16))) constant_7[8] = {
    +0x0000000077078defLL, +0x0000000046847c02LL, +0x000000004a2d4b8eLL, +0x000000007c9d9c9cLL, +0x000000007fc2d2eeLL, +0x0000000061506adfLL, +0x0000000070d314e7LL, +0x000000007488c9cfLL
};
#ifdef __cplusplus
}  // extern "C"
#endif

#ifdef __cplusplus
extern "C" {
#endif
static const int32_t __attribute__((section(".rodata.tvm"), aligned(16))) constant_6[8] = {
    -0x00000270, -0x00000274, +0x00000019, +0x000008eb, -0x00000470, -0x00000705, -0x000003b8, -0x000000c4
};
#ifdef __cplusplus
}  // extern "C"
#endif

#ifdef __cplusplus
extern "C" {
#endif
static const int16_t __attribute__((section(".rodata.tvm"), aligned(16))) constant_5[2560] = {
    +0x000b, -0x0006, -0x0035, +0x003c, +0x0006, +0x0008, -0x003f, +0x0024, 
    +0x0004, +0x0008, -0x0026, +0x003b, -0x000b, +0x0022, -0x0020, -0x001d, 
    +0x001c, +0x0013, -0x001b, +0x0026, +0x0009, +0x0007, -0x0001, +0x000a, 
    -0x0044, -0x001b, +0x000e, -0x0015, +0x0015, -0x007f, +0x000b, -0x000e, 
    -0x0005, +0x0003, +0x0004, -0x0057, +0x000b, -0x000e, +0x0006, -0x0015, 
    -0x0023, -0x0012, +0x003d, -0x001c, -0x0023, -0x000c, -0x0016, -0x000c, 
    -0x0031, -0x000b, -0x0010, +0x0062, +0x000b, -0x0029, -0x0005, -0x0052, 
    -0x0012, -0x0002, -0x0010, -0x0063, +0x000a, +0x0024, +0x0014, +0x0007, 
    +0x0008, +0x0000, -0x0007, -0x0021, +0x0000, +0x0025, -0x0039, -0x0016, 
    -0x0011, +0x0007, -0x000c, +0x000e, -0x002b, +0x0018, -0x0044, +0x0010, 
    -0x0019, +0x0000, -0x0027, +0x0035, +0x0025, +0x0025, +0x0005, +0x0014, 
    -0x0021, +0x0019, -0x003f, -0x000e, +0x000e, -0x0039, +0x0004, -0x005e, 
    -0x0021, +0x0000, -0x0021, +0x0038, +0x0009, -0x002b, +0x0005, +0x001c, 
    -0x0019, +0x000a, +0x0023, +0x0017, -0x0012, +0x0001, +0x0010, -0x0032, 
    -0x0002, +0x0017, -0x0067, -0x0064, -0x0008, -0x0045, -0x002d, -0x0025, 
    -0x004f, -0x0011, +0x0037, -0x0071, -0x0008, -0x0016, +0x0037, -0x0023, 
    -0x0009, -0x001b, +0x001e, -0x0027, +0x0004, -0x001b, -0x0034, -0x0001, 
    +0x0005, -0x0001, -0x0022, +0x000e, +0x000c, +0x0014, -0x001b, -0x000b, 
    -0x0003, +0x0009, -0x002f, +0x001c, -0x0026, -0x000e, +0x0008, +0x0014, 
    -0x0068, +0x0012, -0x0077, -0x0010, +0x0021, +0x0029, -0x0022, -0x0031, 
    -0x0026, -0x0010, -0x0045, +0x000b, +0x0006, -0x002b, -0x0009, -0x002c, 
    -0x0043, -0x000d, -0x0016, -0x0009, +0x0022, +0x0000, +0x0001, -0x005c, 
    -0x0006, -0x000f, -0x0027, +0x0012, +0x0007, -0x001a, -0x0016, +0x0019, 
    -0x002f, +0x0027, -0x001d, +0x0028, -0x0029, -0x0012, +0x0003, -0x0016, 
    -0x000d, -0x0012, +0x0020, +0x0045, -0x0003, -0x0003, -0x000d, -0x001e, 
    +0x0023, -0x0004, -0x0038, +0x0006, +0x000a, -0x0013, +0x0004, -0x000c, 
    -0x0018, +0x0000, +0x0037, -0x004b, +0x0020, -0x0026, +0x0000, +0x0011, 
    -0x0015, -0x000c, -0x0034, -0x0047, +0x0054, -0x0031, +0x0028, -0x0021, 
    -0x000c, +0x0005, +0x0055, -0x0020, -0x001c, +0x0017, -0x0008, +0x001f, 
    -0x0006, +0x000a, -0x002c, -0x000d, -0x0017, +0x0025, +0x0005, -0x000c, 
    +0x0013, -0x0002, +0x0004, -0x0051, -0x0005, -0x0003, -0x0013, -0x0005, 
    -0x000b, -0x0007, -0x0022, -0x0034, +0x0013, -0x003c, -0x001e, -0x000b, 
    -0x001c, -0x000e, +0x0005, +0x001b, +0x0003, +0x000c, -0x0015, +0x0021, 
    -0x0006, +0x000a, +0x001e, -0x0028, +0x0011, +0x0018, +0x000e, -0x0022, 
    -0x001e, +0x001d, -0x000f, +0x0031, -0x0012, -0x000d, -0x0020, -0x001e, 
    -0x0032, -0x004a, -0x0001, -0x000d, +0x0017, -0x0044, -0x004d, -0x0020, 
    +0x0006, +0x0007, -0x0042, -0x003f, +0x000e, +0x0001, -0x0019, -0x000d, 
    -0x002c, -0x0016, +0x0049, -0x0059, -0x0026, -0x0036, +0x0004, +0x001a, 
    -0x0002, +0x0004, -0x0030, +0x006f, -0x0005, -0x002e, -0x003e, -0x000c, 
    +0x0001, +0x000c, +0x0003, +0x0002, +0x000b, +0x0035, +0x0015, -0x004b, 
    +0x0015, -0x000a, -0x000f, +0x0015, +0x0008, +0x0022, -0x0022, +0x0009, 
    -0x0011, +0x000f, +0x0017, -0x003b, +0x0001, -0x0014, -0x0008, -0x000a, 
    -0x0007, -0x0007, +0x0011, -0x0017, +0x0041, +0x0003, +0x0001, +0x000f, 
    -0x0020, -0x000d, -0x001c, -0x0011, -0x0001, -0x000b, -0x005e, +0x0006, 
    -0x0015, +0x0001, -0x000e, +0x001d, +0x0008, -0x002d, -0x0008, -0x0049, 
    -0x0007, -0x0003, +0x000c, +0x0015, +0x0001, -0x002f, +0x0008, -0x0002, 
    -0x0009, -0x0029, +0x0014, +0x0029, +0x001d, +0x0004, -0x004a, -0x0008, 
    -0x0004, -0x003c, +0x0024, +0x0000, +0x000d, -0x0002, +0x000b, +0x0005, 
    -0x0004, +0x0003, +0x001d, +0x0028, -0x0004, +0x0007, -0x0029, +0x0010, 
    +0x0002, -0x0008, +0x0003, +0x0007, -0x000c, +0x0003, -0x0010, +0x001c, 
    -0x0004, -0x0018, -0x001f, +0x0021, -0x0017, +0x001d, -0x000d, -0x0017, 
    -0x001b, -0x0035, -0x004b, +0x0008, +0x000c, +0x002e, -0x0042, +0x001f, 
    -0x0017, -0x0003, -0x0005, -0x001d, -0x000d, -0x0020, +0x001f, -0x0034, 
    -0x0003, -0x0016, -0x0026, +0x0020, -0x000b, -0x000d, +0x0016, +0x0019, 
    -0x000a, -0x0003, -0x0003, -0x003d, -0x0002, -0x0014, -0x002f, +0x0003, 
    -0x0017, +0x001d, +0x0005, +0x0052, -0x0001, +0x0010, -0x0005, +0x0023, 
    +0x0005, +0x0001, -0x0033, -0x0006, -0x000f, -0x002c, +0x0011, -0x0010, 
    -0x0005, -0x0012, +0x001b, -0x000a, +0x0015, -0x0008, -0x001b, -0x0010, 
    -0x0028, +0x000f, +0x0018, +0x0007, -0x0006, -0x0017, +0x0010, +0x0009, 
    -0x0006, -0x0004, -0x0016, +0x0037, +0x0009, -0x0024, +0x000a, +0x001f, 
    -0x0008, -0x0003, +0x0061, -0x000e, -0x000e, +0x0013, -0x0010, -0x0010, 
    +0x0021, -0x0018, -0x0001, +0x001d, -0x0022, +0x001f, +0x0007, +0x0029, 
    +0x000b, +0x0005, +0x0016, -0x0021, -0x0005, -0x0005, -0x0010, -0x0007, 
    -0x000b, +0x001e, -0x0002, -0x0024, -0x0004, -0x0010, -0x0030, -0x002c, 
    -0x0028, -0x001f, -0x0004, -0x0003, +0x000e, -0x0029, -0x0010, +0x002f, 
    +0x0001, -0x0011, -0x001e, -0x000e, -0x0005, +0x0015, +0x000c, -0x0038, 
    -0x002e, +0x0015, +0x0008, +0x000e, -0x0011, -0x002a, -0x0025, -0x0003, 
    -0x0031, -0x000b, +0x001f, +0x000b, +0x0013, +0x0003, -0x0065, -0x0020, 
    -0x0015, +0x0002, -0x003f, -0x004f, -0x0007, -0x0002, +0x0015, -0x0044, 
    -0x0044, -0x0008, -0x0003, -0x0023, -0x0044, -0x0041, +0x001b, -0x000e, 
    -0x001e, -0x0016, -0x0012, +0x002b, -0x0004, -0x0015, -0x0012, +0x0019, 
    +0x0024, +0x0017, +0x000d, -0x0027, -0x0027, +0x0028, -0x0009, -0x001b, 
    +0x0007, -0x0013, +0x000e, -0x001e, +0x000b, -0x0013, +0x0005, -0x000f, 
    -0x0010, +0x0000, +0x0007, -0x000f, -0x0019, +0x0001, -0x0015, +0x0003, 
    +0x0004, -0x0014, +0x003d, +0x001e, +0x001c, +0x0003, +0x0004, -0x0037, 
    -0x001c, +0x0002, +0x0043, -0x000b, +0x001c, +0x0019, -0x0028, +0x0031, 
    -0x0005, -0x0006, -0x0009, +0x0016, +0x0002, -0x0030, -0x001d, +0x0002, 
    -0x0022, +0x0006, -0x000b, +0x002e, -0x0005, -0x001d, -0x0005, -0x0012, 
    +0x0005, -0x0024, -0x002b, -0x0009, -0x0013, +0x0019, -0x0043, +0x0009, 
    -0x000a, -0x0038, +0x001f, +0x0026, -0x0024, +0x002b, +0x0015, -0x0003, 
    +0x0005, -0x0003, -0x0008, +0x0017, -0x000a, +0x0012, -0x002b, +0x0015, 
    -0x0006, -0x0010, -0x0006, +0x000b, -0x001b, +0x0012, +0x0014, -0x000a, 
    +0x0011, +0x0005, -0x0047, +0x0026, +0x0012, -0x0005, +0x000e, -0x0002, 
    -0x003f, -0x0024, -0x0061, +0x0056, -0x0010, +0x002c, -0x004a, +0x0020, 
    -0x0017, -0x0003, +0x0038, -0x002b, -0x0015, +0x0000, -0x0006, -0x0019, 
    -0x003a, -0x0006, -0x0029, +0x0021, -0x002d, -0x0020, +0x0032, -0x0017, 
    +0x0013, +0x0022, +0x0013, -0x000d, -0x0009, +0x001b, -0x003b, +0x0005, 
    -0x0032, +0x0010, -0x000a, -0x001c, -0x0004, +0x0002, -0x0007, +0x002a, 
    -0x000d, -0x0026, +0x002b, -0x0023, -0x000b, +0x0008, -0x001d, +0x000a, 
    +0x0006, -0x0004, +0x0024, -0x0019, +0x0014, -0x0007, -0x0007, -0x0017, 
    +0x0002, -0x0015, -0x0015, -0x0005, -0x0006, -0x001a, -0x000f, +0x000c, 
    -0x0030, +0x0003, +0x001f, -0x002d, +0x0003, -0x0028, +0x0019, -0x000d, 
    +0x0013, -0x000a, +0x000e, +0x0004, +0x0003, -0x0003, -0x000d, +0x0002, 
    -0x0018, -0x0016, +0x0015, +0x000c, -0x001b, +0x0010, +0x001d, -0x0026, 
    -0x001c, -0x0006, +0x0021, -0x0055, +0x0024, +0x002d, -0x000b, -0x001f, 
    -0x002b, -0x0004, -0x0024, -0x0054, -0x0004, +0x000a, -0x0004, -0x0014, 
    -0x0048, -0x007d, -0x000a, -0x002b, +0x0017, -0x002b, -0x0026, +0x0004, 
    -0x0004, -0x000a, -0x0013, -0x0005, -0x0006, +0x001d, +0x0008, -0x0035, 
    +0x0000, +0x0002, -0x0055, -0x0024, +0x000a, -0x0034, -0x0006, -0x000f, 
    -0x0043, -0x0010, +0x001b, -0x0001, +0x0018, -0x0007, +0x0000, -0x0037, 
    -0x0031, -0x000b, -0x0012, -0x000b, -0x0001, -0x0011, -0x0008, -0x0011, 
    -0x005f, +0x000f, +0x0032, -0x0032, -0x005e, -0x0027, -0x0030, +0x0015, 
    +0x0009, -0x000f, +0x0012, +0x0009, -0x0011, +0x0029, +0x0025, +0x001a, 
    -0x0006, +0x0003, +0x003f, -0x0076, -0x004b, -0x000d, +0x0023, -0x0024, 
    +0x0025, -0x0018, -0x002a, +0x001e, +0x000a, +0x001b, -0x001b, -0x002a, 
    +0x0015, -0x000b, +0x0009, +0x002b, -0x0016, +0x0010, -0x001a, -0x000e, 
    -0x0025, -0x0014, -0x0006, +0x0021, +0x0013, +0x0019, -0x002b, -0x0028, 
    -0x001b, +0x0006, -0x0012, +0x000b, +0x001d, -0x0005, -0x007f, +0x0015, 
    +0x0005, -0x0002, -0x0017, +0x000c, -0x000a, -0x0004, -0x0003, +0x0008, 
    +0x0009, +0x0001, +0x000e, +0x0022, -0x003e, -0x002a, -0x000c, -0x000a, 
    -0x0005, +0x0012, -0x000f, -0x0013, +0x0015, +0x0048, +0x0004, -0x000d, 
    -0x0032, -0x0059, -0x0016, +0x0001, -0x0016, -0x002c, +0x0000, +0x002a, 
    +0x0010, -0x001a, -0x0028, +0x0041, -0x0014, +0x002a, -0x0026, +0x0005, 
    -0x000e, -0x000a, -0x001c, +0x001b, -0x0006, +0x001b, -0x0005, -0x0005, 
    +0x000d, -0x0003, -0x0012, -0x0034, -0x0007, +0x0005, -0x0019, +0x0005, 
    -0x0044, -0x0008, -0x000c, +0x0007, -0x0011, -0x0028, -0x004d, -0x0009, 
    -0x0008, -0x0007, +0x0022, +0x001e, -0x0008, -0x0012, -0x0003, -0x0003, 
    -0x0046, -0x002c, +0x0003, +0x0018, -0x002e, -0x0035, +0x0017, -0x0016, 
    -0x0003, +0x0040, +0x0027, +0x0003, -0x0042, +0x0011, +0x002a, -0x0006, 
    +0x0010, +0x001a, -0x001e, +0x001c, +0x0009, -0x0015, +0x0001, -0x0004, 
    +0x000d, -0x0018, +0x0041, -0x000b, -0x000a, -0x0002, -0x001e, -0x0011, 
    +0x0017, -0x0003, -0x000a, -0x000b, +0x000c, +0x0016, -0x0012, -0x0035, 
    +0x001d, -0x0012, -0x001f, -0x0057, +0x0021, +0x0020, +0x0027, +0x000c, 
    -0x0060, +0x000f, +0x001b, -0x005d, -0x000e, -0x0009, +0x0014, -0x0017, 
    -0x0003, +0x0001, +0x000e, -0x0042, +0x000e, +0x0028, +0x000f, +0x0010, 
    -0x000a, -0x0012, -0x0038, -0x0005, -0x001a, -0x0020, +0x0026, -0x0039, 
    -0x0009, +0x0046, +0x0003, -0x0075, +0x0019, +0x000f, +0x0025, +0x0004, 
    -0x0014, +0x0012, +0x0002, -0x000a, -0x0016, -0x0021, -0x0039, +0x0000, 
    -0x001b, -0x0032, +0x0030, +0x0007, +0x0001, -0x0011, -0x002a, -0x001b, 
    -0x000c, -0x0055, +0x0031, +0x0013, -0x0016, +0x0010, -0x000b, -0x000d, 
    -0x0006, -0x0012, -0x0040, -0x002f, -0x003b, -0x002f, -0x001d, -0x0007, 
    -0x004a, -0x0018, +0x000f, -0x0033, +0x001a, -0x002a, +0x0003, +0x0006, 
    -0x000e, -0x000a, -0x0036, -0x004a, -0x0025, -0x001f, +0x0020, -0x0025, 
    -0x003c, -0x002e, +0x0013, -0x0021, -0x0008, -0x0033, -0x0002, +0x001c, 
    +0x000c, -0x0019, +0x0062, +0x0040, +0x001b, -0x0008, -0x000c, -0x001f, 
    -0x0018, -0x004d, -0x0025, -0x0055, -0x000b, +0x0031, +0x002e, -0x0005, 
    +0x0036, -0x001a, -0x003c, -0x0011, -0x000d, -0x000c, -0x0014, -0x0047, 
    +0x0032, +0x0008, +0x0018, +0x0001, -0x0005, +0x0006, -0x0014, +0x0013, 
    -0x0021, -0x0037, +0x0028, +0x003a, -0x0024, -0x0023, -0x000e, -0x005f, 
    +0x0010, -0x0005, +0x0019, +0x0000, +0x0026, -0x0008, -0x0043, -0x0032, 
    +0x0002, -0x0011, -0x0008, +0x0006, +0x0004, +0x0003, +0x0014, +0x0012, 
    -0x000a, +0x0004, +0x002b, +0x004b, +0x0002, -0x0037, -0x0019, +0x002c, 
    +0x0025, -0x002a, -0x0014, +0x0016, +0x0014, -0x0029, -0x001f, +0x0016, 
    -0x0043, -0x0025, -0x004d, -0x001b, +0x0004, -0x0007, +0x001b, +0x000c, 
    +0x000d, +0x0002, +0x003b, +0x0048, -0x0004, -0x0004, +0x0017, +0x0015, 
    +0x0011, -0x000c, -0x0031, +0x000a, +0x000d, +0x001c, +0x000a, -0x0039, 
    -0x002d, -0x0014, -0x000d, +0x0024, -0x0001, -0x0039, -0x0003, +0x000b, 
    +0x000f, +0x0005, +0x0007, -0x0017, -0x0003, -0x000c, -0x0021, +0x002b, 
    -0x000f, +0x0014, +0x0027, -0x001e, -0x0003, -0x0018, -0x0019, +0x0008, 
    -0x0041, -0x0027, -0x0010, -0x0015, +0x0002, -0x0013, +0x001f, -0x003d, 
    +0x0012, +0x0002, -0x002b, -0x0021, -0x0015, -0x001d, -0x0019, +0x001d, 
    +0x001f, -0x0001, -0x003d, -0x007f, +0x0001, -0x000e, +0x0012, -0x0002, 
    +0x0042, +0x000f, +0x0031, -0x0031, -0x000e, -0x0007, +0x0025, +0x0020, 
    +0x0025, +0x000a, -0x003c, +0x0004, -0x0007, -0x0019, -0x0009, -0x001b, 
    -0x0025, -0x0049, -0x003b, -0x0017, +0x0000, -0x0011, +0x0031, -0x0004, 
    -0x0046, +0x000f, +0x0015, -0x0029, +0x0011, -0x000a, +0x0006, -0x004e, 
    -0x000c, +0x0002, -0x0001, +0x0005, +0x0012, +0x000b, -0x0027, +0x0019, 
    -0x0040, +0x0004, -0x0048, +0x0022, +0x0000, +0x0002, +0x000f, -0x0021, 
    +0x0056, -0x000a, -0x002c, -0x004c, +0x0018, -0x0037, -0x0005, +0x002e, 
    -0x0040, -0x0034, -0x000d, -0x003a, -0x000e, -0x0006, -0x0042, +0x0022, 
    -0x0045, -0x001a, +0x0005, -0x0070, -0x000e, -0x0011, +0x003c, -0x0004, 
    -0x0068, -0x0003, -0x004f, +0x0019, -0x0035, -0x0010, -0x0027, -0x0040, 
    -0x0029, -0x0033, -0x0035, -0x0040, -0x002b, -0x0044, -0x0003, -0x001a, 
    -0x000d, -0x000a, -0x000e, -0x0024, -0x0009, -0x002c, +0x001a, -0x0047, 
    -0x0019, -0x001f, +0x000b, -0x0077, -0x002b, -0x0006, +0x0020, -0x003a, 
    +0x000e, +0x0000, -0x003c, -0x0034, +0x0010, -0x0014, -0x0042, +0x002b, 
    -0x000d, +0x0001, +0x000c, +0x003f, +0x004a, +0x0049, +0x0041, +0x0013, 
    -0x0015, -0x0031, -0x0026, +0x005d, -0x000e, +0x003e, -0x002e, -0x0015, 
    -0x001c, -0x0010, -0x0055, -0x002c, +0x0004, +0x000d, +0x0016, -0x0033, 
    -0x0016, -0x0021, -0x0013, -0x000b, +0x0003, -0x0027, +0x0010, -0x004b, 
    -0x0034, -0x0014, +0x001b, +0x0049, -0x002e, +0x000d, -0x0009, -0x007f, 
    +0x001b, -0x0010, -0x000b, +0x0031, +0x000b, -0x000a, -0x0011, -0x0002, 
    -0x0004, -0x001b, -0x002b, -0x000a, +0x0028, +0x0006, -0x0028, -0x005f, 
    -0x001a, -0x0006, +0x0017, -0x001c, +0x0024, -0x0009, -0x0003, +0x002b, 
    +0x0008, +0x0010, -0x000d, +0x0034, +0x0028, -0x0014, +0x000a, +0x0011, 
    -0x0051, +0x0015, +0x000b, +0x000d, -0x0018, +0x000f, -0x0002, +0x0012, 
    +0x000b, -0x0009, +0x0026, -0x0050, +0x0004, -0x0017, -0x001c, +0x0000, 
    +0x0000, -0x0011, -0x0001, +0x0006, +0x000c, -0x0005, -0x0019, -0x0068, 
    +0x0007, +0x000b, +0x000d, +0x0028, -0x000c, +0x0001, -0x000a, -0x004d, 
    +0x0027, -0x0017, +0x0021, +0x0013, +0x0011, -0x0055, -0x0014, +0x0026, 
    -0x002f, +0x000b, -0x003d, +0x0002, -0x0025, +0x000b, -0x0015, -0x002c, 
    -0x001e, +0x0014, -0x0014, -0x0013, +0x001f, +0x0020, -0x001a, -0x000b, 
    +0x0014, +0x0002, +0x0022, -0x0043, +0x000b, -0x0032, +0x0007, +0x0027, 
    -0x0038, -0x0030, +0x0027, -0x0046, +0x0005, -0x0036, -0x002f, -0x0014, 
    -0x0011, -0x001f, -0x001a, -0x006a, -0x001f, +0x0020, -0x000f, -0x0041, 
    -0x004c, -0x0002, -0x001f, +0x0003, -0x0009, -0x002f, -0x0017, -0x005c, 
    -0x0026, -0x0017, -0x0006, -0x0019, -0x0038, +0x0038, -0x0002, +0x0005, 
    -0x007c, +0x000d, +0x0029, +0x003d, +0x000f, -0x000b, -0x0010, -0x0001, 
    -0x001a, +0x0002, -0x007f, +0x0008, +0x000c, +0x0007, -0x003b, +0x001d, 
    -0x000a, +0x000b, -0x0063, +0x001c, +0x0006, +0x0013, -0x000e, -0x001c, 
    -0x002a, -0x0006, -0x0045, -0x0048, +0x0008, -0x0017, +0x0008, +0x0004, 
    +0x0002, -0x0043, -0x0003, -0x0026, -0x004a, -0x0023, -0x001a, +0x0012, 
    +0x0012, -0x0002, -0x0029, -0x0022, -0x0022, +0x0003, +0x0026, -0x0032, 
    -0x0022, +0x001c, -0x0070, -0x0007, -0x0029, -0x001f, -0x0005, -0x0042, 
    +0x0004, -0x0013, +0x0002, -0x006a, -0x0005, -0x0037, -0x0017, -0x0019, 
    -0x000c, -0x002b, -0x000b, -0x0032, -0x001a, -0x0019, +0x0020, -0x0034, 
    -0x0021, -0x0029, -0x0017, -0x002d, +0x0004, +0x0002, -0x0041, +0x0032, 
    -0x0056, -0x0015, -0x004e, -0x0048, -0x000d, +0x000d, -0x0046, -0x0006, 
    -0x0007, -0x0023, +0x0000, +0x0066, +0x0010, -0x0003, -0x0029, -0x0002, 
    -0x003f, -0x0043, -0x001d, -0x001f, +0x0016, -0x0026, -0x004a, -0x000d, 
    -0x0023, -0x0019, -0x002d, -0x0072, -0x002c, +0x0013, -0x000b, -0x001a, 
    +0x0006, +0x0006, -0x001f, -0x0029, +0x0002, -0x0036, +0x0022, -0x0056, 
    -0x002a, -0x0026, -0x0027, +0x0006, +0x0001, +0x003a, +0x0003, -0x0021, 
    +0x0014, -0x002f, +0x0012, +0x0056, -0x0031, -0x0028, -0x0001, +0x0005, 
    +0x0000, +0x000c, -0x001c, +0x0005, +0x0008, -0x000e, -0x0010, -0x001e, 
    -0x000a, +0x0003, +0x0011, -0x0012, -0x0001, +0x000e, +0x0009, +0x0017, 
    +0x0020, +0x0006, +0x0010, -0x0004, -0x003c, -0x002e, -0x000d, -0x000e, 
    -0x0027, -0x0037, +0x0028, -0x0026, -0x0007, -0x0004, +0x0011, -0x0001, 
    -0x0005, -0x001d, +0x004b, -0x0025, -0x0012, -0x003c, +0x000f, -0x0009, 
    -0x0014, -0x0008, +0x0003, +0x000a, +0x002c, -0x002d, +0x0020, -0x003a, 
    -0x0025, +0x0003, -0x004a, +0x0025, +0x0012, +0x0005, -0x001c, -0x0011, 
    +0x003b, -0x000f, +0x003d, +0x0027, +0x000b, -0x0059, +0x0004, +0x0018, 
    -0x0025, +0x000c, +0x0006, +0x001a, -0x0011, -0x000a, -0x000e, -0x000d, 
    -0x003d, -0x0002, -0x005c, -0x0047, -0x0006, -0x0003, -0x000c, -0x000a, 
    +0x000f, +0x000b, +0x0048, -0x0039, -0x0009, -0x0035, -0x0009, -0x0012, 
    -0x0032, -0x0032, -0x0007, +0x003d, +0x000f, +0x0005, -0x0014, -0x000c, 
    -0x002a, -0x0039, -0x0012, -0x0007, +0x0015, -0x000b, -0x0025, -0x002c, 
    -0x004a, -0x0013, -0x0026, -0x0009, -0x000c, -0x0027, -0x0014, -0x002a, 
    -0x0028, +0x0008, +0x0033, -0x001f, +0x001d, +0x000e, +0x0008, -0x001c, 
    -0x0061, +0x0013, -0x0012, -0x0035, -0x0039, -0x0025, -0x0018, +0x0002, 
    +0x0013, +0x000b, -0x0055, +0x002f, +0x000a, +0x0003, -0x0028, -0x0017, 
    -0x0012, -0x0014, -0x002d, +0x0033, -0x002c, -0x0023, -0x003e, -0x0009, 
    -0x0018, -0x0001, -0x000d, -0x0013, -0x003a, +0x0004, +0x002c, -0x000a, 
    +0x0015, -0x0008, +0x000a, +0x004b, -0x0032, +0x0026, -0x0011, +0x0003, 
    -0x0019, +0x000e, -0x002d, +0x0029, -0x0020, -0x0025, +0x0028, +0x0001, 
    -0x004d, -0x0008, -0x0017, -0x0009, -0x0036, +0x0001, +0x0010, -0x0027, 
    -0x0007, -0x000d, -0x0015, +0x001e, -0x0022, -0x003e, -0x0007, -0x0006, 
    -0x0018, -0x0066, -0x0006, -0x002e, -0x000d, +0x002b, +0x002b, +0x0004, 
    +0x000b, -0x0053, -0x0056, +0x0004, +0x0002, +0x000b, -0x001b, +0x0017, 
    -0x0023, -0x0001, -0x000a, -0x0014, -0x000c, +0x000a, -0x001c, -0x0005, 
    -0x0006, -0x000f, -0x0004, -0x002f, -0x0016, -0x000a, +0x0003, +0x0015, 
    -0x0017, -0x007f, -0x001a, -0x0010, +0x001d, +0x0019, -0x0014, -0x0046, 
    -0x0036, +0x0000, +0x0013, +0x0037, -0x0020, +0x0000, -0x003a, -0x0010, 
    -0x0005, -0x0007, -0x0051, +0x0011, -0x0006, -0x0006, +0x0021, -0x0016, 
    +0x0009, -0x0022, +0x0012, -0x0033, -0x0008, -0x0009, -0x002a, -0x0024, 
    +0x0014, -0x007d, +0x0044, +0x0016, -0x0036, -0x0015, +0x0007, +0x0017, 
    +0x000a, +0x0015, -0x001a, -0x0003, +0x0021, -0x0005, -0x0005, -0x003c, 
    +0x0013, -0x000e, +0x0036, +0x0034, -0x0006, +0x0011, +0x0014, +0x0018, 
    +0x0003, -0x0039, +0x001e, -0x002c, -0x000d, -0x0040, -0x001b, -0x0003, 
    -0x001c, -0x0040, +0x0045, +0x0028, -0x001d, +0x002d, +0x0007, -0x000e, 
    +0x000e, +0x0000, -0x0003, +0x0000, -0x001a, -0x0005, -0x0022, -0x0016, 
    -0x0039, +0x000b, +0x0012, +0x0003, -0x001f, +0x0012, +0x0028, +0x000a, 
    -0x0001, -0x0013, -0x0024, +0x001f, -0x0013, +0x000c, +0x0013, +0x0010, 
    -0x0011, -0x003c, -0x0004, -0x0029, +0x0002, -0x0026, +0x0005, +0x0008, 
    -0x000c, +0x000b, +0x000f, +0x0039, +0x001a, -0x0008, +0x000b, -0x0037, 
    -0x003d, -0x0032, -0x0011, -0x0011, -0x0020, -0x0018, -0x0008, -0x0007, 
    -0x0006, -0x000e, +0x000f, -0x0063, -0x005b, -0x002f, -0x0036, -0x0003, 
    -0x0010, -0x003b, -0x0053, -0x0036, +0x0011, -0x0017, -0x005d, +0x0029, 
    +0x0005, +0x0001, -0x000c, -0x000b, +0x0022, +0x0025, -0x0013, -0x0015, 
    -0x0043, -0x0010, -0x0032, -0x0004, -0x0009, -0x000f, +0x0008, +0x0012, 
    -0x0014, +0x0014, +0x0033, -0x0040, -0x0010, +0x0018, -0x000e, +0x0017, 
    -0x007f, +0x0004, -0x000a, -0x002b, -0x0044, -0x0013, -0x0009, -0x001f, 
    +0x002c, +0x0018, -0x0026, +0x000b, -0x000b, +0x0012, -0x0004, -0x000c, 
    -0x006a, -0x0029, -0x0031, -0x001c, -0x000b, -0x0005, -0x0007, -0x0010, 
    +0x0013, +0x000a, -0x0006, +0x0053, -0x007f, -0x0006, +0x0018, -0x0009, 
    +0x007c, -0x0031, +0x0009, -0x0031, +0x0004, -0x001d, -0x0028, +0x0021, 
    -0x0044, -0x0001, +0x0002, -0x0022, -0x0003, -0x0036, +0x0027, +0x001c, 
    -0x0012, +0x0006, -0x001b, -0x0006, -0x004b, -0x001e, -0x0012, +0x0004, 
    +0x001a, -0x0027, -0x0029, -0x0031, -0x0056, -0x0026, -0x0003, -0x0013, 
    -0x001f, -0x007b, +0x0006, +0x0013, -0x0009, +0x0052, +0x0009, +0x0028, 
    +0x0007, -0x000c, -0x0050, -0x0027, -0x000f, +0x0000, -0x0030, +0x0029, 
    -0x0028, +0x0019, -0x0018, -0x0031, -0x0029, -0x0009, -0x001a, -0x0024, 
    -0x0008, +0x0033, -0x0005, +0x0011, +0x000d, -0x001a, +0x000b, +0x0022, 
    -0x0012, -0x003f, +0x000a, +0x0019, +0x002a, -0x0004, +0x000b, -0x005a, 
    -0x0028, +0x0020, -0x0008, -0x0045, -0x000e, -0x0024, -0x0012, -0x0044, 
    -0x000e, +0x0014, -0x0025, +0x000b, +0x0011, +0x0010, +0x0007, +0x0001, 
    +0x0011, -0x0008, +0x0013, -0x000b, -0x000e, +0x000f, -0x0021, +0x0015, 
    +0x0018, -0x006b, +0x0028, +0x0019, +0x002e, +0x000e, -0x0018, +0x0005, 
    +0x0015, -0x000f, +0x0038, +0x0031, +0x0008, -0x0012, +0x0002, -0x0003, 
    +0x0018, +0x0011, +0x0031, +0x0015, -0x001a, +0x0014, +0x0013, -0x000d, 
    -0x000e, -0x0004, -0x0020, -0x0021, +0x0029, -0x0021, +0x001b, +0x000f, 
    -0x0009, -0x0024, +0x000e, +0x0021, +0x0010, -0x000b, -0x000a, -0x0013, 
    -0x0006, +0x000c, +0x0029, -0x0011, -0x0005, -0x0023, -0x001b, -0x0021, 
    -0x0021, +0x001e, +0x0016, +0x0045, -0x0011, +0x0019, -0x0015, +0x0019, 
    +0x0000, +0x0019, -0x0042, +0x0012, -0x0001, -0x000e, -0x0009, -0x0019, 
    -0x0024, -0x0003, -0x002d, -0x0004, +0x0015, +0x0007, -0x0019, +0x000e, 
    +0x0001, +0x0005, -0x0028, -0x0002, -0x000b, +0x0015, -0x0001, -0x004b, 
    -0x0020, +0x0000, -0x000b, -0x0001, -0x0028, -0x000b, +0x0007, +0x0005, 
    +0x0019, -0x000b, +0x0012, -0x0019, +0x0012, -0x0030, -0x0017, +0x002e, 
    +0x001c, -0x0018, -0x006c, -0x0030, +0x0018, +0x0037, -0x0030, -0x0037, 
    -0x0022, +0x0015, -0x0015, +0x0026, +0x0025, +0x002f, -0x001a, -0x001e, 
    +0x0007, -0x000b, -0x0023, +0x0016, -0x0015, +0x001c, -0x001b, +0x000c, 
    -0x0037, +0x0011, -0x0034, +0x001f, +0x000c, -0x0005, +0x0002, -0x0018, 
    -0x001c, +0x0013, +0x0005, +0x0020, -0x0031, -0x0026, +0x0009, -0x0003, 
    +0x0021, -0x0007, -0x001a, +0x0019, -0x0037, +0x0006, +0x0012, -0x0058, 
    +0x000b, -0x0003, -0x0017, +0x0002, -0x0019, -0x000f, -0x003c, -0x001a, 
    +0x0015, -0x000a, +0x002d, +0x0026, -0x0031, -0x0017, +0x0017, +0x0018, 
    +0x0063, -0x0047, -0x0008, +0x000b, +0x0005, +0x001e, -0x0028, -0x0023, 
    -0x0010, -0x0005, -0x0002, -0x0039, +0x001f, -0x0025, -0x0015, +0x001b, 
    -0x0040, +0x0028, -0x005e, -0x0073, -0x003e, -0x0032, +0x0016, -0x0006, 
    -0x0027, -0x0033, -0x0019, +0x0009, -0x0036, -0x003f, +0x0002, +0x0004, 
    +0x0014, -0x0073, +0x0012, +0x004d, +0x004f, +0x0060, +0x0029, +0x0064, 
    -0x0034, -0x0002, -0x000d, -0x0049, -0x0031, -0x0005, -0x0019, +0x000f, 
    -0x0045, -0x0011, +0x0006, -0x0006, -0x003e, +0x000c, +0x0014, +0x0007, 
    -0x0031, +0x0005, -0x0019, +0x0043, +0x0034, -0x0011, -0x001a, +0x004a, 
    -0x0015, -0x000a, +0x0012, -0x0009, -0x0003, +0x0010, -0x0007, -0x0017, 
    -0x0017, -0x0012, +0x000b, +0x004c, +0x000e, -0x0008, -0x0030, -0x0033, 
    -0x0009, +0x000f, +0x0032, -0x0078, -0x0006, -0x0037, -0x0030, -0x001b, 
    -0x0041, +0x000a, +0x000a, -0x000c, +0x000f, -0x0030, -0x0025, +0x0015, 
    -0x001a, -0x003c, +0x001c, +0x000f, +0x0020, -0x000e, -0x0038, +0x0013, 
    -0x001b, +0x0001, +0x0006, -0x000d, -0x0007, -0x0010, +0x0034, -0x0004, 
    -0x0009, +0x000b, -0x0002, +0x0016, -0x002e, -0x0001, +0x0009, +0x0003, 
    +0x0009, +0x003b, -0x0038, -0x0026, +0x002b, +0x0009, +0x0020, +0x0011, 
    -0x0011, +0x0019, +0x0007, -0x0017, -0x000c, +0x0004, -0x000a, -0x0047, 
    +0x0011, +0x0011, +0x003b, -0x002a, +0x0007, -0x001b, +0x0007, +0x0009, 
    +0x0013, -0x0003, -0x002d, +0x000b, -0x0002, -0x001a, +0x0000, -0x000b, 
    +0x0019, -0x0016, +0x0009, +0x001e, +0x0031, -0x002c, +0x0007, +0x0004, 
    -0x0013, +0x0003, -0x002e, -0x0015, +0x0011, +0x0001, -0x0038, +0x000c, 
    -0x0025, -0x0009, +0x0005, -0x000b, -0x001a, -0x0001, +0x000e, -0x0016, 
    +0x000a, -0x001a, -0x000e, +0x0001, -0x001e, -0x0011, -0x003c, -0x001a, 
    +0x0009, -0x000c, +0x0001, -0x003d, -0x0036, +0x001b, -0x0022, +0x0026, 
    -0x000c, -0x0023, +0x0001, +0x0012, +0x0024, +0x0019, -0x000f, -0x0052, 
    +0x0037, +0x001d, -0x004a, -0x0004, +0x0012, +0x002e, -0x0012, +0x000d, 
    +0x0010, -0x003b, -0x0010, -0x0021, -0x0010, -0x002b, -0x001f, -0x0016, 
    -0x0008, -0x000b, -0x001f, +0x0005, +0x0044, +0x0007, -0x000b, -0x0012, 
    +0x0004, +0x0005, -0x001b, -0x001e, -0x0005, +0x0004, -0x005f, -0x0030, 
    -0x0029, +0x0003, -0x0073, -0x0026, -0x0032, -0x0015, -0x000f, -0x0042, 
    +0x000c, -0x0011, -0x0018, -0x0038, -0x002d, -0x0027, -0x0053, -0x0001, 
    +0x0002, -0x001b, +0x005a, +0x0018, -0x003b, -0x0001, +0x0001, -0x0022, 
    -0x0007, +0x0021, +0x004f, -0x0011, +0x0013, -0x0037, -0x0005, -0x0032
};
#ifdef __cplusplus
}  // extern "C"
#endif
#ifdef __cplusplus
extern "C"
#endif
TVM_DLL int32_t tvmgen_default_fused_nn_contrib_dense_pack_add_fixed_point_multiply_add_clip_cast_cast_subtract_cb9548905a4a8167_(int16_t* placeholder, float* T_multiply, uint8_t* global_workspace_6_var) {
  void* compute_global_let = (&(global_workspace_6_var[7680]));
  for (int32_t x_c_init = 0; x_c_init < 4; ++x_c_init) {
    ((int32_t*)compute_global_let)[x_c_init] = 0;
  }
  for (int32_t k_outer = 0; k_outer < 3840; ++k_outer) {
    for (int32_t x_c = 0; x_c < 4; ++x_c) {
      ((int32_t*)compute_global_let)[x_c] = (((int32_t*)compute_global_let)[x_c] + (((int32_t)placeholder[k_outer]) * ((int32_t)((int16_t*)constant_10)[((k_outer * 4) + x_c)])));
    }
  }
  for (int32_t ax1_inner_inner = 0; ax1_inner_inner < 4; ++ax1_inner_inner) {
    int32_t _1 = ((int32_t)(((((0 != 0) ? (((int64_t)(((int32_t*)compute_global_let)[ax1_inner_inner] + ((int32_t*)constant_11)[ax1_inner_inner])) << ((int64_t)0)) : ((int64_t)(((int32_t*)compute_global_let)[ax1_inner_inner] + ((int32_t*)constant_11)[ax1_inner_inner]))) * (int64_t)1808671499) + ((int64_t)1 << ((int64_t)((10 + 31) - 1)))) >> ((int64_t)(10 + 31)))) + 27;
    int32_t _2 = (_1) < (127) ? (_1) : (127);
    T_multiply[ax1_inner_inner] = (((float)(((int32_t)((int8_t)((_2) > (-128) ? (_2) : (-128)))) - 27)) * 2.641729e-01f);
  }
  return 0;
}

#ifdef __cplusplus
extern "C"
#endif
TVM_DLL int32_t tvmgen_default_fused_nn_conv2d_add_cast_multiply_add_right_shift_cast_add_clip_cast_clip(int16_t* placeholder, int8_t* compute, uint8_t* global_workspace_2_var) {
  void* pad_temp_let = (&(global_workspace_2_var[15680]));
  for (int32_t i0_i1_fused = 0; i0_i1_fused < 68; ++i0_i1_fused) {
    for (int32_t i2 = 0; i2 < 47; ++i2) {
      ((int16_t*)pad_temp_let)[((i0_i1_fused * 47) + i2)] = (((((9 <= i0_i1_fused) && (i0_i1_fused < 58)) && (3 <= i2)) && (i2 < 43)) ? placeholder[(((i0_i1_fused * 40) + i2) - 363)] : (int16_t)0);
    }
  }
  for (int32_t i0_i1_fused_i2_fused = 0; i0_i1_fused_i2_fused < 1960; ++i0_i1_fused_i2_fused) {
    void* conv2d_nhwc_let = (&(global_workspace_2_var[22080]));
    for (int32_t i3 = 0; i3 < 8; ++i3) {
      ((int32_t*)conv2d_nhwc_let)[0] = 0;
      for (int32_t ry = 0; ry < 20; ++ry) {
        for (int32_t rx = 0; rx < 8; ++rx) {
          ((int32_t*)conv2d_nhwc_let)[0] = (((int32_t*)conv2d_nhwc_let)[0] + (((int32_t)((int16_t*)pad_temp_let)[(((((i0_i1_fused_i2_fused / 40) * 47) + (ry * 47)) + rx) + (i0_i1_fused_i2_fused % 40))]) * ((int32_t)((int16_t*)constant_0)[(((ry * 64) + (rx * 8)) + i3)])));
        }
      }
      int32_t _1 = ((int32_t)((((((int64_t)((int32_t*)conv2d_nhwc_let)[0]) + ((int64_t)((int32_t*)constant_1)[i3])) * ((int64_t*)constant_2)[i3]) + ((int64_t*)constant_3)[i3]) >> ((int64_t*)constant_4)[i3])) - 128;
      int32_t _2 = (_1) < (127) ? (_1) : (127);
      int8_t _3 = (int8_t)((_2) > (-128) ? (_2) : (-128));
      int8_t _4 = (int8_t)127;
      int8_t _5 = (_3) < (_4) ? (_3) : (_4);
      int8_t _6 = (int8_t)-128;
      compute[((i0_i1_fused_i2_fused * 8) + i3)] = ((_5) > (_6) ? (_5) : (_6));
    }
  }
  return 0;
}

#ifdef __cplusplus
extern "C"
#endif
TVM_DLL int32_t tvmgen_default_fused_nn_conv2d_add_cast_multiply_add_right_shift_cast_add_clip_cast_clip_1(int16_t* placeholder, int8_t* compute, uint8_t* global_workspace_4_var) {
  void* pad_temp_let = (&(global_workspace_4_var[0]));
  for (int32_t i0_i1_fused = 0; i0_i1_fused < 33; ++i0_i1_fused) {
    for (int32_t i2 = 0; i2 < 23; ++i2) {
      for (int32_t i3 = 0; i3 < 8; ++i3) {
        int32_t cse_var_1 = (i2 * 8);
        ((int16_t*)pad_temp_let)[(((i0_i1_fused * 184) + cse_var_1) + i3)] = (((((4 <= i0_i1_fused) && (i0_i1_fused < 28)) && (1 <= i2)) && (i2 < 21)) ? placeholder[((((i0_i1_fused * 160) + cse_var_1) + i3) - 648)] : (int16_t)0);
      }
    }
  }
  for (int32_t i0_i1_fused_i2_fused = 0; i0_i1_fused_i2_fused < 480; ++i0_i1_fused_i2_fused) {
    void* conv2d_nhwc_let = (&(global_workspace_4_var[15984]));
    for (int32_t i31 = 0; i31 < 8; ++i31) {
      ((int32_t*)conv2d_nhwc_let)[0] = 0;
      for (int32_t ry = 0; ry < 10; ++ry) {
        for (int32_t rx = 0; rx < 4; ++rx) {
          for (int32_t rc = 0; rc < 8; ++rc) {
            ((int32_t*)conv2d_nhwc_let)[0] = (((int32_t*)conv2d_nhwc_let)[0] + (((int32_t)((int16_t*)pad_temp_let)[((((((i0_i1_fused_i2_fused / 20) * 184) + (ry * 184)) + (rx * 8)) + ((i0_i1_fused_i2_fused % 20) * 8)) + rc)]) * ((int32_t)((int16_t*)constant_5)[((((ry * 256) + (rx * 64)) + (rc * 8)) + i31)])));
          }
        }
      }
      int32_t _1 = ((int32_t)((((((int64_t)((int32_t*)conv2d_nhwc_let)[0]) + ((int64_t)((int32_t*)constant_6)[i31])) * ((int64_t*)constant_7)[i31]) + ((int64_t*)constant_8)[i31]) >> ((int64_t*)constant_9)[i31])) - 128;
      int32_t _2 = (_1) < (127) ? (_1) : (127);
      int8_t _3 = (int8_t)((_2) > (-128) ? (_2) : (-128));
      int8_t _4 = (int8_t)127;
      int8_t _5 = (_3) < (_4) ? (_3) : (_4);
      int8_t _6 = (int8_t)-128;
      compute[((i0_i1_fused_i2_fused * 8) + i31)] = ((_5) > (_6) ? (_5) : (_6));
    }
  }
  return 0;
}

#ifdef __cplusplus
extern "C"
#endif
TVM_DLL int32_t tvmgen_default_fused_nn_max_pool2d_cast_subtract(int8_t* placeholder, int16_t* T_subtract, uint8_t* global_workspace_3_var) {
  void* tensor_let = (&(global_workspace_3_var[19824]));
  for (int32_t ax0_ax1_fused = 0; ax0_ax1_fused < 24; ++ax0_ax1_fused) {
    for (int32_t ax2 = 0; ax2 < 20; ++ax2) {
      for (int32_t ax3_init = 0; ax3_init < 8; ++ax3_init) {
        ((int8_t*)tensor_let)[(((ax0_ax1_fused * 160) + (ax2 * 8)) + ax3_init)] = (int8_t)-128;
      }
      for (int32_t rv0_rv1_fused = 0; rv0_rv1_fused < 4; ++rv0_rv1_fused) {
        for (int32_t ax3 = 0; ax3 < 8; ++ax3) {
          int32_t cse_var_1 = (((ax0_ax1_fused * 160) + (ax2 * 8)) + ax3);
          int8_t _1 = ((int8_t*)tensor_let)[cse_var_1];
          int8_t _2 = placeholder[(((((ax0_ax1_fused * 640) + ((rv0_rv1_fused >> 1) * 320)) + (ax2 * 16)) + ((rv0_rv1_fused & 1) * 8)) + ax3)];
          ((int8_t*)tensor_let)[cse_var_1] = ((_1) > (_2) ? (_1) : (_2));
        }
      }
    }
  }
  for (int32_t ax0_ax1_fused1 = 0; ax0_ax1_fused1 < 24; ++ax0_ax1_fused1) {
    for (int32_t ax21 = 0; ax21 < 20; ++ax21) {
      for (int32_t ax31 = 0; ax31 < 8; ++ax31) {
        int32_t cse_var_2 = (((ax0_ax1_fused1 * 160) + (ax21 * 8)) + ax31);
        T_subtract[cse_var_2] = (((int16_t)((int8_t*)tensor_let)[cse_var_2]) - (int16_t)-128);
      }
    }
  }
  return 0;
}

#ifdef __cplusplus
extern "C"
#endif
TVM_DLL int32_t tvmgen_default_fused_nn_softmax_divide_add_clip_round_cast(float* placeholder, int8_t* T_cast, uint8_t* global_workspace_7_var) {
  void* T_softmax_maxelem_let = (&(global_workspace_7_var[32]));
  void* T_softmax_exp_let = (&(global_workspace_7_var[16]));
  void* T_softmax_expsum_let = (&(global_workspace_7_var[0]));
  ((float*)T_softmax_maxelem_let)[0] = -3.402823e+38f;
  for (int32_t k = 0; k < 4; ++k) {
    float _1 = ((float*)T_softmax_maxelem_let)[0];
    float _2 = placeholder[k];
    ((float*)T_softmax_maxelem_let)[0] = ((_1) > (_2) ? (_1) : (_2));
  }
  for (int32_t i1 = 0; i1 < 4; ++i1) {
    ((float*)T_softmax_exp_let)[i1] = expf((placeholder[i1] - ((float*)T_softmax_maxelem_let)[0]));
  }
  ((float*)T_softmax_expsum_let)[0] = 0.000000e+00f;
  for (int32_t k1 = 0; k1 < 4; ++k1) {
    ((float*)T_softmax_expsum_let)[0] = (((float*)T_softmax_expsum_let)[0] + ((float*)T_softmax_exp_let)[k1]);
  }
  for (int32_t i11 = 0; i11 < 4; ++i11) {
    ((float*)T_softmax_exp_let)[i11] = (((float*)T_softmax_exp_let)[i11] / ((float*)T_softmax_expsum_let)[0]);
  }
  for (int32_t ax1 = 0; ax1 < 4; ++ax1) {
    float _3 = (((float*)T_softmax_exp_let)[ax1] * 2.560000e+02f) + -1.280000e+02f;
    float _4 = (_3) < (1.270000e+02f) ? (_3) : (1.270000e+02f);
    T_cast[ax1] = ((int8_t)roundf(((_4) > (-1.280000e+02f) ? (_4) : (-1.280000e+02f))));
  }
  return 0;
}

#ifdef __cplusplus
extern "C"
#endif
TVM_DLL int32_t tvmgen_default_fused_reshape_cast_subtract(int8_t* placeholder, int16_t* T_subtract, uint8_t* global_workspace_1_var) {
  for (int32_t ax0_ax1_fused = 0; ax0_ax1_fused < 49; ++ax0_ax1_fused) {
    for (int32_t ax2 = 0; ax2 < 40; ++ax2) {
      int32_t cse_var_1 = ((ax0_ax1_fused * 40) + ax2);
      T_subtract[cse_var_1] = (((int16_t)placeholder[cse_var_1]) - (int16_t)-128);
    }
  }
  return 0;
}

#ifdef __cplusplus
extern "C"
#endif
TVM_DLL int32_t tvmgen_default_fused_reshape_cast_subtract_1(int8_t* placeholder, int16_t* T_subtract, uint8_t* global_workspace_5_var) {
  for (int32_t ax1_outer = 0; ax1_outer < 240; ++ax1_outer) {
    for (int32_t ax1_inner = 0; ax1_inner < 16; ++ax1_inner) {
      int32_t cse_var_1 = ((ax1_outer * 16) + ax1_inner);
      T_subtract[cse_var_1] = (((int16_t)placeholder[cse_var_1]) - (int16_t)-128);
    }
  }
  return 0;
}

#ifdef __cplusplus
extern "C"
#endif
TVM_DLL int32_t tvmgen_default___tvm_main__(int8_t* input_buffer_var, int8_t* output_buffer_var, uint8_t* global_workspace_0_var) {
  void* sid_2_let = (&(global_workspace_0_var[0]));
  void* sid_3_let = (&(global_workspace_0_var[0]));
  void* sid_4_let = (&(global_workspace_0_var[12144]));
  void* sid_5_let = (&(global_workspace_0_var[12144]));
  void* sid_6_let = (&(global_workspace_0_var[0]));
  void* sid_7_let = (&(global_workspace_0_var[0]));
  if (tvmgen_default_fused_reshape_cast_subtract(input_buffer_var, sid_7_let, global_workspace_0_var) != 0 ) return -1;
  if (tvmgen_default_fused_nn_conv2d_add_cast_multiply_add_right_shift_cast_add_clip_cast_clip(sid_7_let, sid_6_let, global_workspace_0_var) != 0 ) return -1;
  if (tvmgen_default_fused_nn_max_pool2d_cast_subtract(sid_6_let, sid_5_let, global_workspace_0_var) != 0 ) return -1;
  if (tvmgen_default_fused_nn_conv2d_add_cast_multiply_add_right_shift_cast_add_clip_cast_clip_1(sid_5_let, sid_4_let, global_workspace_0_var) != 0 ) return -1;
  if (tvmgen_default_fused_reshape_cast_subtract_1(sid_4_let, sid_3_let, global_workspace_0_var) != 0 ) return -1;
  if (tvmgen_default_fused_nn_contrib_dense_pack_add_fixed_point_multiply_add_clip_cast_cast_subtract_cb9548905a4a8167_(sid_3_let, sid_2_let, global_workspace_0_var) != 0 ) return -1;
  if (tvmgen_default_fused_nn_softmax_divide_add_clip_round_cast(sid_2_let, output_buffer_var, global_workspace_0_var) != 0 ) return -1;
  return 0;
}

