// tvm target: c -keys=cpu -constants-byte-alignment=16 -mcpu=generic-rv32 -model=etiss-rv32gc -workspace-byte-alignment=16
#define TVM_EXPORTS
#include "tvm/runtime/c_runtime_api.h"
#include "tvm/runtime/c_backend_api.h"
#include <math.h>
#include <stdbool.h>

#ifdef __cplusplus
extern "C" {
#endif
static const int32_t __attribute__((section(".rodata.tvm"), aligned(16))) fused_cast_subtract_fixed_point_multiply_add_nn_contrib_conv2d_NCHWc_add_fixed_point_multiply_per_axis_add_clip_constant[1] = {
    +0x00000004
};
#ifdef __cplusplus
}  // extern "C"
#endif

#ifdef __cplusplus
extern "C" {
#endif
static const int32_t __attribute__((section(".rodata.tvm"), aligned(16))) fused_cast_subtract_fixed_point_multiply_add_nn_contrib_conv2d_NCHWc_add_constant_2[16] = {
    +0x00000009, +0x00000009, +0x00000008, +0x00000008, +0x00000009, +0x00000009, +0x00000009, +0x00000009, 
    +0x0000000a, +0x00000009, +0x00000009, +0x00000008, +0x00000009, +0x00000008, +0x00000008, +0x00000009
};
#ifdef __cplusplus
}  // extern "C"
#endif

#ifdef __cplusplus
extern "C" {
#endif
static const int32_t __attribute__((section(".rodata.tvm"), aligned(16))) fused_cast_subtract_fixed_point_multiply_add_nn_contrib_conv2d_NCHWc_add_constant_1[16] = {
    +0x00000000, +0x00000000, +0x00000000, +0x00000000, +0x00000000, +0x00000000, +0x00000000, +0x00000000, 
    +0x00000000, +0x00000000, +0x00000000, +0x00000000, +0x00000000, +0x00000000, +0x00000000, +0x00000000
};
#ifdef __cplusplus
}  // extern "C"
#endif

#ifdef __cplusplus
extern "C" {
#endif
static const int32_t __attribute__((section(".rodata.tvm"), aligned(16))) fused_cast_subtract_fixed_point_multiply_add_nn_contrib_conv2d_NCHWc_add_constant[16] = {
    +0x43cc9aab, +0x6928050e, +0x4b592f7b, +0x61c0194a, +0x6f988c38, +0x56af9ddb, +0x6f0c5a2b, +0x657c6bfd, 
    +0x7b0b8968, +0x6e5c6901, +0x67c48660, +0x5da40a73, +0x40fb283c, +0x57131323, +0x4807735f, +0x5e531a13
};
#ifdef __cplusplus
}  // extern "C"
#endif

#ifdef __cplusplus
extern "C" {
#endif
static const int32_t __attribute__((section(".rodata.tvm"), aligned(16))) fused_cast_subtract_fixed_point_multiply_add_nn_contrib_conv2d_NCHWc_constant[16] = {
    +0x00002060, +0x000005e6, -0x000003ec, -0x00001019, +0x00000223, +0x00000194, -0x00000875, -0x0000166b, 
    -0x00000078, +0x000019b0, +0x00001acc, -0x0000033c, -0x000007ac, +0x00000212, +0x00000a33, -0x00001c0c
};
#ifdef __cplusplus
}  // extern "C"
#endif

#ifdef __cplusplus
extern "C" {
#endif
static const int32_t __attribute__((section(".rodata.tvm"), aligned(16))) fused_cast_constant[1] = {
    -0x00000080
};
#ifdef __cplusplus
}  // extern "C"
#endif

#ifdef __cplusplus
extern "C" {
#endif
static const int16_t __attribute__((section(".rodata.tvm"), aligned(16))) fused_cast_subtract_fixed_point_multiply_add_constant[2304] = {
    -0x0056, +0x000c, -0x004f, -0x0021, +0x0042, +0x0034, -0x0012, +0x000d, 
    -0x002b, -0x0018, -0x0035, -0x002b, +0x000a, -0x0017, +0x001e, +0x0016, 
    -0x0030, +0x0036, -0x0030, +0x000f, +0x005e, -0x0014, +0x0015, +0x000f, 
    +0x005e, -0x0018, +0x0029, -0x0010, -0x001f, +0x0033, +0x0007, +0x0018, 
    -0x0060, -0x0024, -0x0004, +0x0000, +0x007f, -0x0010, +0x000e, -0x0005, 
    +0x005a, +0x0023, +0x002c, +0x0039, +0x000b, -0x002a, -0x0011, -0x0029, 
    +0x0008, +0x007f, -0x005a, -0x0003, +0x0011, +0x0033, -0x0025, -0x0004, 
    -0x000d, -0x0026, -0x0003, -0x003f, +0x000a, +0x004a, -0x0049, +0x0029, 
    +0x0020, +0x0005, +0x0057, +0x0060, +0x002b, -0x0013, -0x0009, +0x0009, 
    +0x0017, -0x0031, +0x006a, +0x0028, +0x0017, -0x0019, +0x0052, +0x0001, 
    -0x001f, -0x0060, +0x0030, +0x001b, +0x0006, -0x0037, +0x0009, -0x000d, 
    +0x0007, +0x006f, +0x0001, +0x007f, -0x0014, -0x004f, +0x0008, -0x0016, 
    +0x0040, +0x003e, -0x0019, -0x0003, +0x001e, -0x0029, -0x0010, -0x001d, 
    -0x0046, -0x0039, -0x0017, -0x0047, -0x005e, +0x0049, -0x004f, -0x0007, 
    +0x002f, -0x0023, +0x002a, +0x003d, -0x0037, -0x003f, -0x0017, +0x001e, 
    -0x003e, -0x000a, +0x0000, -0x000d, -0x003a, -0x0048, +0x0039, -0x003c, 
    +0x0039, -0x0050, +0x000a, +0x001d, -0x005f, +0x0002, -0x0008, +0x000e, 
    +0x001e, +0x002c, -0x0024, +0x0007, -0x0029, -0x0027, +0x000f, -0x0022, 
    -0x0067, -0x002e, -0x0025, -0x0013, +0x0018, -0x001c, -0x0013, +0x0022, 
    +0x0058, -0x004d, +0x000a, -0x001a, +0x0017, +0x0012, +0x0023, -0x0017, 
    +0x0022, +0x003e, +0x0014, -0x000f, -0x000c, +0x001f, +0x0008, +0x0023, 
    +0x003d, -0x0037, -0x0017, +0x000f, +0x0064, -0x002a, -0x0052, +0x0011, 
    +0x005f, -0x0053, +0x0001, +0x0000, -0x000e, +0x001d, -0x0032, +0x0022, 
    +0x0008, +0x0057, +0x0003, +0x0022, +0x002b, -0x002e, +0x000c, +0x0016, 
    -0x0014, +0x002b, +0x0018, -0x0014, -0x001d, -0x0026, -0x0014, +0x0008, 
    -0x000b, -0x0020, +0x0006, -0x0030, +0x0033, +0x0021, -0x000c, -0x001c, 
    +0x0016, +0x0073, +0x0024, -0x0021, -0x0029, -0x0001, +0x005b, +0x0011, 
    +0x0023, -0x001a, -0x001b, +0x0007, +0x007f, -0x0011, -0x007f, -0x0019, 
    +0x000e, -0x0077, +0x0022, -0x000f, -0x0006, +0x003d, -0x0042, +0x0008, 
    -0x0008, +0x0023, +0x0029, +0x000c, +0x0025, -0x0019, -0x000f, -0x000e, 
    -0x0018, -0x0018, +0x0014, +0x0012, +0x001f, -0x0039, +0x0018, +0x0002, 
    -0x0027, -0x000d, +0x0013, -0x0020, -0x0004, -0x002c, -0x0009, -0x002a, 
    +0x0019, +0x003a, -0x0006, +0x0012, -0x0038, -0x0012, -0x0015, +0x0002, 
    -0x0024, +0x0025, -0x0011, -0x000b, +0x0013, +0x001b, -0x0028, -0x0008, 
    -0x0011, -0x004d, +0x0001, +0x0012, -0x002c, -0x0004, -0x0003, -0x0012, 
    -0x0044, +0x0014, +0x0017, -0x0025, +0x0008, +0x0014, +0x0002, +0x0009, 
    -0x0040, -0x000a, +0x0000, -0x0024, +0x002e, +0x0041, -0x0001, +0x0028, 
    +0x001e, +0x0000, +0x0011, -0x0021, -0x002d, +0x0008, +0x0016, -0x0005, 
    -0x004c, +0x0000, -0x0007, +0x0009, -0x0008, +0x0007, +0x0003, +0x001b, 
    +0x002d, -0x0002, +0x0025, -0x0015, +0x0047, +0x0002, +0x001b, +0x0025, 
    -0x000f, +0x0014, -0x0039, -0x0007, -0x0020, +0x0008, +0x0010, +0x0011, 
    +0x0030, -0x0009, -0x0005, -0x000f, +0x004b, -0x000b, -0x0006, +0x0020, 
    +0x0018, +0x0044, +0x0009, +0x000d, +0x0013, -0x0005, -0x0018, +0x001a, 
    +0x0000, +0x0034, -0x0011, +0x0000, -0x0017, +0x0006, +0x0000, +0x0012, 
    +0x000b, +0x0007, +0x0012, +0x001f, -0x0017, -0x002d, +0x0018, +0x0006, 
    +0x0007, +0x000a, +0x0016, -0x0002, +0x0049, +0x0019, +0x0006, -0x0007, 
    +0x000f, +0x004f, -0x0008, -0x0005, -0x000f, +0x0006, -0x0007, +0x000b, 
    +0x0020, +0x000e, -0x0012, -0x0013, +0x0031, -0x0008, -0x0011, +0x001b, 
    -0x0009, -0x000b, +0x0031, +0x000d, -0x0039, -0x000e, +0x000e, +0x001a, 
    -0x0052, +0x000c, -0x001b, +0x000e, -0x005a, +0x0005, +0x0000, -0x0026, 
    +0x003e, -0x0017, +0x001b, +0x001b, -0x0044, -0x002a, +0x0010, +0x000f, 
    -0x004a, -0x0029, -0x0014, +0x0003, -0x0005, +0x0031, +0x002d, -0x0041, 
    +0x0024, -0x000c, +0x000a, -0x002f, -0x000c, +0x0037, -0x0030, +0x0009, 
    -0x0004, -0x0028, -0x001e, -0x0012, +0x001a, +0x0008, +0x0005, -0x000f, 
    +0x001b, -0x0035, -0x0011, +0x0001, +0x0014, +0x001d, +0x0014, -0x0003, 
    -0x0014, +0x003d, -0x0013, +0x0001, -0x0047, -0x003b, -0x000c, -0x001a, 
    +0x0035, -0x001e, +0x000a, -0x0005, +0x001c, -0x0012, -0x000b, +0x0029, 
    +0x001f, +0x0007, -0x0012, +0x0002, -0x001a, -0x0062, +0x0021, +0x0005, 
    -0x0023, +0x0008, +0x000a, +0x0005, +0x003e, -0x002a, +0x0011, -0x000e, 
    -0x0011, -0x000e, -0x000d, -0x0011, +0x0035, +0x0043, +0x0008, +0x0022, 
    +0x000d, -0x0050, -0x0011, +0x0007, -0x0051, +0x005a, -0x0010, +0x0003, 
    -0x003b, +0x0036, +0x000f, -0x0012, +0x0009, -0x005f, +0x0012, +0x0007, 
    +0x0014, -0x0036, +0x000f, -0x000a, -0x0036, -0x0037, -0x000b, +0x0031, 
    -0x0014, -0x0002, +0x0018, -0x002d, -0x004d, -0x006f, +0x0074, -0x001c, 
    -0x0033, +0x0026, -0x000b, +0x001b, +0x000b, -0x0002, -0x0001, +0x000a, 
    -0x002e, -0x0005, +0x0034, -0x003c, -0x0047, +0x0073, -0x0018, +0x000d, 
    +0x001a, -0x0048, -0x0020, +0x0019, -0x007e, +0x002c, -0x0007, -0x0002, 
    -0x0042, +0x0011, -0x0007, -0x0021, +0x001e, -0x0014, -0x0022, +0x0017, 
    +0x0000, -0x0007, -0x000a, +0x0008, -0x0066, -0x0020, -0x0012, +0x0016, 
    -0x0001, +0x0000, -0x0010, -0x002a, -0x0023, +0x003f, -0x0016, -0x0011, 
    -0x0030, +0x002f, +0x0002, +0x0011, -0x0057, +0x0005, -0x0002, -0x001a, 
    -0x0050, +0x0019, -0x001f, -0x002e, +0x0002, +0x0032, -0x003c, +0x000a, 
    +0x000d, +0x0027, -0x0033, -0x0008, +0x001d, +0x0030, +0x001f, -0x001c, 
    +0x0031, -0x002c, -0x0016, -0x002d, -0x0008, +0x002d, -0x0008, -0x0019, 
    +0x0000, +0x002a, -0x0033, +0x0000, -0x0017, +0x001a, +0x007a, +0x0019, 
    -0x003e, -0x0003, +0x0009, +0x0022, +0x0019, +0x0062, +0x0011, -0x0009, 
    +0x001a, +0x0022, -0x0009, -0x0001, +0x0002, -0x0018, +0x0046, +0x000b, 
    +0x0024, +0x000b, +0x0010, -0x0001, -0x0004, +0x0045, +0x0003, -0x000b, 
    +0x000a, +0x0023, -0x0009, +0x0001, +0x0026, +0x0012, +0x0025, -0x0022, 
    +0x007f, -0x0007, +0x0004, -0x0023, -0x000a, +0x0011, -0x0024, +0x000b, 
    -0x0029, -0x002e, -0x000d, +0x0012, -0x0007, +0x002b, +0x0063, +0x001d, 
    -0x003c, -0x0005, +0x005b, -0x0008, +0x000e, +0x0012, +0x0026, +0x000e, 
    -0x000f, -0x001d, -0x0020, +0x001e, -0x0011, +0x0012, +0x001c, +0x0000, 
    +0x0059, -0x0038, +0x0038, -0x0034, +0x0001, -0x0017, +0x002d, +0x0037, 
    -0x000b, -0x0022, +0x001b, +0x0035, +0x0032, -0x0014, +0x001b, -0x0005, 
    +0x0036, +0x0004, -0x000e, +0x000a, +0x002e, -0x0041, -0x0022, +0x004a, 
    -0x0024, -0x001b, +0x0020, +0x0029, -0x0008, +0x0002, +0x001a, +0x0023, 
    -0x003a, +0x0010, +0x0001, +0x0049, +0x0000, -0x005c, +0x000c, +0x0047, 
    +0x0008, +0x0014, -0x000c, -0x0019, +0x0005, -0x0021, -0x004f, -0x0019, 
    +0x002a, -0x0020, -0x000d, +0x000a, -0x0006, -0x0025, +0x0028, +0x0004, 
    -0x0032, -0x001b, +0x002d, -0x0006, -0x001a, +0x0020, +0x0013, -0x0021, 
    +0x0045, -0x0043, -0x0040, +0x0005, -0x0010, +0x000f, -0x0017, -0x0011, 
    -0x0006, -0x0052, +0x0001, +0x000c, -0x0008, +0x0050, -0x000c, -0x000f, 
    -0x0005, -0x003e, -0x000f, -0x0019, +0x000d, -0x0003, -0x001b, -0x0035, 
    -0x0014, -0x0038, +0x0027, -0x0012, +0x0010, -0x0024, +0x0009, -0x0007, 
    -0x0029, -0x0001, +0x003c, +0x0001, -0x0009, -0x0009, +0x0028, -0x0009, 
    -0x0035, -0x0006, +0x0006, +0x0007, +0x0001, -0x0029, -0x000d, +0x0031, 
    +0x000b, -0x002f, -0x001b, -0x0007, -0x0016, -0x0010, +0x002d, -0x0064, 
    +0x0012, +0x001a, +0x0000, -0x000f, -0x0062, -0x0004, +0x0028, +0x002f, 
    -0x003d, -0x0005, -0x0024, -0x001e, +0x0006, +0x000a, +0x0026, -0x007f, 
    -0x0007, -0x0005, +0x0030, -0x0007, +0x0029, +0x000f, +0x0007, -0x0010, 
    -0x0041, +0x0004, -0x0012, -0x0001, -0x0016, +0x0004, +0x0043, +0x0000, 
    -0x001f, +0x0010, -0x0016, +0x000c, +0x0035, -0x0015, -0x004c, -0x000e, 
    +0x0019, -0x0014, +0x0022, -0x0019, +0x001b, -0x0002, +0x0014, +0x001a, 
    +0x001e, +0x002f, -0x0004, +0x000f, -0x0024, +0x0003, -0x0022, -0x001b, 
    -0x0023, +0x0006, -0x0014, +0x0003, +0x0031, -0x0016, -0x001c, -0x0009, 
    +0x0000, +0x002c, +0x0041, -0x0016, +0x0042, -0x001d, -0x0002, -0x0004, 
    -0x0035, +0x001e, -0x0037, -0x0015, +0x0013, -0x0005, +0x000f, +0x003e, 
    -0x001d, +0x000a, +0x0026, +0x0012, -0x0004, +0x0017, -0x004f, +0x0018, 
    -0x001a, +0x001f, -0x0018, +0x0018, -0x0001, +0x001e, -0x0002, +0x0031, 
    +0x0047, -0x0004, +0x0025, +0x001a, -0x0006, +0x0018, -0x0036, -0x0002, 
    -0x004b, +0x0003, +0x001c, -0x000c, +0x0013, +0x0021, +0x001d, +0x000b, 
    +0x001e, -0x0001, +0x0045, +0x002e, -0x001f, +0x0002, -0x002d, +0x000c, 
    -0x0001, -0x003a, +0x0014, -0x0020, +0x0009, +0x0022, +0x003b, +0x0025, 
    -0x0010, +0x000d, -0x0022, -0x000f, -0x0018, +0x001f, -0x007c, +0x0019, 
    +0x0002, -0x0005, -0x0032, +0x001b, +0x0014, +0x0012, -0x0027, +0x0007, 
    +0x0029, +0x0013, -0x0039, +0x001d, -0x003a, +0x0032, -0x007f, +0x005a, 
    -0x0065, -0x000e, +0x0004, +0x0009, -0x002f, +0x0025, -0x0019, -0x0021, 
    -0x001e, -0x0001, +0x000a, +0x001b, -0x0017, +0x002f, -0x005b, -0x000f, 
    -0x000b, -0x003a, -0x002b, -0x000d, -0x000e, +0x002a, -0x000d, +0x0017, 
    -0x0039, -0x0005, +0x0012, -0x002a, -0x0023, -0x0009, -0x003e, +0x002e, 
    +0x0025, -0x0007, -0x001f, -0x001f, +0x0006, -0x0013, -0x0003, +0x003d, 
    -0x000c, -0x0004, -0x002d, -0x0022, -0x0006, +0x000d, -0x0058, +0x0019, 
    -0x0038, -0x000d, -0x0001, -0x0031, -0x0069, -0x001b, +0x0020, +0x0002, 
    -0x0026, +0x0015, -0x000c, -0x0004, +0x0017, +0x0004, -0x0050, -0x0034, 
    -0x0013, -0x0028, -0x0030, -0x0031, -0x001d, +0x0001, +0x0016, +0x0003, 
    -0x0010, +0x001c, -0x004a, -0x000f, +0x0004, -0x0012, +0x001d, +0x0026, 
    +0x0019, +0x0004, -0x0018, +0x0008, -0x002a, +0x0002, +0x0037, +0x0018, 
    +0x0000, +0x0042, -0x0014, +0x0010, +0x0019, +0x001b, -0x001e, +0x0054, 
    +0x001b, +0x005f, +0x0010, +0x003d, -0x003d, +0x0014, +0x005b, -0x0005, 
    +0x0009, +0x0028, -0x0001, +0x0013, -0x000c, +0x0033, +0x0020, +0x0024, 
    +0x003f, +0x007f, -0x0004, +0x0013, -0x000a, +0x0044, +0x0012, -0x001b, 
    +0x003a, +0x0056, -0x0066, -0x0002, +0x0023, -0x000e, +0x0024, +0x004e, 
    +0x0028, -0x001f, -0x000b, +0x000d, -0x0019, +0x0014, +0x0011, -0x000f, 
    +0x0010, +0x0070, -0x0048, +0x003c, -0x0024, -0x0053, +0x001b, +0x005b, 
    +0x0030, -0x0008, +0x000f, +0x003b, -0x005a, +0x0005, +0x0038, +0x0003, 
    +0x0018, +0x0029, -0x0034, +0x000e, +0x000d, -0x0039, -0x000b, +0x0036, 
    +0x000f, +0x0013, +0x0042, +0x000e, -0x0027, +0x0026, +0x0002, +0x000c, 
    +0x002d, -0x000a, +0x0002, -0x0004, +0x002a, -0x001f, +0x001a, +0x0019, 
    -0x0012, -0x001a, +0x0017, -0x002d, -0x0008, +0x0005, +0x001f, -0x0006, 
    +0x001c, +0x0037, -0x001d, -0x0019, -0x0023, -0x0015, +0x0032, +0x0038, 
    +0x0012, +0x0006, -0x000f, -0x002e, -0x001a, -0x000c, +0x0006, -0x0015, 
    +0x0018, -0x0012, -0x0034, +0x0000, +0x002e, -0x0030, +0x0054, +0x0006, 
    -0x0001, +0x0026, +0x0020, -0x002e, -0x0025, -0x0015, -0x002f, +0x0002, 
    -0x0010, +0x002b, -0x0011, +0x0028, +0x0017, +0x0007, -0x004c, +0x0010, 
    +0x005a, +0x000e, +0x0024, -0x0003, -0x0015, -0x0002, +0x0032, +0x0002, 
    +0x001a, +0x002d, -0x0020, +0x0029, -0x0010, -0x0009, -0x0005, +0x0009, 
    +0x0037, +0x002b, +0x0037, +0x0005, -0x004b, -0x002b, +0x004d, -0x0004, 
    +0x0034, +0x0019, -0x001f, +0x0001, -0x0018, -0x000c, -0x0006, -0x0005, 
    -0x000e, -0x0010, -0x004f, -0x000b, -0x003f, -0x0009, +0x0021, +0x0006, 
    -0x0058, -0x0007, -0x0005, -0x0006, +0x0024, +0x0006, -0x0073, +0x0014, 
    +0x005e, +0x0037, -0x0027, +0x001f, -0x0034, +0x001b, -0x000b, +0x0031, 
    -0x0036, -0x000e, +0x0015, +0x0039, +0x0038, -0x0011, -0x0027, +0x0014, 
    +0x0030, +0x0047, +0x001c, +0x000f, -0x0044, +0x0014, +0x002a, +0x0002, 
    +0x0050, +0x000f, +0x0019, +0x001e, -0x0001, +0x0033, -0x0023, +0x002d, 
    +0x000a, -0x0012, -0x003c, -0x002f, -0x0046, +0x0025, +0x0004, -0x0002, 
    -0x0004, -0x0015, +0x0028, +0x0004, -0x0054, -0x0009, -0x004a, +0x0008, 
    +0x0012, -0x004c, +0x0004, +0x000a, +0x0014, +0x0014, +0x0018, +0x0010, 
    -0x002c, -0x002a, -0x004a, +0x0007, +0x0035, -0x004f, -0x0004, +0x0009, 
    -0x0002, -0x0038, +0x0030, +0x0016, +0x0022, +0x003d, +0x0041, +0x0019, 
    +0x004a, -0x0005, -0x001f, +0x002c, +0x002f, -0x001b, +0x0002, +0x0018, 
    +0x004c, -0x001d, -0x0017, -0x0015, -0x0003, +0x004d, +0x0013, +0x0010, 
    +0x000f, +0x0017, +0x0015, -0x0006, +0x000b, -0x0014, -0x0037, -0x001d, 
    +0x0052, +0x000e, -0x0018, -0x000d, +0x001a, -0x0025, +0x003f, +0x0001, 
    -0x0047, +0x0024, +0x004b, +0x002e, +0x0006, +0x0003, -0x0019, -0x000f, 
    +0x0062, +0x0007, +0x003d, -0x000f, +0x0000, -0x0041, -0x0007, -0x0002, 
    +0x0031, -0x001a, +0x0059, +0x0010, +0x003b, +0x0008, -0x001e, -0x0005, 
    +0x0005, +0x0031, -0x0005, -0x0018, +0x0008, -0x0023, +0x0008, +0x000d, 
    -0x0052, -0x0032, -0x0003, -0x003c, +0x003b, -0x0004, -0x0008, -0x0027, 
    +0x002e, +0x0031, -0x0032, -0x0013, -0x0055, +0x002d, +0x0014, -0x001f, 
    -0x007f, -0x003e, +0x0011, +0x0019, -0x0032, -0x000b, +0x0021, -0x002e, 
    +0x0056, -0x0010, +0x0000, +0x0002, -0x004b, -0x0006, -0x0038, +0x001e, 
    +0x003b, -0x0078, +0x0079, +0x001c, -0x0026, -0x0007, -0x0021, +0x0000, 
    -0x0015, -0x0014, +0x000e, +0x000e, +0x004c, -0x0029, -0x0007, +0x0012, 
    -0x0028, -0x0018, +0x000d, -0x0018, +0x0002, +0x002b, +0x0011, -0x0032, 
    +0x0025, -0x0002, +0x0001, +0x000a, -0x0002, +0x002a, -0x0007, -0x0011, 
    -0x0012, -0x001f, -0x0037, -0x0015, +0x0010, +0x002c, -0x0032, -0x0026, 
    +0x005c, -0x0043, +0x000d, +0x0014, +0x0004, -0x001f, -0x0023, -0x0008, 
    +0x000b, -0x0025, -0x000b, +0x0007, +0x0023, +0x000e, +0x0011, +0x000b, 
    +0x0048, -0x003d, +0x0010, +0x0014, +0x001e, -0x0010, -0x000c, +0x000a, 
    -0x0001, +0x002b, -0x002f, +0x0012, -0x0018, -0x0018, -0x0017, +0x0007, 
    -0x000f, +0x0008, +0x0020, +0x0012, +0x0043, +0x000e, -0x005f, +0x0023, 
    +0x0015, +0x0039, -0x0012, +0x000a, +0x000d, -0x0005, +0x0003, +0x0009, 
    -0x0003, +0x0001, +0x0000, -0x0005, +0x0066, +0x0009, -0x0047, +0x0005, 
    -0x0018, +0x0028, -0x0010, -0x001a, +0x000d, -0x000c, -0x0007, +0x000c, 
    -0x0009, -0x0018, +0x0013, -0x002c, +0x000f, +0x000d, -0x001c, +0x0006, 
    -0x0022, -0x0005, -0x0012, +0x0043, +0x000d, -0x0024, +0x0002, +0x000d, 
    -0x001b, +0x0003, -0x001b, +0x0019, +0x0032, +0x0014, -0x002d, -0x0007, 
    -0x003a, -0x0004, -0x000c, +0x0022, +0x0002, -0x001d, +0x0007, +0x0003, 
    -0x0031, +0x0005, -0x001b, +0x0026, +0x0015, -0x0034, +0x0028, -0x000e, 
    -0x0018, +0x0023, +0x0016, -0x0007, +0x0035, -0x002a, +0x0015, -0x000f, 
    -0x004b, -0x0013, +0x0007, +0x0002, -0x002d, -0x0037, +0x0013, -0x000c, 
    -0x0009, +0x0002, -0x000d, +0x0019, +0x0019, -0x0001, -0x000a, +0x0009, 
    +0x0049, +0x001a, -0x002f, +0x000e, -0x0031, +0x003b, -0x001d, -0x0013, 
    -0x002a, +0x0004, -0x0005, +0x000d, +0x0025, +0x0005, +0x0007, +0x001a, 
    +0x0019, +0x002b, -0x0010, +0x0019, -0x005e, -0x001d, +0x0064, -0x0009, 
    -0x0012, +0x003a, +0x0010, -0x0002, +0x0023, +0x0015, +0x0030, -0x0001, 
    +0x0024, +0x0010, +0x0018, -0x0015, -0x006c, -0x000f, +0x0003, +0x0013, 
    +0x003a, -0x0037, -0x000f, +0x0009, -0x0048, -0x002c, -0x004b, -0x0034, 
    -0x0012, +0x000d, -0x002a, -0x001a, +0x000e, +0x0005, -0x002c, -0x0014, 
    -0x0003, -0x003c, -0x000f, -0x001b, -0x001e, -0x003a, -0x0040, +0x0009, 
    +0x0016, -0x004d, +0x0010, -0x0007, +0x0001, +0x0019, -0x0016, -0x0005, 
    +0x0004, -0x0045, -0x000a, -0x000f, +0x0016, -0x007f, -0x0045, +0x0015, 
    +0x0036, -0x0025, +0x0054, +0x0028, -0x002d, +0x0019, -0x007f, -0x001d, 
    +0x000b, -0x005d, -0x0027, +0x000a, -0x005f, -0x001d, -0x0012, -0x0022, 
    +0x0008, -0x000e, +0x0019, +0x000d, +0x0024, +0x002d, -0x0014, -0x002f, 
    +0x001d, -0x007c, -0x002c, -0x001a, -0x0066, -0x003f, +0x0011, -0x000d, 
    +0x0066, -0x004f, +0x001f, -0x0001, +0x004f, -0x0001, +0x000e, -0x0025, 
    +0x0042, -0x0051, -0x001b, -0x0008, -0x002a, -0x0029, -0x001d, -0x001c, 
    +0x0043, -0x001b, +0x0039, -0x0010, -0x0012, -0x0007, +0x0001, -0x007f, 
    -0x0011, -0x002c, +0x0001, -0x0014, -0x0011, +0x0025, -0x0014, +0x0002, 
    +0x002c, -0x000b, +0x0027, +0x0021, -0x0006, +0x0036, -0x0024, -0x0007, 
    -0x000e, -0x0017, -0x003c, -0x000f, -0x001e, +0x000d, +0x0015, +0x001e, 
    +0x0071, -0x0012, -0x0017, +0x0010, +0x000b, +0x002e, -0x0028, -0x000a, 
    +0x004a, -0x0025, -0x002b, -0x0001, -0x0023, +0x0042, +0x0011, +0x0003, 
    +0x0014, -0x001a, +0x002a, -0x0022, +0x0012, +0x0008, +0x0021, -0x0030, 
    +0x006d, -0x0018, +0x0021, -0x0006, +0x004d, +0x0010, -0x0004, +0x0011, 
    +0x0016, +0x000d, +0x0021, +0x0048, -0x0009, -0x0042, +0x0002, +0x0014, 
    +0x0041, +0x0043, +0x0023, +0x000b, +0x001e, +0x0001, +0x0009, +0x0007, 
    -0x000b, +0x000b, -0x0021, +0x0008, +0x000d, +0x0010, +0x0010, +0x003f, 
    +0x0041, -0x0016, -0x0041, +0x0000, +0x000a, -0x0013, +0x0028, -0x0024, 
    -0x0033, -0x002e, -0x000b, -0x0036, +0x001d, +0x0009, -0x000a, +0x0012, 
    +0x0043, -0x007f, +0x0021, -0x000d, +0x001e, +0x0017, -0x0012, +0x001a, 
    -0x0004, -0x0018, +0x0028, +0x005c, -0x001b, -0x0003, -0x007f, +0x0027, 
    +0x0007, +0x0022, -0x0018, -0x0039, -0x0003, +0x0008, -0x0025, +0x0033, 
    -0x006c, -0x0015, -0x002a, -0x000e, +0x0037, -0x0014, -0x000f, -0x0001, 
    -0x000f, +0x0024, -0x002a, +0x000e, -0x001e, -0x0004, -0x0018, +0x002a, 
    -0x002c, +0x0020, +0x001e, -0x0036, +0x0059, +0x0027, +0x002c, -0x0010, 
    -0x0023, +0x0037, -0x000b, +0x001e, +0x0022, +0x0006, -0x0020, +0x0017, 
    +0x0007, -0x0009, -0x0003, -0x0037, -0x0020, +0x000f, +0x0019, +0x0000, 
    -0x004e, -0x0019, -0x0002, +0x0014, +0x0006, -0x0003, -0x002c, +0x0029, 
    +0x000e, -0x0009, +0x0009, -0x004c, +0x0025, -0x0003, +0x0010, +0x000b, 
    -0x0036, +0x0005, -0x0027, -0x0002, +0x000f, +0x000c, +0x0007, +0x002d, 
    -0x0034, -0x0004, +0x0006, -0x002c, +0x006b, -0x000b, +0x0016, +0x001f, 
    -0x0039, +0x0003, -0x0012, -0x0001, +0x000f, -0x001b, -0x002f, +0x0018, 
    +0x003d, -0x001c, +0x0007, -0x002e, +0x0011, -0x002e, +0x0045, +0x0037, 
    -0x0049, +0x0038, +0x002c, +0x0000, -0x001b, +0x0007, +0x0003, -0x0011, 
    +0x006e, -0x000f, -0x003a, +0x0002, +0x0035, -0x0018, -0x0018, +0x0010, 
    -0x0021, -0x0016, +0x0042, -0x0048, -0x003a, -0x000f, +0x000a, -0x005e, 
    +0x0078, +0x0001, -0x0015, +0x001b, +0x0028, +0x0006, -0x003b, +0x002d, 
    +0x004e, +0x0009, -0x0024, +0x001f, +0x0049, -0x0016, +0x0000, -0x000a, 
    -0x000f, +0x0000, -0x000c, -0x0033, -0x000e, +0x0079, +0x0005, -0x0012, 
    +0x0050, -0x0051, +0x0015, +0x003e, +0x001a, +0x004e, -0x0024, +0x000f, 
    +0x0049, -0x0008, -0x002a, -0x0011, -0x003a, -0x0057, -0x0030, +0x0026, 
    -0x000f, +0x0045, -0x0013, -0x0025, -0x0047, -0x0002, +0x0020, +0x0016, 
    +0x0062, -0x000c, +0x0014, -0x000c, -0x0004, -0x0006, -0x002c, +0x0014, 
    +0x007f, -0x0001, -0x0022, -0x0002, +0x006f, +0x0023, -0x0001, +0x0028, 
    +0x0025, -0x000d, -0x001d, +0x0008, +0x0027, -0x0009, -0x0009, +0x0019, 
    +0x0075, -0x0012, -0x0012, +0x003f, -0x0002, -0x002d, -0x0025, +0x005a, 
    +0x0050, -0x001c, -0x000c, +0x0008, -0x0009, +0x0034, +0x0015, +0x0036, 
    -0x006f, -0x000c, -0x001c, +0x0009, -0x0039, +0x0015, +0x000a, +0x0043, 
    +0x004f, -0x0024, +0x000b, -0x0016, -0x004b, -0x001f, +0x000f, +0x0000, 
    +0x0068, +0x0010, +0x004b, +0x003a, -0x001a, -0x000a, +0x0009, +0x002a, 
    -0x003a, +0x0009, -0x0025, -0x001f, -0x0002, +0x0004, -0x0006, +0x0010, 
    +0x0074, +0x0014, +0x003a, +0x0033, -0x000f, -0x0016, +0x0048, +0x0047, 
    -0x003c, +0x0000, +0x0006, -0x005d, -0x001f, +0x0010, -0x0019, +0x0000, 
    +0x007c, -0x0028, -0x0006, +0x0024, -0x0014, -0x0018, +0x0017, +0x000c, 
    -0x0020, +0x0004, +0x001a, -0x0035, -0x000c, +0x0005, -0x0004, +0x0003, 
    +0x005f, +0x001f, +0x002d, -0x0020, -0x005e, -0x0005, +0x0051, +0x002c, 
    -0x005a, +0x0010, -0x001e, -0x004a, -0x0037, -0x0006, -0x0022, +0x007f, 
    +0x0053, -0x0013, +0x001c, +0x0027, -0x001b, -0x001b, +0x004b, +0x0029, 
    -0x0031, -0x0013, -0x0013, -0x006a, -0x0011, +0x000b, -0x0011, +0x0032, 
    +0x003d, +0x0009, -0x002d, +0x0018, +0x0014, -0x000b, +0x0013, +0x0021, 
    -0x001f, +0x000e, +0x0021, -0x0028, +0x002c, +0x000f, +0x0002, -0x002c, 
    +0x0012, +0x0011, +0x0012, +0x0009, -0x006e, +0x0003, +0x0035, +0x001f, 
    +0x0021, -0x000c, -0x000f, -0x003c, -0x000e, -0x000a, -0x0013, +0x004b, 
    -0x0029, -0x0002, +0x001e, +0x0011, +0x0003, +0x000c, -0x0001, +0x0003, 
    +0x001b, -0x0023, -0x0032, -0x004f, +0x0033, +0x0003, +0x000d, -0x001f, 
    +0x000c, +0x0025, +0x0012, -0x002d, +0x0038, +0x0020, +0x001a, +0x0013, 
    -0x0013, +0x0002, +0x0026, +0x0004, +0x0003, -0x0006, -0x000b, -0x007d, 
    -0x000a, +0x0025, -0x002c, -0x0014, -0x0040, +0x002f, +0x001c, -0x0033, 
    -0x006a, -0x0019, +0x001f, -0x0012, +0x0040, +0x0033, -0x0014, -0x0018, 
    -0x003c, -0x0003, -0x001a, +0x0003, +0x0017, +0x0013, +0x000f, +0x000d, 
    -0x0030, -0x001d, +0x0007, -0x0020, +0x0045, +0x002e, +0x002c, -0x0006, 
    -0x004c, +0x000a, -0x001a, +0x0019, -0x0002, -0x0025, -0x0029, +0x000f, 
    -0x0009, +0x0007, -0x0019, -0x0019, +0x000e, -0x0028, +0x0025, +0x0014, 
    -0x0011, -0x0027, -0x0012, -0x0028, +0x000c, -0x0011, +0x001a, +0x001e, 
    -0x0009, +0x0002, +0x0021, -0x0044, +0x0025, -0x0034, +0x000f, -0x000b, 
    -0x0022, +0x0030, -0x0016, -0x0015, +0x002b, +0x0034, -0x0028, -0x000a, 
    +0x001b, -0x000d, -0x0013, -0x0038, +0x0019, +0x0046, +0x0019, -0x0008, 
    -0x003e, -0x0012, -0x000a, +0x0010, -0x000d, +0x0005, -0x002d, -0x0035, 
    +0x0017, +0x000b, -0x001c, +0x0011, +0x0002, -0x0008, +0x0025, +0x001a, 
    +0x0023, +0x0028, -0x000f, -0x0006, -0x0015, +0x001c, -0x0025, +0x0009, 
    +0x0008, -0x0009, -0x000e, -0x003e, -0x003b, -0x0036, +0x0001, +0x0011, 
    -0x000c, -0x0026, -0x0003, -0x0022, -0x0008, -0x002e, -0x002b, +0x0016, 
    +0x0002, -0x0028, -0x0015, -0x0035, -0x0013, +0x0004, +0x0043, +0x000c, 
    -0x0009, +0x0008, -0x000b, +0x0006, -0x0026, +0x0004, +0x0009, -0x003a, 
    -0x0009, +0x0008, +0x000a, +0x001b, -0x0027, +0x0012, +0x0008, +0x0000
};
#ifdef __cplusplus
}  // extern "C"
#endif

#ifdef __cplusplus
extern "C" {
#endif
static const int32_t __attribute__((section(".rodata.tvm"), aligned(16))) fused_nn_contrib_conv2d_NCHWc_add_constant_2[16] = {
    +0x00000008, +0x0000000a, +0x00000009, +0x00000008, +0x00000009, +0x00000009, +0x00000009, +0x00000008, 
    +0x00000009, +0x00000009, +0x0000000a, +0x00000009, +0x00000008, +0x0000000b, +0x0000000a, +0x00000007
};
#ifdef __cplusplus
}  // extern "C"
#endif

#ifdef __cplusplus
extern "C" {
#endif
static const int32_t __attribute__((section(".rodata.tvm"), aligned(16))) fused_nn_contrib_conv2d_NCHWc_add_constant_1[16] = {
    +0x00000000, +0x00000000, +0x00000000, +0x00000000, +0x00000000, +0x00000000, +0x00000000, +0x00000000, 
    +0x00000000, +0x00000000, +0x00000000, +0x00000000, +0x00000000, +0x00000000, +0x00000000, +0x00000000
};
#ifdef __cplusplus
}  // extern "C"
#endif

#ifdef __cplusplus
extern "C" {
#endif
static const int32_t __attribute__((section(".rodata.tvm"), aligned(16))) fused_nn_contrib_conv2d_NCHWc_add_constant[16] = {
    +0x4a0d99f7, +0x5db8f099, +0x74c30f5a, +0x4d697d2c, +0x7d7fbde4, +0x58b57536, +0x7d29cd25, +0x61a67571, 
    +0x56b09700, +0x574806d8, +0x5391850c, +0x51b17104, +0x41a0395e, +0x6007c7eb, +0x591356bb, +0x456b84de
};
#ifdef __cplusplus
}  // extern "C"
#endif

#ifdef __cplusplus
extern "C" {
#endif
static const int32_t __attribute__((section(".rodata.tvm"), aligned(16))) fused_nn_contrib_conv2d_NCHWc_constant[16] = {
    +0x00001ab4, +0x00002cac, +0x000026b4, +0x00000d25, +0x00001a02, +0x00000ced, +0x00001add, +0x000013d1, 
    +0x00000db7, +0x000016a8, +0x0000169d, +0x00003943, +0x000024c7, -0x00002eaf, -0x00008924, +0x000021d3
};
#ifdef __cplusplus
}  // extern "C"
#endif

#ifdef __cplusplus
extern "C" {
#endif
static const int16_t __attribute__((section(".rodata.tvm"), aligned(16))) fused_constant[432] = {
    +0x0019, -0x000d, -0x003c, -0x0043, +0x0021, +0x0018, -0x004e, +0x0004, 
    -0x002f, -0x005d, +0x0024, +0x0007, +0x0015, +0x004a, +0x003f, -0x0046, 
    -0x0010, -0x0040, +0x0043, +0x003c, -0x003c, -0x000b, +0x0020, -0x0015, 
    +0x004b, +0x0028, -0x0054, +0x0004, +0x0011, -0x005b, +0x002d, +0x002d, 
    -0x0066, -0x0014, +0x0005, -0x0030, -0x0059, -0x0019, +0x0030, +0x0001, 
    -0x000a, -0x000f, -0x0037, +0x0022, +0x004b, -0x001f, -0x000c, +0x000f, 
    -0x0007, -0x0057, -0x0044, -0x0010, +0x0028, -0x0076, -0x004a, +0x007f, 
    -0x000c, -0x0061, -0x0015, +0x0013, -0x0014, +0x007f, -0x0031, +0x0009, 
    -0x0029, -0x001c, -0x003d, +0x0018, -0x0013, +0x0060, -0x0059, -0x002a, 
    -0x0052, -0x0046, +0x007f, +0x002d, -0x0001, +0x0026, +0x0005, -0x0006, 
    +0x0008, +0x002b, -0x0008, -0x0029, +0x0026, +0x0032, +0x0019, -0x0027, 
    +0x003a, +0x001f, +0x0036, +0x0007, +0x007f, -0x0015, -0x0016, -0x0025, 
    -0x0058, +0x0061, +0x0007, -0x0020, -0x0018, -0x0055, +0x0042, +0x001c, 
    +0x002c, +0x004f, +0x005d, -0x0009, -0x007f, +0x004c, +0x003e, +0x0067, 
    +0x0032, +0x0017, -0x005f, -0x005e, +0x0055, +0x0010, +0x0041, -0x0054, 
    -0x0053, -0x0044, -0x0018, +0x0071, +0x0025, -0x007f, -0x0017, -0x003e, 
    -0x0025, -0x0052, +0x0062, -0x0047, +0x0027, -0x0010, -0x002a, +0x0021, 
    +0x0002, -0x0037, +0x0018, +0x0028, -0x0010, -0x0045, +0x0019, +0x0007, 
    -0x0069, -0x004a, -0x0036, +0x001a, +0x000e, -0x0012, -0x003b, +0x004f, 
    +0x005c, -0x0016, +0x000d, +0x000e, -0x005d, -0x0031, +0x0000, -0x0015, 
    -0x0009, +0x000c, +0x0007, +0x0016, -0x001e, +0x0009, -0x0067, +0x0026, 
    +0x000d, -0x0010, +0x0065, -0x0031, +0x0025, +0x0065, +0x007f, +0x0001, 
    +0x001b, +0x0026, -0x0012, -0x002e, +0x0069, -0x000c, +0x0016, -0x0061, 
    +0x0020, -0x0002, +0x005c, +0x0046, -0x0025, +0x001d, +0x0040, +0x003a, 
    +0x0060, +0x0052, -0x003a, -0x007f, -0x0047, -0x0022, -0x003b, -0x0078, 
    -0x002b, +0x0028, -0x007c, -0x0002, +0x004e, +0x0055, -0x0015, +0x001b, 
    -0x0054, +0x0065, +0x0053, +0x0037, -0x0017, +0x0022, -0x0055, +0x005b, 
    +0x002a, +0x004c, +0x0064, +0x0002, -0x005e, -0x001b, -0x0035, -0x001a, 
    +0x0015, +0x001f, +0x0018, +0x0054, +0x0067, -0x000c, +0x005f, +0x005c, 
    +0x0059, -0x0012, +0x000c, -0x0066, +0x007f, -0x001b, +0x0024, +0x003c, 
    +0x005f, -0x0030, -0x000e, -0x0034, -0x000d, -0x0025, +0x0046, -0x005b, 
    -0x0018, +0x0004, -0x0010, -0x0037, -0x000b, +0x007f, +0x004a, -0x000c, 
    -0x0012, +0x0030, -0x001f, +0x0001, +0x0019, +0x0061, -0x0009, +0x0009, 
    -0x006c, -0x003b, +0x001b, -0x0033, +0x0023, -0x0034, -0x0077, +0x001e, 
    +0x0066, -0x0031, -0x0030, +0x0045, -0x006f, -0x000e, +0x0038, +0x007f, 
    -0x0076, -0x0018, +0x0047, +0x0050, -0x0014, +0x0008, +0x0006, -0x0029, 
    +0x0035, +0x0009, -0x0023, -0x0042, -0x003a, -0x0007, -0x0036, -0x0069, 
    +0x0013, +0x0010, -0x0017, -0x0011, -0x000b, +0x0013, -0x000d, -0x0028, 
    -0x0035, -0x001f, -0x007f, -0x0055, -0x003a, +0x002e, -0x0058, -0x0021, 
    -0x0007, -0x001b, +0x001b, +0x0028, +0x000f, +0x0023, -0x002d, +0x0028, 
    -0x0015, -0x0042, -0x0043, -0x0038, -0x0060, -0x0073, +0x0024, +0x0060, 
    -0x003f, -0x0020, -0x0016, -0x0024, -0x0005, +0x0033, -0x0002, +0x001e, 
    -0x003b, -0x0076, -0x000b, -0x0004, -0x0041, +0x002c, -0x002f, -0x007a, 
    +0x004c, +0x005a, +0x0017, -0x0034, +0x0017, -0x0059, +0x0037, +0x000a, 
    +0x007f, -0x0010, -0x0005, -0x001c, +0x0035, -0x0022, +0x003a, +0x007f, 
    +0x002a, -0x0017, -0x0026, -0x0001, -0x003d, +0x0000, -0x0017, +0x001d, 
    +0x0030, -0x0015, -0x000d, -0x0047, -0x0015, +0x000f, +0x002e, +0x000e, 
    +0x002c, +0x005b, +0x0036, +0x0056, -0x0032, +0x007f, +0x002b, -0x0010, 
    +0x0002, -0x003e, +0x0034, -0x0067, +0x0024, +0x001e, +0x002b, +0x0009, 
    -0x0005, +0x002f, -0x0016, +0x000a, +0x0054, +0x000a, -0x0029, +0x0011, 
    -0x0046, +0x001c, +0x0021, -0x0007, -0x0038, -0x0022, -0x001a, -0x0039, 
    +0x0041, -0x0019, +0x001c, +0x0006, -0x0038, +0x0008, +0x002e, +0x005f, 
    +0x001e, +0x001f, -0x0009, -0x0022, +0x0017, +0x0021, +0x0064, -0x0044, 
    -0x001e, +0x0020, +0x000e, +0x0004, -0x0008, +0x0046, -0x007f, +0x003b
};
#ifdef __cplusplus
}  // extern "C"
#endif

#ifdef __cplusplus
extern "C" {
#endif
static const int32_t __attribute__((section(".rodata.tvm"), aligned(16))) fused_nn_contrib_conv2d_NCHWc_add_constant_5[16] = {
    +0x00000008, +0x00000009, +0x00000009, +0x00000009, +0x00000008, +0x00000008, +0x00000008, +0x00000008, 
    +0x00000009, +0x00000007, +0x00000008, +0x00000008, +0x00000008, +0x00000008, +0x00000008, +0x00000008
};
#ifdef __cplusplus
}  // extern "C"
#endif

#ifdef __cplusplus
extern "C" {
#endif
static const int32_t __attribute__((section(".rodata.tvm"), aligned(16))) fused_nn_contrib_conv2d_NCHWc_add_constant_4[16] = {
    +0x00000000, +0x00000000, +0x00000000, +0x00000000, +0x00000000, +0x00000000, +0x00000000, +0x00000000, 
    +0x00000000, +0x00000000, +0x00000000, +0x00000000, +0x00000000, +0x00000000, +0x00000000, +0x00000000
};
#ifdef __cplusplus
}  // extern "C"
#endif

#ifdef __cplusplus
extern "C" {
#endif
static const int32_t __attribute__((section(".rodata.tvm"), aligned(16))) fused_nn_contrib_conv2d_NCHWc_add_constant_3[16] = {
    +0x56fabc71, +0x47a1a555, +0x7adf1097, +0x7e5c3698, +0x4674f674, +0x60c6e92e, +0x4069deb1, +0x5fd6fafa, 
    +0x6e0d8398, +0x419146b2, +0x444a73f6, +0x5cd8b422, +0x61447dca, +0x59ff7f00, +0x44cecfa7, +0x4494ab74
};
#ifdef __cplusplus
}  // extern "C"
#endif

#ifdef __cplusplus
extern "C" {
#endif
static const int32_t __attribute__((section(".rodata.tvm"), aligned(16))) fused_nn_contrib_conv2d_NCHWc_constant_1[16] = {
    +0x000047c9, -0x00003312, +0x000048d2, +0x000022e3, +0x00005840, +0x000008b5, -0x0000123f, +0x00000743, 
    +0x0000361c, +0x0000002a, -0x00006ff3, -0x00001476, +0x000007c1, +0x00000289, +0x00000445, +0x00001c12
};
#ifdef __cplusplus
}  // extern "C"
#endif

#ifdef __cplusplus
extern "C" {
#endif
static const int16_t __attribute__((section(".rodata.tvm"), aligned(16))) fused_constant_1[2304] = {
    +0x000f, +0x0009, -0x0023, +0x002d, +0x0008, -0x0014, +0x0045, +0x0002, 
    +0x0003, -0x000d, -0x000e, -0x0078, -0x0004, +0x000b, +0x006a, -0x0052, 
    +0x0006, +0x0016, -0x0003, -0x0053, -0x0014, -0x0037, +0x004f, -0x0025, 
    -0x0062, +0x0052, -0x0028, -0x007f, +0x002b, +0x0023, +0x000c, +0x000d, 
    -0x0036, +0x0025, -0x0012, -0x0029, +0x0017, +0x0001, -0x0022, -0x001d, 
    -0x0005, +0x003b, -0x001c, -0x0018, -0x0026, +0x0041, -0x0020, +0x0058, 
    -0x0019, +0x0025, -0x000a, +0x0024, -0x000b, -0x0024, +0x0023, +0x0004, 
    +0x0027, -0x0010, -0x0006, +0x000e, +0x0043, -0x003d, +0x004e, -0x0016, 
    -0x001f, -0x000d, -0x000c, -0x0030, -0x004b, -0x0044, +0x0035, -0x0028, 
    -0x000f, +0x006a, -0x0022, +0x0036, +0x0038, -0x0014, -0x0011, -0x001f, 
    -0x001a, -0x001d, +0x0009, -0x001e, +0x0032, -0x0032, -0x0030, +0x0012, 
    +0x0004, +0x0055, -0x0009, +0x002d, -0x007b, +0x0011, -0x0076, +0x0006, 
    +0x000e, +0x0014, +0x0013, +0x0023, +0x0016, +0x0013, -0x000c, +0x0023, 
    -0x000e, -0x001e, -0x000f, +0x001f, -0x0014, +0x0023, +0x0008, -0x0021, 
    +0x0025, +0x000b, -0x002f, -0x0006, +0x0002, +0x0011, +0x002c, +0x0006, 
    +0x0022, -0x001c, -0x0023, -0x0019, -0x0006, -0x0004, -0x0014, -0x000a, 
    +0x0055, -0x0041, -0x0004, +0x0001, +0x002f, -0x001c, -0x0021, +0x0020, 
    +0x000b, -0x001a, -0x0031, -0x002a, -0x004f, -0x0029, -0x0045, +0x005b, 
    -0x0010, +0x0012, -0x0006, +0x0017, +0x001a, +0x0040, +0x0027, -0x0075, 
    +0x0009, +0x0018, +0x0056, -0x0056, +0x003f, +0x0018, +0x0024, -0x0029, 
    -0x0042, +0x0048, +0x001a, +0x000a, +0x0007, +0x0039, -0x0012, -0x0054, 
    +0x0013, -0x000a, -0x0062, -0x003a, -0x0055, -0x0072, -0x004d, -0x005a, 
    +0x0014, +0x0034, +0x000a, +0x0015, +0x0007, +0x0054, +0x001d, -0x003c, 
    +0x0031, +0x0012, -0x005d, -0x0003, +0x0029, -0x0045, +0x000d, +0x0059, 
    +0x0010, -0x0023, -0x0017, +0x000e, -0x0010, -0x0050, +0x0039, -0x004a, 
    +0x001a, -0x0013, +0x000c, -0x0031, -0x0012, +0x001c, +0x0009, +0x0031, 
    -0x0021, +0x0023, +0x0004, -0x0016, +0x0013, -0x007f, +0x0013, -0x0039, 
    -0x0064, -0x0038, -0x007f, -0x0020, +0x000a, -0x005d, -0x001c, -0x0016, 
    +0x001a, +0x001b, -0x0013, +0x0034, +0x001c, +0x0003, +0x000e, +0x0049, 
    -0x0011, +0x0000, -0x0003, +0x0057, -0x0023, -0x007d, +0x0050, -0x0031, 
    +0x0004, -0x0039, -0x000c, -0x001d, -0x005f, +0x000a, +0x000a, -0x001b, 
    -0x0008, +0x0003, -0x002a, +0x001e, -0x0027, +0x0028, -0x0040, -0x0010, 
    -0x0007, +0x0013, +0x0009, -0x001d, -0x0022, -0x002a, -0x0024, +0x000d, 
    -0x0022, -0x003f, -0x002d, +0x000c, -0x0022, +0x002c, +0x003d, +0x0000, 
    +0x000d, +0x0000, -0x0019, +0x0025, -0x0006, +0x0006, +0x0012, +0x0036, 
    -0x000a, +0x001b, +0x000c, +0x0004, -0x0004, -0x0026, -0x000b, +0x0018, 
    -0x000f, -0x0044, +0x001e, -0x0048, -0x0002, +0x0012, -0x0031, -0x000b, 
    +0x0002, +0x0005, -0x001e, +0x000f, +0x0007, -0x0010, +0x0012, -0x0009, 
    -0x0013, -0x000f, +0x0015, +0x0032, -0x0012, +0x006c, -0x0020, +0x0010, 
    -0x002a, +0x0010, +0x0015, +0x0002, -0x0057, +0x004c, +0x0005, +0x002a, 
    +0x001f, +0x0021, +0x0002, +0x0049, -0x000c, +0x004e, -0x0008, +0x0010, 
    +0x0002, -0x000f, -0x003e, +0x0008, -0x0012, +0x006e, +0x0026, +0x0023, 
    -0x0046, -0x0020, -0x0049, +0x0003, +0x0012, -0x000e, -0x0034, +0x0006, 
    +0x0000, +0x002b, +0x0014, +0x0002, +0x000f, -0x0024, +0x001a, +0x0002, 
    -0x000d, -0x003f, -0x000d, +0x0054, +0x0024, +0x0055, -0x0070, +0x0046, 
    -0x0052, +0x0042, +0x0044, +0x0012, -0x002e, -0x001a, +0x000d, +0x0021, 
    -0x0026, -0x0033, -0x0013, +0x0004, +0x001f, +0x0048, +0x0049, +0x002b, 
    -0x0021, +0x001f, +0x0038, +0x0030, -0x0019, -0x000e, -0x0013, +0x0035, 
    +0x0017, +0x0026, -0x0052, -0x0004, -0x000c, -0x0031, +0x0015, -0x000a, 
    -0x0006, +0x001b, -0x000c, +0x0010, +0x000e, -0x001c, +0x005e, -0x001a, 
    -0x001f, -0x0005, -0x0008, -0x002b, +0x0006, +0x0045, -0x0041, -0x001a, 
    -0x0009, +0x002c, +0x001d, +0x0007, -0x0002, -0x0007, +0x0013, +0x0013, 
    -0x000a, -0x0036, +0x0009, -0x0019, -0x002d, -0x000a, +0x0014, +0x0010, 
    +0x0022, +0x001c, +0x0039, +0x0000, +0x0007, -0x0023, -0x000f, -0x0009, 
    +0x0003, +0x0047, -0x0011, +0x0010, +0x0016, +0x0000, +0x0021, +0x001a, 
    -0x002d, +0x0024, +0x0053, +0x002e, -0x0002, +0x003a, +0x001e, -0x0005, 
    +0x0016, +0x0017, +0x0025, +0x0003, -0x0019, +0x0014, +0x003f, +0x0017, 
    -0x0015, +0x0012, +0x0040, +0x002e, +0x000b, +0x007c, +0x000b, -0x004f, 
    -0x003e, +0x0001, -0x000a, +0x0017, +0x0001, -0x001c, +0x0004, +0x0037, 
    +0x0016, -0x000d, +0x005b, +0x000b, -0x001c, +0x0070, -0x0011, +0x0012, 
    -0x0011, -0x0027, -0x0033, +0x0024, +0x002e, -0x0018, +0x003e, +0x001f, 
    -0x003a, +0x004e, +0x000b, -0x0002, -0x0020, -0x0016, +0x0003, +0x0013, 
    -0x0051, +0x0003, -0x002d, -0x002d, -0x0007, +0x000a, +0x0069, +0x0011, 
    -0x0014, +0x0025, +0x0016, +0x0002, +0x0040, -0x002c, +0x007e, +0x0017, 
    -0x0007, +0x000c, -0x0017, -0x0051, -0x0018, -0x0010, +0x0022, +0x0020, 
    +0x0010, -0x0018, +0x0043, -0x001d, +0x000b, +0x000e, -0x0022, +0x0015, 
    +0x0017, -0x0020, -0x003c, -0x0029, -0x0004, -0x003a, -0x0006, -0x001f, 
    -0x0014, +0x0027, -0x002e, -0x0004, +0x0003, -0x0006, -0x001c, -0x000d, 
    -0x0059, -0x0020, +0x000a, -0x0051, -0x000b, -0x001a, +0x001f, -0x0013, 
    +0x0009, +0x0006, -0x0011, -0x0004, -0x007f, +0x0009, -0x0032, +0x0027, 
    +0x0004, +0x0050, +0x000f, +0x0012, -0x0023, -0x0027, -0x000b, -0x0004, 
    +0x001c, -0x0025, +0x000e, -0x001c, -0x0015, +0x0049, +0x0011, +0x001f, 
    -0x0037, -0x0053, +0x007f, -0x0007, +0x0017, -0x0010, +0x004e, -0x0005, 
    -0x005e, +0x0020, +0x0017, -0x002a, -0x0074, -0x001c, +0x0024, -0x000e, 
    +0x0001, +0x002f, +0x0058, -0x000f, +0x0003, +0x001a, +0x001f, +0x000f, 
    +0x002f, -0x000a, -0x000d, -0x0023, -0x004a, +0x0023, +0x0033, -0x0020, 
    +0x002f, +0x0037, +0x005f, -0x0006, -0x005d, -0x0021, +0x001c, -0x0009, 
    +0x002c, +0x0007, -0x005a, -0x000a, +0x0062, +0x0021, -0x0030, +0x000f, 
    -0x000f, -0x0019, -0x001c, +0x000f, +0x0021, -0x002d, +0x000e, -0x0017, 
    -0x003e, -0x0010, +0x0041, +0x001f, -0x0001, -0x006d, +0x0026, -0x0002, 
    -0x0027, -0x001e, -0x004a, +0x000c, +0x000e, -0x0016, -0x0058, +0x0025, 
    -0x000b, -0x001c, -0x000b, +0x0039, -0x0069, +0x0000, +0x0031, -0x0028, 
    +0x0006, -0x0006, +0x003c, +0x000c, -0x0027, -0x004c, -0x0043, +0x0016, 
    +0x0054, +0x0012, -0x0060, +0x0058, -0x0012, +0x0035, -0x0037, -0x0032, 
    -0x000f, -0x0025, -0x0020, +0x0011, +0x003a, -0x000b, -0x0008, -0x001e, 
    +0x0008, -0x000a, +0x003d, -0x0018, +0x0066, -0x0036, -0x000e, +0x0048, 
    +0x000c, -0x001f, -0x0052, -0x002d, +0x003a, +0x000b, -0x0051, +0x0007, 
    +0x000b, +0x0012, +0x0003, -0x0021, -0x0022, -0x002c, -0x000a, +0x003a, 
    -0x0018, -0x000f, -0x0014, -0x0011, +0x0001, -0x001b, -0x0042, -0x0009, 
    -0x0027, -0x0005, -0x003b, -0x0009, -0x0036, -0x000a, -0x0044, +0x000e, 
    +0x002d, +0x0004, -0x0025, +0x0008, -0x001d, +0x001a, +0x003c, -0x0032, 
    -0x0073, +0x003a, +0x0062, -0x0006, +0x0011, +0x0013, -0x0030, -0x002c, 
    +0x000a, -0x003a, -0x0001, +0x0004, +0x001e, -0x002b, +0x0008, -0x0006, 
    -0x0037, -0x0047, +0x0067, +0x0021, -0x0071, -0x0056, -0x001e, +0x005c, 
    +0x0000, -0x0001, -0x0009, -0x0003, +0x0019, +0x0010, +0x0035, +0x0025, 
    -0x0025, -0x0009, +0x000c, -0x0021, -0x0056, +0x0016, +0x0005, +0x0004, 
    +0x0052, +0x0008, -0x0031, -0x0004, -0x002a, -0x0015, -0x0008, +0x0026, 
    -0x0004, +0x007f, +0x0013, -0x007f, +0x0017, +0x0016, +0x003e, +0x001a, 
    -0x0016, +0x0003, -0x000a, +0x000d, +0x002e, -0x000e, -0x0029, -0x002f, 
    -0x0029, +0x0039, +0x0008, +0x000e, +0x0026, -0x0024, +0x0053, +0x0040, 
    +0x000a, +0x000d, -0x000d, -0x002c, +0x0025, -0x001d, -0x000b, -0x0013, 
    +0x000f, +0x0001, +0x0005, +0x0016, -0x0026, +0x0002, +0x002e, -0x0014, 
    +0x0033, -0x0016, -0x0008, +0x0010, -0x0031, -0x000f, +0x000a, +0x0037, 
    -0x0022, -0x0012, -0x0015, +0x0019, -0x003d, +0x0000, +0x000e, -0x0026, 
    -0x0077, +0x0018, +0x005c, +0x001d, +0x000d, +0x001d, +0x001d, -0x0004, 
    -0x0005, -0x001b, +0x000c, -0x0008, +0x0025, -0x0024, -0x0008, +0x0013, 
    -0x0040, +0x000c, +0x0050, -0x001e, -0x000e, +0x0024, -0x0013, -0x0013, 
    +0x0045, +0x001e, -0x0009, +0x0005, -0x0008, -0x001d, -0x002b, +0x0020, 
    -0x0024, -0x0016, -0x0032, +0x0010, -0x002c, -0x0019, +0x0042, -0x0010, 
    -0x0021, -0x001c, -0x0010, +0x0009, -0x0036, +0x002d, -0x0012, -0x0007, 
    +0x000f, -0x0009, +0x0007, +0x0008, +0x0002, +0x001b, +0x002f, +0x000f, 
    +0x0000, +0x0011, -0x0010, +0x0012, +0x0007, -0x0007, +0x0008, +0x0040, 
    +0x004f, -0x0017, -0x000a, -0x0008, -0x007f, -0x002e, +0x000e, -0x0008, 
    +0x0007, -0x000b, -0x0008, +0x000b, -0x0031, -0x0035, -0x0019, +0x0042, 
    +0x0010, -0x0058, +0x0042, +0x000e, -0x0054, -0x000d, +0x0023, +0x000f, 
    -0x0016, -0x0007, -0x002b, +0x0003, +0x000f, +0x0001, -0x0018, -0x000f, 
    -0x0027, +0x0009, +0x0021, +0x0005, +0x007b, -0x0031, -0x0021, +0x0025, 
    +0x0001, -0x0005, -0x0055, -0x0006, +0x0023, +0x000e, -0x0014, -0x001b, 
    +0x0016, +0x0010, -0x0028, +0x0031, -0x001f, -0x001b, -0x0017, -0x002d, 
    +0x0006, +0x000b, -0x005d, -0x001a, -0x0019, +0x0008, -0x0022, +0x0017, 
    +0x0032, -0x0035, +0x001a, -0x0010, -0x0056, +0x0020, +0x0002, +0x0005, 
    -0x0025, +0x0009, -0x0035, +0x002f, -0x0025, +0x0022, +0x0026, +0x0017, 
    -0x0014, +0x000c, +0x0027, -0x003a, +0x002b, -0x0001, -0x0069, +0x0021, 
    +0x0019, -0x0005, -0x003e, +0x000b, +0x0039, +0x0029, +0x003b, -0x001d, 
    -0x0037, +0x0013, +0x0016, +0x0002, +0x0010, -0x003e, -0x0031, +0x0009, 
    +0x0020, +0x0011, -0x005b, -0x0018, -0x0014, +0x004a, +0x0029, -0x0020, 
    -0x0002, +0x001a, +0x000a, -0x0002, -0x0046, -0x000c, -0x0003, +0x0012, 
    +0x0030, +0x0020, +0x0044, -0x0003, -0x0023, +0x0012, +0x0058, -0x0025, 
    +0x000e, -0x000f, -0x0005, -0x001e, -0x005b, -0x0006, +0x0027, +0x0012, 
    +0x0016, -0x001a, +0x0035, +0x001d, -0x0059, +0x0033, -0x0002, -0x004e, 
    +0x000f, -0x001d, +0x0000, +0x0024, -0x0035, -0x0006, +0x0006, +0x0011, 
    +0x0021, -0x0001, +0x002d, +0x0027, -0x0016, -0x0017, +0x0012, +0x0001, 
    -0x0054, -0x0007, -0x0015, -0x000b, -0x0013, -0x0019, +0x0000, +0x002e, 
    +0x0019, +0x0023, -0x002f, -0x0016, -0x001b, -0x001e, +0x000f, +0x005c, 
    +0x0021, -0x0028, -0x005e, +0x002f, -0x004d, -0x0022, +0x000c, -0x000c, 
    +0x0005, -0x002c, -0x002d, -0x000c, -0x002f, +0x0038, -0x0010, -0x001e, 
    +0x0050, +0x002d, -0x003a, -0x001a, -0x0023, -0x0006, +0x0009, -0x000a, 
    +0x0003, -0x000f, -0x0013, -0x0002, -0x0032, +0x0014, -0x001b, -0x0052, 
    -0x0042, -0x0007, +0x003a, -0x0026, +0x0011, -0x0005, -0x000f, +0x0021, 
    -0x0022, +0x003c, -0x0072, -0x000d, -0x0009, +0x0041, +0x0034, -0x0031, 
    -0x006d, -0x0031, -0x0037, -0x0013, -0x0019, -0x0012, -0x0016, -0x0004, 
    -0x0015, -0x0001, -0x0054, +0x0000, +0x0057, -0x004e, +0x0010, +0x0051, 
    -0x001b, +0x003f, -0x001f, +0x0015, -0x001c, +0x0002, -0x001b, -0x0004, 
    -0x000b, +0x0013, -0x0024, -0x0004, +0x001e, +0x0020, -0x0012, +0x0027, 
    +0x0039, -0x0017, +0x000f, -0x0003, +0x0022, -0x0008, +0x0030, +0x001d, 
    +0x004b, +0x002e, -0x0019, -0x0056, -0x0008, -0x0022, +0x000a, -0x0001, 
    +0x0034, +0x0018, +0x007f, -0x001c, -0x001e, +0x000b, +0x003a, +0x001f, 
    -0x0007, -0x0030, +0x0019, -0x0015, +0x0015, -0x0012, +0x0018, -0x006a, 
    +0x001e, -0x0002, +0x0028, -0x0009, -0x0044, -0x0008, +0x002e, -0x0014, 
    -0x0057, +0x0005, -0x0017, +0x001d, -0x006e, +0x000b, +0x0001, -0x0048, 
    -0x0005, +0x001e, -0x001e, +0x0010, +0x0034, +0x000a, +0x0027, +0x0012, 
    +0x0034, -0x003c, -0x0024, +0x0007, +0x0019, -0x0016, -0x0006, +0x0034, 
    +0x001a, -0x0006, +0x001d, -0x0016, -0x000c, -0x000a, +0x001d, +0x0017, 
    -0x003b, +0x0008, +0x000f, -0x0027, +0x0030, +0x004f, -0x0005, -0x0043, 
    -0x0005, +0x0001, +0x0004, -0x0001, -0x0053, +0x000a, +0x000f, +0x0015, 
    -0x004d, +0x000e, -0x0004, -0x0033, -0x003f, -0x0021, +0x0013, -0x0033, 
    +0x0000, -0x0019, -0x0045, -0x001f, +0x0031, -0x000d, -0x0023, -0x002b, 
    +0x0023, +0x0010, -0x0016, +0x0015, +0x000d, +0x0020, +0x0000, +0x0073, 
    -0x0017, +0x000b, -0x0018, -0x000f, -0x0015, +0x0006, -0x0028, -0x0013, 
    -0x0019, +0x0038, +0x0023, +0x0010, +0x0041, -0x000a, +0x000d, +0x0026, 
    -0x0013, -0x0009, -0x003a, +0x000b, -0x0071, -0x0009, -0x0010, -0x0018, 
    -0x0021, -0x003c, +0x0016, +0x0025, -0x0029, -0x0017, +0x001f, +0x0024, 
    -0x0016, -0x000b, +0x001e, -0x0011, -0x001e, +0x0005, +0x0003, +0x001d, 
    -0x0038, -0x002c, -0x0027, -0x0016, -0x000c, +0x0040, +0x0008, -0x0013, 
    -0x002b, +0x002e, +0x0032, -0x001d, +0x002a, -0x000b, +0x0025, -0x0021, 
    -0x0018, +0x0016, +0x0004, -0x0012, +0x000a, -0x007f, +0x001c, +0x001e, 
    +0x0006, +0x000a, +0x0017, -0x0003, +0x000e, +0x0007, +0x0002, +0x0032, 
    +0x0051, +0x0012, -0x0005, -0x0008, +0x0025, +0x0026, +0x0017, +0x0015, 
    -0x0003, +0x0010, +0x0033, -0x0011, -0x0052, +0x0045, +0x0011, +0x0026, 
    -0x0004, +0x000d, -0x0001, -0x0048, +0x0010, -0x005e, +0x0004, +0x001a, 
    -0x0008, +0x0006, +0x0075, -0x0021, +0x0002, -0x000b, +0x0036, -0x0006, 
    +0x001d, +0x0005, +0x0037, -0x003c, -0x0042, +0x006d, +0x0008, +0x005b, 
    +0x0033, -0x0013, +0x0031, -0x001d, +0x000a, -0x003b, +0x0013, +0x0021, 
    +0x0025, -0x0020, +0x002c, +0x0035, -0x0020, +0x000b, -0x0010, +0x003c, 
    +0x0007, -0x0002, +0x0014, -0x0009, +0x0017, -0x0024, -0x0020, +0x0028, 
    -0x001a, +0x0005, +0x0017, +0x0014, +0x003f, +0x002c, +0x0029, +0x0008, 
    -0x0008, -0x000c, +0x002f, +0x0000, +0x0033, -0x0009, -0x0008, -0x0005, 
    +0x0033, +0x0002, +0x0014, +0x0031, -0x001c, -0x0010, +0x0032, +0x0009, 
    -0x000e, +0x0003, -0x0019, +0x0009, +0x0032, +0x0029, +0x000f, -0x001b, 
    -0x0020, +0x0023, +0x0008, +0x0017, -0x0023, -0x0030, -0x0028, -0x0007, 
    +0x0022, -0x0003, +0x001a, +0x0004, +0x0014, +0x000b, -0x0003, +0x0000, 
    +0x000e, -0x0013, +0x0009, -0x000a, +0x0007, +0x0018, +0x0008, -0x0015, 
    +0x000d, -0x0035, +0x0045, -0x0003, +0x0027, -0x0015, +0x007e, +0x0010, 
    -0x001f, -0x0006, -0x0010, +0x0019, -0x0005, +0x0014, +0x0021, +0x0042, 
    -0x000e, +0x0004, +0x0028, +0x001b, -0x0025, -0x002a, +0x0048, -0x001f, 
    -0x002c, -0x0007, -0x001b, +0x0012, -0x0042, -0x0017, +0x0029, +0x003b, 
    +0x000a, -0x0043, +0x0001, -0x000c, -0x0003, -0x0004, -0x0006, +0x000f, 
    +0x0014, +0x0011, -0x0005, -0x0063, -0x0006, -0x0009, +0x0028, -0x0010, 
    -0x0021, +0x000d, +0x002b, -0x0047, +0x001a, -0x001e, +0x003f, +0x0016, 
    -0x001a, -0x001c, -0x0003, -0x004a, +0x0025, -0x0017, +0x0025, +0x0031, 
    -0x003e, +0x0018, -0x0001, -0x000a, -0x0016, +0x003b, +0x0018, +0x0026, 
    -0x002a, +0x000d, -0x001c, -0x002e, -0x000f, +0x0024, -0x0008, +0x000a, 
    +0x0037, +0x0024, -0x001b, +0x0007, -0x0027, -0x0011, -0x0001, +0x0016, 
    +0x0000, +0x0007, +0x0008, -0x0017, -0x0017, -0x000f, -0x000c, -0x0001, 
    +0x0032, +0x002f, +0x0023, -0x0015, -0x001b, +0x002d, +0x0017, -0x0007, 
    -0x0014, +0x000d, +0x000c, +0x0007, +0x0043, -0x0013, -0x000d, +0x0023, 
    -0x0048, -0x002a, -0x0032, +0x000e, -0x001b, +0x0014, -0x004e, -0x002c, 
    -0x000c, +0x0007, -0x0027, +0x000e, +0x0036, +0x0013, -0x003d, -0x001e, 
    +0x0016, -0x0005, +0x0007, +0x0002, +0x002a, -0x0003, -0x0019, -0x000e, 
    -0x0042, -0x0004, +0x000c, -0x000b, +0x0046, -0x0023, +0x002d, -0x0044, 
    -0x0027, +0x000e, +0x000f, +0x0053, -0x0013, -0x0003, -0x001a, -0x0021, 
    -0x0041, -0x001c, +0x002b, +0x0046, -0x002a, +0x0028, +0x0044, +0x0000, 
    -0x0021, -0x0018, -0x000c, -0x001f, -0x0020, +0x0018, -0x005c, -0x000d, 
    -0x0004, -0x0018, +0x002f, +0x0012, -0x007f, +0x0006, +0x0019, +0x0019, 
    -0x000d, -0x001f, +0x0028, -0x000d, +0x000d, -0x0011, -0x000c, +0x0005, 
    -0x0038, +0x0007, +0x0028, -0x000c, +0x005a, +0x0011, +0x0058, +0x0026, 
    +0x0016, +0x0041, +0x0043, +0x002b, -0x001c, -0x0009, +0x0006, -0x001b, 
    -0x0017, -0x0006, +0x0034, +0x0023, -0x000e, +0x002d, +0x0035, +0x0079, 
    +0x0009, -0x0001, +0x002d, -0x0044, -0x0029, +0x000a, -0x0037, -0x0013, 
    +0x0029, +0x0011, +0x001a, -0x000d, -0x0068, -0x0056, +0x0001, +0x002b, 
    -0x0053, +0x0026, +0x000f, +0x000a, -0x0001, +0x0012, +0x0013, +0x000b, 
    -0x002f, -0x0001, +0x0020, -0x0025, +0x001d, -0x0001, +0x0006, +0x0021, 
    +0x0023, -0x002d, +0x0020, -0x0003, -0x0012, -0x000a, +0x0021, -0x001d, 
    +0x000e, -0x0013, +0x001b, -0x0019, -0x0056, -0x0043, +0x003a, -0x000b, 
    +0x0004, -0x0007, -0x0039, -0x007f, -0x000c, -0x000b, -0x000d, -0x0035, 
    +0x0045, +0x0008, -0x000c, -0x0031, -0x0052, +0x005d, -0x0018, +0x0001, 
    -0x0016, -0x0010, -0x0003, -0x004d, +0x0013, +0x002d, -0x000b, -0x000e, 
    +0x0041, -0x001e, +0x0056, -0x0025, +0x001d, +0x0013, -0x001c, -0x0006, 
    +0x0024, -0x000e, +0x000c, +0x0018, +0x0024, -0x0005, -0x0024, -0x0004, 
    +0x004a, -0x001c, +0x0001, -0x0023, -0x0008, +0x0038, -0x003f, -0x0030, 
    -0x0003, +0x0017, +0x0043, -0x0018, +0x0038, -0x0009, -0x002c, -0x003c, 
    +0x003d, -0x000d, -0x0003, +0x003b, -0x000b, +0x001c, -0x001d, +0x0017, 
    +0x0036, -0x0005, +0x0007, -0x002e, +0x001f, +0x0008, -0x002e, +0x002a, 
    -0x003e, -0x0012, -0x0014, -0x007f, +0x0005, +0x0009, +0x000d, -0x003a, 
    -0x000c, -0x0008, -0x0021, +0x0022, -0x000b, -0x001b, -0x0042, +0x0025, 
    -0x007f, -0x0035, -0x001f, -0x0035, +0x0026, +0x001d, +0x000f, -0x001a, 
    +0x0043, +0x000c, +0x000c, +0x000a, -0x000b, -0x0017, -0x0025, -0x000a, 
    -0x0067, -0x0020, +0x001b, +0x001b, +0x0071, -0x0004, -0x001b, +0x0055, 
    -0x0025, -0x0002, -0x0038, +0x0006, +0x001b, +0x0007, -0x0035, +0x0009, 
    +0x001b, -0x0003, -0x0043, -0x001a, -0x0034, -0x002b, +0x0066, -0x003b, 
    -0x001b, +0x0011, -0x003e, +0x0007, +0x0006, +0x0005, -0x0018, +0x0016, 
    +0x0030, +0x001a, +0x0010, +0x0034, -0x0033, -0x001c, +0x0021, -0x0008, 
    -0x0013, +0x0015, -0x001f, +0x0029, +0x0017, +0x0011, -0x0001, +0x000a, 
    +0x0018, +0x000e, +0x0055, +0x000a, -0x003a, -0x003c, -0x001f, +0x003a, 
    +0x0005, -0x000e, -0x001e, +0x0025, +0x0006, -0x001d, +0x0020, -0x0003, 
    -0x0009, +0x0022, -0x0056, -0x0047, +0x0008, +0x0009, +0x001c, +0x0037, 
    +0x0000, -0x0008, -0x0015, -0x0001, +0x001c, -0x0015, +0x002f, -0x0005, 
    -0x0035, -0x0025, -0x001d, -0x0057, +0x000f, -0x0010, +0x0037, -0x0030, 
    +0x0015, -0x0024, -0x000b, +0x0015, -0x001a, -0x0007, -0x0016, +0x0018, 
    +0x0018, +0x0020, -0x0012, +0x002a, -0x0040, -0x0010, +0x0020, +0x0018, 
    -0x000e, +0x0002, -0x0011, -0x000c, -0x0014, -0x001d, +0x0017, +0x0001, 
    +0x001b, +0x0050, +0x0013, +0x0028, -0x003e, -0x0011, -0x000a, +0x0010, 
    +0x0023, +0x000c, +0x0039, -0x0039, +0x0001, -0x0007, -0x0022, +0x0019, 
    +0x000f, -0x0004, +0x0041, -0x0031, -0x0008, +0x0011, -0x003c, -0x001b, 
    -0x0016, -0x0012, +0x0018, +0x0007, +0x0003, -0x0006, +0x0007, +0x0004, 
    -0x005e, -0x0026, +0x0018, -0x000b, +0x0060, +0x0006, -0x0011, +0x0028, 
    -0x0012, +0x0009, -0x002a, -0x001b, -0x0026, +0x0008, -0x0055, +0x0009, 
    -0x0003, -0x0016, +0x0052, +0x0005, +0x001d, -0x0001, -0x0009, +0x0025, 
    +0x0007, +0x0034, +0x0037, -0x000a, -0x005e, -0x0001, -0x002d, -0x003f, 
    -0x0008, -0x0004, +0x0059, +0x0015, +0x0014, -0x001b, -0x007f, +0x0025, 
    -0x000a, +0x0014, +0x0011, +0x0015, -0x0008, -0x0034, +0x0007, -0x0008, 
    +0x0038, +0x0028, +0x0020, +0x0001, -0x001a, -0x0001, -0x004e, -0x0015, 
    +0x000a, -0x0025, +0x002b, +0x005a, -0x000d, -0x0022, +0x001e, -0x001b, 
    -0x0006, -0x0008, -0x0032, +0x001d, -0x002e, -0x0004, +0x002f, +0x0063, 
    +0x0000, +0x0008, -0x0007, +0x0026, -0x0007, -0x0004, -0x0016, -0x0026, 
    -0x000c, -0x000a, -0x0022, +0x0001, -0x0035, -0x000f, +0x0053, +0x0002, 
    -0x0002, -0x0005, +0x001d, +0x0004, -0x0016, +0x001d, -0x000c, -0x0027, 
    -0x0002, +0x0006, -0x000a, -0x0023, -0x0022, -0x0022, +0x0057, -0x000d, 
    -0x001a, +0x000b, +0x0014, -0x005b, +0x0001, +0x0007, +0x0013, -0x003e, 
    -0x0004, +0x0007, -0x0014, -0x0003, +0x000d, -0x000a, +0x0001, +0x0024, 
    -0x003c, +0x001a, +0x002a, -0x000a, -0x001a, -0x0014, +0x0002, -0x0065, 
    -0x001c, +0x0001, +0x0008, -0x000f, +0x0021, +0x001e, +0x000b, -0x0016, 
    -0x0051, -0x0030, +0x0026, -0x0031, -0x0002, -0x0009, -0x0001, -0x0004, 
    -0x0029, +0x000d, +0x0026, -0x0001, +0x0011, +0x0010, +0x0007, -0x0028, 
    -0x000a, +0x007f, -0x0004, -0x0063, +0x000a, +0x0035, -0x0040, -0x0054, 
    +0x0004, +0x0006, +0x0016, +0x000e, +0x0011, +0x000c, -0x0008, -0x000b, 
    +0x004c, +0x004c, -0x000a, +0x0018, +0x0025, -0x0001, -0x0010, -0x003e, 
    +0x0009, +0x0002, +0x0022, +0x001c, -0x001a, +0x0013, -0x0037, -0x000a, 
    +0x001e, -0x0018, -0x004c, +0x0018, +0x000a, -0x0017, -0x001e, -0x0030, 
    +0x0031, +0x0017, +0x000d, +0x002f, +0x000a, +0x0025, -0x0026, -0x0025, 
    -0x0009, +0x0006, +0x0001, +0x0015, +0x0010, +0x0015, +0x0022, -0x000c, 
    -0x001f, +0x0008, -0x001d, +0x0022, +0x0015, +0x002e, +0x0012, -0x000c, 
    -0x001c, -0x000d, -0x0027, -0x001e, -0x0006, +0x0010, +0x0024, +0x0017, 
    -0x0017, -0x0003, -0x0013, -0x0007, +0x003d, +0x0016, -0x0002, +0x0009, 
    -0x0017, +0x0002, +0x0004, -0x0020, -0x000c, +0x0005, -0x001f, +0x0030, 
    -0x000e, -0x001c, -0x0026, -0x000c, -0x0009, -0x0012, -0x0029, -0x0021, 
    -0x001c, +0x0007, +0x0034, +0x0076, -0x0029, -0x000d, +0x003c, -0x0036, 
    +0x000f, +0x0005, +0x0045, +0x0010, -0x0051, -0x001a, +0x0006, +0x0015, 
    -0x0029, -0x0040, +0x002d, -0x0013, -0x001d, -0x0013, +0x0048, +0x0003, 
    +0x0024, +0x0000, +0x0034, -0x0007, -0x005d, -0x0003, -0x0031, +0x002c, 
    +0x0045, +0x0004, +0x0008, +0x002a, -0x0029, -0x0004, +0x0018, +0x004f, 
    +0x0022, -0x0012, +0x0009, -0x0016, +0x001b, +0x0018, -0x0010, -0x0001, 
    +0x0025, +0x002e, -0x0030, +0x0072, +0x000e, -0x0036, +0x0015, -0x0035, 
    +0x0018, +0x0015, +0x0011, +0x0001, +0x0041, +0x0015, -0x001b, +0x002e, 
    +0x0052, +0x0012, +0x000a, -0x000c, +0x0009, -0x002c, +0x0016, -0x0014, 
    -0x0007, +0x000f, -0x0014, -0x0037, +0x0007, -0x0024, -0x0016, -0x0042, 
    -0x0035, +0x000e, +0x0007, -0x0043, +0x0035, -0x000e, +0x0001, +0x0032, 
    +0x0002, +0x0003, -0x0022, -0x0038, -0x0018, +0x0005, +0x0053, -0x000f
};
#ifdef __cplusplus
}  // extern "C"
#endif

#ifdef __cplusplus
extern "C" {
#endif
static const int32_t __attribute__((section(".rodata.tvm"), aligned(16))) fused_nn_contrib_conv2d_NCHWc_add_constant_8[32] = {
    +0x00000008, +0x00000008, +0x00000008, +0x00000008, +0x00000008, +0x00000008, +0x00000008, +0x00000009, 
    +0x00000008, +0x00000008, +0x00000008, +0x00000008, +0x00000009, +0x00000009, +0x00000008, +0x00000008, 
    +0x00000008, +0x00000009, +0x00000008, +0x00000009, +0x00000008, +0x00000009, +0x00000009, +0x00000008, 
    +0x00000008, +0x00000008, +0x00000008, +0x00000008, +0x00000008, +0x00000008, +0x00000009, +0x00000008
};
#ifdef __cplusplus
}  // extern "C"
#endif

#ifdef __cplusplus
extern "C" {
#endif
static const int32_t __attribute__((section(".rodata.tvm"), aligned(16))) fused_nn_contrib_conv2d_NCHWc_add_constant_7[32] = {
    +0x00000000, +0x00000000, +0x00000000, +0x00000000, +0x00000000, +0x00000000, +0x00000000, +0x00000000, 
    +0x00000000, +0x00000000, +0x00000000, +0x00000000, +0x00000000, +0x00000000, +0x00000000, +0x00000000, 
    +0x00000000, +0x00000000, +0x00000000, +0x00000000, +0x00000000, +0x00000000, +0x00000000, +0x00000000, 
    +0x00000000, +0x00000000, +0x00000000, +0x00000000, +0x00000000, +0x00000000, +0x00000000, +0x00000000
};
#ifdef __cplusplus
}  // extern "C"
#endif

#ifdef __cplusplus
extern "C" {
#endif
static const int32_t __attribute__((section(".rodata.tvm"), aligned(16))) fused_nn_contrib_conv2d_NCHWc_add_constant_6[32] = {
    +0x5a1b0ad9, +0x7949bc26, +0x5033ed57, +0x456d6e3d, +0x4bf1c7b4, +0x61c9fd69, +0x52203be4, +0x7e49a08d, 
    +0x63419f9d, +0x46d15120, +0x4cd240cd, +0x7ca7d173, +0x7a2e090b, +0x784b851d, +0x4ab3a9ca, +0x49059ca4, 
    +0x4be66187, +0x7639fa6f, +0x513f6f51, +0x5fb92d85, +0x45fa3e10, +0x793455a6, +0x7d8cc1df, +0x50a49914, 
    +0x60a567cb, +0x61540d17, +0x4c35f8be, +0x693e85c9, +0x5c64e7f9, +0x4e5d6259, +0x7dd28071, +0x606f38b8
};
#ifdef __cplusplus
}  // extern "C"
#endif

#ifdef __cplusplus
extern "C" {
#endif
static const int32_t __attribute__((section(".rodata.tvm"), aligned(16))) fused_nn_contrib_conv2d_NCHWc_constant_2[32] = {
    +0x000029c4, +0x00000649, +0x00003adc, -0x00003b62, +0x000051ae, +0x00002c7a, -0x00001f40, +0x000057c4, 
    +0x00002431, +0x00001f18, -0x00000b07, +0x000026fc, +0x00000459, -0x00002015, +0x000046ab, +0x0000112b, 
    +0x000016a6, -0x0000150d, -0x0000383e, +0x000004cf, +0x00000f12, -0x00001839, +0x00000ffd, +0x00001f14, 
    +0x00000ca0, +0x000002fc, +0x00006775, +0x000005c8, +0x000015b8, +0x00002f21, -0x00000676, +0x00001ae1
};
#ifdef __cplusplus
}  // extern "C"
#endif

#ifdef __cplusplus
extern "C" {
#endif
static const int16_t __attribute__((section(".rodata.tvm"), aligned(16))) fused_constant_2[4608] = {
    -0x0019, +0x000c, +0x0000, +0x002c, +0x0005, +0x000f, +0x0005, +0x0020, 
    -0x000c, -0x003e, +0x0023, -0x0010, -0x002e, +0x0000, -0x0013, +0x007f, 
    -0x002e, +0x0002, -0x0034, -0x0004, +0x0003, -0x0006, +0x0005, +0x0016, 
    -0x0004, +0x003b, +0x001e, +0x0010, -0x0032, +0x0008, +0x0021, +0x001d, 
    -0x001a, +0x0002, -0x0022, -0x0025, +0x000c, -0x000a, -0x0008, +0x0009, 
    +0x000d, +0x0006, -0x0003, +0x0021, +0x0027, +0x0001, +0x0010, -0x001e, 
    +0x0010, -0x0020, +0x001f, +0x005d, -0x0015, +0x0033, +0x0007, +0x0020, 
    -0x0027, -0x006d, +0x0000, +0x0011, -0x001e, -0x0016, -0x002b, +0x0051, 
    -0x0017, +0x0007, -0x0002, -0x000b, -0x0007, -0x001b, +0x0011, +0x001d, 
    -0x0031, +0x0054, +0x000f, +0x0008, -0x003e, +0x0021, +0x0008, -0x0001, 
    -0x0034, +0x0012, -0x000f, -0x002c, +0x0007, -0x0003, +0x0019, +0x001e, 
    -0x000b, +0x0000, +0x0003, +0x0010, -0x001e, -0x000b, +0x001d, -0x001f, 
    +0x0046, -0x0017, +0x0019, +0x0058, +0x0006, +0x0016, +0x000f, +0x003e, 
    +0x0010, -0x0025, +0x000a, +0x0019, +0x0021, -0x000b, -0x005a, -0x0021, 
    +0x0005, +0x0000, +0x0006, -0x001b, +0x0021, -0x0002, +0x0016, +0x0027, 
    -0x0016, +0x0011, +0x001d, +0x0025, -0x0001, +0x000e, -0x0021, -0x002a, 
    -0x0029, +0x0014, -0x002c, -0x004c, +0x0033, -0x0003, +0x0011, +0x0020, 
    -0x0014, +0x0004, +0x0011, +0x001c, -0x001c, -0x0014, -0x0006, -0x003b, 
    -0x000e, +0x0045, -0x0011, +0x000f, -0x0046, +0x000f, +0x0020, -0x003d, 
    +0x000e, -0x0037, -0x000b, -0x000a, -0x0032, +0x0005, +0x003c, +0x003a, 
    -0x0013, -0x0065, -0x002e, -0x0004, -0x0041, +0x0006, +0x0018, +0x000c, 
    +0x000f, +0x000b, -0x0006, -0x001b, -0x0046, -0x0007, -0x0013, +0x0025, 
    -0x0019, +0x0009, -0x0027, +0x0015, +0x0032, -0x0009, +0x0002, +0x0028, 
    -0x0008, +0x0011, -0x001b, +0x0003, -0x0014, +0x0003, -0x0024, -0x0010, 
    +0x0011, +0x0063, -0x000e, -0x0029, -0x004b, +0x0010, +0x001d, -0x005a, 
    +0x0006, -0x0032, +0x0009, -0x001e, -0x0028, +0x0010, +0x0045, +0x0014, 
    +0x0021, -0x007f, -0x003e, +0x000a, -0x007d, -0x0016, +0x0024, -0x0009, 
    +0x001d, +0x0047, +0x0021, -0x0023, -0x0053, -0x0018, +0x0031, -0x0001, 
    +0x0010, +0x0018, -0x0046, +0x0025, -0x001d, -0x000e, +0x002d, +0x0031, 
    +0x0001, -0x000c, +0x0001, +0x001d, -0x003e, +0x000e, +0x000c, -0x001f, 
    +0x0028, +0x003b, +0x0003, -0x0015, -0x001a, -0x0008, +0x000d, -0x0047, 
    -0x0039, -0x000e, +0x0006, -0x0042, +0x0010, +0x0013, +0x0017, -0x0023, 
    +0x0022, -0x002c, -0x0001, +0x0032, -0x007f, -0x0005, +0x000e, -0x002a, 
    +0x000f, +0x001b, -0x0006, -0x0027, -0x0023, -0x0021, +0x0035, -0x0013, 
    +0x000b, +0x000a, -0x0012, +0x0065, -0x0040, +0x0006, +0x0014, +0x0009, 
    +0x0014, -0x000f, -0x002f, -0x000b, -0x002b, +0x0009, +0x0022, -0x0033, 
    -0x004d, -0x0015, -0x0068, +0x0003, +0x0017, +0x0010, -0x0026, +0x0029, 
    +0x000b, -0x0015, -0x003f, +0x0046, +0x001d, -0x0025, -0x0008, +0x0004, 
    -0x0037, +0x0018, -0x0071, +0x0031, +0x0028, -0x0011, -0x0010, +0x0038, 
    +0x0004, +0x0024, -0x0064, +0x002c, +0x000f, +0x000c, +0x001d, -0x0005, 
    -0x000f, -0x0004, -0x0038, +0x0010, -0x0015, +0x0016, -0x0027, -0x001a, 
    +0x0001, -0x0012, -0x0034, -0x0041, -0x0004, +0x000b, +0x0019, -0x0013, 
    -0x000e, -0x0016, -0x004a, -0x002e, -0x0026, +0x0017, -0x0012, +0x0005, 
    -0x0032, -0x0038, -0x0019, +0x006d, +0x0004, -0x000f, +0x0005, +0x0007, 
    -0x0030, -0x0004, -0x007f, +0x0040, +0x0003, -0x0022, +0x0013, +0x004b, 
    -0x0038, +0x002f, -0x0042, +0x002f, +0x0010, +0x0004, +0x0036, -0x0005, 
    -0x002a, +0x0005, -0x0044, +0x0027, -0x0014, +0x0013, -0x000f, -0x0012, 
    -0x0011, -0x0012, -0x002b, -0x0037, +0x0004, +0x0010, +0x003a, +0x0002, 
    +0x0021, -0x000f, -0x0014, -0x0041, -0x0029, -0x0014, -0x0006, -0x000f, 
    -0x0048, -0x0013, +0x0005, +0x0031, +0x001d, +0x000e, +0x0001, +0x0009, 
    -0x000e, -0x0005, -0x003b, +0x0027, -0x000f, -0x0011, +0x001e, +0x0035, 
    -0x0020, +0x0015, -0x0020, +0x000a, +0x002a, -0x000d, +0x000d, -0x0001, 
    -0x0039, +0x0013, -0x0032, +0x0001, +0x0015, -0x0009, -0x0002, -0x0009, 
    +0x0019, +0x000c, -0x003a, -0x001b, +0x002d, -0x0002, +0x0013, +0x0011, 
    +0x0004, +0x000b, -0x0026, +0x000c, +0x0025, -0x000d, -0x0002, -0x0019, 
    +0x0015, +0x000b, +0x0020, -0x0049, +0x0025, +0x0008, -0x000d, -0x000c, 
    +0x000e, +0x0002, -0x0028, +0x002c, +0x003c, -0x0007, +0x0010, -0x0003, 
    +0x0026, -0x0013, +0x000c, -0x003b, +0x0025, -0x000a, +0x0026, +0x0032, 
    +0x000f, +0x0005, -0x0014, +0x0003, +0x001d, -0x0006, +0x000e, +0x0018, 
    +0x000b, -0x0018, -0x0004, +0x0007, +0x000b, +0x0000, +0x0026, -0x0027, 
    +0x0017, +0x0002, -0x0017, -0x0001, +0x0026, -0x0007, +0x000b, -0x0029, 
    +0x0016, +0x0016, +0x001e, -0x0013, -0x000d, +0x001c, -0x0046, +0x0035, 
    +0x0017, -0x0008, -0x002b, +0x0036, +0x0033, +0x0004, +0x0020, +0x000e, 
    +0x0014, -0x0012, +0x0021, +0x000a, +0x001e, +0x0002, -0x0025, +0x0060, 
    +0x0014, -0x0007, -0x002a, +0x001e, -0x0006, +0x0004, +0x0019, +0x002d, 
    +0x0002, -0x000c, +0x0003, +0x001e, +0x0030, +0x000e, -0x0001, +0x0009, 
    +0x0019, -0x0006, +0x0027, -0x0019, +0x002d, -0x0005, +0x0021, -0x000b, 
    +0x001f, -0x0007, +0x0011, +0x0000, +0x000f, +0x0006, -0x0007, +0x0054, 
    +0x0004, -0x0007, +0x0016, +0x000d, +0x0032, -0x0002, +0x0015, +0x0006, 
    +0x0023, +0x0006, +0x0027, +0x002f, +0x004b, -0x001e, -0x003d, +0x003e, 
    +0x0009, -0x0007, -0x0009, +0x000a, +0x0001, -0x0010, +0x0001, +0x0019, 
    +0x0038, +0x000c, +0x0004, +0x0023, +0x0049, +0x0005, -0x0011, -0x0017, 
    -0x0018, +0x0002, +0x000f, +0x0001, +0x0000, -0x001e, +0x0013, -0x000a, 
    +0x0014, -0x0037, +0x0007, -0x0008, +0x0005, -0x003b, +0x002c, +0x0029, 
    -0x003b, +0x0005, +0x0010, -0x0029, +0x0001, -0x001a, -0x0003, -0x002e, 
    +0x0001, -0x0024, -0x000c, -0x002a, -0x004d, -0x000b, +0x0057, +0x005f, 
    -0x0008, +0x0019, +0x0003, +0x000c, -0x0005, -0x000c, -0x0003, -0x0006, 
    -0x0011, -0x0006, -0x000f, -0x0019, -0x0064, +0x0034, +0x0001, +0x0053, 
    -0x0028, -0x0008, -0x0002, +0x0007, +0x0019, -0x0023, +0x0024, -0x0025, 
    +0x0029, -0x000d, -0x0001, -0x002f, -0x001e, -0x0009, +0x000e, -0x000a, 
    -0x0030, -0x0008, +0x0012, -0x0033, +0x002d, -0x0039, +0x000b, -0x005c, 
    +0x000b, -0x001c, +0x0001, -0x004d, -0x001d, -0x002d, +0x0044, -0x0021, 
    -0x0017, +0x002b, +0x0035, -0x000c, +0x0016, -0x0027, -0x0001, -0x000f, 
    -0x0010, -0x0003, -0x0001, -0x001a, +0x0003, -0x0005, +0x000f, -0x000b, 
    -0x0055, -0x0020, -0x0046, -0x000c, +0x000b, +0x0019, +0x0004, +0x001b, 
    +0x0019, +0x0012, -0x0024, -0x000c, -0x0052, +0x0022, +0x000e, -0x0052, 
    -0x003b, -0x0040, -0x004f, -0x0063, +0x0015, +0x0004, +0x0004, -0x000a, 
    +0x0006, -0x0016, -0x003f, -0x001e, -0x001c, -0x002a, +0x0054, -0x005d, 
    -0x001e, -0x0014, -0x004e, -0x003c, +0x0007, -0x001d, +0x000d, +0x0012, 
    -0x000c, -0x001e, -0x0017, +0x0005, -0x0009, -0x0025, +0x002f, -0x0059, 
    +0x000d, -0x000e, +0x0028, -0x004b, -0x0005, -0x003c, +0x000b, -0x001a, 
    -0x0031, -0x0009, +0x0010, -0x005b, +0x001f, -0x000d, -0x0025, +0x0000, 
    +0x0002, -0x0034, +0x002c, -0x004c, -0x001e, +0x002e, -0x002c, -0x000f, 
    -0x0016, -0x0010, +0x0016, -0x002e, -0x0007, -0x002d, -0x0052, +0x001e, 
    -0x0011, -0x002e, +0x0009, -0x0032, -0x0019, +0x0043, -0x0006, +0x0010, 
    +0x0015, -0x0003, +0x0016, -0x0035, -0x0015, -0x0023, -0x0042, +0x002a, 
    -0x0012, -0x0013, +0x0021, +0x0023, +0x0019, -0x007d, -0x0018, +0x0015, 
    -0x0037, +0x0026, -0x000f, -0x0015, +0x0006, +0x001d, -0x000c, +0x003f, 
    -0x0021, -0x000f, +0x0020, +0x0055, +0x0011, -0x0048, -0x0064, -0x000f, 
    -0x0011, -0x0014, -0x0017, +0x0020, +0x0011, -0x0017, -0x003e, +0x0039, 
    -0x001d, +0x0014, -0x0012, +0x0035, -0x0002, +0x0029, -0x003e, +0x001c, 
    +0x0018, -0x0027, -0x000f, +0x0013, +0x0001, -0x003c, -0x0044, +0x0046, 
    -0x0044, -0x000e, +0x0013, +0x003c, +0x002a, -0x0020, +0x004f, +0x002a, 
    -0x0039, +0x0008, +0x002c, -0x005a, -0x000c, +0x0004, +0x0036, -0x0001, 
    -0x0050, -0x0018, +0x0036, +0x004e, +0x0022, -0x0037, +0x0007, -0x0005, 
    -0x001a, -0x0003, -0x0021, -0x000d, +0x0007, +0x0003, +0x0054, +0x0002, 
    -0x001c, -0x000d, +0x002b, +0x0024, +0x0000, -0x0017, -0x0033, +0x0016, 
    -0x0002, -0x000d, -0x0046, -0x0020, +0x0014, -0x0022, +0x002a, +0x001b, 
    +0x0031, +0x0003, -0x000a, -0x0011, -0x0001, +0x0001, +0x001b, +0x0025, 
    -0x001e, +0x002d, +0x000a, +0x001a, -0x0005, +0x0039, +0x0001, -0x002b, 
    -0x003a, -0x002e, +0x0047, +0x000d, -0x000a, -0x0006, +0x0039, +0x0002, 
    -0x0001, -0x0001, +0x0032, -0x0026, -0x002e, +0x0033, +0x000c, -0x0032, 
    -0x007f, -0x0003, +0x0045, +0x0014, -0x0025, -0x0007, +0x0025, +0x0029, 
    +0x0021, -0x0009, +0x0040, -0x0030, -0x0015, +0x0013, -0x0004, +0x003d, 
    -0x001f, +0x003e, -0x0034, +0x0003, -0x0004, -0x0013, +0x0006, +0x0023, 
    -0x0002, -0x0003, -0x0006, -0x0028, -0x0020, +0x0006, -0x0013, -0x0021, 
    -0x005f, +0x001f, +0x0009, +0x002e, +0x0006, +0x0004, +0x0033, +0x0003, 
    +0x0037, +0x0021, -0x0013, -0x003e, -0x0025, +0x000e, -0x0005, -0x003f, 
    -0x0033, -0x000d, +0x0000, +0x0028, +0x0006, +0x000d, +0x0031, -0x000b, 
    +0x002d, -0x0008, +0x0003, -0x0036, -0x0008, +0x001d, -0x0015, +0x0018, 
    -0x0037, +0x0013, -0x001d, -0x004c, -0x0012, -0x002b, -0x007f, -0x002a, 
    -0x0004, -0x0025, -0x000f, -0x0003, -0x0031, -0x0035, -0x0011, +0x0016, 
    -0x003f, +0x003f, -0x0003, -0x004c, -0x0007, -0x0026, -0x0036, -0x0025, 
    +0x0021, -0x0004, +0x0019, -0x0021, +0x0006, +0x000a, +0x0001, -0x0003, 
    +0x0016, +0x000b, +0x0010, -0x004d, -0x000b, -0x0007, +0x000a, -0x001f, 
    -0x000b, +0x001c, +0x0010, -0x0008, +0x0014, +0x0015, -0x0008, +0x0040, 
    +0x0001, -0x004d, +0x003c, -0x0042, +0x000a, +0x003b, +0x0009, -0x0030, 
    -0x0002, +0x0034, +0x002a, +0x0005, +0x0008, -0x0003, -0x0031, +0x0023, 
    -0x002e, -0x0029, +0x003c, -0x0076, +0x0014, +0x0056, -0x000b, -0x0039, 
    +0x0038, -0x000e, +0x000a, -0x0048, -0x0009, -0x0034, -0x0013, -0x0017, 
    -0x0021, +0x0023, +0x001a, -0x004b, +0x000f, +0x0022, -0x000a, -0x000b, 
    +0x002a, -0x001d, +0x0006, -0x003e, -0x0009, -0x000e, +0x0020, -0x0002, 
    +0x000d, -0x000f, -0x0019, +0x003f, +0x0002, +0x0065, +0x0013, -0x0037, 
    +0x003a, +0x0027, +0x0023, -0x0007, +0x0006, -0x0003, +0x003b, -0x0039, 
    -0x0022, -0x003c, -0x000c, +0x0024, -0x000a, +0x007f, -0x0009, -0x0050, 
    +0x0052, +0x0022, -0x0002, -0x003a, +0x0011, -0x002f, +0x0043, -0x007f, 
    -0x0004, -0x0012, -0x001d, +0x003b, +0x0004, +0x0056, -0x000c, -0x0027, 
    +0x0023, -0x0011, +0x0002, -0x0014, +0x0020, -0x0024, +0x0017, -0x0037, 
    -0x0007, +0x0030, -0x000b, +0x0049, -0x000c, +0x0019, +0x0039, -0x0012, 
    +0x0023, -0x0009, +0x001c, +0x0029, -0x0009, +0x0027, -0x0018, -0x0048, 
    -0x003a, -0x001b, +0x0046, +0x004b, -0x000e, +0x0037, +0x002c, -0x002e, 
    -0x0012, +0x0013, -0x0013, +0x001e, +0x001b, +0x001f, +0x0011, -0x001c, 
    -0x002f, -0x005b, +0x0045, +0x0047, -0x0003, +0x0026, +0x0004, -0x0009, 
    -0x0042, +0x000b, -0x0006, +0x0026, +0x0005, -0x0006, -0x0005, +0x0049, 
    -0x0025, -0x002b, +0x0012, -0x001b, -0x0010, -0x0024, +0x000c, -0x003a, 
    +0x0047, +0x0019, +0x0017, -0x0010, -0x0008, -0x0008, -0x0023, +0x0005, 
    -0x001f, -0x0029, +0x0042, -0x000e, +0x0002, -0x001b, -0x000d, -0x0033, 
    +0x0042, -0x0004, +0x0035, -0x000d, +0x004c, -0x0031, -0x002e, -0x0004, 
    -0x0005, -0x002e, +0x0050, -0x0024, -0x0009, +0x0003, -0x0016, -0x001a, 
    +0x0018, +0x0003, +0x0014, -0x0004, +0x002e, -0x0055, -0x002e, +0x0032, 
    -0x0051, -0x0006, +0x005e, +0x001e, +0x001d, -0x0011, +0x0012, -0x0004, 
    +0x003f, +0x0019, +0x003a, +0x0005, -0x000e, +0x0019, -0x003b, -0x0011, 
    -0x0047, -0x0002, +0x0046, +0x001a, -0x0009, -0x0008, +0x0008, -0x001f, 
    +0x0054, +0x0009, +0x0054, +0x0015, +0x0043, -0x000d, -0x005b, -0x0018, 
    -0x0005, -0x0017, +0x000c, +0x0032, -0x0034, -0x000d, +0x002d, -0x0017, 
    +0x001a, +0x0009, +0x0030, -0x000c, +0x001b, -0x0040, -0x002e, +0x0007, 
    -0x001c, +0x0000, +0x0033, -0x000d, +0x0004, +0x001e, -0x0017, -0x000c, 
    +0x0027, -0x0006, -0x0007, +0x0003, -0x0025, -0x0014, -0x0049, -0x0009, 
    -0x0015, -0x0021, +0x000a, -0x0027, -0x0018, +0x000c, +0x0019, -0x001b, 
    +0x0009, +0x0003, +0x002e, +0x0000, +0x0010, -0x0011, -0x0029, -0x001b, 
    +0x0027, -0x0030, -0x001d, +0x0007, -0x000b, -0x000b, +0x0011, -0x0014, 
    -0x0016, -0x000d, +0x0012, +0x000c, -0x0014, -0x0044, -0x001b, -0x0015, 
    +0x0011, -0x001f, +0x0014, -0x000a, -0x0009, -0x001b, -0x002c, -0x0003, 
    +0x0029, +0x000f, +0x0016, +0x0012, +0x0059, -0x002b, +0x0051, -0x003b, 
    -0x000b, -0x0037, +0x0040, +0x0015, +0x0022, -0x0005, +0x002b, +0x0019, 
    -0x000e, -0x0023, +0x000c, -0x0030, +0x0004, -0x0017, +0x0055, -0x0056, 
    -0x0011, -0x003b, +0x0029, +0x000a, +0x0043, +0x0033, +0x0034, -0x0039, 
    -0x0029, -0x0023, +0x0017, +0x0008, -0x0015, -0x0004, -0x0009, -0x002a, 
    -0x0004, -0x0013, +0x0026, +0x0013, +0x0012, +0x0005, +0x0049, -0x0040, 
    -0x003a, +0x007f, -0x000e, +0x0060, +0x0041, -0x0020, +0x0014, +0x0009, 
    -0x0046, -0x001f, +0x0023, +0x0006, +0x0009, -0x000a, +0x0039, +0x0014, 
    -0x003c, +0x0034, -0x0007, +0x0007, -0x0017, -0x001b, -0x005b, -0x0023, 
    -0x0037, -0x0023, +0x0023, +0x0026, -0x000b, +0x0022, +0x000c, +0x0025, 
    -0x0018, +0x0021, -0x0020, -0x000e, -0x001e, -0x0019, -0x003b, -0x0007, 
    -0x0010, +0x0005, -0x0002, -0x0029, +0x0005, +0x000b, -0x000c, -0x007f, 
    -0x0049, +0x001f, +0x002b, -0x0010, -0x0013, +0x000f, -0x0044, -0x0026, 
    -0x0012, -0x002f, +0x0005, -0x0044, -0x0026, -0x001d, -0x000f, -0x004f, 
    -0x002a, +0x0005, +0x0005, +0x0006, -0x002b, +0x0007, -0x004b, -0x002e, 
    +0x0001, -0x002e, -0x0019, -0x0034, +0x0008, +0x0025, -0x0042, -0x0015, 
    +0x0020, +0x0009, -0x001f, -0x001a, -0x0019, -0x001e, +0x0005, -0x0023, 
    +0x0000, +0x0056, -0x0006, -0x000a, +0x0008, -0x0013, +0x0019, +0x0004, 
    +0x0024, -0x005c, -0x0017, -0x0003, +0x0004, -0x006d, +0x000f, +0x0007, 
    +0x0002, -0x0014, -0x0025, +0x0005, +0x0006, -0x0011, -0x0010, -0x0023, 
    -0x000d, -0x004c, -0x0019, -0x002c, +0x0011, -0x0036, +0x002b, +0x0031, 
    +0x001e, -0x0007, -0x0024, -0x0021, -0x000f, +0x0013, -0x002f, -0x001e, 
    -0x0023, -0x000a, +0x0020, -0x0029, +0x0003, -0x003d, +0x0026, +0x002c, 
    -0x0040, +0x0057, -0x000e, +0x0018, +0x000f, +0x001d, -0x0007, +0x0051, 
    +0x0019, -0x0046, -0x0023, +0x002d, -0x000a, -0x007b, +0x001b, +0x0011, 
    +0x0016, +0x0031, -0x0036, +0x0030, +0x0009, +0x000a, -0x0025, +0x0000, 
    -0x000e, -0x0071, -0x001e, -0x000e, -0x0001, -0x004f, +0x000b, +0x001d, 
    +0x0015, +0x0014, -0x0060, +0x0017, -0x0010, -0x0022, -0x003e, -0x0022, 
    -0x0007, -0x005e, +0x002b, -0x003c, -0x0004, -0x005b, -0x002e, +0x0047, 
    -0x0019, +0x004a, -0x002f, -0x004b, +0x000c, -0x0001, -0x0036, +0x0029, 
    +0x0018, -0x0055, -0x007f, +0x0010, +0x000f, -0x0012, -0x0056, -0x002b, 
    +0x0017, +0x0017, -0x0059, -0x0007, -0x001a, +0x0004, -0x002e, -0x0034, 
    +0x0006, -0x0048, -0x0050, +0x0001, -0x000e, -0x0025, -0x0044, -0x001f, 
    +0x0003, -0x000a, -0x0054, +0x001a, -0x0013, -0x0019, -0x000e, -0x004b, 
    -0x0007, -0x0036, +0x0045, -0x0047, -0x0015, -0x0052, -0x004c, +0x0012, 
    -0x0020, +0x001a, -0x0028, +0x0014, -0x0062, -0x0020, -0x0008, -0x0027, 
    -0x001f, +0x0051, +0x000b, -0x001b, -0x0048, +0x0043, -0x0022, -0x0021, 
    -0x004c, -0x000b, -0x002a, +0x0012, -0x005b, -0x0003, +0x000e, +0x0022, 
    -0x0019, +0x0020, -0x0021, +0x0001, +0x0001, +0x002b, +0x0030, +0x000e, 
    -0x0025, -0x0014, +0x001d, +0x000a, -0x001d, +0x0003, +0x0015, +0x0038, 
    -0x0008, +0x0007, -0x0033, -0x0018, +0x0013, +0x0008, +0x0062, -0x0001, 
    -0x0015, +0x0035, +0x0018, -0x0004, -0x007f, -0x0016, +0x0008, -0x002c, 
    +0x000e, +0x002e, -0x002d, -0x001d, +0x0022, +0x003a, +0x006d, -0x0018, 
    -0x0039, -0x0008, +0x003d, +0x0009, -0x006a, +0x0004, +0x000c, +0x003b, 
    +0x0027, +0x0021, +0x0011, +0x0006, +0x0004, +0x0016, +0x0061, +0x0035, 
    -0x0026, -0x0003, +0x0054, +0x0013, -0x0024, +0x0009, -0x0014, +0x0068, 
    +0x001e, +0x0012, +0x002e, -0x001e, +0x0009, -0x001a, -0x0008, +0x0025, 
    -0x0003, +0x000e, +0x0032, +0x0002, -0x0033, +0x0003, -0x0003, -0x0030, 
    +0x0012, +0x000f, -0x0025, -0x002b, +0x003d, +0x0059, -0x0002, -0x0036, 
    +0x0011, -0x002f, +0x0052, +0x0023, -0x002b, +0x0006, -0x0038, -0x0003, 
    +0x0009, +0x0006, +0x0001, -0x0001, -0x0014, +0x0011, -0x004e, +0x0001, 
    +0x0038, -0x0016, +0x0005, -0x0005, -0x0007, +0x0008, -0x0056, +0x0027, 
    +0x000a, -0x0006, +0x0013, -0x0018, +0x000e, -0x0001, -0x0023, +0x0042, 
    -0x001d, -0x0047, -0x0021, -0x0009, +0x000b, +0x0023, -0x001b, +0x0003, 
    +0x0064, -0x002d, -0x002a, +0x0000, -0x0035, +0x0016, -0x002a, -0x0009, 
    +0x0025, -0x0023, -0x0046, -0x0001, +0x002d, +0x0008, -0x0053, -0x0018, 
    +0x003f, -0x0003, -0x0032, +0x0007, +0x0033, +0x0011, -0x000a, -0x0013, 
    +0x0026, -0x0010, -0x003d, -0x004c, +0x0004, +0x0024, -0x006e, -0x0025, 
    -0x0017, +0x0001, -0x0023, +0x0010, +0x0058, +0x0024, -0x0018, -0x0029, 
    -0x0030, -0x001a, +0x0062, -0x0013, +0x0000, +0x002b, -0x003f, +0x0005, 
    +0x0044, +0x0041, -0x0007, -0x0006, -0x0072, -0x0008, +0x0003, +0x0005, 
    +0x0015, -0x0015, +0x0059, +0x0014, +0x000d, +0x000c, -0x005e, -0x0002, 
    +0x0049, +0x0028, -0x001c, +0x001a, -0x0022, -0x000c, -0x000c, -0x000c, 
    +0x0036, +0x003e, +0x001d, -0x0046, -0x0012, +0x003f, -0x0047, -0x0008, 
    +0x001d, +0x000a, -0x000d, +0x0012, +0x0024, +0x0027, +0x0003, -0x001a, 
    -0x0044, -0x0024, +0x0046, +0x0061, -0x0012, +0x0002, -0x0035, +0x0027, 
    +0x0007, +0x0036, -0x0016, -0x000b, -0x0050, -0x002b, -0x0002, +0x0009, 
    -0x001d, -0x0043, +0x0013, +0x007f, -0x000f, +0x0035, -0x0032, +0x0011, 
    +0x003c, +0x0024, -0x000b, +0x0016, -0x0002, -0x0050, +0x000a, -0x000f, 
    -0x0026, +0x0016, -0x0015, +0x0002, -0x000c, -0x0014, -0x0027, +0x0012, 
    +0x0030, +0x0023, +0x0013, +0x0015, +0x0027, -0x0007, +0x0009, -0x000e, 
    -0x0016, -0x0031, +0x000a, +0x0025, +0x0033, +0x002f, +0x0012, +0x002e, 
    -0x000d, +0x003f, +0x000a, +0x0002, +0x0027, -0x0018, +0x0046, -0x001a, 
    +0x0006, -0x0001, -0x0033, +0x0011, -0x0013, +0x003d, -0x0022, -0x001e, 
    +0x0014, -0x001f, -0x0019, -0x000e, +0x0004, -0x000e, +0x001c, -0x0020, 
    +0x0021, +0x003b, -0x002e, +0x0004, -0x000e, -0x002e, -0x0016, +0x001f, 
    +0x0030, -0x0021, -0x0015, -0x0010, +0x0008, +0x0017, -0x000d, -0x001b, 
    +0x0000, -0x0027, -0x0025, +0x0019, +0x0020, -0x0022, +0x001d, +0x007d, 
    -0x001b, +0x007f, -0x000d, -0x000a, +0x003b, -0x000a, +0x0028, +0x0013, 
    +0x0021, -0x0028, -0x0042, -0x0003, +0x0003, +0x0014, +0x0000, +0x0047, 
    -0x0005, +0x000d, +0x0008, -0x0015, +0x001b, -0x001d, -0x0004, -0x0023, 
    +0x001c, +0x0036, -0x0012, -0x0009, -0x0007, -0x0003, +0x001b, +0x0034, 
    -0x0017, +0x000c, +0x0018, -0x000f, -0x0003, +0x001d, -0x0024, -0x0058, 
    +0x0023, -0x0026, +0x000c, +0x001f, +0x000d, -0x0024, -0x000e, +0x005b, 
    -0x0029, +0x001c, -0x003b, -0x0003, +0x002c, -0x0013, +0x0035, -0x0001, 
    +0x003e, -0x0040, +0x0005, -0x0008, +0x000f, -0x0003, +0x0013, +0x0041, 
    -0x0024, +0x0001, -0x0046, -0x0010, +0x0018, -0x0015, -0x0008, +0x000b, 
    -0x000d, +0x0003, +0x001d, -0x001b, -0x000e, +0x0021, +0x0036, +0x0032, 
    -0x0026, -0x0003, -0x0024, -0x000a, -0x0001, -0x0002, -0x0015, -0x0033, 
    -0x0007, +0x0042, +0x0016, -0x0036, +0x002e, -0x0016, -0x0063, +0x0004, 
    -0x0014, +0x000f, +0x0036, -0x0015, -0x0023, -0x004f, -0x0017, -0x0008, 
    -0x0018, +0x0010, -0x0008, -0x0019, -0x0003, +0x0043, -0x007f, +0x0039, 
    -0x0010, +0x0014, +0x004b, +0x0002, +0x002c, +0x001f, -0x0022, +0x0008, 
    -0x0006, -0x0011, -0x0043, -0x0013, -0x0053, +0x002b, -0x0062, -0x0001, 
    -0x0003, +0x003a, +0x0023, -0x0004, +0x0032, +0x003b, -0x003b, -0x0039, 
    -0x002c, +0x0053, +0x004d, +0x0019, +0x003a, -0x0019, +0x0018, -0x0056, 
    -0x0032, -0x0019, +0x0045, +0x0004, -0x0048, -0x0058, -0x0022, +0x000b, 
    -0x0026, +0x0015, +0x0026, +0x001c, +0x002e, +0x004c, +0x0029, -0x0003, 
    -0x0057, +0x001f, +0x0048, -0x001d, +0x001e, +0x0024, -0x0049, +0x0058, 
    +0x0003, -0x000d, -0x000a, -0x0022, -0x001f, +0x004e, +0x0013, -0x0030, 
    -0x002a, +0x0069, +0x0009, -0x001c, +0x0028, +0x0051, -0x004a, +0x001e, 
    -0x003c, +0x0024, +0x001e, +0x0017, +0x001d, -0x004f, +0x0025, -0x0042, 
    -0x0064, -0x005f, -0x000c, +0x002f, -0x0042, -0x0024, -0x0046, -0x0001, 
    -0x0047, +0x000f, +0x0028, +0x0036, +0x003b, +0x0010, +0x0012, +0x0008, 
    -0x007f, -0x0020, -0x001d, -0x0018, +0x0029, +0x000d, -0x0009, +0x0051, 
    -0x0011, +0x000e, +0x000b, -0x002d, +0x001b, +0x0015, -0x001a, -0x001e, 
    -0x0045, +0x002f, -0x002d, -0x002f, +0x0003, +0x001f, -0x0002, +0x0001, 
    +0x0011, -0x0031, -0x0014, +0x003d, +0x000b, +0x001e, +0x0002, -0x0012, 
    +0x0003, +0x0037, +0x0022, -0x0005, +0x0053, -0x002a, +0x001c, -0x002c, 
    +0x002d, -0x000e, -0x001d, +0x0034, +0x0028, +0x0016, -0x0018, -0x0060, 
    -0x0008, -0x0035, +0x0037, -0x0046, +0x002e, +0x0015, -0x000b, -0x003b, 
    -0x0038, -0x0046, -0x0014, +0x002f, +0x000b, -0x0020, -0x0020, -0x0037, 
    +0x0003, -0x0061, +0x000e, -0x0064, -0x004f, +0x0042, -0x000a, -0x001f, 
    +0x0006, +0x0027, -0x004c, +0x0013, +0x0016, +0x001f, -0x0003, -0x000f, 
    -0x000a, +0x003e, +0x0007, +0x001d, +0x0057, -0x005b, +0x0001, -0x0022, 
    +0x002f, +0x0025, -0x0073, -0x0002, +0x003e, -0x0007, -0x0024, -0x004f, 
    -0x0004, -0x0037, +0x0004, -0x0032, +0x0013, +0x001e, -0x0002, -0x0017, 
    -0x0044, -0x0013, -0x0068, -0x003b, +0x0011, -0x0015, -0x000b, -0x001a, 
    -0x0003, -0x0073, -0x003b, -0x0053, -0x0058, +0x0045, -0x0017, -0x000f, 
    +0x002e, +0x0035, -0x000f, +0x0004, +0x0020, +0x0000, -0x000f, +0x0009, 
    +0x0007, +0x0033, -0x003c, +0x0036, +0x004b, -0x0038, +0x0011, +0x0012, 
    +0x0052, +0x002c, +0x002d, +0x000c, +0x001f, -0x000b, -0x0013, -0x0009, 
    +0x0012, +0x000b, -0x0023, +0x0015, -0x000a, +0x0004, +0x0005, +0x001a, 
    +0x0007, +0x001b, +0x003a, -0x0032, +0x0005, -0x0010, +0x0008, +0x001c, 
    -0x0012, -0x0046, -0x000b, -0x0017, -0x005e, +0x0023, -0x003a, +0x0017, 
    +0x0061, -0x0037, +0x003f, -0x0044, +0x0003, +0x001c, -0x0017, +0x0004, 
    -0x003b, -0x0006, -0x001b, -0x002b, +0x0015, +0x0014, -0x0008, +0x004b, 
    +0x000e, -0x0056, -0x000c, +0x001f, +0x0026, +0x001a, -0x0008, +0x0009, 
    -0x0042, +0x0002, -0x0006, -0x0038, +0x0001, +0x0067, +0x0019, +0x003e, 
    -0x007f, -0x006e, -0x0023, +0x002d, +0x0027, +0x0017, -0x000f, +0x002b, 
    -0x000f, +0x000c, +0x0010, +0x0009, -0x000a, +0x0035, +0x0006, -0x003d, 
    +0x000b, +0x0016, +0x006f, -0x0014, -0x0009, +0x0048, -0x000d, -0x000c, 
    -0x0006, -0x001f, -0x002e, -0x001e, +0x0017, -0x0013, +0x000a, +0x0022, 
    +0x0052, -0x0011, +0x0035, +0x001f, +0x0020, +0x0011, +0x0006, +0x000b, 
    -0x005a, -0x000d, -0x0031, -0x0007, +0x000f, +0x0046, +0x0036, -0x0008, 
    +0x0030, -0x001f, +0x0025, +0x0030, +0x003a, +0x000f, +0x001c, +0x003b, 
    -0x005d, -0x000f, -0x001d, +0x000a, -0x002f, +0x003e, +0x0025, -0x007f, 
    -0x005e, +0x0055, +0x0042, -0x0015, -0x0003, +0x001e, +0x0037, -0x0022, 
    +0x001c, +0x0010, -0x001f, +0x0031, -0x001d, +0x002c, -0x0023, +0x0006, 
    -0x000e, +0x0018, +0x000a, +0x0020, -0x000f, +0x0008, +0x0010, +0x0006, 
    +0x002f, +0x001d, -0x0036, +0x0037, +0x0025, +0x0049, +0x002c, -0x0025, 
    +0x0067, -0x0005, +0x0034, +0x0005, -0x0004, +0x0008, -0x001b, -0x0004, 
    -0x0020, +0x0012, -0x0015, +0x0022, -0x0021, +0x0047, +0x0054, -0x0046, 
    -0x000f, -0x001c, -0x0008, -0x0035, +0x000b, +0x002b, -0x007f, -0x0048, 
    -0x005d, +0x0036, -0x003f, -0x0043, -0x002a, +0x0018, +0x0000, -0x0007, 
    +0x000c, -0x0005, -0x0002, +0x0018, -0x0016, -0x0027, -0x0048, -0x0001, 
    +0x002e, -0x001c, -0x0026, +0x001e, -0x001b, -0x002e, -0x0027, +0x0049, 
    +0x001f, +0x002c, -0x0008, +0x0053, -0x0021, -0x0039, -0x002a, +0x006a, 
    +0x0060, -0x0014, -0x0039, +0x002a, +0x0021, -0x0014, -0x0021, +0x004a, 
    -0x0044, -0x0002, -0x0022, -0x0010, +0x0009, -0x0005, -0x0035, -0x003f, 
    -0x003c, +0x002f, +0x0010, -0x0029, -0x0017, -0x0006, +0x0047, +0x001d, 
    -0x0008, +0x0025, -0x0017, +0x000e, +0x0021, -0x0002, -0x0022, -0x0013, 
    -0x0031, -0x0009, +0x0032, -0x0005, -0x004e, -0x0012, +0x0055, +0x0061, 
    +0x0032, +0x002e, -0x0002, +0x0021, -0x0011, +0x0002, -0x001a, +0x0051, 
    +0x006e, +0x0003, +0x0040, +0x0018, +0x0007, -0x0003, +0x0000, +0x007c, 
    -0x001d, -0x0022, -0x0029, -0x0013, +0x000f, +0x0018, +0x001f, -0x003e, 
    +0x0007, -0x000a, +0x002e, -0x004c, +0x001e, +0x0004, +0x0063, -0x0013, 
    -0x0023, -0x0018, -0x003c, -0x001c, +0x001a, -0x000e, +0x0041, -0x0036, 
    -0x004c, +0x0013, +0x004e, -0x0040, -0x002b, -0x0004, +0x007a, +0x001e, 
    +0x001c, -0x003f, -0x001b, -0x0022, -0x001b, +0x0012, +0x0018, +0x002e, 
    -0x0013, -0x001a, +0x0050, -0x0037, +0x001a, -0x0010, +0x0058, +0x004d, 
    +0x0037, +0x0009, -0x003a, +0x0021, -0x0017, -0x000d, +0x0039, -0x002e, 
    +0x0014, +0x002c, +0x0018, -0x0025, -0x0004, +0x0010, -0x000f, -0x0043, 
    -0x0044, -0x002d, -0x0011, +0x006c, -0x0069, -0x0003, +0x0036, -0x0025, 
    -0x002f, +0x0017, +0x001d, -0x004d, -0x0021, +0x0012, -0x0045, -0x004b, 
    -0x0001, -0x003f, -0x0022, +0x006e, -0x0027, -0x0062, +0x0001, -0x0058, 
    -0x0015, +0x001d, +0x0022, -0x003a, -0x0066, +0x0015, -0x004b, -0x0009, 
    +0x0060, +0x002e, -0x000b, +0x0001, +0x005b, -0x0022, -0x0007, -0x000b, 
    +0x003c, +0x0028, +0x001c, -0x001d, +0x0064, +0x0057, +0x000e, -0x000a, 
    -0x0019, +0x000d, +0x001c, +0x0043, -0x0008, -0x0048, +0x0010, -0x0003, 
    -0x0019, +0x0037, +0x0039, -0x002e, +0x004d, +0x006a, -0x0012, +0x0022, 
    -0x005d, -0x0046, +0x0001, +0x0066, -0x003f, -0x0050, +0x003b, -0x0022, 
    -0x003d, +0x001b, +0x0036, +0x0007, -0x0023, +0x0040, -0x0015, +0x0062, 
    +0x0024, -0x0035, -0x0020, -0x003e, +0x002a, -0x0055, -0x005f, -0x004f, 
    +0x002c, +0x0013, -0x0015, -0x000c, -0x000f, +0x0031, +0x0000, +0x002c, 
    +0x0029, -0x003b, +0x0027, -0x0014, +0x0038, -0x001d, -0x0023, -0x0007, 
    +0x0019, +0x0013, -0x0018, +0x0001, +0x0037, +0x0048, +0x000d, +0x0010, 
    -0x004a, -0x0071, +0x004b, +0x0009, -0x0013, +0x0013, +0x0018, -0x0005, 
    -0x001e, +0x0012, -0x0027, +0x0008, +0x003d, +0x0009, +0x0009, -0x0012, 
    -0x001c, +0x0010, -0x0009, -0x004f, +0x000f, -0x0005, +0x002a, -0x000a, 
    -0x0013, +0x0000, +0x0034, +0x0026, -0x000b, +0x001b, +0x0037, -0x0006, 
    -0x0026, +0x003a, +0x001c, -0x0022, +0x0044, -0x0004, +0x000b, -0x000e, 
    +0x0000, +0x0024, +0x0025, +0x0037, -0x0031, -0x004e, +0x0024, -0x004f, 
    +0x0008, +0x0048, +0x001a, +0x0020, +0x0032, -0x0002, -0x001b, -0x0003, 
    +0x001f, -0x000f, +0x0007, +0x002e, +0x0039, -0x005c, +0x0007, -0x0017, 
    +0x0004, +0x007f, +0x0034, -0x0027, +0x0034, -0x0011, +0x002c, -0x003f, 
    +0x000d, +0x003a, +0x000e, +0x003a, -0x0021, -0x005b, -0x0005, -0x0023, 
    -0x0014, +0x0062, +0x0011, +0x0016, +0x006b, -0x0012, +0x0007, -0x0051, 
    -0x000c, +0x0046, +0x0033, +0x0078, -0x0019, -0x007b, -0x000f, -0x000f, 
    -0x0016, +0x0063, +0x0000, +0x0026, +0x006a, +0x0014, -0x0020, -0x0028, 
    +0x0004, -0x000b, +0x002a, +0x0054, +0x003e, -0x0024, +0x0018, +0x000d, 
    +0x0004, +0x003e, +0x0023, -0x005c, +0x0017, +0x0015, +0x0025, -0x0038, 
    -0x0004, +0x004c, -0x0030, +0x0044, -0x0021, -0x006b, -0x0022, +0x0019, 
    -0x0010, +0x0029, -0x0016, -0x0020, +0x0039, +0x000a, -0x0002, -0x0036, 
    -0x001e, +0x0059, -0x0009, +0x005e, -0x0039, -0x0004, -0x0037, +0x004c, 
    -0x000b, -0x0015, -0x0068, -0x0010, +0x004e, +0x0029, -0x001e, -0x001a, 
    -0x002b, +0x0023, +0x0009, +0x0016, -0x0015, +0x0037, -0x001c, +0x004f, 
    +0x0002, -0x0035, +0x0022, -0x0031, +0x0011, +0x005b, +0x0012, +0x0010, 
    +0x0008, -0x0007, +0x0013, -0x0017, -0x0018, -0x003f, +0x001f, -0x004d, 
    -0x000e, +0x0025, +0x0006, -0x005a, -0x0006, +0x0029, -0x003b, +0x0006, 
    -0x000e, -0x0036, +0x0018, -0x001f, +0x0007, -0x001f, -0x0033, -0x0048, 
    -0x001b, +0x0074, -0x002d, -0x0014, -0x001a, +0x0011, -0x0053, -0x0004, 
    +0x0001, -0x0030, +0x0006, -0x0010, +0x000d, +0x0021, -0x004d, -0x0004, 
    +0x000c, -0x0029, -0x0006, +0x000d, +0x003b, +0x0010, +0x0014, +0x000a, 
    -0x0001, +0x000d, +0x0008, +0x0030, +0x0004, +0x000e, -0x0047, -0x0014, 
    -0x004b, +0x0011, -0x0015, -0x0021, +0x0026, +0x0005, -0x0038, +0x0005, 
    -0x0014, +0x000c, +0x0015, +0x001f, +0x0009, +0x002b, -0x0040, -0x003e, 
    -0x003f, +0x0033, -0x005d, -0x0042, -0x0012, -0x0008, -0x0048, -0x0001, 
    -0x0009, +0x0007, +0x0023, -0x0005, -0x0011, +0x003d, +0x0004, +0x0004, 
    -0x0003, +0x0020, -0x005e, +0x0028, +0x0020, +0x0014, +0x002f, +0x0019, 
    +0x0013, +0x0022, -0x0003, +0x0014, +0x0016, +0x001e, -0x003f, +0x0013, 
    +0x0004, +0x0041, -0x002f, +0x0053, +0x0037, +0x0016, -0x0008, +0x0044, 
    -0x0013, +0x003c, -0x0006, +0x0021, +0x0013, +0x0006, -0x000d, -0x0053, 
    -0x0023, +0x001f, -0x0055, +0x0054, +0x0011, -0x000c, -0x0028, +0x0029, 
    -0x0005, +0x002b, +0x0011, +0x001b, +0x0008, +0x000a, +0x001b, -0x003a, 
    -0x001b, +0x0016, -0x000f, +0x000f, +0x0033, +0x0078, +0x001a, +0x0007, 
    +0x0042, -0x002e, -0x004e, +0x000b, +0x0005, -0x0010, +0x003c, +0x0015, 
    +0x0001, -0x0014, +0x0015, +0x000e, -0x0004, +0x0065, -0x0016, -0x0022, 
    -0x0011, -0x0051, -0x004c, +0x001b, -0x0006, -0x0014, +0x0035, +0x0019, 
    +0x0013, -0x002a, +0x001c, +0x0020, -0x001a, +0x0010, -0x0023, -0x0033, 
    -0x0039, -0x0007, -0x0025, +0x001b, -0x0006, -0x003f, +0x0033, -0x002f, 
    -0x003d, +0x0016, +0x0019, +0x0011, +0x001c, +0x0074, -0x0005, +0x001b, 
    +0x0018, -0x0006, -0x0062, -0x0028, -0x0038, -0x0044, +0x004f, -0x0010, 
    -0x004f, +0x000d, +0x000e, -0x000f, +0x0017, -0x0018, -0x001e, -0x000b, 
    +0x0031, -0x0011, -0x0016, +0x0014, -0x0022, -0x0051, +0x0026, +0x002f, 
    -0x0007, +0x000e, +0x0009, -0x0014, +0x000e, -0x0059, -0x0041, -0x0032, 
    +0x0014, +0x0027, -0x0013, +0x0051, -0x0009, -0x0045, +0x0015, +0x0014, 
    -0x0010, -0x0009, +0x0016, +0x0011, +0x0004, -0x0022, -0x000b, +0x0004, 
    -0x0005, -0x0014, -0x0022, -0x001c, -0x000a, -0x002e, +0x0016, -0x003c, 
    -0x003e, -0x0024, +0x000c, +0x000f, +0x0000, -0x0073, -0x001b, +0x0025, 
    +0x002e, -0x0009, -0x0002, -0x0057, -0x0012, -0x0028, +0x000b, +0x0008, 
    -0x0037, -0x0027, +0x000b, +0x0010, +0x000f, -0x004f, -0x0041, -0x0015, 
    +0x003d, +0x0003, -0x0001, -0x001d, -0x001e, -0x0021, -0x001c, +0x0018, 
    +0x0024, -0x0019, -0x0003, +0x000e, -0x0036, -0x0046, +0x0018, -0x000d, 
    -0x000b, +0x002e, -0x002f, +0x0005, +0x0004, +0x001c, +0x002b, -0x0029, 
    +0x003a, -0x0038, +0x0000, -0x001f, -0x006b, -0x000a, +0x0001, +0x001c, 
    +0x0008, -0x0030, -0x0036, +0x000f, -0x0003, +0x0053, +0x003c, -0x0037, 
    +0x0046, -0x0038, -0x0017, -0x0020, -0x0043, -0x0002, +0x0014, +0x0079, 
    -0x000d, -0x0045, +0x0008, +0x0033, +0x0033, +0x0062, -0x0005, -0x0006, 
    -0x0014, -0x0040, +0x0016, +0x0017, -0x0012, +0x0020, +0x0028, -0x003f, 
    +0x0030, -0x0011, -0x0018, -0x002b, +0x0008, -0x003a, +0x006e, -0x0012, 
    +0x0002, -0x0012, +0x000c, -0x0007, -0x0045, +0x0033, +0x002d, -0x0035, 
    +0x0002, -0x002b, -0x0006, -0x003e, -0x004e, -0x002e, +0x004b, -0x0024, 
    +0x0025, -0x0002, -0x0002, -0x002e, -0x005e, +0x004d, +0x002a, +0x0011, 
    -0x0029, -0x0013, +0x0025, +0x0004, -0x003f, -0x001e, +0x0028, +0x0018, 
    -0x000a, +0x0033, -0x0011, -0x0011, +0x0038, +0x002d, -0x0009, -0x001f, 
    +0x000c, -0x001f, +0x0006, -0x0010, +0x0065, +0x0022, +0x007f, +0x0037, 
    -0x004c, +0x0014, -0x001e, -0x000d, +0x0005, +0x0034, +0x0003, -0x0056, 
    +0x0013, -0x0010, -0x0011, -0x0032, +0x0017, +0x0010, +0x0058, +0x0004, 
    -0x0059, -0x0017, -0x0034, -0x003a, -0x0018, -0x0008, +0x0012, -0x0059, 
    +0x001d, +0x0006, +0x0016, -0x003b, -0x0008, -0x0012, +0x0006, +0x0004, 
    -0x000c, -0x002f, +0x0031, -0x0031, +0x0003, +0x0001, +0x002a, -0x0010, 
    -0x0038, +0x0004, +0x0012, -0x001d, +0x006a, +0x0038, +0x001d, -0x0034, 
    +0x0015, -0x003d, -0x0032, -0x0054, +0x0016, -0x001c, -0x0015, -0x0013, 
    -0x004a, +0x0078, -0x000d, -0x001f, +0x002e, +0x0064, +0x004f, -0x004e, 
    +0x001f, +0x000b, -0x0016, -0x0001, -0x000e, +0x0002, -0x0011, +0x0001, 
    -0x0015, +0x0060, -0x0010, -0x003e, -0x0039, +0x006c, +0x0067, -0x0006, 
    -0x0008, +0x0006, +0x0010, +0x0017, +0x0003, -0x0028, +0x0033, -0x0001, 
    +0x0005, +0x0034, -0x0021, +0x000d, +0x0041, +0x000e, +0x003a, +0x0026, 
    +0x0010, +0x002c, -0x0036, -0x0027, +0x0011, -0x0060, -0x0024, +0x0021, 
    -0x0061, +0x007f, -0x0011, +0x001f, +0x006b, -0x0001, +0x004f, -0x0007, 
    +0x0032, +0x0043, -0x0032, -0x0013, +0x0008, -0x0006, -0x002f, +0x001b, 
    -0x0062, +0x002a, -0x0007, -0x000b, +0x0065, -0x000d, +0x002a, -0x0036, 
    +0x0017, -0x0017, +0x0012, +0x0053, +0x0010, -0x0001, +0x0017, +0x000f, 
    +0x0023, +0x0041, -0x003f, -0x0014, -0x0014, +0x000f, +0x0052, +0x005d, 
    -0x002b, +0x0007, -0x0031, +0x0028, -0x0011, -0x0012, -0x0018, +0x0036, 
    +0x001c, +0x001b, -0x0020, -0x0009, +0x0023, +0x0015, +0x001e, +0x007f, 
    -0x0002, +0x0002, -0x002c, +0x0005, -0x0018, -0x001c, -0x001c, +0x0032, 
    -0x0003, -0x0025, +0x0003, -0x000a, +0x007f, +0x005d, -0x000a, +0x002f, 
    -0x0042, +0x001e, +0x003a, +0x0012, +0x000a, +0x001e, -0x003f, -0x0010, 
    -0x0007, +0x0012, -0x003e, +0x0001, +0x0023, +0x0007, +0x0009, -0x0002, 
    -0x0017, +0x001c, +0x0006, -0x000b, -0x0006, +0x0021, -0x0071, +0x000f, 
    +0x0003, +0x0005, -0x0051, -0x0033, +0x0005, -0x0004, +0x0051, +0x000a, 
    -0x0033, +0x0003, +0x0032, +0x000f, +0x0021, +0x0028, -0x004a, -0x0023, 
    -0x0008, +0x0002, -0x0023, +0x0041, -0x003c, +0x0007, +0x000e, +0x0009, 
    +0x0001, -0x0057, +0x0041, +0x0000, -0x0015, -0x001c, -0x0008, -0x000a, 
    -0x0024, -0x000d, -0x002e, +0x0007, +0x0061, +0x0007, -0x0026, -0x001f, 
    +0x0017, -0x003c, -0x0011, -0x0024, +0x0004, -0x0036, -0x004d, +0x0033, 
    -0x001e, +0x000a, -0x0070, -0x007f, +0x0068, +0x000d, +0x0011, +0x0009, 
    +0x0006, -0x0031, -0x000d, +0x0019, +0x001d, -0x0020, -0x0071, -0x0028, 
    +0x000c, +0x0017, -0x006e, +0x0067, +0x002d, +0x0007, +0x0009, +0x0018, 
    +0x003b, +0x002a, +0x0004, +0x0001, -0x0005, +0x000c, +0x001a, -0x0018, 
    -0x001c, +0x0000, +0x0010, +0x0014, +0x0009, -0x0009, -0x004f, -0x001f, 
    +0x0052, +0x0032, -0x0027, -0x0019, +0x001a, +0x0019, -0x0042, +0x0011, 
    -0x000c, -0x0018, -0x0037, -0x0033, +0x002b, -0x0006, -0x000d, +0x0008, 
    +0x0015, +0x0005, +0x0000, +0x0010, +0x0017, +0x000e, -0x007f, -0x0012, 
    +0x0013, -0x000f, -0x0064, +0x001f, +0x0006, -0x0023, -0x0030, +0x0005, 
    -0x0018, -0x0003, -0x000d, -0x0008, -0x001c, +0x0004, -0x0009, -0x0001, 
    -0x0021, +0x0006, -0x0029, -0x0003, -0x0061, -0x0026, -0x004f, -0x000b, 
    +0x0002, -0x0017, -0x0019, +0x005b, +0x001d, -0x0010, -0x0018, +0x000c, 
    +0x0001, +0x0012, +0x0009, -0x0036, -0x0042, -0x005e, +0x0019, +0x0012, 
    -0x0009, -0x000a, -0x0025, -0x0064, +0x001d, +0x0007, +0x0043, -0x000e, 
    +0x0011, +0x0009, +0x0048, +0x001c, +0x0000, -0x0059, +0x0005, +0x0000, 
    +0x002a, +0x000b, +0x0028, -0x0011, -0x003d, +0x0000, -0x0012, -0x000b, 
    -0x0005, -0x0011, +0x0013, +0x0014, -0x007f, +0x0048, -0x0043, -0x0002, 
    +0x0020, +0x0013, +0x0014, +0x0068, -0x000a, -0x0008, -0x002b, +0x0017, 
    +0x0002, -0x0011, +0x003d, -0x0043, -0x0058, +0x0078, -0x0022, +0x0019, 
    -0x000b, +0x0004, -0x0026, -0x0070, +0x0023, -0x0015, +0x0029, -0x001d, 
    +0x0005, +0x0013, +0x006f, +0x0040, -0x000b, +0x0058, -0x0015, -0x0019, 
    +0x0014, +0x0009, +0x0009, +0x0002, -0x000e, -0x000a, -0x0002, -0x0004, 
    -0x000f, +0x001d, -0x000c, +0x000c, -0x0024, -0x0048, -0x0022, +0x0005, 
    +0x0005, +0x0000, +0x0000, +0x0043, +0x0015, -0x0011, -0x0008, +0x0004, 
    -0x0019, +0x0001, +0x001e, -0x0019, -0x0012, -0x0043, -0x0039, +0x0013, 
    -0x0007, +0x0004, -0x0016, -0x0030, +0x0042, -0x0026, +0x0003, -0x0002, 
    -0x0025, +0x000c, +0x001d, +0x001c, +0x0004, -0x0035, -0x0030, -0x0015, 
    -0x0002, -0x0027, -0x0037, -0x0001, -0x0002, +0x001c, -0x0009, +0x0008, 
    -0x000f, -0x0014, -0x0023, +0x0008, -0x0020, -0x000b, -0x0034, +0x001e, 
    +0x000b, -0x001a, -0x0007, -0x0013, -0x0001, +0x002d, +0x000c, +0x0003, 
    -0x0025, -0x0029, -0x000d, -0x0026, -0x000c, -0x0002, -0x001d, -0x0035, 
    -0x0010, -0x002c, -0x0026, +0x0018, -0x001d, +0x0034, +0x0004, +0x0007, 
    +0x0000, +0x0001, +0x0005, +0x0023, -0x0006, +0x0017, -0x001e, +0x0019, 
    +0x0001, +0x0028, -0x000a, +0x0005, +0x0041, -0x0052, -0x0043, +0x001b, 
    +0x0032, +0x0036, -0x0002, +0x000e, -0x004a, +0x000f, +0x003d, +0x0022, 
    +0x0023, +0x0019, -0x0006, -0x0033, +0x0031, -0x007f, +0x000b, -0x0008, 
    +0x001b, +0x005b, -0x0013, -0x0053, -0x0033, +0x0004, +0x002f, -0x0036, 
    +0x0018, +0x0029, -0x0009, +0x0023, -0x001a, -0x003f, -0x0001, -0x0006, 
    +0x000c, +0x000e, -0x0010, +0x002d, +0x0004, +0x000f, -0x0002, +0x0017, 
    -0x0021, -0x0012, -0x001b, -0x0004, +0x0030, +0x003e, -0x003f, -0x0005, 
    +0x0039, -0x002b, -0x0012, +0x001b, -0x0045, -0x0003, +0x001b, +0x0009, 
    +0x0002, +0x000b, -0x003c, -0x001d, +0x0038, +0x005b, +0x0000, -0x0026, 
    +0x001d, -0x003f, -0x0036, -0x002e, -0x0019, -0x0004, +0x000a, -0x000a, 
    -0x0005, -0x0009, -0x0006, +0x0024, -0x001c, +0x0026, +0x000c, -0x0008, 
    -0x001b, -0x003d, -0x005d, +0x001c, +0x0009, -0x0012, -0x002a, -0x0005, 
    +0x001e, +0x0002, +0x0021, -0x000c, +0x000f, -0x001b, -0x0015, +0x0005, 
    +0x0007, +0x000e, -0x0062, +0x0004, +0x0002, -0x0021, -0x0035, -0x0002, 
    -0x0019, -0x0031, +0x0007, +0x000b, +0x002c, -0x0021, -0x0043, -0x0006, 
    +0x0003, -0x0038, -0x005f, +0x000b, +0x0014, -0x001a, -0x0043, -0x0003, 
    -0x0024, -0x0032, -0x000c, +0x0005, +0x0025, -0x0003, -0x0044, -0x0017, 
    +0x0007, -0x003f, -0x001a, -0x0022, +0x0013, +0x0014, -0x000f, +0x0004, 
    +0x0049, +0x001d, +0x001e, -0x000f, -0x0006, +0x0016, +0x0039, +0x0010, 
    -0x0013, +0x0011, -0x0005, +0x0002, -0x0022, +0x004d, +0x0023, -0x0003, 
    +0x0028, +0x0060, -0x0013, +0x000b, +0x0008, +0x000b, +0x000e, -0x0008, 
    -0x0017, +0x004a, -0x004b, +0x0025, -0x000b, +0x004b, -0x0013, +0x0018, 
    +0x0021, +0x006c, -0x0021, -0x0006, +0x0010, -0x0007, -0x0029, -0x000c, 
    +0x0016, +0x0036, -0x003c, -0x0026, -0x0014, +0x0010, -0x0030, -0x0002, 
    +0x0018, -0x0003, +0x0002, -0x0011, +0x0007, -0x0008, +0x005a, -0x0002, 
    -0x0025, -0x000c, +0x002b, -0x0006, +0x0002, -0x004a, +0x0050, -0x000b, 
    -0x0008, -0x0026, -0x0009, -0x0005, +0x0014, -0x000c, +0x002b, -0x000a, 
    -0x0032, -0x0033, +0x0012, +0x0009, -0x0002, -0x003e, +0x0028, +0x0001, 
    +0x0009, -0x002f, -0x000d, -0x0004, +0x0011, -0x0003, -0x0016, +0x0001, 
    -0x0004, -0x001d, -0x003a, -0x0001, -0x0018, -0x0016, -0x002b, -0x000c, 
    -0x0033, +0x0040, -0x0005, -0x0008, +0x0010, +0x0041, -0x0011, -0x0002, 
    -0x0023, +0x003e, -0x001b, -0x0002, +0x0029, +0x001d, -0x0025, +0x000d, 
    -0x0030, +0x0006, -0x002c, -0x0008, +0x002a, +0x0049, -0x0002, +0x0009, 
    -0x0020, +0x0036, +0x0006, +0x0018, +0x0018, -0x002c, -0x007f, +0x0006, 
    +0x000f, +0x0007, -0x0041, -0x0002, +0x000d, -0x0005, +0x001a, +0x0022, 
    +0x0000, +0x0015, +0x003a, +0x001d, -0x0015, +0x000b, -0x004f, +0x0007, 
    -0x0013, +0x0035, -0x0008, +0x0011, +0x004e, +0x0054, -0x001a, +0x000a, 
    -0x001e, +0x003f, -0x004e, +0x0016, +0x000d, +0x0033, -0x0008, +0x0019, 
    +0x0033, +0x000c, -0x003e, +0x0008, +0x004e, +0x006a, -0x0030, +0x0010, 
    -0x001f, +0x003f, -0x0023, +0x0025, -0x001d, -0x004d, -0x0070, +0x001f, 
    +0x0043, -0x0016, -0x0032, -0x000b, +0x001b, +0x002a, -0x0008, +0x0024, 
    -0x0003, +0x0011, +0x000c, +0x0017, -0x0016, -0x0047, -0x0047, +0x001f, 
    -0x0021, -0x0011, +0x0001, -0x0006, +0x0021, +0x000e, -0x0009, +0x001a, 
    -0x0009, +0x000c, -0x0033, +0x0004, -0x0016, -0x002d, +0x0012, +0x0008, 
    +0x0024, -0x0026, -0x0013, -0x001c, +0x000a, -0x0001, -0x0026, +0x0030, 
    -0x0005, +0x0010, -0x0048, +0x000e, -0x0041, -0x006c, -0x0029, +0x0000, 
    +0x000b, -0x005e, -0x0011, -0x0008, +0x0009, -0x0023, -0x001e, +0x0018, 
    -0x0019, -0x0023, -0x0043, +0x0013, -0x0013, -0x0053, +0x0022, -0x001f, 
    +0x000b, -0x0009, -0x0009, -0x000e, -0x001c, +0x002a, -0x001e, -0x002e, 
    +0x0037, +0x0024, -0x0004, -0x002b, -0x0005, -0x0033, -0x000e, -0x0020, 
    +0x000f, -0x0047, -0x0024, +0x0015, -0x001b, +0x0023, +0x0052, -0x005f, 
    -0x0001, +0x0004, -0x002a, -0x000f, +0x002d, -0x0013, +0x0003, -0x0065, 
    -0x001b, -0x0044, -0x0021, +0x002d, +0x001f, +0x005f, +0x0055, -0x0046, 
    -0x0045, -0x002b, -0x002d, +0x0001, +0x000f, -0x0006, -0x000b, -0x003d, 
    +0x0036, -0x0007, +0x000e, -0x000f, -0x0030, -0x0015, +0x0000, -0x0078, 
    -0x0002, +0x0040, +0x0002, -0x0016, +0x000a, -0x003c, -0x0007, -0x001a, 
    +0x0012, -0x003a, -0x000f, +0x0009, +0x0010, -0x004a, +0x0052, -0x007f, 
    -0x001d, +0x0018, -0x000a, +0x0011, +0x002c, -0x0060, -0x000a, -0x001f, 
    -0x0044, -0x003a, -0x0022, +0x0015, +0x0029, -0x001d, +0x0048, -0x0038, 
    -0x0007, +0x0014, -0x0023, +0x0010, -0x001d, -0x005c, -0x0023, -0x0005, 
    +0x0020, +0x0006, +0x000d, -0x0010, -0x0015, +0x0036, +0x0004, -0x0079, 
    -0x0019, +0x0016, -0x0002, -0x000a, -0x0002, +0x0029, -0x0012, -0x0011, 
    -0x000b, -0x000c, +0x0012, -0x0003, +0x0020, -0x001e, +0x001b, -0x0050, 
    -0x000d, +0x0009, +0x0024, -0x001a, +0x0017, -0x0002, +0x0008, -0x0011, 
    -0x001a, -0x000d, +0x0015, -0x0003, +0x002b, -0x0041, +0x002f, +0x0001, 
    +0x0019, -0x000e, +0x001a, -0x000b, -0x002a, +0x0030, -0x0003, +0x0013, 
    +0x000d, +0x001b, -0x0012, +0x0017, -0x004e, -0x000a, -0x001b, +0x000f, 
    +0x0007, -0x0008, -0x0022, -0x000a, +0x0034, +0x004c, +0x0062, -0x0017, 
    -0x0049, -0x0016, -0x0010, +0x0018, -0x002d, -0x0019, +0x001a, +0x004d, 
    +0x0007, +0x0013, -0x0053, +0x0005, +0x003b, +0x0049, +0x0042, -0x000c, 
    -0x000f, -0x0046, -0x0039, +0x0003, +0x0015, -0x0049, +0x0016, +0x0035, 
    -0x0010, -0x0025, -0x0056, +0x0001, +0x000a, +0x000a, +0x002a, -0x0016, 
    -0x001b, -0x0005, +0x001c, -0x0008, -0x0035, +0x005c, -0x0026, -0x000a, 
    +0x002a, -0x0017, +0x0022, -0x0008, +0x0042, +0x002e, +0x0016, -0x0014, 
    -0x0018, -0x0047, +0x002d, -0x0013, +0x0017, +0x004e, -0x0011, +0x0017, 
    +0x0009, +0x0013, -0x0013, -0x0019, -0x000f, +0x000f, +0x0011, -0x000e, 
    +0x0013, -0x0059, -0x0035, -0x000c, +0x0047, +0x004b, +0x0002, +0x000c, 
    -0x0031, +0x001d, -0x0038, +0x0002, -0x0074, -0x0025, +0x0019, -0x000c, 
    -0x002e, +0x000a, +0x0064, -0x0010, -0x001b, +0x0002, +0x0008, +0x0012, 
    -0x0001, -0x003e, +0x003d, +0x0012, -0x0022, +0x0035, -0x000a, -0x0004, 
    +0x0015, -0x002c, +0x0052, -0x001d, +0x0020, +0x001e, -0x0017, +0x001f, 
    -0x0035, -0x0031, +0x000b, +0x0012, -0x0040, +0x0013, -0x0007, -0x0010, 
    +0x001e, -0x000f, +0x0015, +0x0010, +0x0019, +0x001e, -0x000f, +0x0004, 
    -0x002a, -0x0018, -0x001d, +0x001c, -0x003c, -0x0040, +0x0026, +0x0002, 
    +0x007f, -0x0007, +0x0013, -0x0015, -0x0007, -0x0011, +0x002a, -0x0006, 
    +0x000d, +0x000e, +0x001a, +0x002a, -0x002a, +0x0011, +0x000b, +0x000e, 
    +0x0023, -0x0012, +0x0032, -0x000d, -0x0037, -0x003d, +0x0055, -0x0020, 
    -0x000b, -0x0049, +0x0069, +0x0002, -0x0045, -0x001b, +0x0020, -0x0019, 
    -0x0057, +0x0001, +0x0034, +0x0008, -0x0025, -0x0032, +0x0029, -0x000e, 
    -0x0038, -0x003f, +0x0074, -0x0007, +0x0044, -0x0017, -0x0006, -0x000c, 
    +0x004d, -0x001c, +0x0039, -0x0012, -0x0009, +0x000d, +0x0022, -0x0004, 
    +0x0009, +0x0021, -0x001d, +0x002c, -0x0033, -0x000f, -0x000c, +0x0009, 
    -0x003d, -0x0039, +0x0049, -0x0016, -0x002b, -0x0043, +0x0036, -0x000e, 
    +0x0027, -0x0036, +0x0022, +0x0014, +0x002a, -0x0035, +0x0039, -0x001c, 
    -0x0066, -0x003f, +0x0013, +0x000c, -0x0010, -0x0059, +0x0023, -0x0004, 
    -0x0028, -0x003d, +0x002e, +0x0006, +0x005c, -0x0043, +0x002b, +0x0004, 
    -0x0021, +0x0049, -0x0005, -0x0004, -0x000a, +0x003b, -0x0019, -0x0009, 
    +0x000e, -0x0006, -0x0037, +0x0014, +0x0002, +0x0004, -0x000a, +0x0000, 
    -0x0049, +0x0004, +0x001f, +0x001b, -0x0010, -0x0003, -0x0008, -0x0014, 
    +0x0018, -0x003c, -0x0014, +0x0010, +0x003b, -0x001b, +0x0002, -0x001d, 
    +0x0011, -0x0014, -0x0010, +0x0038, -0x0002, -0x0033, +0x0016, -0x0011, 
    -0x0008, -0x007f, -0x0018, +0x0016, -0x000b, -0x003f, +0x0006, +0x0002
};
#ifdef __cplusplus
}  // extern "C"
#endif

#ifdef __cplusplus
extern "C" {
#endif
static const int32_t __attribute__((section(".rodata.tvm"), aligned(16))) fused_nn_contrib_conv2d_NCHWc_add_constant_17[64] = {
    +0x00000009, +0x00000009, +0x00000008, +0x00000008, +0x00000008, +0x00000009, +0x00000009, +0x00000009, 
    +0x00000009, +0x00000009, +0x00000009, +0x00000009, +0x00000009, +0x00000009, +0x00000009, +0x00000009, 
    +0x00000009, +0x00000009, +0x00000009, +0x00000009, +0x00000009, +0x00000009, +0x00000009, +0x00000008, 
    +0x00000008, +0x00000009, +0x00000008, +0x00000009, +0x00000009, +0x00000009, +0x00000009, +0x00000009, 
    +0x00000009, +0x00000009, +0x00000009, +0x00000009, +0x00000009, +0x00000008, +0x00000009, +0x00000009, 
    +0x00000009, +0x00000009, +0x00000008, +0x00000009, +0x00000008, +0x00000009, +0x00000008, +0x00000008, 
    +0x00000008, +0x00000008, +0x00000009, +0x00000009, +0x00000009, +0x00000009, +0x00000008, +0x00000009, 
    +0x00000009, +0x00000009, +0x00000009, +0x00000009, +0x00000009, +0x00000009, +0x00000009, +0x00000009
};
#ifdef __cplusplus
}  // extern "C"
#endif

#ifdef __cplusplus
extern "C" {
#endif
static const int32_t __attribute__((section(".rodata.tvm"), aligned(16))) fused_nn_contrib_conv2d_NCHWc_add_constant_16[64] = {
    +0x00000000, +0x00000000, +0x00000000, +0x00000000, +0x00000000, +0x00000000, +0x00000000, +0x00000000, 
    +0x00000000, +0x00000000, +0x00000000, +0x00000000, +0x00000000, +0x00000000, +0x00000000, +0x00000000, 
    +0x00000000, +0x00000000, +0x00000000, +0x00000000, +0x00000000, +0x00000000, +0x00000000, +0x00000000, 
    +0x00000000, +0x00000000, +0x00000000, +0x00000000, +0x00000000, +0x00000000, +0x00000000, +0x00000000, 
    +0x00000000, +0x00000000, +0x00000000, +0x00000000, +0x00000000, +0x00000000, +0x00000000, +0x00000000, 
    +0x00000000, +0x00000000, +0x00000000, +0x00000000, +0x00000000, +0x00000000, +0x00000000, +0x00000000, 
    +0x00000000, +0x00000000, +0x00000000, +0x00000000, +0x00000000, +0x00000000, +0x00000000, +0x00000000, 
    +0x00000000, +0x00000000, +0x00000000, +0x00000000, +0x00000000, +0x00000000, +0x00000000, +0x00000000
};
#ifdef __cplusplus
}  // extern "C"
#endif

#ifdef __cplusplus
extern "C" {
#endif
static const int32_t __attribute__((section(".rodata.tvm"), aligned(16))) fused_nn_contrib_conv2d_NCHWc_add_constant_15[64] = {
    +0x4db6c83f, +0x54450011, +0x48f525f0, +0x53c7219f, +0x479d758b, +0x5a5ef5e3, +0x758aa4d2, +0x589bba5c, 
    +0x7a41bbc8, +0x73f7b2d0, +0x7c9e5692, +0x65443948, +0x725d8570, +0x77c56266, +0x7001ecc6, +0x52bf69f7, 
    +0x7aa6011b, +0x6b9363f3, +0x6ba5b6b7, +0x5ec94d04, +0x6cf668b3, +0x71c71a6e, +0x4c1aac95, +0x5a902095, 
    +0x434968a9, +0x75a40187, +0x46288f70, +0x625b826b, +0x6c5c37a4, +0x72d3821a, +0x68a8e426, +0x5c1a3cf5, 
    +0x7b354ef2, +0x5c8c9b1c, +0x613cf969, +0x55a943e8, +0x7abfa045, +0x45e0771b, +0x78c14aad, +0x6be296f9, 
    +0x5a264148, +0x630964a3, +0x4f8553bc, +0x745d0e96, +0x45f5cb09, +0x767fc59c, +0x4b2666ed, +0x45cff352, 
    +0x53e2dd34, +0x5846b5e3, +0x47002c87, +0x4c9da623, +0x6f2fdcc1, +0x608fc77d, +0x4866897e, +0x6c810c67, 
    +0x77458531, +0x7360ca97, +0x61d62cbd, +0x604cae88, +0x6405d983, +0x5b641dca, +0x69754812, +0x6324349c
};
#ifdef __cplusplus
}  // extern "C"
#endif

#ifdef __cplusplus
extern "C" {
#endif
static const int32_t __attribute__((section(".rodata.tvm"), aligned(16))) fused_nn_contrib_conv2d_NCHWc_constant_5[64] = {
    +0x00004751, +0x000085c1, +0x00005e98, -0x00003646, -0x000009d8, +0x00002248, +0x00004ee3, -0x0000ac98, 
    +0x000016a2, +0x00001c4d, +0x00007a23, -0x00001066, +0x00002c4d, +0x0000124a, +0x00001d69, +0x0000916f, 
    -0x00000149, -0x00002d51, +0x0000113a, +0x0000561e, +0x00000001, +0x00005491, -0x00004766, -0x0000511f, 
    +0x000061b1, +0x000045bf, +0x00001abd, +0x000056c6, -0x000032f1, -0x00005301, -0x000027d0, -0x0000b3cb, 
    -0x00007633, -0x000001fe, +0x00004109, -0x00006380, +0x0000644d, -0x0000aeef, -0x0000142f, +0x0000aadf, 
    +0x00001f75, +0x00008997, +0x00005fcb, -0x00001c6e, -0x00000df5, -0x00001a67, +0x00007678, +0x000006fa, 
    -0x00005982, -0x00000780, +0x00002c04, +0x00003ea6, -0x000047fd, -0x00002301, -0x00003729, +0x00005b0a, 
    -0x00006353, +0x000045f8, -0x0000472c, +0x000042c7, -0x00002086, -0x0000c01d, +0x00002f62, +0x00006fd5
};
#ifdef __cplusplus
}  // extern "C"
#endif

#ifdef __cplusplus
extern "C" {
#endif
static const int16_t __attribute__((section(".rodata.tvm"), aligned(16))) fused_constant_5[18432] = {
    +0x0003, +0x0002, -0x0009, +0x0007, -0x003e, -0x005b, -0x0007, -0x0016, 
    +0x002e, -0x0025, -0x0011, +0x0003, +0x002b, -0x0009, +0x000c, -0x0014, 
    +0x001b, +0x001f, +0x0013, -0x000a, -0x005a, -0x007c, -0x0035, -0x0036, 
    -0x002c, -0x0014, -0x000b, -0x000a, +0x003e, -0x0037, +0x007f, +0x0039, 
    -0x0003, +0x000e, +0x0013, +0x0010, -0x004d, -0x0013, -0x0043, -0x0025, 
    -0x003b, +0x006e, +0x000d, +0x0029, +0x002c, -0x0019, +0x005c, +0x0006, 
    +0x0027, -0x002d, -0x0014, +0x001d, -0x005c, -0x0034, -0x0014, -0x001a, 
    +0x0035, -0x000a, -0x0020, +0x0012, -0x000a, -0x001d, -0x0009, -0x002a, 
    +0x0019, +0x0009, -0x0027, -0x000d, -0x0057, -0x007f, -0x0037, -0x0034, 
    -0x0021, -0x0029, -0x0029, -0x0014, +0x001c, -0x0061, +0x002a, -0x002d, 
    -0x0007, +0x0023, -0x0023, -0x0009, -0x001b, -0x005c, -0x001e, -0x0014, 
    -0x0026, -0x0001, -0x0020, -0x0005, +0x0036, -0x0051, +0x0025, -0x0038, 
    +0x001a, -0x0038, -0x001f, +0x0012, -0x004a, -0x0020, -0x0003, -0x0011, 
    +0x003a, +0x0028, +0x000f, +0x0010, -0x005b, -0x0019, -0x0008, -0x0047, 
    +0x0029, -0x002f, -0x004d, -0x000f, -0x005f, -0x0040, -0x0010, -0x0008, 
    -0x0011, -0x003a, -0x0009, -0x001f, -0x003d, -0x003b, -0x0010, -0x0046, 
    +0x000f, +0x0002, -0x002d, -0x002c, -0x0026, -0x0009, -0x0009, +0x0011, 
    -0x0008, -0x0062, -0x001d, -0x0041, -0x000d, -0x001f, -0x000f, -0x003e, 
    -0x001f, +0x001a, -0x000d, +0x000e, +0x0006, -0x0019, -0x0009, -0x000c, 
    -0x002d, -0x001f, +0x000c, -0x0009, +0x0002, -0x0014, -0x002d, -0x0040, 
    -0x0037, +0x0014, -0x002b, +0x0003, +0x0002, -0x000f, +0x001d, -0x000c, 
    -0x006b, -0x000c, +0x0012, -0x0014, +0x0019, +0x0008, -0x003c, -0x0028, 
    -0x001c, +0x001a, +0x0008, +0x0001, +0x000d, -0x0028, +0x0025, -0x001c, 
    -0x0063, -0x0004, +0x000b, +0x000d, +0x0027, -0x000a, -0x0036, -0x0008, 
    -0x000b, -0x0006, -0x0026, +0x0030, -0x0005, -0x0003, -0x0012, +0x001a, 
    +0x0013, +0x0010, +0x001d, -0x0006, +0x0027, +0x002f, -0x0030, -0x0046, 
    -0x001c, +0x0006, -0x0037, +0x002c, +0x0002, +0x001c, +0x0013, +0x0028, 
    -0x0018, +0x0014, +0x0015, -0x0007, +0x003e, +0x0038, -0x0012, -0x0063, 
    -0x0006, +0x0010, -0x0011, +0x0012, +0x000b, +0x0017, +0x0010, +0x0003, 
    -0x001d, +0x002a, +0x0024, -0x0012, +0x007f, +0x0009, +0x0008, -0x0031, 
    +0x001c, +0x0006, -0x0010, +0x001a, -0x000b, +0x0026, -0x001a, +0x0005, 
    +0x004a, +0x003d, -0x0011, -0x0009, -0x0006, +0x0045, +0x000a, -0x0021, 
    +0x0007, +0x000d, -0x0032, +0x0040, -0x000c, +0x0035, +0x0019, +0x002a, 
    +0x0030, +0x001a, -0x0013, +0x0019, +0x0018, +0x0039, +0x0017, -0x004d, 
    -0x0014, +0x003c, +0x0009, +0x0028, -0x0001, -0x0006, +0x0020, +0x0036, 
    -0x002a, +0x0023, -0x0005, -0x000b, +0x0031, +0x0030, +0x000f, -0x0030, 
    +0x0027, +0x0034, -0x0002, +0x0046, -0x0011, +0x000e, +0x0031, +0x000a, 
    -0x001f, +0x0007, +0x0001, -0x0052, +0x0025, +0x001b, +0x0008, -0x000c, 
    +0x0022, +0x0077, -0x0014, +0x0022, -0x0009, +0x0000, +0x0006, -0x0028, 
    -0x002d, -0x0031, +0x0013, +0x003c, -0x0019, +0x004e, +0x0029, -0x0001, 
    +0x0006, +0x0042, -0x000a, +0x002b, -0x001e, -0x0007, -0x002d, -0x0033, 
    -0x0019, -0x0021, +0x001b, +0x005b, -0x0020, +0x002d, -0x0001, +0x0006, 
    +0x005a, +0x002b, +0x0027, +0x001e, -0x000e, +0x0024, +0x0023, +0x000e, 
    -0x0038, -0x002b, -0x001d, -0x0049, -0x0004, +0x0049, -0x000c, -0x001b, 
    +0x005a, +0x003d, +0x001e, +0x004f, +0x0012, +0x001f, +0x0013, -0x0004, 
    -0x0041, -0x0039, -0x001c, +0x0039, -0x0026, +0x0068, -0x001d, -0x001d, 
    +0x0033, +0x001e, +0x0017, +0x003d, +0x0002, +0x0001, -0x0010, +0x0014, 
    -0x0017, -0x0032, -0x002b, +0x007f, -0x002b, +0x003f, -0x002c, -0x0016, 
    +0x002e, +0x0007, +0x0046, +0x0013, +0x0039, -0x000a, +0x0006, +0x0026, 
    -0x0019, -0x0012, +0x0000, -0x0011, -0x000d, -0x000a, -0x0022, +0x0005, 
    +0x0047, -0x000e, +0x0041, +0x0031, +0x0034, +0x0000, -0x0020, -0x0006, 
    -0x000a, -0x0005, -0x001b, +0x002f, -0x000f, +0x000c, -0x002c, -0x0012, 
    +0x002e, -0x000b, +0x002c, +0x0018, +0x000b, -0x002b, -0x002c, -0x0005, 
    +0x002b, -0x000d, -0x001a, +0x0047, -0x0002, -0x001e, -0x003a, -0x002a, 
    -0x0031, -0x0030, -0x001d, -0x0009, -0x001f, -0x0001, +0x000b, -0x002d, 
    +0x0000, -0x001a, -0x0015, -0x0018, -0x0010, -0x0065, -0x0001, -0x000e, 
    -0x0008, -0x003f, -0x0025, -0x003a, -0x000f, -0x0024, +0x0034, -0x002d, 
    +0x0019, -0x0024, -0x002e, +0x000a, -0x002f, -0x0021, -0x0002, -0x0005, 
    +0x001e, -0x0020, -0x0009, -0x0042, +0x002d, -0x0005, +0x0025, -0x0006, 
    +0x0028, +0x000e, -0x001f, +0x0020, -0x0016, +0x0010, +0x0011, +0x000a, 
    -0x002c, -0x004f, -0x0021, +0x0023, -0x0017, -0x0015, -0x0017, -0x0002, 
    +0x000f, -0x0012, -0x0016, -0x0001, -0x0005, -0x0018, -0x0017, -0x0046, 
    +0x000a, -0x006d, -0x000d, +0x0017, -0x0009, -0x001a, +0x001a, -0x001f, 
    -0x000f, -0x0019, -0x0006, +0x0003, -0x0045, -0x0012, -0x0025, -0x0033, 
    +0x0025, -0x0016, +0x0003, -0x000a, +0x0016, +0x0024, +0x0005, -0x0011, 
    -0x0009, -0x0015, +0x000a, +0x0014, -0x004a, +0x0033, -0x000c, -0x0020, 
    -0x000c, -0x002b, +0x0017, +0x0045, -0x0007, -0x0022, -0x000c, +0x0024, 
    +0x0014, -0x0033, +0x0002, -0x0013, +0x002a, -0x0060, -0x001c, -0x0022, 
    +0x0018, -0x004f, +0x001a, +0x002e, -0x0005, +0x000d, +0x0004, +0x000a, 
    -0x0002, +0x0006, +0x0026, -0x001e, -0x001e, -0x0071, -0x0019, -0x0004, 
    -0x0001, +0x0019, -0x0002, +0x0010, -0x000c, +0x003e, +0x0011, -0x001b, 
    -0x0016, +0x000e, +0x0022, -0x0017, -0x003a, -0x0039, +0x0001, +0x0003, 
    -0x0022, +0x003f, +0x002e, +0x000d, +0x0013, +0x0027, -0x0007, +0x0023, 
    -0x0011, -0x002d, -0x0004, -0x0011, -0x001b, +0x0002, +0x0011, -0x000a, 
    -0x001e, -0x0018, -0x0001, +0x0025, -0x0007, +0x000d, -0x0004, +0x0026, 
    -0x001f, -0x0032, -0x0008, +0x0006, -0x0013, +0x0036, +0x0001, -0x000c, 
    +0x0023, -0x002d, -0x0014, -0x000a, -0x0025, +0x001d, +0x000a, +0x0029, 
    -0x001c, -0x0028, -0x0009, +0x0013, +0x000f, +0x003c, +0x0005, -0x0003, 
    -0x0025, -0x002e, +0x0014, +0x0003, +0x0036, +0x000e, -0x001d, +0x0008, 
    -0x0022, -0x0045, -0x002f, -0x0032, +0x000c, +0x0028, -0x000e, +0x000f, 
    -0x0014, -0x002a, -0x0008, +0x001b, +0x0021, -0x0004, -0x001e, +0x001c, 
    -0x0010, -0x002b, -0x004c, -0x0035, +0x0029, +0x0069, -0x0038, -0x000b, 
    +0x0025, -0x000c, +0x0004, +0x0009, -0x0007, -0x0022, -0x001b, +0x000d, 
    +0x0003, -0x003f, -0x0050, -0x001e, +0x003a, +0x005a, -0x001b, -0x000b, 
    +0x0008, -0x005f, -0x003a, -0x0020, +0x002e, -0x0002, +0x0005, -0x0028, 
    -0x0047, +0x0030, -0x0052, -0x000d, +0x0025, +0x002c, -0x000f, +0x0001, 
    +0x000a, +0x0004, -0x0030, -0x0042, +0x0016, -0x002b, -0x001f, +0x0002, 
    -0x0031, +0x0015, -0x004f, -0x0046, +0x0046, +0x0046, -0x0035, +0x000e, 
    +0x0023, +0x0039, -0x000e, -0x002e, +0x002f, -0x002f, -0x002a, -0x0019, 
    -0x002a, -0x0005, -0x003a, -0x005f, +0x0037, +0x0037, -0x0010, +0x001f, 
    -0x004e, +0x0013, +0x0012, +0x002e, +0x0011, +0x0018, -0x0014, +0x0001, 
    -0x002e, -0x004a, -0x0026, -0x0017, +0x003f, -0x0002, +0x0006, -0x0016, 
    -0x003e, -0x000d, -0x0010, +0x003c, -0x001a, +0x0007, -0x0010, +0x005d, 
    -0x0063, -0x002f, -0x0003, -0x0018, +0x0024, -0x0005, -0x0006, +0x000a, 
    -0x0022, -0x0007, -0x0019, +0x000b, -0x000d, +0x0002, +0x0007, +0x002a, 
    -0x0042, -0x0014, +0x0018, -0x001b, +0x0007, -0x000a, +0x0000, +0x000c, 
    -0x0047, -0x0014, +0x0003, +0x0033, -0x0014, +0x0011, -0x0012, +0x001b, 
    -0x0029, -0x0073, +0x000c, -0x0024, +0x0034, +0x0024, +0x0010, +0x0001, 
    -0x0044, -0x001c, -0x002c, +0x0057, -0x0009, -0x0034, -0x0048, +0x0073, 
    -0x0065, -0x004f, +0x0010, -0x0018, +0x0019, +0x000a, +0x0013, +0x0000, 
    -0x003b, -0x0014, -0x002b, +0x0047, -0x0017, -0x001f, -0x003f, +0x0069, 
    -0x0056, -0x001d, +0x001c, -0x0025, +0x000c, -0x0003, -0x0001, -0x0012, 
    -0x0049, +0x0006, +0x0006, +0x0020, +0x0006, -0x0053, +0x001a, -0x0014, 
    -0x004e, -0x0016, +0x0001, -0x000f, -0x0003, +0x0012, -0x000b, -0x0003, 
    -0x0055, +0x0000, +0x0004, +0x0061, +0x0004, -0x0075, -0x001e, +0x0004, 
    -0x0054, -0x000a, -0x000c, -0x001e, -0x0021, +0x000d, +0x0030, +0x0011, 
    -0x0043, +0x0001, -0x0013, +0x0046, -0x000c, -0x0028, -0x0058, +0x004c, 
    -0x002f, +0x0016, +0x0022, +0x0007, -0x000c, +0x000a, +0x0033, -0x0013, 
    +0x002d, +0x0027, +0x0003, +0x0035, -0x0061, -0x002d, -0x000e, +0x004a, 
    +0x002a, +0x0002, -0x000c, -0x0002, +0x0007, -0x004d, -0x0004, +0x0008, 
    +0x0009, -0x0010, -0x0032, +0x0016, -0x001b, -0x0048, -0x001c, +0x0010, 
    +0x0019, -0x000b, +0x002f, -0x0029, +0x0034, -0x0078, -0x0018, -0x001c, 
    +0x000d, -0x0007, -0x0041, +0x0016, -0x0012, -0x005a, -0x0022, +0x001d, 
    -0x0002, -0x000a, +0x001c, -0x0031, +0x0030, -0x0056, -0x002d, -0x003f, 
    -0x000c, -0x004b, -0x0025, +0x002f, -0x005a, +0x0007, +0x0009, +0x002e, 
    +0x0020, +0x0019, +0x003f, -0x0010, +0x0012, -0x0046, -0x000d, +0x0019, 
    -0x0036, -0x0071, -0x001c, +0x000a, -0x0010, -0x001a, -0x0022, -0x0005, 
    +0x0005, +0x000b, +0x005a, -0x0017, +0x002a, -0x005f, -0x0020, -0x0001, 
    -0x0014, -0x0039, -0x0018, -0x000c, -0x001d, -0x0021, -0x001c, +0x0018, 
    -0x0025, -0x0013, +0x0047, +0x000b, +0x002b, -0x004f, -0x002b, -0x0021, 
    -0x0038, -0x0016, -0x003b, -0x0015, -0x0042, +0x002a, +0x0019, +0x0012, 
    -0x002c, +0x000c, +0x003e, -0x0013, -0x000a, -0x0014, -0x001d, +0x0013, 
    -0x0044, -0x006a, -0x0039, -0x001e, -0x0023, +0x0001, -0x0001, -0x0033, 
    -0x0020, -0x001f, +0x003c, +0x0015, -0x0018, -0x0018, -0x0038, +0x0008, 
    -0x0006, -0x003e, -0x0017, -0x004f, -0x0028, +0x0019, -0x0004, +0x0018, 
    -0x0037, -0x0017, +0x001e, +0x0021, -0x0015, -0x0027, -0x002a, +0x0000, 
    -0x002c, -0x0004, +0x001d, +0x0021, -0x0033, -0x0014, +0x0003, +0x0032, 
    +0x0043, +0x0035, +0x0021, -0x001e, -0x003c, +0x0031, -0x0019, -0x0003, 
    -0x0019, +0x0024, +0x0019, +0x001a, -0x0024, -0x001c, -0x0013, +0x002f, 
    +0x0012, +0x003a, -0x0017, -0x0025, +0x0036, +0x004c, -0x0010, -0x0008, 
    -0x000d, -0x0013, +0x000f, -0x0004, -0x0010, +0x0000, -0x0009, +0x001d, 
    +0x0002, +0x0007, -0x0025, -0x0012, +0x0044, +0x003f, +0x0010, -0x001e, 
    -0x0006, -0x0021, -0x000c, +0x004e, +0x000d, +0x0001, +0x0004, +0x002a, 
    -0x0007, +0x0014, -0x0009, +0x0006, -0x002b, +0x0044, -0x001e, -0x0004, 
    +0x0016, +0x0019, +0x000a, +0x003f, +0x0000, +0x000e, -0x0008, +0x0013, 
    -0x0024, +0x0017, -0x002e, +0x0025, +0x0036, +0x004f, -0x0008, +0x0015, 
    +0x001c, +0x0010, +0x0023, +0x001e, -0x0011, -0x0001, +0x000a, +0x0025, 
    -0x0002, -0x0016, -0x0011, +0x001c, +0x0051, +0x0036, +0x0001, +0x000f, 
    +0x0004, -0x001e, -0x0032, +0x002a, +0x001e, +0x0025, +0x000d, +0x000f, 
    -0x0001, -0x0022, -0x001d, -0x001c, -0x0012, +0x0016, -0x001e, -0x0016, 
    -0x0006, -0x0022, -0x0008, +0x003d, +0x0023, +0x0025, +0x000a, -0x0012, 
    -0x000d, -0x001f, -0x0015, +0x0003, +0x0028, +0x0035, -0x0007, +0x0007, 
    +0x0004, -0x0005, +0x0017, +0x000c, +0x0017, +0x0028, +0x001a, +0x001d, 
    +0x0004, -0x0038, -0x000b, -0x0007, +0x004d, -0x0004, -0x0006, +0x000b, 
    -0x0005, -0x0028, -0x003a, -0x001e, +0x0002, -0x000b, +0x0003, +0x000b, 
    -0x0039, -0x000d, +0x0009, +0x000c, -0x0049, -0x0009, -0x0019, +0x0044, 
    +0x000b, -0x001d, -0x004f, +0x0008, +0x0003, -0x0023, +0x001b, -0x0018, 
    -0x002b, +0x0041, -0x0016, +0x000d, -0x002f, -0x000c, +0x0004, +0x0020, 
    +0x0029, -0x0008, -0x001d, +0x0069, -0x0011, -0x0023, +0x0019, +0x000e, 
    +0x0022, +0x0013, +0x0020, -0x002f, -0x003f, +0x0016, -0x000a, +0x000f, 
    +0x0019, -0x0068, +0x0015, -0x0068, +0x0011, +0x0008, -0x0013, +0x0007, 
    +0x000c, +0x000f, -0x001e, +0x0023, +0x001d, +0x0001, +0x000e, +0x003f, 
    -0x0003, -0x0070, -0x002d, -0x005b, +0x000a, -0x000e, +0x007c, -0x0007, 
    -0x000e, +0x0009, -0x003b, +0x0026, +0x0018, +0x0005, +0x0043, +0x0054, 
    -0x000e, -0x0023, -0x0030, -0x0017, +0x001a, -0x0031, +0x007f, -0x0004, 
    +0x000b, -0x001e, -0x002d, -0x003a, +0x0001, +0x000b, +0x0050, +0x002c, 
    -0x001b, -0x0042, +0x0026, -0x0062, +0x001d, -0x0001, +0x0018, -0x0013, 
    -0x006c, +0x000b, -0x0004, +0x0055, +0x0042, +0x0062, -0x0022, +0x003a, 
    -0x001f, -0x003d, +0x0009, -0x007f, +0x0023, -0x0008, +0x005a, -0x0003, 
    -0x003f, -0x0029, -0x002c, +0x0036, +0x0031, +0x007a, +0x002d, +0x003f, 
    -0x0007, -0x001b, +0x0010, -0x0058, +0x0038, -0x000d, +0x0034, -0x0019, 
    +0x0003, -0x005a, -0x004e, -0x0046, +0x0036, +0x0069, +0x0014, +0x001f, 
    +0x0063, -0x0005, -0x0003, -0x0013, -0x0014, +0x000d, +0x0008, +0x0013, 
    +0x001a, -0x0033, +0x002e, -0x0008, -0x0014, +0x0038, -0x0016, +0x000d, 
    +0x0041, -0x000f, -0x0001, -0x000b, -0x0014, -0x0020, -0x002b, +0x0021, 
    +0x002b, +0x0004, +0x0038, +0x001b, -0x001f, +0x0029, -0x0041, +0x0014, 
    +0x002a, -0x0015, -0x000b, +0x0005, +0x0000, -0x001c, -0x002a, +0x0028, 
    +0x0033, +0x0064, +0x0045, +0x0055, -0x0017, -0x0014, -0x0012, +0x0014, 
    +0x0035, +0x002c, -0x0005, +0x001a, +0x0053, -0x000f, +0x001f, +0x0013, 
    +0x0016, -0x001a, +0x002e, +0x0007, -0x0022, +0x001b, -0x0031, -0x000e, 
    +0x002a, -0x0002, -0x0023, +0x001a, +0x003a, -0x0051, +0x0008, +0x002c, 
    +0x001c, -0x0010, +0x0035, +0x0024, -0x0050, -0x0005, -0x0073, -0x0004, 
    +0x000c, -0x0030, -0x0019, +0x000a, +0x0004, -0x002e, -0x003b, +0x001c, 
    +0x0017, -0x0013, +0x0015, +0x0042, -0x0031, -0x001b, -0x0053, -0x0001, 
    +0x000b, +0x0000, -0x001c, +0x0047, +0x0013, -0x0023, +0x004d, +0x0007, 
    -0x0045, +0x0006, +0x0013, -0x001f, -0x0041, -0x000b, -0x0011, +0x0004, 
    -0x001f, -0x0011, +0x0008, +0x003a, +0x003d, -0x007f, +0x003b, +0x0014, 
    -0x0002, +0x001b, +0x0008, +0x0031, -0x0056, -0x0003, -0x0060, +0x000b, 
    -0x0012, -0x0039, -0x0020, +0x0030, +0x0023, -0x003e, -0x001d, +0x003d, 
    -0x0001, +0x001c, -0x002d, +0x0022, -0x0038, +0x0002, -0x005c, -0x0003, 
    -0x0005, -0x0025, +0x0014, +0x000e, -0x0005, -0x004d, -0x0064, +0x0008, 
    -0x0022, +0x000d, +0x0013, +0x001c, +0x002d, -0x0034, -0x0004, -0x000c, 
    -0x0001, -0x0009, +0x0018, +0x0029, -0x0018, -0x0075, -0x0073, +0x000b, 
    -0x0026, -0x0028, +0x001a, +0x001e, +0x004e, -0x0068, -0x0030, +0x0005, 
    +0x0002, -0x002b, +0x0034, +0x0068, +0x0007, -0x0019, -0x001c, +0x0004, 
    -0x0005, -0x000e, +0x0010, +0x002d, +0x0023, -0x003d, -0x0009, -0x0007, 
    +0x0008, -0x0024, +0x0012, +0x000d, +0x000a, -0x0035, -0x0037, +0x0018, 
    -0x0015, -0x0005, +0x0013, +0x0011, -0x000b, -0x005a, -0x002b, +0x001c, 
    +0x0021, -0x0017, +0x0043, +0x0010, +0x0022, -0x0065, -0x002e, +0x0034, 
    -0x0021, -0x0033, -0x001e, +0x0033, +0x0027, -0x0075, -0x000f, -0x0012, 
    +0x001b, -0x0005, +0x002f, +0x0038, +0x002a, -0x001e, +0x0017, +0x002d, 
    -0x0012, -0x0023, -0x002e, +0x000e, +0x000e, -0x0041, -0x000b, -0x0029, 
    +0x0006, -0x0016, +0x0026, +0x0035, +0x000b, -0x0008, +0x0001, -0x0001, 
    +0x0008, +0x001b, -0x001e, +0x0015, -0x0026, -0x0010, -0x0037, +0x001b, 
    -0x0001, +0x0005, +0x003b, +0x0022, +0x000e, -0x003a, +0x0008, -0x0007, 
    -0x0008, +0x0001, -0x0038, +0x0029, -0x0034, -0x0037, +0x000c, -0x0031, 
    +0x000b, +0x002c, +0x000f, +0x0018, +0x0004, -0x0009, -0x0004, -0x0006, 
    -0x000f, -0x000d, -0x0031, +0x0023, -0x000b, -0x000e, -0x0009, -0x0043, 
    +0x003e, -0x0038, +0x0011, -0x0008, -0x0002, +0x001b, +0x0024, -0x0033, 
    -0x0016, -0x0023, -0x0028, -0x000f, +0x0019, +0x003e, +0x000d, +0x001f, 
    +0x000a, -0x0038, +0x0033, +0x001d, -0x003a, +0x002a, -0x000a, -0x000e, 
    -0x004b, -0x0031, +0x0008, -0x0008, -0x0011, +0x0005, -0x0035, -0x000b, 
    +0x000e, +0x0001, +0x001e, +0x0013, -0x0030, +0x0032, -0x0009, -0x0004, 
    -0x004a, -0x0032, -0x0007, +0x0034, -0x0004, +0x0019, -0x001e, +0x0014, 
    +0x001d, +0x0016, +0x0040, -0x001c, -0x001b, +0x000d, -0x0033, -0x000b, 
    -0x0014, -0x0008, -0x0006, -0x0021, -0x0012, -0x000c, -0x001e, -0x0029, 
    +0x0017, -0x0019, +0x0075, +0x0019, -0x0025, +0x000e, -0x001e, +0x0007, 
    -0x002d, -0x0015, +0x0014, -0x0043, -0x002c, -0x0032, -0x0038, -0x0038, 
    +0x000f, +0x0005, +0x0039, +0x0009, -0x002e, +0x000e, -0x0022, +0x0016, 
    -0x0022, -0x0027, -0x0019, -0x003e, -0x0031, -0x002f, -0x002a, +0x0006, 
    -0x000a, +0x0004, +0x001a, -0x0033, -0x002f, -0x0025, -0x000f, +0x0010, 
    -0x000f, +0x0021, +0x0013, -0x0039, -0x0024, -0x0002, +0x0029, -0x0012, 
    -0x0009, -0x0029, +0x0042, +0x0006, -0x0045, -0x0016, -0x0005, +0x0011, 
    -0x0003, +0x000f, +0x000c, -0x004f, -0x0005, +0x0014, -0x001a, -0x0011, 
    -0x0020, -0x0015, +0x000d, -0x000c, -0x0046, -0x001e, +0x0016, +0x001d, 
    +0x000f, +0x0017, -0x0016, -0x004f, -0x000c, +0x000b, +0x0012, +0x000f, 
    -0x0016, +0x000d, -0x001b, -0x001b, +0x000a, -0x004c, -0x0010, -0x0028, 
    -0x002c, +0x0029, -0x0001, +0x0015, -0x0010, +0x0035, +0x000e, +0x003b, 
    -0x000b, +0x0051, -0x0020, -0x002d, +0x0009, -0x000c, -0x004c, -0x0055, 
    -0x003e, +0x002d, -0x0022, +0x0023, -0x0016, +0x0053, +0x0023, +0x0036, 
    -0x0023, +0x0026, -0x0041, +0x0008, -0x001d, +0x000c, -0x003f, -0x006a, 
    -0x0032, +0x0020, -0x0033, -0x000c, -0x0004, +0x0023, -0x0011, +0x004e, 
    +0x000d, -0x0045, -0x002e, -0x0020, -0x0027, -0x002e, -0x0013, -0x0036, 
    +0x000b, -0x0010, -0x0010, +0x0016, -0x000a, +0x0016, +0x0047, +0x0043, 
    +0x0005, -0x0021, -0x0025, +0x000d, -0x000b, +0x0000, -0x002e, -0x002b, 
    -0x001e, -0x0019, +0x0008, +0x0060, -0x0009, +0x0014, -0x000a, +0x0027, 
    -0x0005, -0x0036, -0x001b, +0x0038, -0x0003, -0x0011, -0x001d, -0x0055, 
    -0x0015, -0x001f, +0x0003, +0x0041, +0x0007, -0x0028, -0x0030, +0x0039, 
    +0x0031, -0x002d, -0x0048, -0x003d, -0x0033, +0x0024, +0x0012, -0x0020, 
    +0x0037, +0x000c, -0x0024, +0x0010, -0x0025, +0x0006, +0x000e, +0x0020, 
    -0x0028, -0x0012, -0x0002, +0x0025, -0x0022, +0x0026, +0x0006, -0x001e, 
    +0x0030, -0x0015, -0x0028, +0x0044, -0x001a, -0x002e, +0x000b, +0x0022, 
    -0x0030, -0x0001, +0x002b, +0x005f, -0x000d, -0x0016, -0x000b, -0x0033, 
    +0x0035, -0x000e, -0x0019, +0x002b, +0x000f, -0x003f, +0x0016, +0x0019, 
    -0x000b, -0x002c, -0x002f, -0x000d, +0x0018, +0x0042, -0x0033, -0x0005, 
    +0x0003, -0x0006, +0x0006, +0x0001, -0x001b, +0x001d, -0x001a, -0x003f, 
    -0x0030, -0x0049, -0x0016, +0x001d, -0x0001, +0x0053, -0x0011, +0x0044, 
    +0x0008, -0x0036, +0x0029, -0x001b, -0x0026, -0x0003, -0x0045, -0x0022, 
    -0x0022, -0x0029, +0x0012, +0x001f, -0x0004, +0x002a, -0x0002, +0x0021, 
    +0x0016, -0x006f, -0x0011, -0x0037, -0x000a, +0x0003, -0x0008, +0x0003, 
    -0x001b, -0x000b, -0x0018, +0x003a, +0x0000, +0x003c, -0x0029, -0x0040, 
    -0x0008, +0x003f, +0x0035, -0x0027, -0x0003, +0x002a, -0x003a, -0x0037, 
    -0x003f, -0x0016, -0x0003, +0x0063, -0x0002, +0x003a, -0x001b, -0x0010, 
    +0x0029, +0x001a, +0x0039, -0x001f, -0x002e, +0x0026, -0x005d, -0x0039, 
    -0x002c, -0x0001, +0x0007, +0x0052, -0x0009, +0x002d, -0x0013, +0x0005, 
    +0x002a, -0x002b, -0x0022, -0x002a, -0x0023, +0x000a, -0x0019, -0x0012, 
    -0x000b, -0x0003, -0x0013, +0x0051, +0x000f, +0x0031, -0x0021, -0x002e, 
    -0x0019, +0x004e, +0x0002, -0x0023, -0x002f, +0x0028, -0x0020, -0x002f, 
    -0x002e, +0x001c, +0x0003, +0x0052, +0x0006, +0x0029, -0x0025, -0x0032, 
    +0x000a, +0x0055, +0x0001, +0x0006, -0x0046, +0x002d, -0x002f, -0x0044, 
    -0x0018, +0x0012, -0x0014, +0x0039, +0x0001, +0x001d, -0x001b, -0x0030, 
    +0x001b, +0x0011, +0x0008, +0x005a, -0x0013, -0x0005, -0x0004, -0x000b, 
    +0x0002, +0x004f, -0x003e, +0x001b, +0x002b, +0x0018, -0x001a, +0x000f, 
    -0x000b, +0x000d, -0x0015, -0x001a, -0x002e, +0x004a, +0x000b, -0x0004, 
    +0x0015, +0x000f, -0x004c, -0x0005, +0x001b, -0x0014, -0x0039, +0x000f, 
    +0x000f, +0x0003, -0x0006, -0x001d, -0x0044, +0x0050, +0x001e, +0x0011, 
    -0x0005, -0x0004, -0x005f, +0x0001, -0x000d, +0x0008, -0x000b, +0x0002, 
    -0x000c, -0x000a, -0x000e, -0x001e, -0x0033, +0x0043, +0x0018, +0x001d, 
    -0x0002, -0x0017, +0x000b, +0x0039, +0x0062, -0x0011, +0x0000, -0x0004, 
    +0x001d, -0x000f, -0x000f, -0x004a, -0x0016, +0x003e, +0x0003, +0x0013, 
    -0x0001, -0x0037, +0x001e, +0x0002, +0x004f, -0x0039, +0x0002, +0x0013, 
    +0x000c, -0x0005, -0x0002, -0x0053, -0x004f, +0x0052, +0x0019, +0x0019, 
    -0x002c, -0x0027, -0x000b, +0x0007, -0x0003, -0x000f, -0x0017, -0x0003, 
    -0x0021, +0x0016, -0x000e, -0x0031, -0x002f, +0x0019, +0x001d, +0x0005, 
    -0x0014, -0x0047, +0x0021, +0x0025, -0x0026, -0x0017, +0x0025, -0x0022, 
    +0x000b, +0x0022, -0x0009, -0x001f, -0x0006, -0x000f, -0x0003, -0x0012, 
    -0x0019, -0x0040, +0x0011, +0x000d, +0x0070, -0x001b, +0x001b, -0x000f, 
    -0x0017, +0x0016, -0x0009, -0x0034, -0x0023, -0x0018, -0x000b, -0x0004, 
    -0x002e, -0x0030, -0x0012, +0x0014, -0x0015, -0x0036, -0x001b, -0x003b, 
    -0x0026, +0x0006, -0x000d, -0x0015, -0x000a, -0x002e, +0x0005, -0x0031, 
    -0x0017, +0x001f, +0x0008, -0x0016, +0x0063, +0x001a, +0x000a, +0x001f, 
    -0x000b, -0x0051, -0x0051, -0x0032, +0x000d, -0x0001, +0x0004, -0x000a, 
    +0x000c, +0x002e, +0x000c, -0x002d, +0x0067, +0x0045, +0x0003, +0x002b, 
    -0x0014, -0x0036, -0x001f, -0x001f, +0x0020, -0x0033, -0x0007, +0x0033, 
    +0x0021, +0x0007, +0x001c, -0x002c, +0x0033, +0x005d, +0x000e, -0x000e, 
    +0x0009, -0x004b, -0x0001, -0x0017, +0x0016, -0x0022, +0x001a, +0x0048, 
    -0x0013, +0x0021, -0x000d, -0x0008, +0x0067, +0x001d, +0x0006, +0x0006, 
    +0x001d, -0x001a, -0x004e, +0x001e, -0x0015, +0x0008, -0x0034, +0x0056, 
    +0x000f, +0x0023, +0x001a, +0x0006, +0x006a, +0x0038, +0x001e, +0x0020, 
    +0x0017, +0x0008, -0x0031, +0x0015, +0x0001, +0x0005, -0x0028, +0x003e, 
    +0x000c, +0x002c, +0x0010, +0x0002, +0x005c, +0x0046, +0x0010, +0x0001, 
    +0x0021, +0x000b, -0x002e, +0x0006, -0x0006, -0x000e, +0x0010, +0x0041, 
    -0x0017, -0x000a, -0x000d, -0x000c, +0x005e, +0x0019, +0x0003, -0x0012, 
    +0x0005, +0x0009, -0x005c, +0x0019, -0x0028, +0x0001, -0x0031, +0x0046, 
    +0x0009, +0x0005, +0x0003, +0x002a, +0x007f, +0x0004, +0x0027, +0x0009, 
    +0x0005, +0x0013, -0x003e, +0x0004, -0x001b, +0x0007, -0x001d, +0x0037, 
    +0x0016, +0x0017, +0x0009, -0x0006, +0x006f, +0x001b, +0x000b, -0x000e, 
    +0x0016, +0x002d, -0x003d, +0x0003, -0x000f, +0x0007, +0x0028, +0x000b, 
    -0x001f, +0x0030, -0x0052, +0x0013, +0x001b, +0x000a, -0x005a, +0x0013, 
    +0x001b, -0x001a, +0x0047, +0x0058, -0x003c, -0x001f, +0x0012, -0x0042, 
    +0x0006, +0x001d, +0x000a, -0x0020, +0x0022, +0x002b, -0x006c, -0x0018, 
    +0x003a, +0x0029, -0x001a, +0x0039, -0x0012, -0x004d, -0x002c, +0x0008, 
    +0x0012, +0x0014, -0x0018, -0x0026, +0x0010, +0x0036, -0x0048, -0x002e, 
    +0x0011, +0x004e, -0x0012, +0x0023, -0x0007, -0x002c, +0x000d, +0x0013, 
    -0x001d, +0x001e, -0x0009, -0x0015, +0x0002, -0x0012, -0x005c, -0x0048, 
    -0x0022, -0x0044, -0x000f, +0x003f, -0x001a, +0x000a, +0x0044, -0x005a, 
    -0x0038, +0x002d, +0x001a, -0x002f, +0x0011, +0x0014, -0x0060, -0x005b, 
    +0x0025, +0x000c, -0x002a, +0x0014, +0x0007, +0x000b, +0x0012, -0x0026, 
    -0x0028, +0x0021, -0x0015, +0x000c, +0x0024, +0x0016, -0x0049, -0x002e, 
    +0x003a, +0x0031, -0x001c, -0x000c, -0x0016, +0x0013, +0x0003, +0x0005, 
    -0x0013, -0x0016, -0x0032, -0x001b, -0x002c, -0x0017, -0x0022, -0x004a, 
    -0x000f, -0x0024, +0x0027, -0x0026, -0x0007, -0x002c, +0x0004, -0x002e, 
    -0x0038, +0x0014, +0x000d, -0x001f, -0x0022, -0x0009, -0x003f, -0x0009, 
    -0x001b, -0x0032, -0x001e, -0x0044, +0x0032, -0x002c, -0x0030, -0x0004, 
    -0x0022, +0x0015, -0x0018, +0x0015, +0x0024, -0x0022, -0x005d, -0x0004, 
    +0x0016, -0x002d, -0x0063, -0x0049, +0x0034, -0x0013, -0x0053, +0x0009, 
    +0x0015, -0x0016, -0x001b, +0x0041, -0x0009, -0x002c, -0x000c, +0x003b, 
    -0x0021, +0x0039, +0x000f, +0x0020, +0x0025, +0x0015, -0x000b, -0x0024, 
    +0x0001, -0x001b, -0x000b, +0x0006, -0x0008, -0x001e, -0x0027, +0x0025, 
    -0x0018, +0x002c, -0x0012, +0x000b, -0x000a, +0x0003, -0x0009, +0x0009, 
    +0x000b, +0x0001, +0x0010, +0x0004, -0x001f, -0x0004, +0x0006, +0x0026, 
    +0x0002, +0x0031, +0x003b, -0x001f, +0x001c, -0x000a, +0x0000, +0x002f, 
    -0x0004, -0x0026, -0x0004, +0x0030, -0x0006, -0x0007, -0x0024, +0x003d, 
    -0x003b, -0x0030, -0x0011, +0x0024, -0x0042, +0x0005, -0x0016, -0x0020, 
    -0x0008, -0x001e, +0x0002, +0x0022, -0x000f, -0x0015, -0x0051, +0x003b, 
    -0x0015, -0x0040, -0x0011, -0x002f, -0x006c, -0x0009, +0x000f, -0x0014, 
    -0x0003, -0x0008, -0x002b, +0x0023, +0x0003, -0x0002, -0x0031, +0x0050, 
    +0x0020, -0x001e, +0x0007, -0x0026, -0x001e, +0x0029, +0x0019, +0x0029, 
    +0x0016, +0x0006, +0x001b, +0x0029, -0x0020, -0x0001, -0x0020, +0x003d, 
    -0x0024, -0x003c, -0x0035, -0x0009, -0x0057, -0x000d, -0x0022, -0x0033, 
    +0x0022, +0x0007, +0x0031, +0x002a, -0x0020, -0x002d, -0x0039, +0x003a, 
    -0x0010, -0x007f, -0x002f, -0x001e, -0x0062, -0x0020, -0x0012, -0x000e, 
    +0x0010, +0x000a, -0x0012, +0x0029, +0x002d, -0x0025, -0x0019, +0x0049, 
    +0x0013, -0x002e, -0x001a, -0x000f, -0x0024, +0x000e, -0x0029, -0x0020, 
    -0x0002, -0x003e, -0x003f, +0x002c, -0x0022, -0x0038, -0x0051, +0x0058, 
    +0x0053, -0x0024, +0x000e, +0x0009, +0x000c, +0x0012, +0x003a, -0x003b, 
    +0x0006, -0x0019, -0x0032, +0x0029, -0x002f, -0x0051, -0x002b, +0x0018, 
    +0x0068, -0x0028, -0x0011, -0x0014, +0x0002, +0x0035, -0x0022, -0x0025, 
    +0x0019, +0x001b, -0x001d, -0x0008, -0x0020, -0x0013, -0x0031, -0x0018, 
    +0x0030, +0x0003, -0x0056, +0x0017, -0x0005, +0x0024, +0x000b, +0x0012, 
    -0x000a, -0x0026, -0x0016, +0x000d, -0x002e, -0x002c, +0x0074, -0x001f, 
    +0x004c, -0x0049, -0x0035, -0x0012, -0x001d, +0x0020, +0x000b, -0x0025, 
    -0x002b, +0x0000, -0x0028, +0x0001, -0x002f, -0x002d, +0x0063, -0x0009, 
    +0x007f, -0x0049, -0x0005, -0x0041, -0x001d, +0x002e, -0x0025, -0x0017, 
    +0x0008, +0x0022, +0x000b, -0x000d, -0x001e, +0x0001, +0x0050, +0x0004, 
    +0x0046, -0x002c, -0x002a, -0x0031, -0x001e, +0x0019, -0x0003, -0x0013, 
    +0x0018, -0x0019, -0x000c, +0x0016, -0x0022, -0x0011, -0x0039, -0x000b, 
    +0x0031, -0x001f, -0x001e, +0x0004, +0x000a, +0x0007, -0x0025, +0x0010, 
    +0x000c, +0x0005, -0x0006, -0x0017, -0x0001, -0x000f, -0x0043, -0x0002, 
    +0x0053, -0x001e, -0x0005, -0x0029, -0x0018, -0x0006, -0x0040, +0x000f, 
    +0x000f, +0x002a, -0x0014, -0x0008, +0x0007, +0x000e, -0x0039, +0x0007, 
    +0x0026, -0x002b, -0x0027, -0x0022, +0x0002, -0x0012, -0x003e, -0x0001, 
    -0x0009, +0x0000, -0x0030, +0x0025, +0x002e, +0x0005, -0x0014, -0x0021, 
    -0x000c, +0x0002, -0x0031, +0x0034, +0x0040, -0x0012, -0x0016, +0x0013, 
    +0x000f, +0x0030, -0x006c, -0x0038, +0x0042, -0x000d, +0x0001, -0x0005, 
    +0x0008, -0x0006, -0x001e, +0x0011, +0x0024, -0x000b, -0x0008, -0x0003, 
    +0x000e, +0x0037, -0x0028, -0x003f, +0x0032, +0x0005, -0x0022, +0x0026, 
    -0x0007, -0x002a, +0x0006, +0x0000, +0x0022, +0x0001, -0x001b, -0x0032, 
    -0x0048, +0x0032, +0x000a, +0x000c, +0x0002, +0x0004, -0x001f, -0x002d, 
    +0x001a, +0x000e, -0x002d, +0x002b, +0x000e, -0x0014, -0x0008, +0x0012, 
    -0x0017, +0x0059, -0x0055, -0x0051, +0x0011, -0x0015, +0x001a, +0x001d, 
    +0x0001, +0x0010, -0x002b, +0x0033, -0x0006, -0x001e, +0x0038, +0x0000, 
    -0x0003, +0x0062, -0x0028, -0x003c, +0x0008, -0x0017, -0x0023, +0x003a, 
    -0x0017, -0x0024, -0x001b, +0x0014, -0x0018, -0x0008, +0x0046, -0x0017, 
    -0x001b, +0x001b, +0x001c, -0x0037, -0x001c, +0x000b, -0x0033, -0x003b, 
    -0x0008, -0x0008, -0x003e, +0x0022, -0x0011, +0x0022, -0x0018, -0x002d, 
    -0x0013, +0x0030, -0x0025, -0x002d, -0x0013, +0x0001, -0x001b, +0x0000, 
    -0x0036, -0x001f, -0x0020, +0x0020, -0x0031, +0x001b, +0x0015, -0x000c, 
    +0x0014, +0x0047, -0x0031, +0x0010, -0x001b, -0x0008, -0x0035, +0x0034, 
    -0x0035, -0x003f, -0x0028, +0x000b, -0x0016, +0x003e, +0x001e, -0x0001, 
    +0x003b, +0x002e, +0x0010, -0x007f, -0x0008, -0x001e, -0x0003, +0x001c, 
    -0x0014, -0x0013, +0x0026, -0x0015, -0x0025, -0x000b, +0x000f, -0x0022, 
    +0x0014, +0x0010, -0x0001, -0x0048, -0x0004, -0x0019, -0x002b, -0x0007, 
    -0x0041, -0x0004, +0x004b, -0x001b, -0x001b, +0x000f, +0x002c, +0x0005, 
    +0x0019, -0x0012, -0x0022, -0x005c, +0x000d, +0x001d, -0x0026, +0x000d, 
    -0x001b, +0x0012, +0x0019, +0x0004, +0x0002, +0x0015, -0x0001, +0x004a, 
    +0x0067, +0x0048, -0x0003, -0x001d, +0x0014, -0x000f, +0x0002, +0x0016, 
    -0x0023, +0x0004, +0x001c, +0x0006, -0x0003, +0x0002, -0x000b, -0x0006, 
    +0x000c, +0x0017, +0x0004, -0x000f, +0x0003, -0x0004, -0x0033, -0x000a, 
    -0x0039, +0x000b, +0x003f, -0x0015, +0x000c, +0x0028, +0x0015, +0x000a, 
    -0x0016, -0x0011, -0x001a, -0x0006, +0x0014, +0x000c, -0x0024, -0x0004, 
    -0x0023, +0x001a, +0x0050, -0x000e, +0x0022, +0x0026, +0x0010, +0x0017, 
    +0x0000, -0x0022, +0x0000, +0x003c, -0x001f, +0x000f, +0x0019, +0x0048, 
    -0x001a, -0x0007, -0x002c, -0x0014, -0x000d, -0x0026, -0x0024, +0x0035, 
    -0x0028, -0x0039, -0x0005, +0x004c, -0x0011, -0x000a, -0x001f, +0x002c, 
    +0x0000, -0x0014, +0x0008, +0x0003, -0x000e, -0x000e, +0x0001, +0x0012, 
    +0x0011, -0x0051, +0x002c, +0x0055, +0x0009, -0x0020, -0x002f, +0x0009, 
    +0x0001, +0x0013, -0x0005, +0x0019, +0x0000, -0x000c, -0x002e, +0x0017, 
    -0x001b, +0x0016, -0x0012, +0x001e, +0x0011, +0x000a, -0x0038, -0x0024, 
    +0x0034, +0x0037, -0x0030, +0x0025, -0x0003, -0x000b, -0x0045, +0x0009, 
    -0x0012, -0x0012, -0x0004, +0x0008, -0x0019, +0x000f, -0x0043, -0x0014, 
    +0x0030, +0x0033, -0x005c, +0x003a, -0x0025, +0x0022, -0x0042, +0x0025, 
    +0x0002, -0x0002, +0x0002, -0x0016, -0x003d, +0x000d, -0x0027, +0x0021, 
    +0x0012, +0x0008, -0x0053, +0x002b, -0x0019, +0x0042, -0x0022, +0x0019, 
    -0x000c, -0x0005, +0x0017, +0x0007, -0x0029, -0x0035, -0x001c, +0x0000, 
    +0x001b, +0x002a, -0x0042, +0x004b, +0x0021, +0x000b, -0x002a, +0x0024, 
    -0x0002, -0x001a, +0x0014, -0x002b, -0x0014, -0x001c, -0x0048, +0x003b, 
    -0x000b, +0x0034, -0x0067, +0x004a, +0x0017, +0x0027, -0x003b, +0x0044, 
    -0x0011, -0x0005, -0x0008, -0x0038, -0x001e, +0x000a, -0x000e, +0x0017, 
    -0x0015, +0x001b, -0x0028, +0x0038, +0x001a, +0x0022, -0x0029, +0x0023, 
    +0x0010, -0x0028, +0x003a, -0x000a, -0x0031, +0x000c, -0x003e, +0x002b, 
    +0x0014, -0x000c, -0x0046, +0x0063, +0x000e, -0x000c, -0x0015, +0x0026, 
    +0x000e, -0x0046, +0x001e, -0x002e, -0x0038, -0x000f, -0x004e, +0x0065, 
    -0x0001, +0x000b, -0x0039, +0x006d, +0x001c, +0x002c, -0x002c, +0x0013, 
    -0x0011, -0x0024, +0x000c, -0x0037, -0x001c, +0x0000, -0x0036, -0x0002, 
    +0x0005, +0x000c, +0x000d, +0x006b, +0x001d, +0x000a, -0x0043, +0x0007, 
    -0x0061, -0x0004, -0x0015, +0x0013, +0x0015, -0x0033, +0x007f, -0x0021, 
    -0x0013, -0x0007, -0x0007, +0x0016, -0x0008, -0x001e, +0x002a, -0x0015, 
    -0x005d, +0x0029, +0x0017, -0x002f, +0x0017, -0x0021, +0x001c, -0x0009, 
    -0x0016, -0x0012, +0x0025, +0x000d, -0x0023, -0x0036, +0x001a, -0x0024, 
    -0x001d, +0x0027, -0x001a, +0x000e, -0x002a, -0x0033, +0x0032, -0x002c, 
    +0x0000, -0x0008, +0x001b, -0x000d, -0x000a, -0x001a, +0x0027, -0x0001, 
    -0x001a, -0x0002, -0x0012, -0x001b, +0x0017, -0x0016, +0x0049, -0x000e, 
    -0x0022, +0x001d, -0x0036, +0x0041, +0x000c, +0x0020, +0x000c, -0x0030, 
    -0x0017, +0x0012, -0x0039, -0x003a, +0x003a, -0x0010, -0x0044, -0x0022, 
    -0x0012, -0x0008, -0x001e, +0x002a, +0x0006, +0x0013, +0x0028, -0x0020, 
    -0x000a, +0x0011, -0x0015, -0x0028, +0x000b, -0x0022, -0x0013, -0x0035, 
    -0x000b, -0x0009, +0x000e, -0x0010, -0x0005, +0x0012, -0x0002, -0x0007, 
    +0x001c, -0x000d, +0x0021, +0x001d, +0x000a, +0x001c, +0x0052, -0x002a, 
    -0x001a, +0x0007, -0x0002, +0x001b, -0x000c, +0x0019, +0x0004, -0x0016, 
    +0x005f, -0x0012, +0x000f, -0x0026, +0x0035, +0x000a, -0x000f, -0x0024, 
    +0x0000, +0x0002, -0x0020, +0x0016, -0x0006, +0x000c, +0x0037, -0x003c, 
    +0x0047, -0x0003, +0x000e, -0x0014, +0x001a, +0x0000, -0x002e, -0x002a, 
    -0x0007, +0x0019, -0x0009, -0x0016, +0x0012, -0x000e, +0x0016, -0x001d, 
    -0x0014, -0x0023, +0x0016, +0x0017, +0x0037, -0x0038, -0x005e, +0x000d, 
    -0x002d, +0x0024, +0x0000, -0x001f, +0x0014, -0x0023, +0x0013, -0x0021, 
    +0x000a, -0x004e, +0x0031, -0x000e, +0x0015, -0x0046, -0x0028, +0x002d, 
    +0x0004, +0x0048, +0x0037, -0x0013, +0x001f, +0x0022, +0x0008, -0x0005, 
    +0x000d, -0x0031, +0x0023, -0x000e, +0x0000, -0x0028, -0x000e, +0x003e, 
    +0x0006, +0x002e, +0x0057, +0x0004, +0x001c, +0x0062, +0x0008, -0x0002, 
    -0x0041, -0x0006, +0x0042, -0x002d, +0x0003, -0x0043, -0x0020, +0x0011, 
    +0x0001, +0x0024, +0x000f, -0x0026, +0x0000, -0x003b, +0x003b, +0x0016, 
    -0x001b, -0x0032, +0x0045, -0x0053, -0x0005, -0x0034, -0x000d, +0x002d, 
    +0x0006, +0x0034, +0x001b, -0x002e, +0x0018, -0x001e, +0x0009, +0x0017, 
    +0x000d, -0x0012, +0x0017, -0x0019, -0x001f, -0x0025, -0x001e, +0x0026, 
    +0x000b, +0x000c, +0x0022, +0x0005, -0x0003, +0x002a, +0x0015, -0x0001, 
    +0x000d, -0x0014, +0x0015, -0x0034, -0x0004, -0x0019, -0x0011, -0x0012, 
    +0x0023, -0x0003, -0x000b, -0x003b, -0x0025, -0x0003, +0x0052, -0x0001, 
    -0x0023, -0x0040, +0x0014, -0x001b, -0x001f, -0x001d, -0x0010, +0x000b, 
    +0x0007, -0x001d, +0x0006, -0x0049, -0x000c, -0x0014, -0x0017, +0x000f, 
    +0x0009, -0x001f, -0x0015, +0x0013, -0x0005, -0x0014, -0x0041, +0x001f, 
    +0x0001, -0x0046, +0x001c, -0x0044, +0x0015, +0x0036, +0x0026, -0x0012, 
    -0x0013, +0x0023, +0x003e, -0x001b, -0x0034, -0x0022, +0x000c, +0x000b, 
    +0x001c, -0x004c, -0x0057, +0x0050, +0x0001, -0x002e, -0x0030, -0x0018, 
    -0x002e, -0x0005, +0x0046, -0x0025, -0x0053, -0x0023, -0x0054, -0x0007, 
    +0x0022, -0x0031, -0x0072, -0x0014, -0x0040, -0x0029, +0x0044, -0x003e, 
    -0x0027, -0x0015, +0x0033, -0x001f, -0x0025, -0x0015, -0x003e, -0x0015, 
    +0x0044, -0x000c, -0x0002, -0x0018, -0x0020, -0x0007, +0x0071, -0x002b, 
    -0x0024, -0x001b, +0x000b, -0x0013, -0x0025, -0x001d, -0x0005, -0x0013, 
    +0x000a, -0x0019, -0x000b, +0x0009, +0x0010, -0x0041, -0x003f, +0x0028, 
    -0x0014, -0x0040, -0x0009, -0x0002, -0x0052, +0x0001, -0x0048, -0x0040, 
    -0x0006, -0x0016, -0x0059, -0x0049, -0x002e, -0x0060, +0x0010, +0x0001, 
    -0x0007, -0x0053, +0x000b, +0x0001, -0x0056, +0x001c, -0x0033, -0x001e, 
    +0x0027, -0x0031, -0x0013, -0x0047, -0x0015, -0x0019, +0x0044, -0x0016, 
    -0x0028, -0x0017, +0x003a, -0x0030, +0x0003, -0x001f, +0x0018, -0x000c, 
    +0x0009, +0x000a, -0x0026, -0x0002, +0x0011, -0x005e, -0x0065, +0x002d, 
    -0x0022, -0x000e, -0x0016, +0x000b, -0x002b, +0x0001, -0x000f, -0x0045, 
    -0x000b, +0x0029, -0x006e, -0x0027, -0x0008, -0x003f, -0x001e, +0x0006, 
    -0x0012, +0x0011, -0x0011, -0x0006, -0x0034, -0x000e, -0x0004, -0x0008, 
    +0x000d, +0x000e, -0x001a, -0x0021, +0x0004, +0x0020, -0x0001, -0x0021, 
    +0x001e, +0x0011, +0x000c, +0x001d, -0x0012, -0x0003, -0x0036, +0x0022, 
    -0x000d, +0x001a, +0x0003, +0x0044, +0x000b, -0x0020, +0x0025, -0x0040, 
    +0x000d, +0x002f, -0x0032, +0x004d, -0x0026, +0x000c, -0x004a, +0x0022, 
    -0x000b, +0x0011, -0x0015, -0x0033, -0x001b, -0x0039, -0x002b, -0x0031, 
    +0x0020, +0x0028, -0x000d, +0x0013, -0x0013, -0x000f, +0x0014, +0x0019, 
    -0x0013, -0x0031, +0x0017, -0x0002, -0x0009, -0x0010, -0x000f, +0x0022, 
    +0x0012, -0x0003, +0x0007, +0x0028, -0x0011, +0x0005, -0x001d, +0x0002, 
    -0x000a, +0x001b, -0x001e, -0x001b, +0x0031, -0x001c, -0x000d, -0x0062, 
    +0x000b, +0x002f, -0x005d, +0x004a, -0x000f, -0x000f, -0x0049, -0x0015, 
    +0x0004, +0x0028, -0x0054, -0x0039, +0x000c, -0x000f, -0x0015, -0x0064, 
    +0x0015, +0x0044, -0x0059, +0x001b, +0x0000, -0x000a, +0x0005, -0x0013, 
    -0x0004, -0x000f, -0x0064, -0x0017, -0x0022, +0x0027, -0x0015, -0x0030, 
    -0x0009, -0x0035, +0x0001, -0x000c, -0x001a, -0x0041, +0x0004, -0x0020, 
    +0x0026, +0x000b, +0x000c, +0x0015, +0x0000, +0x0002, -0x002d, -0x005a, 
    +0x0002, +0x0003, -0x0059, +0x0030, -0x0006, -0x000f, -0x0046, -0x0030, 
    +0x0001, +0x002f, -0x001e, +0x000d, -0x0028, +0x0024, +0x0013, -0x0031, 
    -0x0013, +0x0018, -0x007f, +0x0004, +0x0003, -0x0002, -0x0006, -0x002c, 
    +0x0010, +0x0001, +0x0013, +0x0011, -0x0054, +0x0035, +0x0042, -0x0033, 
    -0x000b, -0x0028, +0x0047, -0x001e, +0x0008, -0x000a, -0x0008, +0x0016, 
    +0x000a, +0x0009, +0x0002, +0x0030, -0x0003, -0x001f, -0x0034, +0x006e, 
    -0x0007, +0x0025, +0x0015, -0x0010, -0x0006, -0x0004, +0x0014, +0x001c, 
    +0x0006, +0x0013, +0x002a, -0x000a, -0x001b, -0x0027, +0x0016, +0x0077, 
    +0x0005, +0x0042, +0x0012, -0x0029, -0x0002, -0x000d, -0x000e, +0x0010, 
    -0x0004, +0x001a, +0x0040, -0x001c, -0x001f, -0x0008, +0x0007, +0x005a, 
    +0x0000, -0x0026, +0x0019, -0x0017, -0x0018, +0x0018, +0x0068, -0x0010, 
    -0x0032, -0x0002, -0x005e, +0x004e, -0x0012, -0x002d, -0x0028, +0x003f, 
    +0x0008, +0x0048, +0x0033, -0x0002, -0x0010, +0x0008, +0x006c, -0x002f, 
    -0x002d, +0x0017, +0x0032, +0x0038, -0x0034, -0x002a, -0x0002, +0x0054, 
    +0x0006, +0x0054, -0x0007, +0x0005, -0x0006, -0x0012, +0x0012, -0x0032, 
    -0x0015, -0x000e, +0x0068, -0x0019, -0x0029, -0x002d, +0x0002, +0x007c, 
    +0x001f, -0x0015, -0x0039, -0x0001, -0x000a, +0x003e, +0x0001, -0x0001, 
    -0x001c, +0x0016, -0x005e, +0x0056, +0x000c, +0x0012, -0x0005, -0x0018, 
    +0x0013, +0x0060, +0x000f, +0x0036, -0x0023, +0x0020, +0x0022, -0x0033, 
    -0x001a, +0x0010, +0x000b, +0x0061, -0x000a, +0x0019, -0x000c, -0x0008, 
    +0x0011, +0x000c, -0x0020, +0x0034, +0x0021, -0x0027, +0x0016, -0x0020, 
    -0x0010, -0x002d, +0x004a, -0x0020, +0x0000, -0x000a, -0x0009, +0x0033, 
    -0x0030, +0x0021, -0x003c, +0x0011, -0x0016, -0x003a, -0x001e, +0x0016, 
    -0x0009, +0x0004, -0x0021, +0x003d, +0x0000, +0x001f, +0x000e, -0x0018, 
    -0x0041, +0x001f, -0x0014, +0x0011, -0x0030, -0x0008, -0x000d, +0x0011, 
    +0x000a, +0x003f, -0x0036, +0x000f, +0x0032, -0x0018, -0x0020, -0x0045, 
    +0x0011, +0x0033, +0x0007, -0x0001, -0x004d, -0x0023, +0x0016, +0x0000, 
    +0x0035, +0x0015, -0x004a, -0x0027, +0x0000, -0x002b, -0x004c, -0x002c, 
    -0x007f, +0x004c, -0x004c, -0x0034, -0x0024, -0x003f, -0x000b, +0x0017, 
    -0x0041, +0x0006, -0x0022, +0x001f, -0x001b, +0x001b, +0x001b, -0x0054, 
    -0x006a, +0x0072, -0x000b, -0x0021, -0x0025, +0x0008, -0x001e, +0x001c, 
    -0x000f, +0x0027, -0x001f, +0x001b, +0x001e, -0x004c, -0x0057, -0x006c, 
    -0x002f, +0x0071, +0x000d, +0x0009, -0x002b, +0x000e, -0x001b, -0x000d, 
    +0x001f, +0x0002, +0x0005, +0x0009, +0x0034, -0x0033, -0x0050, -0x0025, 
    -0x0061, +0x0038, -0x0009, -0x0030, +0x001c, -0x0014, +0x0021, -0x0008, 
    -0x0047, -0x0027, +0x0001, +0x0022, +0x0009, +0x0024, +0x001c, -0x001a, 
    -0x004b, +0x007f, +0x0006, -0x000d, -0x0006, +0x0018, -0x0045, +0x0017, 
    -0x0009, -0x0028, +0x0020, +0x0017, +0x001a, -0x000c, -0x0032, -0x0058, 
    -0x0049, +0x0045, +0x0023, +0x000c, +0x0009, +0x001b, -0x0040, -0x000d, 
    +0x0007, -0x0021, +0x002e, +0x000d, +0x0029, +0x0008, -0x002c, -0x0028, 
    +0x0015, +0x0014, +0x0050, -0x0008, +0x0004, +0x0017, +0x0017, -0x0026, 
    +0x0031, +0x0008, -0x002a, +0x0006, -0x000e, -0x002d, -0x0011, -0x0067, 
    +0x000a, +0x0007, +0x0009, -0x000e, +0x0013, -0x0031, +0x0012, +0x001f, 
    +0x0012, +0x0015, -0x0028, -0x0034, -0x0003, +0x0007, +0x001f, -0x005d, 
    +0x0003, -0x001e, -0x0065, +0x0025, +0x0023, -0x002f, -0x0008, +0x001a, 
    +0x0004, +0x0018, -0x0036, -0x003f, +0x0028, +0x001a, +0x0025, -0x0029, 
    +0x003a, -0x0023, -0x0024, -0x0055, +0x0025, -0x0021, +0x0001, +0x002f, 
    +0x0018, -0x0008, -0x0004, -0x0018, -0x0007, -0x0012, -0x001d, -0x007f, 
    +0x000c, -0x001f, +0x0017, -0x0038, +0x001b, -0x0056, -0x000d, +0x0048, 
    +0x0015, -0x0016, -0x000e, -0x0022, -0x000e, +0x0029, +0x0026, -0x007e, 
    +0x0016, +0x0001, -0x004d, -0x0016, +0x000f, -0x000a, -0x0006, +0x0002, 
    -0x001f, +0x001d, -0x002e, -0x0042, +0x000d, +0x0041, +0x0029, -0x0058, 
    +0x000c, -0x0029, +0x0003, -0x002a, +0x0006, -0x0027, -0x0007, +0x002a, 
    -0x003d, -0x000d, -0x000f, -0x0001, -0x0031, +0x001d, +0x001c, -0x001e, 
    +0x0001, -0x0003, +0x001e, -0x0032, +0x0004, -0x003f, -0x0003, +0x003c, 
    -0x0038, -0x0022, -0x0019, +0x0005, -0x000b, +0x004d, +0x002f, -0x0054, 
    +0x0016, +0x0002, -0x0030, -0x0021, -0x0003, +0x001b, +0x000e, -0x0014, 
    -0x0060, +0x0019, -0x000d, +0x0000, +0x0012, +0x003d, +0x0019, -0x0061, 
    -0x0025, +0x002f, +0x0045, -0x0003, +0x0018, +0x0024, +0x004a, -0x0030, 
    -0x0054, -0x001d, +0x0009, -0x001c, +0x0005, +0x0027, -0x0014, +0x0008, 
    -0x004f, +0x0025, +0x0031, -0x0023, +0x0040, +0x0010, -0x0010, -0x000e, 
    -0x004d, -0x002c, +0x0011, +0x0013, -0x0022, +0x0022, -0x001f, +0x001e, 
    -0x0026, -0x0030, +0x0011, -0x0026, +0x0039, +0x0010, -0x004a, +0x003d, 
    -0x0032, -0x0016, +0x0002, +0x0005, -0x001f, +0x000c, -0x0004, +0x001c, 
    -0x003f, +0x006c, +0x0017, +0x000c, +0x0019, -0x0004, +0x0034, -0x0005, 
    -0x0033, +0x000f, +0x0042, +0x000c, -0x002c, +0x001d, -0x0004, -0x0004, 
    -0x0076, +0x0043, +0x0007, -0x0020, +0x002c, -0x0006, +0x0037, +0x0004, 
    -0x0008, -0x0001, +0x001a, +0x004b, -0x0061, +0x0042, +0x0025, +0x0009, 
    -0x0047, -0x0019, +0x0002, -0x002d, -0x0005, +0x0014, -0x000e, +0x0033, 
    +0x0004, +0x000d, -0x0013, +0x002d, -0x0049, +0x003f, +0x0058, +0x0015, 
    -0x0023, +0x0056, -0x0010, -0x0019, +0x001d, +0x0001, +0x0022, +0x0020, 
    -0x0026, +0x0002, +0x0050, +0x0030, -0x0025, +0x0015, +0x0017, +0x000e, 
    -0x0042, +0x0002, +0x000a, -0x002f, +0x001c, +0x002d, +0x006f, +0x000d, 
    -0x0009, +0x001f, +0x0038, +0x0041, -0x0046, +0x0023, +0x0057, -0x000e, 
    -0x0032, -0x002b, +0x001a, -0x0015, -0x001b, +0x0025, +0x003a, +0x001b, 
    +0x0010, +0x0038, +0x000c, +0x0008, -0x003d, +0x002a, +0x007d, -0x000a, 
    +0x0018, -0x003e, -0x0039, +0x0032, +0x0027, -0x0027, -0x0016, +0x0017, 
    +0x0004, -0x0017, +0x0005, +0x000d, +0x000f, -0x001e, -0x002d, -0x0020, 
    -0x0023, -0x000d, -0x0019, -0x000a, +0x0030, -0x0008, +0x0048, +0x0004, 
    +0x001a, -0x0047, -0x0007, -0x0001, -0x001e, -0x0019, -0x0027, +0x000b, 
    -0x0030, +0x0016, +0x0029, +0x0002, -0x0035, -0x000a, +0x0034, +0x0009, 
    +0x0018, -0x0020, +0x0003, -0x000e, -0x003b, +0x0001, +0x000a, +0x000d, 
    +0x0011, -0x004c, -0x0003, +0x0019, -0x0002, -0x0012, -0x0002, -0x0011, 
    +0x002d, -0x0007, +0x0004, -0x0005, +0x000c, -0x0042, -0x0058, +0x000f, 
    -0x001b, -0x001b, -0x0028, +0x0022, +0x0025, -0x003d, +0x0073, -0x0008, 
    +0x0056, -0x0035, -0x001f, -0x000b, -0x0017, -0x005c, -0x005d, +0x0043, 
    -0x003b, +0x0004, -0x0006, +0x0022, -0x0027, -0x0009, +0x0024, +0x0000, 
    +0x0040, -0x002b, -0x0017, -0x0013, -0x002e, -0x0022, -0x0045, +0x0035, 
    +0x001c, -0x002c, +0x0059, +0x0019, -0x0002, +0x0010, +0x004e, +0x003e, 
    +0x0050, -0x0016, -0x0004, -0x0008, +0x000a, -0x003e, -0x0015, -0x0016, 
    +0x0003, -0x0006, -0x000d, +0x000e, -0x000a, -0x002d, +0x004a, -0x0013, 
    +0x0036, -0x0005, -0x001a, -0x000c, -0x0001, -0x0055, -0x0027, +0x0014, 
    +0x0015, -0x0006, -0x001c, -0x0008, -0x0041, +0x0009, +0x001e, -0x0014, 
    +0x002b, +0x0013, -0x000c, -0x000a, -0x0013, -0x001c, -0x0016, +0x0013, 
    -0x000c, +0x000c, -0x0006, -0x0042, +0x0003, +0x000b, +0x000e, +0x0009, 
    -0x0031, +0x0032, +0x0008, -0x001c, +0x003e, +0x0009, -0x000c, +0x003d, 
    +0x0000, -0x0006, -0x0002, -0x0066, -0x0009, -0x000d, -0x0026, +0x003f, 
    -0x0031, +0x001b, -0x003b, -0x0056, +0x0060, -0x0001, -0x0005, +0x0046, 
    +0x0011, -0x0026, +0x0044, -0x005d, +0x0001, +0x0004, -0x001f, +0x0041, 
    -0x0009, -0x000c, -0x0058, -0x0051, +0x002b, +0x0001, -0x001e, +0x0007, 
    -0x0016, +0x0028, -0x004a, -0x0036, -0x0011, -0x0012, -0x0012, -0x0002, 
    +0x000a, +0x0023, -0x0018, -0x004f, -0x000b, -0x000b, -0x001c, +0x002c, 
    +0x002b, +0x0043, -0x0016, -0x0054, -0x0022, -0x0014, +0x0003, +0x0015, 
    +0x001b, -0x0019, -0x0053, -0x005b, +0x004a, -0x0018, -0x0001, +0x001e, 
    +0x003e, -0x0007, +0x0020, -0x005b, -0x0028, +0x0015, -0x0006, +0x004e, 
    +0x0047, -0x0035, -0x006e, -0x000f, +0x003d, -0x0009, -0x001a, +0x001d, 
    -0x0009, +0x002b, +0x0013, +0x0006, -0x0030, -0x0037, -0x0053, -0x0011, 
    +0x002c, -0x0019, +0x0021, -0x0025, +0x0014, -0x000c, -0x0018, -0x0016, 
    +0x000b, +0x0041, -0x002c, -0x0028, -0x0048, -0x001b, -0x0002, -0x0006, 
    +0x0031, -0x0056, +0x0000, -0x0018, +0x0052, +0x000c, -0x000d, -0x0036, 
    +0x0011, -0x0026, +0x001b, -0x0045, -0x0044, +0x0014, -0x0015, +0x0036, 
    +0x0069, -0x003b, -0x000e, +0x0015, +0x0053, +0x0014, +0x0010, +0x0008, 
    +0x000e, -0x0012, -0x0064, -0x000e, -0x0027, +0x0004, -0x0017, +0x003c, 
    +0x0075, -0x0079, +0x0026, +0x003d, +0x000c, +0x0009, +0x0010, -0x0005, 
    +0x0009, +0x000e, -0x0069, -0x000c, -0x001e, -0x000f, +0x0040, +0x003a, 
    -0x0006, -0x0037, -0x0008, +0x003e, +0x0013, +0x0031, +0x0027, +0x000f, 
    +0x0000, +0x001a, -0x0009, -0x0068, -0x0009, -0x0001, +0x003d, +0x0040, 
    -0x0048, +0x000c, -0x0025, -0x002b, +0x001d, +0x0035, -0x0020, +0x002b, 
    +0x0009, +0x0009, -0x0023, +0x000d, -0x0036, -0x0020, +0x000e, +0x003f, 
    +0x0072, +0x000e, +0x0027, +0x0043, -0x000f, +0x003f, +0x0044, -0x0014, 
    +0x0009, +0x0028, -0x0054, +0x0007, -0x0041, -0x0017, +0x0031, +0x0029, 
    -0x0002, -0x0011, +0x000d, +0x0063, -0x000b, +0x0051, +0x002f, -0x002d, 
    +0x0007, +0x0004, -0x0013, -0x0040, -0x000e, -0x0020, +0x0026, +0x001f, 
    -0x0047, +0x0008, -0x000d, +0x000e, +0x0008, +0x0035, +0x000e, -0x001b, 
    +0x001c, +0x001f, -0x0030, -0x0030, -0x0042, +0x0004, +0x002a, +0x0041, 
    +0x001f, +0x0057, -0x0025, -0x0035, -0x001d, +0x003a, +0x002b, -0x0003, 
    +0x0014, +0x0010, -0x002f, +0x0009, -0x0050, -0x0015, +0x0039, +0x0035, 
    -0x0019, -0x0004, -0x001f, +0x001c, -0x0013, +0x0012, +0x0012, -0x0046, 
    -0x0004, -0x0003, +0x000c, -0x0029, -0x002d, -0x0041, +0x0030, +0x0039, 
    +0x0001, -0x002a, -0x0001, -0x0017, -0x0019, -0x0003, -0x0027, -0x003f, 
    -0x0018, -0x0062, -0x0018, +0x000e, -0x000f, +0x0001, +0x0031, +0x0020, 
    +0x0006, -0x001d, -0x001c, -0x0032, +0x000e, -0x002d, -0x0003, +0x0010, 
    -0x000d, -0x007f, -0x0015, +0x001d, -0x0017, +0x0018, +0x001f, +0x001c, 
    +0x0005, -0x0018, +0x000f, -0x0006, +0x0019, -0x0022, +0x0005, +0x0040, 
    +0x0001, -0x0046, +0x000d, -0x0018, -0x0012, -0x0004, -0x001b, -0x003e, 
    +0x0032, +0x001a, +0x000a, -0x0048, +0x003b, -0x0033, +0x0042, +0x0003, 
    +0x001e, -0x003c, +0x0005, +0x0035, -0x0002, -0x001f, +0x0013, +0x000e, 
    -0x0010, -0x002e, +0x0021, -0x0006, -0x001d, +0x0016, +0x001a, -0x0023, 
    +0x000c, -0x004b, -0x0003, +0x0018, -0x0011, +0x000f, +0x0019, +0x0013, 
    -0x0030, -0x002b, +0x0019, +0x002f, -0x000f, -0x000d, -0x000a, +0x0015, 
    -0x0007, -0x0041, -0x0004, -0x0004, -0x0011, -0x000b, +0x0003, -0x000f, 
    -0x0012, +0x0025, -0x0008, -0x0015, +0x0021, -0x002c, +0x001b, -0x000a, 
    +0x000a, -0x0007, -0x0009, -0x0008, +0x0012, -0x002c, +0x000b, -0x000f, 
    -0x0014, +0x002d, -0x002d, +0x0016, -0x0047, +0x0049, +0x0003, -0x003d, 
    +0x001e, -0x0033, -0x0012, +0x0007, +0x0007, -0x000a, +0x0005, +0x0018, 
    -0x0034, +0x0000, -0x0009, +0x003f, -0x002e, +0x0029, -0x002c, -0x0029, 
    +0x001f, -0x0023, +0x0002, +0x0012, +0x0011, +0x0007, -0x0023, -0x0019, 
    -0x0030, +0x0024, -0x000e, -0x0009, -0x0014, -0x000f, +0x0004, -0x0053, 
    -0x000b, +0x0011, +0x005b, -0x002c, -0x0030, +0x001e, +0x0015, +0x000f, 
    -0x0012, +0x0004, -0x000d, -0x003a, +0x0004, +0x000b, -0x000c, -0x0022, 
    +0x0001, +0x0022, +0x004d, -0x0033, -0x002b, +0x0005, -0x0001, -0x0024, 
    -0x0032, +0x000c, -0x0027, -0x000c, +0x0006, -0x0038, +0x000a, -0x0006, 
    +0x0019, -0x0008, +0x0021, -0x0067, -0x000c, +0x001c, -0x0009, -0x0010, 
    -0x0003, +0x0019, -0x0005, -0x0030, -0x0017, -0x0034, +0x000a, -0x0028, 
    +0x0026, +0x0029, +0x001d, -0x001d, -0x0027, -0x0032, +0x0011, -0x0045, 
    -0x0007, -0x0002, -0x003e, -0x0005, +0x0047, -0x0027, +0x0001, +0x0004, 
    +0x0028, +0x0048, +0x0005, +0x000c, -0x0042, -0x0039, -0x0001, -0x0052, 
    -0x001d, +0x0012, -0x0044, -0x000d, +0x0074, -0x005f, +0x0016, +0x0015, 
    +0x002b, +0x001f, -0x0020, -0x0047, -0x002f, -0x002e, +0x0001, -0x002a, 
    +0x0002, -0x0001, -0x0018, -0x0044, +0x0037, -0x0067, -0x001b, -0x001c, 
    -0x000f, +0x002b, -0x0021, -0x0015, +0x0017, -0x002a, -0x0021, -0x0035, 
    +0x0005, +0x0005, -0x0007, +0x002f, +0x0045, -0x0024, -0x0002, +0x0010, 
    -0x0005, +0x004b, -0x0065, +0x0016, +0x0003, -0x0040, -0x0038, -0x005c, 
    -0x0007, +0x0004, -0x001c, +0x0020, +0x007f, -0x0050, +0x000a, +0x0018, 
    +0x0005, -0x0001, -0x0053, -0x000c, -0x001f, -0x0040, -0x002d, -0x0036, 
    +0x001d, +0x0019, -0x000b, -0x0046, +0x0038, -0x0025, -0x001f, -0x0017, 
    +0x0001, -0x000a, -0x003f, -0x002c, +0x0000, -0x0011, +0x000c, +0x002b, 
    -0x0010, -0x0016, +0x000f, -0x0001, +0x0002, +0x0025, -0x002c, -0x0057, 
    +0x0018, +0x0001, -0x0035, +0x0009, -0x0007, -0x0018, +0x0017, +0x002d, 
    +0x0026, +0x0008, -0x000d, +0x0007, +0x0019, +0x002c, +0x000b, -0x001f, 
    +0x0030, +0x0002, +0x000c, +0x0036, +0x0022, -0x002f, +0x001e, -0x0007, 
    +0x0036, +0x0025, -0x0036, +0x0037, +0x001a, +0x002d, +0x0010, -0x0023, 
    -0x0005, -0x001f, -0x001b, -0x0022, +0x0019, -0x0010, +0x0001, +0x0003, 
    -0x0009, -0x000f, +0x0044, +0x0014, -0x0018, +0x0029, +0x0005, -0x001f, 
    +0x000e, +0x0015, -0x000b, +0x000c, +0x0022, +0x000f, +0x0006, +0x0017, 
    -0x0010, -0x0021, +0x002c, +0x0006, +0x0006, +0x000f, +0x0032, +0x001c, 
    +0x0027, +0x0012, +0x001c, +0x0036, +0x004e, -0x000f, -0x0015, +0x0010, 
    -0x000f, +0x0000, +0x0003, -0x0001, +0x0014, +0x002a, +0x0041, -0x0027, 
    -0x000f, +0x0017, +0x0013, -0x0007, +0x000f, +0x0012, -0x0038, -0x002e, 
    -0x0020, -0x0004, +0x0012, +0x0033, +0x001a, -0x0015, -0x001b, +0x0011, 
    -0x0008, +0x002d, +0x0016, -0x0009, +0x0004, +0x003f, -0x0035, -0x0028, 
    -0x003e, -0x0011, +0x000e, +0x002b, +0x001a, -0x001f, +0x000b, +0x0036, 
    +0x0004, +0x0002, +0x0042, -0x0010, +0x0032, +0x0024, -0x0035, -0x0005, 
    -0x0026, +0x000c, -0x0005, -0x001c, +0x0013, -0x0014, +0x0006, +0x0018, 
    -0x002d, +0x0036, -0x005b, +0x0002, +0x0019, +0x0017, -0x0021, +0x005c, 
    +0x0002, -0x0012, +0x001a, -0x0003, -0x001c, +0x0031, -0x001c, +0x0006, 
    +0x0029, +0x0013, -0x000a, +0x004a, +0x001c, -0x0026, -0x0032, +0x003b, 
    +0x0011, +0x0052, -0x000e, -0x000c, -0x001c, +0x0040, -0x0034, +0x000e, 
    +0x0069, -0x005c, +0x0010, +0x001b, +0x0012, -0x004b, -0x0036, +0x0044, 
    +0x002b, +0x0028, -0x0035, +0x000b, -0x000f, +0x0056, -0x005c, -0x002e, 
    -0x0025, -0x0031, -0x001e, -0x0036, +0x0001, +0x0026, -0x002d, +0x005e, 
    +0x0008, +0x000d, +0x0039, -0x0036, -0x0002, +0x0030, +0x000c, +0x0016, 
    -0x0006, +0x0018, +0x0000, +0x0006, +0x0016, +0x0024, -0x0055, +0x0051, 
    +0x001e, +0x003f, +0x001c, -0x0024, -0x000f, +0x0044, -0x0009, -0x0004, 
    +0x003c, +0x000a, -0x0009, +0x003a, +0x0023, -0x0021, -0x004e, +0x0017, 
    +0x0034, +0x0016, +0x000f, -0x000a, +0x0003, +0x0059, -0x001c, -0x0035, 
    -0x0024, -0x0075, -0x0012, -0x0021, -0x0031, +0x0015, -0x0016, +0x0045, 
    +0x0009, +0x000d, +0x005b, -0x0052, -0x0006, +0x0003, -0x0009, -0x0005, 
    -0x0026, +0x0024, -0x0002, -0x0039, -0x000b, +0x0061, -0x004b, +0x0050, 
    +0x0011, -0x0005, +0x003d, -0x004e, +0x000f, +0x0031, +0x000d, -0x0027, 
    -0x0002, +0x0032, +0x0020, -0x0018, -0x0002, +0x0031, -0x0048, -0x0001, 
    +0x0010, -0x0026, +0x0025, -0x0011, +0x001c, +0x0017, +0x0022, -0x0057, 
    +0x000e, +0x000e, -0x0029, -0x000b, -0x0011, +0x004f, +0x001e, -0x0046, 
    -0x0020, -0x0012, +0x0000, -0x001b, -0x0001, -0x003e, +0x0019, +0x0001, 
    +0x000d, -0x0002, -0x001f, -0x000b, +0x0002, +0x001d, +0x0023, -0x0027, 
    -0x0010, -0x0004, +0x0012, -0x0012, -0x0011, -0x0041, +0x0001, +0x000f, 
    -0x000f, -0x0016, -0x000b, -0x0009, +0x0014, +0x0034, +0x0055, +0x0031, 
    +0x000b, -0x0008, +0x0006, -0x004d, +0x000d, -0x0006, +0x0012, +0x0002, 
    -0x000f, +0x0003, -0x0035, -0x0024, -0x0014, +0x002e, +0x002f, -0x0046, 
    -0x001a, -0x0004, +0x0019, -0x000e, -0x000f, -0x0035, -0x0042, +0x0026, 
    -0x0029, -0x001a, -0x0026, -0x000e, -0x0012, +0x000b, +0x002f, -0x0021, 
    -0x000d, +0x001c, +0x0002, -0x0025, -0x0029, -0x004b, -0x0038, +0x0012, 
    -0x0025, -0x0028, -0x0001, -0x0036, -0x0007, +0x0005, +0x002c, -0x0014, 
    +0x001d, +0x0015, -0x0021, -0x0048, -0x0023, -0x0033, -0x000f, -0x0010, 
    -0x0004, -0x0020, -0x003e, +0x0004, +0x000c, +0x000a, +0x0038, -0x000a, 
    -0x0037, -0x0058, -0x001c, +0x000c, -0x0019, -0x0007, -0x0063, +0x002c, 
    -0x0013, +0x0000, -0x002c, -0x0025, +0x0016, -0x0048, +0x000c, +0x0009, 
    -0x0035, -0x000f, -0x003d, -0x0048, -0x0023, -0x002a, -0x0036, +0x0002, 
    -0x0003, +0x000f, -0x0020, -0x002b, +0x0002, -0x0034, -0x0009, +0x0001, 
    -0x0008, +0x0014, -0x001d, -0x007f, -0x001b, -0x001a, -0x0007, -0x0017, 
    +0x000e, -0x0020, -0x0024, -0x001e, +0x002c, +0x003f, -0x0029, -0x0041, 
    -0x0003, +0x0025, +0x003d, +0x0008, +0x0002, -0x0003, -0x0008, -0x0016, 
    +0x0018, -0x0046, -0x003d, +0x001c, +0x0046, +0x0032, -0x0036, -0x003e, 
    +0x0008, +0x0033, +0x0024, +0x0007, +0x001d, +0x000a, -0x0002, +0x000a, 
    +0x0019, -0x003c, -0x0002, -0x002c, +0x000a, -0x001e, -0x007f, +0x0065, 
    +0x000e, +0x0009, +0x000c, +0x002b, +0x0029, -0x0002, -0x0008, +0x0037, 
    -0x0014, +0x001a, -0x001b, -0x002b, -0x000f, -0x0014, -0x0037, -0x0009, 
    -0x0018, +0x0044, +0x0037, -0x002c, +0x0004, +0x001f, -0x0027, +0x0010, 
    -0x0030, -0x0009, -0x000c, +0x0011, +0x000c, -0x0014, -0x004e, -0x0009, 
    -0x000d, +0x0057, +0x0042, -0x0017, +0x000b, +0x001f, -0x0016, +0x0021, 
    -0x0003, -0x0022, -0x0028, -0x000e, -0x001c, -0x0038, -0x003d, +0x0038, 
    +0x0001, +0x002a, +0x000f, -0x0021, +0x0019, +0x000a, -0x0021, +0x004b, 
    -0x000d, +0x0030, -0x0029, -0x0037, +0x0008, +0x0007, -0x0026, -0x0025, 
    -0x0003, +0x001a, +0x001f, -0x003f, -0x0001, +0x002c, -0x0018, -0x0019, 
    -0x001c, +0x0046, -0x0011, -0x000c, +0x001b, -0x000e, -0x0053, -0x0003, 
    +0x0006, +0x002c, +0x000d, -0x002c, +0x0005, +0x0020, -0x0029, +0x0009, 
    +0x0008, +0x0041, -0x0033, -0x004c, -0x000b, -0x0015, -0x0023, -0x0003, 
    +0x0006, +0x001d, -0x001e, -0x0025, +0x0006, +0x0001, -0x0025, +0x0028, 
    -0x0014, -0x0004, +0x001c, -0x001b, +0x0014, -0x000b, +0x005e, +0x0019, 
    +0x0011, +0x001d, -0x000c, +0x0011, +0x0002, -0x0013, -0x0013, -0x000c, 
    -0x0013, -0x0004, +0x0035, -0x0041, +0x0011, +0x0011, +0x0053, +0x004c, 
    +0x0010, +0x003d, +0x0006, -0x0011, -0x0013, +0x0002, -0x001f, -0x0003, 
    -0x002a, -0x0011, -0x0005, -0x0021, -0x0011, +0x0007, +0x002a, +0x0039, 
    +0x000e, +0x0043, +0x0015, +0x000b, -0x0015, +0x0021, +0x0005, +0x0004, 
    -0x000d, -0x003d, +0x001b, -0x0016, +0x0007, -0x0038, +0x005b, -0x001e, 
    -0x0017, +0x0022, -0x0019, +0x0001, -0x0018, -0x0038, -0x002d, +0x0017, 
    +0x0010, +0x0008, +0x003a, -0x0033, +0x000d, -0x0023, +0x0065, +0x0020, 
    -0x000f, +0x0027, -0x0019, +0x0006, -0x0038, -0x0012, -0x000b, -0x0025, 
    +0x0008, +0x0012, +0x0005, -0x000d, +0x0000, -0x0008, +0x0032, +0x0030, 
    -0x001b, +0x0014, +0x0005, +0x0006, -0x002c, +0x000d, +0x0012, -0x002c, 
    -0x0011, -0x0013, -0x0003, -0x002c, -0x000f, -0x0040, +0x0036, -0x0016, 
    -0x0013, -0x002e, +0x0005, +0x001b, +0x0029, -0x0058, -0x002c, +0x0022, 
    -0x0016, +0x0012, -0x0001, -0x000b, -0x0016, -0x0026, +0x0034, -0x0020, 
    -0x0033, -0x001a, -0x000b, -0x000e, +0x001a, -0x003a, +0x000d, -0x0004, 
    -0x001a, +0x0007, -0x0018, +0x003a, +0x0009, -0x0005, -0x0004, -0x0014, 
    -0x002b, -0x0034, -0x0002, -0x0039, +0x0028, -0x0007, +0x0027, -0x003a, 
    +0x0025, -0x0041, -0x0008, +0x000e, -0x004e, -0x002e, +0x001a, +0x0007, 
    -0x0019, +0x0027, +0x0049, -0x002e, +0x0004, +0x001a, +0x0010, -0x0023, 
    +0x0018, -0x003b, -0x0007, -0x0022, +0x0017, -0x0037, -0x0021, -0x0002, 
    -0x0007, +0x0046, +0x001d, +0x001a, +0x0011, +0x0022, +0x001f, -0x0036, 
    +0x0012, +0x0001, +0x0006, -0x0038, +0x0036, -0x0009, -0x0016, +0x0000, 
    -0x000c, +0x0047, +0x000e, +0x003c, +0x0025, +0x0026, -0x001a, -0x0011, 
    +0x0015, -0x001c, +0x0009, +0x0005, -0x0039, -0x0006, +0x0008, -0x0001, 
    -0x0042, -0x000d, +0x0034, -0x0011, +0x001d, -0x0007, -0x0011, -0x0038, 
    +0x001f, -0x001d, +0x0012, +0x0019, -0x001d, -0x0022, -0x0018, -0x0018, 
    -0x001b, -0x0013, +0x000c, +0x0016, -0x001b, -0x000a, -0x001c, -0x003c, 
    +0x000c, +0x0000, -0x0013, +0x0007, +0x0012, -0x002b, +0x0009, -0x000b, 
    -0x003f, -0x001e, -0x0042, +0x001d, +0x001a, -0x001c, -0x003a, -0x0018, 
    -0x0001, +0x0028, +0x001d, +0x001d, -0x002f, +0x001b, -0x000e, -0x001a, 
    -0x003a, -0x0003, +0x0043, +0x0004, +0x0016, -0x0037, -0x001e, +0x0003, 
    +0x000f, +0x001b, -0x0010, +0x0029, -0x0012, +0x0010, +0x0037, -0x002c, 
    -0x0037, -0x0021, +0x004c, -0x0008, -0x0019, -0x002a, -0x001d, -0x0015, 
    -0x000d, +0x0032, -0x004c, +0x0021, +0x0036, +0x0009, +0x004f, -0x0014, 
    -0x001a, -0x0026, +0x0018, -0x0021, +0x0008, -0x0034, -0x003b, -0x0003, 
    +0x002d, -0x0016, +0x006b, -0x0024, +0x0027, +0x0005, -0x002d, -0x000a, 
    +0x0000, -0x0024, -0x0007, +0x0009, +0x0041, -0x005e, +0x0017, -0x0003, 
    -0x000d, -0x0029, +0x0066, +0x0011, -0x0012, -0x003c, -0x0028, +0x001c, 
    +0x0030, -0x004c, +0x000c, -0x0004, +0x002a, -0x0042, +0x0009, +0x0006, 
    -0x0009, -0x0024, +0x0058, +0x000f, -0x0020, -0x001f, -0x003d, +0x000b, 
    +0x0032, -0x0026, +0x0018, -0x0002, +0x0012, +0x0012, -0x0034, -0x001f, 
    -0x0011, +0x0000, +0x004d, +0x000a, -0x0007, -0x000f, -0x0005, +0x000d, 
    +0x000b, -0x0006, +0x002c, -0x0023, +0x0020, -0x0059, +0x0010, -0x0007, 
    -0x000d, -0x0007, +0x0030, +0x0036, -0x0018, -0x0023, +0x001b, +0x0026, 
    +0x0021, -0x0011, +0x003b, -0x0016, -0x000e, -0x0019, -0x001e, -0x000c, 
    -0x0004, -0x0019, +0x001f, +0x0021, -0x000a, -0x0033, +0x0009, +0x000b, 
    -0x002b, -0x0012, +0x000c, -0x000c, +0x0015, +0x000f, -0x0024, -0x002e, 
    -0x0007, +0x000a, -0x0013, +0x0013, +0x0003, -0x0018, +0x001a, +0x0003, 
    -0x0011, +0x001b, +0x004f, -0x0019, +0x0000, -0x0024, +0x0011, -0x000d, 
    -0x000c, -0x000f, -0x002e, +0x0010, +0x0031, -0x0016, +0x0021, +0x0002, 
    +0x000f, +0x001d, +0x003a, -0x000b, -0x0034, +0x0023, -0x002b, -0x000c, 
    +0x0010, -0x001b, +0x0000, +0x000b, +0x001c, -0x0037, -0x0014, +0x000c, 
    -0x0013, +0x0001, -0x0010, +0x0006, +0x0001, +0x001a, +0x0000, -0x0017, 
    +0x001b, +0x001d, -0x0001, +0x0016, -0x0019, +0x002f, +0x005c, -0x0028, 
    +0x0016, +0x0006, -0x0027, +0x0002, -0x0014, -0x0002, +0x0060, -0x0016, 
    +0x0000, -0x0018, +0x0019, +0x0004, -0x0019, -0x0001, +0x006b, -0x0025, 
    +0x0013, -0x002f, -0x0041, +0x002c, +0x000e, -0x0035, +0x0024, +0x0000, 
    -0x0043, -0x0038, -0x0025, -0x000c, -0x0057, +0x0006, +0x003c, -0x001b, 
    +0x0025, -0x003e, -0x000d, +0x001a, -0x0019, -0x0039, +0x000f, -0x0008, 
    +0x000e, -0x0009, -0x0031, +0x0013, -0x0016, +0x000d, +0x003e, +0x0015, 
    +0x004b, +0x000c, -0x0043, +0x0011, +0x0011, +0x000f, +0x006e, +0x0004, 
    +0x002d, -0x0017, +0x000e, +0x0001, -0x001f, -0x000b, +0x0033, +0x0010, 
    +0x001c, -0x0019, -0x0071, +0x0037, +0x0003, -0x0027, +0x006f, +0x0015, 
    -0x001b, -0x0049, -0x001d, +0x0008, -0x000f, +0x0001, +0x0014, -0x0005, 
    -0x001e, -0x001a, -0x0039, +0x002c, -0x002e, -0x0045, +0x0045, -0x0001, 
    +0x003a, -0x0005, +0x0014, -0x000b, +0x0002, -0x0004, +0x0001, +0x0015, 
    +0x0026, +0x0015, -0x0007, +0x001e, -0x0014, +0x002f, +0x0043, -0x0003, 
    +0x000e, +0x0002, +0x0034, -0x000c, -0x0049, +0x0013, -0x000f, +0x0046, 
    -0x0007, +0x0015, -0x0046, +0x0042, -0x0014, +0x000d, +0x0039, +0x0015, 
    -0x0025, +0x000a, +0x0051, -0x0007, -0x001c, +0x000b, -0x0004, +0x0028, 
    -0x0033, +0x001b, -0x003a, +0x003e, -0x0024, -0x0005, +0x0020, +0x000e, 
    -0x001a, +0x0028, -0x0009, -0x0001, +0x000d, +0x000a, -0x001b, -0x0003, 
    -0x0009, +0x0002, +0x0039, +0x0001, -0x001f, -0x0003, +0x000a, +0x000d, 
    -0x0025, +0x0022, +0x000f, +0x000f, -0x002d, -0x002b, +0x000e, +0x0011, 
    -0x0011, -0x0009, +0x0050, +0x0015, +0x0010, +0x0004, +0x0046, +0x0013, 
    -0x0035, +0x0000, -0x0033, +0x0010, +0x0015, -0x003f, +0x003f, +0x0013, 
    -0x001a, +0x0001, +0x0018, +0x0017, +0x000d, -0x000a, +0x0021, -0x0007, 
    -0x0052, +0x0021, -0x0034, +0x000b, -0x0033, +0x0006, -0x0018, -0x0002, 
    -0x0050, +0x0004, +0x0006, -0x0008, -0x002c, +0x0015, +0x000f, -0x0015, 
    -0x0051, +0x000f, -0x0044, +0x0020, -0x0030, -0x0019, -0x001e, +0x0001, 
    -0x0027, +0x0019, -0x0009, -0x0004, +0x003a, +0x003e, +0x0034, -0x0015, 
    -0x0035, -0x000c, -0x001a, +0x0005, +0x0013, -0x0011, +0x0042, +0x0010, 
    -0x0012, +0x0023, +0x001b, -0x0010, +0x003c, +0x002d, +0x000f, -0x0018, 
    -0x0024, +0x001c, -0x002b, +0x001d, -0x0031, -0x000f, -0x0044, -0x0004, 
    -0x004b, +0x0016, +0x001d, -0x001a, -0x007f, -0x002d, -0x000f, -0x0008, 
    -0x0032, +0x000e, -0x003f, +0x0012, -0x003a, +0x0002, -0x004b, +0x0006, 
    +0x0005, +0x0041, -0x003f, -0x000f, -0x0029, -0x0002, -0x001b, -0x0013, 
    -0x0005, +0x001e, +0x0007, +0x0014, -0x0021, +0x0013, +0x0015, +0x001e, 
    -0x0004, +0x003a, -0x000b, -0x0018, +0x0013, +0x0014, -0x0057, -0x0020, 
    -0x0036, +0x0011, -0x0027, -0x000d, +0x0019, -0x000d, +0x0004, -0x0020, 
    -0x0015, -0x0013, +0x0024, -0x0010, +0x001f, -0x000a, -0x001d, +0x000a, 
    -0x0048, -0x0002, -0x003c, +0x000f, +0x0031, +0x0000, -0x000b, -0x0036, 
    -0x003f, -0x0041, -0x0019, -0x000f, -0x0013, +0x0024, -0x0017, +0x000d, 
    -0x0047, -0x0022, +0x0008, +0x0002, +0x0010, -0x0012, -0x0032, -0x0015, 
    -0x0020, -0x003b, +0x0004, -0x001f, -0x0022, +0x002c, +0x0013, +0x001d, 
    -0x0008, -0x0008, -0x005f, +0x001e, +0x004c, -0x0016, -0x003d, +0x000e, 
    -0x0008, -0x0010, +0x0013, -0x0024, -0x0010, -0x0005, -0x0043, +0x0009, 
    -0x0004, -0x000f, -0x0012, +0x0025, +0x0034, -0x0027, -0x0037, +0x0008, 
    -0x0028, -0x0039, -0x0057, -0x000a, -0x0015, +0x0003, -0x0034, +0x000c, 
    -0x0023, -0x001d, +0x0040, -0x0004, +0x0013, -0x0019, -0x0026, +0x0011, 
    -0x0028, -0x005b, -0x002b, +0x0010, -0x002f, -0x000b, -0x0033, +0x0003, 
    +0x0025, -0x001d, -0x0018, +0x0017, +0x003c, +0x000e, -0x0014, +0x002d, 
    -0x0029, +0x0028, +0x0011, +0x0000, -0x0006, -0x0001, -0x0016, +0x0002, 
    +0x0013, +0x0018, +0x0030, +0x0025, -0x0008, +0x000e, +0x0027, +0x0020, 
    -0x0054, +0x0004, -0x0020, +0x0011, +0x000e, -0x0009, -0x005e, +0x0007, 
    -0x0019, +0x002e, +0x007f, -0x0005, -0x0008, -0x0002, +0x0048, +0x0002, 
    -0x0025, -0x0007, +0x001f, +0x0024, -0x0003, -0x0007, -0x000b, +0x000e, 
    -0x0034, -0x001e, +0x002e, +0x0025, +0x004e, -0x000d, +0x0042, +0x0003, 
    +0x0030, -0x0024, +0x000d, +0x000b, +0x0018, -0x0041, +0x0009, -0x0014, 
    -0x0011, -0x0012, +0x0037, +0x0027, +0x0061, -0x0005, +0x0043, +0x0010, 
    +0x0024, -0x0056, +0x0031, +0x0001, +0x002a, -0x0025, +0x001d, -0x0015, 
    +0x0013, +0x0026, +0x0018, +0x000a, +0x0031, +0x0029, +0x0045, +0x0009, 
    -0x0008, -0x002e, +0x0036, +0x0008, +0x005e, -0x0013, +0x000d, -0x0014, 
    -0x0055, -0x001b, +0x0033, +0x001f, +0x0015, -0x0005, +0x0012, +0x0037, 
    +0x0020, -0x0025, +0x0001, -0x0003, -0x0006, -0x001f, -0x001b, -0x0015, 
    -0x0042, -0x000c, +0x004e, +0x0011, +0x005e, +0x0009, -0x0008, +0x003e, 
    +0x002f, -0x0024, +0x0008, -0x0008, +0x0032, -0x0019, -0x0033, +0x0008, 
    -0x0008, +0x0025, +0x0034, -0x0006, +0x0050, +0x000d, -0x0012, +0x001a, 
    -0x000e, -0x000b, -0x0001, -0x0007, +0x0033, +0x0002, -0x0029, +0x000b, 
    -0x0035, -0x0011, +0x000b, +0x000f, -0x003b, +0x0016, -0x001a, +0x002a, 
    +0x000e, -0x000b, +0x0022, -0x001c, -0x0017, -0x0005, +0x0012, +0x0000, 
    -0x0053, -0x0009, +0x003d, +0x001e, +0x001c, +0x000f, -0x0009, +0x0050, 
    +0x0013, +0x0016, +0x004b, -0x0034, -0x0013, +0x002f, -0x0017, -0x0002, 
    -0x003a, +0x0004, +0x0015, +0x0009, +0x005d, +0x0025, +0x000b, +0x0014, 
    -0x0002, +0x0022, -0x0020, -0x001c, -0x000e, +0x003c, -0x002e, +0x0003, 
    +0x002c, -0x0039, -0x003f, +0x000c, -0x001d, -0x005c, -0x000e, -0x001c, 
    -0x000b, +0x001c, -0x0005, +0x003f, -0x002b, +0x0026, -0x0018, +0x0020, 
    +0x0033, +0x001e, +0x0001, +0x0010, -0x000c, -0x002e, -0x001b, -0x0012, 
    +0x0020, +0x0021, +0x0039, +0x0070, -0x0006, +0x000f, -0x004b, +0x002c, 
    +0x0002, +0x0043, +0x000a, +0x0005, -0x0017, -0x004e, -0x002f, -0x000b, 
    +0x003d, +0x001d, +0x0047, +0x003d, +0x000d, -0x001c, -0x0061, +0x0010, 
    +0x0030, -0x0029, -0x003a, +0x001f, +0x0016, -0x002c, -0x000d, -0x0018, 
    +0x0010, +0x000d, -0x0017, +0x004d, -0x0006, +0x0010, +0x0023, +0x0011, 
    +0x0066, +0x0049, -0x0037, +0x000e, +0x0022, -0x0002, +0x0003, -0x0007, 
    +0x001f, +0x0009, +0x001b, +0x007f, +0x0002, +0x0009, -0x000d, +0x000a, 
    +0x003a, +0x005f, -0x002e, -0x000d, -0x0026, -0x0027, +0x0024, -0x0001, 
    +0x0017, +0x0000, +0x002c, +0x0054, +0x0016, -0x0015, -0x0020, -0x000d, 
    +0x0012, +0x0000, -0x0033, +0x0013, +0x0011, +0x000c, +0x001d, +0x0014, 
    +0x001e, -0x0006, -0x003a, +0x003e, +0x0014, -0x0004, -0x000c, -0x0011, 
    -0x0004, +0x0047, -0x0061, +0x0005, +0x0059, -0x0004, -0x0024, +0x0002, 
    -0x0001, -0x000b, -0x0023, +0x0043, +0x0012, -0x0003, -0x0005, -0x0012, 
    +0x0036, +0x0033, -0x002f, -0x0025, +0x000e, +0x000c, +0x002a, +0x0000, 
    +0x0009, +0x0000, -0x0013, +0x0005, -0x0010, -0x0002, +0x0007, -0x0008, 
    -0x0010, +0x002f, -0x007d, +0x000c, +0x001d, -0x0004, +0x0002, -0x000d, 
    -0x0017, +0x0012, -0x0010, -0x0005, +0x0016, +0x0001, +0x0078, +0x0005, 
    -0x0037, +0x002b, -0x0057, -0x000a, +0x0005, -0x0003, -0x0024, -0x0004, 
    -0x0022, -0x001b, +0x001a, -0x0024, +0x0012, -0x002a, +0x0042, +0x0007, 
    -0x0032, -0x000a, -0x0055, +0x0015, -0x000d, +0x0005, -0x0032, +0x0009, 
    -0x0045, -0x0010, +0x0022, -0x0016, +0x0003, -0x0005, +0x001f, -0x000e, 
    -0x0021, +0x0034, -0x0018, -0x0019, +0x0008, +0x002c, -0x002b, -0x0015, 
    +0x0003, -0x000f, +0x0005, -0x000a, +0x001c, -0x0016, +0x0047, +0x001a, 
    -0x0025, +0x000a, -0x000e, -0x0022, +0x0000, +0x0043, -0x0024, +0x0000, 
    -0x001f, -0x0059, +0x0016, +0x0004, +0x0010, -0x0030, +0x003a, +0x0031, 
    -0x0038, -0x000f, -0x0030, -0x000e, -0x000b, +0x003d, -0x0033, +0x0008, 
    -0x0054, -0x0061, +0x0002, +0x000d, -0x0017, -0x0026, +0x003a, +0x0012, 
    +0x0012, +0x002d, +0x005d, -0x0002, -0x001b, +0x0023, +0x0012, +0x000d, 
    +0x0038, -0x0005, +0x0017, +0x000f, +0x0036, -0x0006, -0x0012, +0x001a, 
    +0x000c, -0x000f, +0x001b, -0x000d, -0x0047, +0x0049, +0x0001, +0x0002, 
    +0x001e, -0x007f, +0x001e, +0x001a, +0x0036, -0x002f, +0x0009, +0x002f, 
    +0x001b, -0x0015, +0x0016, -0x0004, -0x001a, +0x0042, -0x000e, +0x000e, 
    -0x002b, -0x0078, +0x0008, +0x002d, -0x0011, -0x0004, +0x0018, +0x001a, 
    -0x002c, +0x0009, -0x000c, +0x0015, -0x0005, +0x0004, +0x0001, +0x0002, 
    +0x002d, +0x002f, +0x0020, -0x006f, -0x0035, -0x000b, +0x0008, -0x0036, 
    -0x000a, -0x0022, -0x0005, -0x0012, -0x000f, -0x0010, +0x000e, -0x0014, 
    -0x000c, +0x0034, +0x0014, -0x006a, -0x003d, -0x002e, -0x000f, -0x0017, 
    +0x0022, +0x0005, -0x0006, +0x0005, -0x0020, -0x001e, -0x000d, +0x0007, 
    -0x0018, +0x0019, +0x0008, -0x0004, -0x003d, -0x0020, -0x000b, -0x0021, 
    +0x0009, -0x0002, -0x0011, +0x0018, -0x0005, -0x0023, -0x0011, +0x0000, 
    +0x0012, +0x0010, +0x0005, -0x0012, -0x0009, -0x0011, -0x000c, -0x005d, 
    +0x0004, +0x0001, -0x002e, -0x0007, -0x001d, -0x0008, -0x0002, -0x001b, 
    +0x0002, -0x0012, +0x002e, -0x001b, -0x0043, -0x0034, -0x0019, -0x0028, 
    +0x000c, +0x0015, -0x0019, +0x0024, -0x0016, +0x0006, +0x000a, +0x0001, 
    +0x000c, +0x0006, +0x0001, -0x002a, -0x0047, -0x000a, -0x0014, -0x000a, 
    -0x0003, +0x0017, -0x0008, +0x0017, +0x0020, +0x0009, -0x0002, +0x0011, 
    -0x0038, -0x0023, -0x0022, +0x0041, +0x0012, +0x0000, -0x0009, -0x003e, 
    +0x001c, -0x0005, -0x0022, -0x001d, -0x0004, +0x0034, +0x0011, +0x0008, 
    -0x001b, -0x004e, +0x0011, +0x0031, -0x0038, -0x0027, -0x0009, +0x0014, 
    +0x0008, -0x0010, +0x0006, +0x000a, -0x001f, +0x0026, +0x0008, +0x0006, 
    +0x0002, -0x002b, -0x001b, +0x0006, -0x002b, -0x0020, +0x0009, +0x003a, 
    -0x001b, -0x0003, -0x001c, +0x0012, +0x000e, +0x003c, -0x0037, -0x005c, 
    +0x002d, -0x000f, -0x0017, -0x0002, -0x0020, -0x001d, +0x001d, +0x0007, 
    -0x0009, -0x0015, -0x0023, +0x0007, +0x0010, +0x0009, -0x0029, -0x0058, 
    +0x0019, -0x0002, -0x000f, -0x002d, -0x0022, -0x001f, +0x0000, -0x0021, 
    +0x0032, -0x0013, -0x001b, +0x001a, -0x000a, -0x001e, -0x0006, -0x002c, 
    +0x0012, -0x0027, -0x0004, -0x0007, -0x000f, -0x001c, -0x0016, +0x000d, 
    -0x000f, -0x0030, -0x0037, +0x0002, +0x000f, +0x004b, -0x0032, -0x002b, 
    +0x000a, +0x001d, +0x000a, -0x0010, -0x0008, -0x0011, -0x000e, +0x0015, 
    -0x0007, -0x002d, -0x005b, +0x0022, +0x0010, +0x0038, -0x0015, -0x0059, 
    -0x0005, +0x001e, -0x0010, -0x0033, +0x0017, -0x0041, -0x000f, +0x000d, 
    +0x0018, -0x0039, -0x003b, +0x0018, +0x0012, +0x0020, +0x0005, -0x0043, 
    +0x000a, -0x0007, +0x0017, -0x0027, +0x0006, -0x003c, -0x0010, +0x0008, 
    -0x0013, -0x001c, -0x001d, +0x0002, -0x0008, +0x0030, +0x0020, -0x0019, 
    +0x000b, +0x004f, +0x0002, +0x0000, -0x0007, -0x001a, -0x0018, +0x0020, 
    -0x0020, -0x0008, -0x0040, +0x0007, +0x0001, +0x0055, +0x001f, -0x0046, 
    +0x000d, +0x003e, -0x0003, -0x0028, -0x0012, -0x0041, -0x0019, +0x0031, 
    -0x0012, -0x0024, -0x0023, -0x0002, +0x0016, +0x0025, +0x001a, -0x001a, 
    +0x0000, -0x0013, +0x0005, -0x001b, -0x0025, -0x002a, -0x0022, +0x0002, 
    -0x0023, -0x0005, +0x0007, -0x0011, +0x001b, -0x0051, -0x0022, +0x0025, 
    -0x0009, +0x001c, +0x0000, +0x0014, -0x001c, -0x001f, +0x0028, +0x0020, 
    -0x0016, +0x0000, -0x0001, +0x0005, +0x0026, -0x007f, -0x004f, -0x0009, 
    -0x001d, +0x0030, +0x0009, +0x0005, -0x0029, -0x0006, +0x001a, +0x0040, 
    -0x0009, -0x0006, -0x001a, +0x0012, +0x001d, -0x0051, -0x004b, -0x004c, 
    -0x001d, +0x0036, +0x0008, +0x0021, -0x000d, +0x000c, +0x0015, +0x0042, 
    -0x0008, -0x0004, -0x0009, -0x0002, -0x000a, -0x004c, -0x000a, +0x0014, 
    -0x001a, +0x003d, +0x0001, -0x000f, -0x0029, -0x000d, +0x000c, -0x000c, 
    +0x000b, -0x0001, -0x0025, +0x0011, -0x0008, -0x006a, -0x0028, +0x0008, 
    -0x001a, +0x0044, -0x0006, +0x000c, -0x0021, -0x0012, +0x000b, +0x0020, 
    +0x0024, +0x000b, -0x0016, +0x000b, +0x0009, -0x0057, -0x002a, -0x0009, 
    -0x0024, +0x0024, +0x0009, +0x002c, -0x000a, +0x0008, +0x002d, +0x0045, 
    +0x0039, -0x0031, -0x0004, +0x0015, -0x0016, -0x002e, +0x000c, -0x0017, 
    -0x0005, +0x0025, -0x0001, -0x002a, -0x001a, +0x0008, +0x0004, +0x0010, 
    +0x001a, -0x000f, -0x0041, +0x0013, -0x001b, -0x003d, -0x0003, +0x0022, 
    -0x0019, +0x0049, +0x0008, -0x0003, -0x0003, -0x0014, +0x0009, +0x000d, 
    +0x000e, +0x0004, -0x0035, +0x0030, -0x0011, +0x0003, +0x0016, +0x002b, 
    -0x000c, +0x0000, +0x000d, +0x0015, +0x0015, -0x0017, +0x0035, +0x0008, 
    -0x0042, +0x0010, +0x0006, -0x0015, -0x0012, +0x000d, -0x000f, -0x0058, 
    -0x000d, -0x0014, -0x000a, +0x0012, +0x0012, +0x0016, +0x0005, +0x0015, 
    -0x0037, +0x0003, +0x0009, -0x0044, -0x0013, +0x000c, -0x002f, -0x0056, 
    -0x002b, +0x0008, -0x0042, -0x002f, +0x000a, +0x000c, -0x000b, -0x0023, 
    -0x000e, -0x0001, +0x0017, -0x0011, -0x0004, -0x004c, -0x0015, -0x0021, 
    -0x0030, +0x000f, -0x0018, -0x004e, +0x0000, -0x000d, -0x000f, -0x0051, 
    -0x007f, -0x0026, -0x002b, -0x005c, -0x0023, -0x0011, -0x0004, -0x0046, 
    +0x0001, -0x0005, -0x0027, -0x000a, -0x0017, +0x000d, +0x0017, +0x0033, 
    -0x0075, -0x0039, -0x0032, -0x007f, -0x002b, -0x0009, -0x000b, -0x004b, 
    -0x0008, +0x0012, -0x005f, -0x003b, -0x001f, +0x0026, -0x0002, -0x0026, 
    -0x002a, -0x0036, -0x0020, -0x0076, -0x0026, -0x0029, +0x0006, -0x002a, 
    -0x000c, +0x0023, -0x0033, -0x0040, -0x001d, +0x0029, +0x0002, -0x0063, 
    +0x0001, -0x0022, -0x0012, -0x0021, -0x000a, -0x0009, -0x0019, -0x002a, 
    -0x0010, +0x001f, +0x000a, +0x0006, -0x003d, -0x0023, -0x0006, -0x002a, 
    +0x0009, -0x003c, +0x0011, -0x0040, -0x001d, -0x001a, -0x0007, -0x0041, 
    -0x0015, +0x0006, -0x001b, -0x0002, -0x0033, -0x0014, -0x003b, -0x002e, 
    +0x0002, -0x002e, +0x000d, -0x0060, -0x002f, -0x001d, -0x0010, -0x002a, 
    -0x0004, +0x0008, -0x0012, -0x000d, -0x0052, -0x001c, -0x0027, -0x0043, 
    +0x0004, -0x005b, +0x0017, +0x004b, -0x0009, +0x0017, -0x001f, +0x0046, 
    -0x002b, +0x000f, +0x0007, -0x004c, -0x0022, -0x0026, +0x003f, +0x002b, 
    +0x0024, -0x005d, +0x0015, +0x0069, -0x0007, -0x000c, +0x0002, +0x0034, 
    -0x0025, -0x002b, -0x0012, +0x0004, -0x0023, +0x000e, +0x0048, -0x001d, 
    +0x0048, +0x0013, +0x0010, +0x0041, +0x000a, -0x000b, +0x001e, -0x001a, 
    -0x0038, +0x0009, -0x0006, +0x001a, -0x0014, +0x003f, +0x0044, -0x0011, 
    -0x0022, -0x001b, -0x0003, -0x001a, -0x002a, -0x001f, -0x0009, +0x0033, 
    -0x0015, +0x001b, -0x0015, -0x0027, -0x003c, -0x0030, +0x0017, +0x0001, 
    +0x0005, -0x0061, +0x0002, +0x0012, -0x000b, -0x0037, -0x0029, +0x0031, 
    -0x0024, -0x0028, -0x0026, +0x0008, -0x0039, -0x0014, +0x003e, -0x003f, 
    +0x0005, -0x0033, +0x002b, +0x0015, +0x0018, -0x0030, -0x0019, +0x001b, 
    -0x000c, -0x0021, -0x0027, +0x0026, -0x0012, +0x0011, +0x001e, -0x0039, 
    -0x0046, +0x0036, -0x001c, -0x003a, -0x0029, -0x0022, +0x000f, +0x0003, 
    -0x0018, +0x0000, -0x0047, -0x0026, -0x000e, -0x0037, -0x0008, +0x0005, 
    -0x001e, +0x0012, -0x0039, -0x002d, -0x0007, -0x001d, -0x0028, +0x002a, 
    -0x000e, -0x0012, -0x007f, +0x0021, -0x001b, -0x000e, +0x0014, -0x001f, 
    -0x000b, -0x0004, -0x0025, -0x0007, +0x0009, -0x001a, -0x0016, +0x004c, 
    +0x0004, -0x0013, -0x0073, +0x0034, -0x000e, +0x002e, +0x0000, -0x0022, 
    +0x000e, -0x000f, +0x001b, +0x0016, -0x0001, +0x000c, -0x0003, +0x003b, 
    +0x0006, -0x0038, -0x0003, +0x0009, +0x0010, +0x000b, -0x0023, +0x0016, 
    +0x0011, -0x0008, +0x003b, +0x0018, -0x0026, +0x0018, -0x000a, +0x0018, 
    +0x000e, -0x005d, +0x0028, +0x0029, +0x0033, +0x0017, -0x002d, -0x001d, 
    -0x0011, -0x000e, +0x0028, +0x0010, -0x0014, -0x0006, +0x000c, +0x0019, 
    +0x0010, -0x002f, +0x0019, +0x0027, +0x002d, +0x001d, -0x0035, -0x0037, 
    +0x0040, +0x0011, +0x0049, +0x002e, -0x0004, +0x001e, +0x0016, +0x0002, 
    -0x0003, -0x0020, +0x0043, +0x0005, +0x002f, -0x0008, -0x001d, +0x0022, 
    +0x0043, +0x0019, +0x005b, +0x003a, -0x0021, +0x0036, +0x0015, -0x0017, 
    +0x0005, -0x0050, +0x0041, +0x001b, +0x0042, +0x0016, -0x001c, +0x000d, 
    +0x001d, +0x000e, +0x0031, +0x0029, -0x001f, +0x001b, +0x000c, -0x002b, 
    +0x0011, -0x0034, +0x0019, +0x0004, +0x001e, +0x002e, +0x0002, -0x001e, 
    +0x0053, +0x000d, +0x0025, +0x0026, +0x001f, +0x0038, +0x0022, +0x000c, 
    -0x0022, +0x002f, +0x0005, -0x001a, +0x0005, +0x0000, +0x0004, +0x0008, 
    +0x0069, +0x001a, +0x0013, +0x0025, -0x0009, +0x0068, +0x0027, +0x0004, 
    +0x0026, +0x0015, +0x000d, +0x0005, +0x000d, +0x001f, -0x0021, +0x0003, 
    +0x0046, +0x0025, +0x0027, +0x000b, -0x0009, +0x003b, +0x001b, -0x003e, 
    +0x003b, +0x0007, -0x000a, +0x0011, -0x000a, +0x002a, +0x0006, +0x0016, 
    -0x0012, +0x0014, +0x0028, +0x0000, -0x003b, +0x0026, +0x002a, -0x002b, 
    -0x0013, +0x002c, +0x0010, -0x0025, -0x0020, -0x0017, +0x0019, -0x0015, 
    +0x0004, -0x0010, +0x0010, -0x0030, -0x0014, +0x001e, +0x002d, -0x0020, 
    -0x002a, -0x0002, +0x0000, -0x0025, -0x001a, -0x0010, +0x002b, +0x0007, 
    +0x0013, -0x0046, +0x000f, -0x0021, -0x0028, +0x0013, -0x000d, +0x006c, 
    -0x0028, -0x002e, -0x001d, -0x0007, -0x0013, -0x0012, +0x0024, +0x0001, 
    +0x0007, +0x0016, +0x001a, +0x000e, -0x0014, -0x0008, +0x0025, -0x0013, 
    -0x0002, +0x004a, +0x0006, -0x001a, -0x0010, -0x0035, -0x0001, +0x0001, 
    +0x000a, -0x0017, +0x0022, -0x000f, +0x001c, -0x0002, +0x0004, -0x0037, 
    -0x001e, +0x0022, +0x0004, -0x0029, -0x0012, -0x0015, +0x0007, +0x001f, 
    +0x0025, -0x0046, +0x0007, -0x001e, -0x0012, +0x000e, -0x0001, +0x0006, 
    -0x001c, -0x0047, +0x0000, +0x000a, -0x001a, -0x0004, -0x000a, +0x0035, 
    +0x0001, +0x0036, -0x0007, +0x0033, -0x002b, +0x0003, +0x0001, -0x0011, 
    +0x0002, +0x002f, +0x0002, -0x0019, +0x0005, -0x002d, -0x0005, -0x000f, 
    -0x0021, +0x0017, -0x000c, -0x0010, +0x0005, -0x0023, -0x0009, -0x004c, 
    -0x0008, +0x0022, -0x0002, -0x0033, -0x0006, -0x000d, -0x0013, +0x0026, 
    -0x000e, +0x0013, +0x0003, -0x001d, -0x0019, -0x0023, +0x0008, -0x0034, 
    +0x0001, -0x002e, +0x0002, -0x0001, +0x0000, +0x0017, -0x0020, +0x0012, 
    +0x001f, -0x000f, +0x0026, -0x0017, -0x0016, +0x0005, +0x0001, -0x0008, 
    +0x003a, -0x0015, -0x000b, -0x0007, +0x0008, +0x000d, -0x0009, -0x001c, 
    +0x0027, -0x001c, +0x0009, -0x000b, -0x0014, +0x000a, -0x0008, -0x0016, 
    +0x001a, -0x0013, -0x0024, -0x0011, +0x0013, -0x0007, +0x0007, -0x001f, 
    +0x0019, +0x0004, +0x0000, +0x0021, -0x0021, +0x0024, -0x0010, -0x0009, 
    +0x002a, -0x0012, -0x0028, -0x0008, +0x0002, +0x001f, +0x000d, -0x000e, 
    -0x000e, +0x000e, +0x0026, +0x0002, -0x001c, +0x0001, -0x0010, -0x000e, 
    +0x0017, -0x0001, -0x0004, -0x0024, +0x0028, +0x0010, -0x003c, -0x0009, 
    +0x000e, -0x000d, +0x0023, +0x000d, -0x0021, -0x0019, -0x0018, +0x0000, 
    -0x000e, +0x0001, -0x0011, +0x000d, +0x001b, -0x0010, -0x0007, +0x0003, 
    +0x000c, +0x0002, +0x003d, +0x0025, -0x001a, +0x0021, -0x0020, +0x0020, 
    -0x0019, -0x0006, -0x0013, +0x0023, -0x0009, +0x000e, +0x0024, +0x001c, 
    -0x0031, -0x0015, -0x0017, +0x0011, +0x0018, +0x0010, -0x0011, -0x0016, 
    -0x000b, +0x0013, +0x0001, -0x0020, +0x0037, +0x002b, +0x0009, +0x0022, 
    -0x0008, -0x0013, +0x0000, +0x0002, -0x0014, -0x0001, -0x001d, -0x000a, 
    -0x002f, +0x002d, +0x0015, +0x0011, +0x003c, -0x0013, +0x0028, +0x0010, 
    +0x000f, +0x0009, +0x0002, +0x000e, -0x0019, +0x0006, -0x000d, +0x001d, 
    -0x0033, +0x0017, -0x0007, +0x0008, +0x0012, -0x0013, +0x0039, +0x001c, 
    -0x003d, +0x002f, +0x0048, +0x0027, -0x0016, -0x002e, +0x0070, -0x0001, 
    +0x005e, -0x0011, +0x0037, -0x000c, +0x0025, +0x003a, -0x000f, -0x0015, 
    -0x0032, +0x0021, +0x0027, +0x003c, -0x0008, +0x0002, +0x0060, +0x001b, 
    -0x0061, +0x0038, -0x0018, -0x001b, -0x001e, +0x004c, +0x0007, -0x0006, 
    +0x0001, -0x0003, +0x000c, +0x002f, +0x0027, +0x002a, -0x000c, +0x0028, 
    -0x003f, +0x003d, +0x0016, +0x0000, -0x002d, +0x0049, +0x0010, +0x0005, 
    -0x0031, +0x002a, +0x0010, +0x003b, +0x0031, -0x0025, +0x007f, +0x0001, 
    +0x004c, -0x002b, +0x0011, +0x0014, -0x003a, +0x0038, -0x0019, -0x0015, 
    -0x0042, +0x002f, +0x0024, +0x0040, +0x0058, -0x0023, +0x005c, +0x0006, 
    -0x003f, +0x0028, -0x0025, +0x0010, -0x0050, +0x0033, -0x002a, -0x0009, 
    -0x0009, +0x001f, +0x000d, +0x002e, +0x0020, -0x0018, -0x0027, +0x0018, 
    -0x0061, +0x001c, +0x0010, -0x0006, -0x0025, +0x0036, -0x0018, +0x0007, 
    -0x0013, -0x002c, -0x0011, -0x0014, +0x0004, +0x0007, +0x002e, +0x000d, 
    +0x0004, +0x0024, +0x002a, +0x0014, -0x0025, +0x0017, -0x0007, -0x0007, 
    -0x0011, +0x0005, -0x0010, +0x0019, -0x0001, -0x0025, +0x0026, +0x0025, 
    -0x000e, +0x003c, -0x0002, +0x0010, -0x0013, +0x0008, -0x003e, +0x0024, 
    +0x0017, +0x0034, -0x0007, -0x000a, -0x0019, -0x004e, -0x002c, +0x0024, 
    +0x000e, +0x0015, -0x002a, -0x000d, -0x001e, -0x001a, -0x001b, +0x0046, 
    -0x0026, +0x001e, +0x0010, +0x0011, +0x0023, -0x0047, +0x0032, +0x002c, 
    -0x001a, +0x0002, +0x001d, +0x0031, +0x0007, -0x001a, +0x0008, +0x001a, 
    -0x0026, +0x0030, +0x0016, -0x000c, -0x0001, -0x0040, +0x0021, +0x001b, 
    -0x003c, -0x0014, +0x0016, +0x0025, +0x001b, -0x0041, -0x0018, +0x002d, 
    -0x0007, +0x001a, +0x0016, -0x0001, -0x0037, -0x0024, +0x0013, +0x000a, 
    -0x000a, -0x0007, +0x0027, -0x003c, +0x001d, -0x0006, -0x003a, +0x0032, 
    -0x0040, +0x0028, -0x000c, -0x000c, -0x002b, -0x0033, +0x0026, +0x000a, 
    +0x0011, +0x002a, -0x0009, +0x001a, -0x0009, -0x0015, -0x0011, -0x000d, 
    -0x0055, +0x0042, -0x0025, -0x0018, -0x0022, -0x0012, +0x0019, +0x0000, 
    -0x0011, +0x0027, -0x000c, +0x0000, +0x0022, -0x001f, -0x0026, -0x0017, 
    -0x0038, +0x0034, -0x001d, +0x0001, -0x002c, -0x001f, -0x0007, -0x0023, 
    +0x0012, +0x0042, -0x002c, -0x000b, +0x0024, -0x0005, -0x003c, -0x000e, 
    -0x0022, -0x0014, -0x0011, +0x0011, +0x002a, -0x001c, +0x0038, -0x000e, 
    -0x001a, +0x0038, -0x0032, -0x000d, -0x0003, -0x000d, -0x0007, -0x0024, 
    -0x0030, +0x002c, -0x0028, +0x0021, +0x0004, -0x0024, +0x0022, -0x0028, 
    -0x004f, +0x0016, -0x0025, -0x0019, +0x0041, -0x0025, +0x0007, -0x0042, 
    -0x007f, +0x002f, -0x0029, +0x0016, -0x0008, -0x0008, +0x0008, -0x0038, 
    +0x0002, -0x0008, -0x001e, +0x000d, -0x0026, -0x0027, -0x0012, -0x0057, 
    +0x0032, -0x004c, +0x0053, +0x0044, +0x0025, -0x0021, -0x002b, +0x0009, 
    -0x0026, +0x005c, -0x0013, -0x0059, -0x0064, -0x0040, -0x001f, +0x001c, 
    +0x0043, -0x0072, +0x0056, +0x0048, +0x004d, -0x0052, -0x002d, -0x001f, 
    -0x0003, +0x0041, +0x0018, -0x003b, -0x0077, -0x0045, +0x0001, -0x000f, 
    +0x000e, -0x004e, +0x0047, +0x0016, +0x004f, -0x0036, -0x0028, -0x001a, 
    -0x000c, +0x003a, -0x0005, -0x0005, -0x0022, -0x001b, -0x0005, +0x0003, 
    +0x0035, -0x002f, +0x0034, +0x004a, +0x0015, +0x0036, -0x0031, +0x003a, 
    +0x0035, +0x007f, +0x0011, -0x001a, -0x000b, -0x002a, +0x0008, -0x000d, 
    +0x007f, -0x0048, +0x0013, +0x000e, +0x002a, +0x004b, -0x003a, +0x0038, 
    -0x0007, +0x0057, +0x001a, -0x000d, -0x0011, -0x0011, -0x0009, -0x0022, 
    +0x003f, -0x0038, +0x0013, -0x0019, +0x001f, +0x0042, -0x0014, +0x000f, 
    -0x0007, +0x002b, -0x0012, +0x000d, +0x003a, +0x0004, +0x0003, -0x0012, 
    +0x0032, -0x000a, +0x0006, -0x003a, -0x0013, +0x003c, -0x001c, -0x0028, 
    +0x000f, +0x0019, +0x001c, +0x0007, +0x0016, +0x0018, -0x0019, -0x000b, 
    +0x0046, -0x0029, +0x000a, -0x0072, -0x0026, +0x006f, -0x0017, -0x001d, 
    -0x001a, +0x0020, +0x0000, +0x0000, +0x0027, +0x0028, -0x0030, -0x001c, 
    +0x0031, -0x0020, +0x0005, -0x005f, -0x0014, +0x005c, -0x0030, +0x0016, 
    -0x000d, +0x0001, -0x0018, +0x001b, +0x0041, +0x0024, -0x0035, +0x0004, 
    +0x006d, -0x0009, +0x0037, -0x0044, -0x0033, +0x0025, -0x000f, +0x000e, 
    +0x0015, -0x001d, +0x0010, -0x0017, -0x006e, -0x0018, +0x0023, +0x005b, 
    +0x0070, +0x0007, +0x0020, -0x0024, -0x0022, +0x0003, -0x0038, +0x004a, 
    -0x0004, -0x001f, +0x004f, +0x000f, -0x002f, -0x0029, -0x0002, +0x0079, 
    +0x0032, -0x0011, -0x0045, -0x0003, +0x0007, -0x001e, -0x000d, +0x0073, 
    +0x001f, +0x0009, +0x0025, -0x000f, +0x002c, -0x0031, -0x001e, +0x0030, 
    +0x0066, +0x0017, +0x003f, +0x001c, -0x000c, +0x004d, -0x0015, +0x005c, 
    -0x002e, -0x0037, -0x0006, -0x0004, -0x004c, +0x003f, +0x0019, +0x0047, 
    +0x0056, +0x0015, +0x0028, +0x001d, -0x0006, +0x0011, -0x0029, +0x0069, 
    -0x0011, -0x002c, +0x0036, +0x0013, -0x0018, +0x0023, -0x0020, +0x006f, 
    +0x0021, -0x0023, -0x0027, +0x001b, -0x0028, +0x0009, -0x0024, +0x006a, 
    -0x003e, -0x0010, +0x0031, -0x0012, +0x0014, +0x0035, -0x0029, +0x0044, 
    +0x0045, -0x0026, +0x002c, +0x0008, +0x002a, +0x0044, -0x0021, +0x0039, 
    -0x0027, -0x002b, -0x0019, +0x0040, +0x0012, -0x0012, -0x000d, +0x0043, 
    -0x0005, -0x0023, +0x0057, +0x0004, +0x0015, +0x0028, -0x0008, +0x002b, 
    -0x0005, -0x0032, +0x001f, +0x0033, -0x0007, +0x0001, -0x004d, +0x0019, 
    -0x0007, -0x004f, -0x0005, -0x000b, -0x002d, +0x0000, +0x0001, +0x0008, 
    -0x0022, -0x000d, +0x0012, -0x000d, +0x0026, +0x000f, -0x0015, -0x000d, 
    -0x001f, +0x003c, -0x0030, -0x0023, +0x0034, -0x0006, -0x0045, +0x0022, 
    -0x0009, +0x0014, -0x0006, -0x0011, -0x0053, +0x001d, +0x003c, +0x0033, 
    -0x006d, -0x000c, -0x0012, +0x0019, +0x0019, +0x0006, -0x0016, +0x0040, 
    -0x000d, +0x004a, +0x0026, -0x0033, -0x0052, +0x0030, +0x001e, +0x0023, 
    -0x0028, -0x0053, -0x002b, +0x0014, +0x0014, +0x001c, +0x0019, +0x0035, 
    -0x0017, +0x0016, +0x0003, -0x0041, -0x0052, +0x002f, -0x0012, -0x0007, 
    -0x0030, +0x0064, -0x0013, +0x0041, -0x0017, +0x0012, -0x0047, +0x002d, 
    -0x001b, -0x0002, +0x0014, -0x003e, -0x002c, +0x003f, +0x003e, +0x0014, 
    -0x0010, +0x0018, +0x001a, +0x005a, -0x0011, +0x000c, -0x0027, +0x0023, 
    -0x003c, +0x0024, +0x0018, -0x0020, -0x004d, +0x0029, +0x000c, -0x000b, 
    +0x0041, -0x0034, +0x002e, -0x0018, -0x000b, +0x002d, -0x0010, -0x0009, 
    -0x001c, -0x0012, +0x002a, +0x0004, -0x0035, +0x002c, -0x0026, -0x001d, 
    -0x000b, +0x0037, -0x0035, +0x004b, -0x0009, +0x002e, -0x0043, -0x0023, 
    +0x0013, -0x0034, +0x003e, -0x0049, -0x0013, +0x0034, +0x001c, +0x0000, 
    -0x0021, +0x004b, +0x0017, +0x001e, -0x0011, -0x0020, -0x0017, -0x0020, 
    -0x0035, -0x002a, +0x0037, -0x0031, -0x002b, +0x0041, -0x0002, +0x000a, 
    -0x000e, +0x0017, +0x003b, -0x007f, +0x001a, -0x000f, -0x0014, -0x0007, 
    -0x003d, -0x005f, +0x0033, +0x0009, -0x0048, +0x0054, -0x0040, +0x0001, 
    +0x0031, +0x0012, -0x000d, -0x0006, -0x0003, +0x002f, -0x0007, -0x0019, 
    -0x002a, +0x002a, +0x0002, -0x001a, +0x0014, -0x0047, -0x0037, -0x0031, 
    +0x0022, -0x001c, +0x000e, +0x0005, -0x0003, +0x002d, +0x0000, -0x0020, 
    +0x0044, +0x0022, -0x0024, +0x0040, +0x0006, -0x0031, -0x0041, -0x001a, 
    +0x0000, -0x000e, +0x002a, -0x000e, +0x0002, +0x003b, -0x0017, -0x0001, 
    +0x003e, +0x0019, -0x000c, +0x002f, -0x0010, -0x0006, -0x0024, +0x0001, 
    -0x0012, -0x000a, -0x000f, -0x0015, +0x0034, -0x0004, -0x0003, +0x0027, 
    -0x0007, -0x000c, +0x0007, +0x0017, +0x0011, -0x0040, -0x0017, -0x000e, 
    -0x0027, -0x000f, +0x001a, -0x0007, +0x0012, -0x000c, -0x0011, +0x0058, 
    +0x0026, -0x0002, -0x000b, +0x0042, +0x0015, -0x0052, -0x0025, +0x001e, 
    -0x0003, -0x0007, +0x0032, +0x0004, +0x0010, +0x0009, +0x0015, +0x0044, 
    +0x003a, -0x0014, -0x001f, +0x0030, +0x001d, -0x0030, -0x0018, +0x002c, 
    -0x0027, -0x002a, +0x000a, +0x0006, +0x001c, -0x0009, -0x003f, -0x0004, 
    +0x000c, -0x002e, -0x002f, +0x0029, -0x0016, -0x001f, -0x0004, -0x0009, 
    -0x0031, -0x0033, +0x001f, +0x002b, +0x0031, -0x0015, -0x005b, +0x000a, 
    +0x0024, -0x000b, -0x0019, +0x003d, -0x0018, -0x003f, -0x0024, +0x0004, 
    -0x0018, -0x0005, +0x001b, +0x0033, +0x0018, +0x0017, -0x0028, +0x0012, 
    +0x0020, +0x0002, -0x000a, -0x0005, -0x0002, -0x0019, -0x003d, +0x0014, 
    -0x0011, -0x0011, -0x0033, +0x0005, +0x0068, +0x000e, +0x0016, -0x001c, 
    +0x0004, -0x0010, -0x0011, -0x000a, +0x0029, +0x0007, +0x000b, +0x0005, 
    -0x0053, -0x000a, +0x001e, +0x003b, +0x0063, +0x0039, -0x0005, +0x0005, 
    +0x0005, +0x002a, -0x0006, +0x000c, +0x0018, +0x0013, +0x0021, -0x001d, 
    -0x0026, -0x0004, +0x0046, +0x0046, +0x0008, -0x0004, -0x0011, -0x000a, 
    +0x0013, +0x0033, +0x0007, -0x000b, +0x002a, +0x0002, -0x0010, -0x0010, 
    +0x0002, -0x0020, -0x0003, -0x0016, +0x003a, -0x0013, +0x001e, -0x002c, 
    +0x0009, -0x0040, -0x000e, +0x001e, +0x0000, +0x0020, +0x0025, -0x002c, 
    -0x0027, -0x0029, -0x0022, -0x000a, +0x0022, +0x0031, -0x0034, -0x000e, 
    +0x001d, -0x0013, -0x002d, +0x001a, +0x0015, +0x0013, +0x0033, -0x0051, 
    -0x001a, -0x0041, -0x0007, -0x0013, -0x0011, +0x0002, +0x0007, -0x001e, 
    -0x0001, +0x0021, -0x0023, +0x0010, +0x0008, +0x0003, +0x0014, -0x0030, 
    -0x0039, -0x001e, -0x0009, +0x0006, +0x0072, -0x0009, +0x0003, -0x0015, 
    +0x001d, +0x0016, -0x0020, +0x0010, -0x0021, +0x0017, +0x002a, -0x001b, 
    -0x0041, +0x0003, -0x0026, +0x0011, +0x0026, +0x0008, -0x0027, +0x0013, 
    +0x0018, -0x0008, -0x002a, +0x0014, +0x000f, -0x0002, +0x0040, -0x003a, 
    -0x002f, -0x0012, -0x003f, +0x0019, +0x002b, -0x003f, -0x0034, -0x000c, 
    -0x001b, +0x001c, -0x002b, +0x0020, -0x001c, +0x000c, +0x0026, -0x0016, 
    +0x003d, -0x0027, +0x0026, +0x0042, +0x0032, +0x0028, -0x0024, +0x0026, 
    +0x0027, -0x0054, -0x0042, +0x0009, +0x000e, +0x0028, -0x004e, +0x0020, 
    +0x005c, -0x002b, +0x002f, +0x0016, +0x0019, +0x0004, -0x0030, +0x0019, 
    +0x0002, -0x0040, -0x0041, -0x000a, +0x0010, +0x0043, -0x0007, +0x001a, 
    -0x000d, -0x0015, +0x0014, -0x0026, +0x0011, +0x000b, -0x0015, +0x0019, 
    +0x004d, -0x0024, -0x0024, +0x000f, +0x0043, +0x002f, -0x0004, -0x000b, 
    +0x0003, -0x0041, -0x0004, +0x002e, +0x0031, -0x0031, -0x0029, +0x0030, 
    -0x0017, -0x0025, -0x0008, +0x002b, +0x0006, +0x0027, -0x002a, +0x0040, 
    +0x0041, -0x001d, +0x0019, -0x0009, +0x0040, -0x002b, -0x0024, +0x0002, 
    -0x002e, -0x000a, -0x0022, +0x001e, +0x000d, +0x0052, -0x000a, +0x002e, 
    +0x0032, +0x0012, +0x0038, -0x0015, +0x0033, -0x002a, +0x0005, -0x000b, 
    +0x003a, -0x0001, -0x0013, +0x0018, +0x0000, +0x001f, +0x0003, +0x0001, 
    -0x0030, -0x002d, +0x0018, -0x0033, +0x0036, -0x0022, +0x000f, +0x0013, 
    -0x002b, +0x0018, +0x0032, +0x000b, -0x0013, +0x0028, -0x002c, +0x0012, 
    +0x000e, -0x000f, +0x0035, -0x004d, +0x0062, -0x004a, +0x0008, -0x000c, 
    +0x0000, +0x0003, +0x0038, +0x004b, -0x0025, +0x0025, -0x0026, +0x0001, 
    +0x000e, +0x000d, +0x003a, -0x0038, +0x002b, -0x0035, -0x0009, -0x0013, 
    +0x0022, +0x001f, -0x0005, +0x0027, -0x0046, +0x001d, -0x0002, +0x000c, 
    -0x004f, -0x0003, +0x002b, -0x0012, +0x0014, +0x0005, -0x0033, -0x0013, 
    +0x0063, +0x0030, -0x0044, +0x0043, +0x0006, +0x001e, -0x001a, -0x0072, 
    -0x0033, -0x0029, +0x000d, +0x003c, -0x0002, +0x0010, -0x005e, -0x0041, 
    +0x007c, +0x0005, -0x0015, +0x0039, +0x0008, -0x0012, -0x0048, -0x0020, 
    -0x0004, -0x0026, +0x0003, +0x0042, -0x0009, -0x0024, -0x0027, -0x0063, 
    +0x0022, -0x0050, -0x005d, -0x0006, -0x001d, -0x0014, -0x003d, +0x0016, 
    -0x002f, -0x0022, +0x0008, +0x0047, +0x001b, -0x001a, +0x0026, +0x0020, 
    +0x003a, +0x0013, -0x0078, +0x000e, +0x0004, +0x0055, +0x000a, -0x0046, 
    -0x0014, -0x001e, -0x0022, +0x0038, +0x000d, -0x002d, +0x000f, +0x000d, 
    +0x007f, +0x003e, -0x0003, +0x0023, -0x000f, -0x000e, -0x0017, -0x002c, 
    +0x0001, +0x000a, -0x0016, +0x0049, -0x0019, -0x0038, +0x000e, +0x0015, 
    +0x001c, -0x0026, -0x0032, +0x0012, -0x003c, -0x0035, -0x0042, -0x0013, 
    -0x002f, +0x003c, +0x001b, +0x0019, -0x0003, +0x000b, +0x0059, -0x0045, 
    +0x0020, -0x0035, -0x0033, -0x000c, -0x0005, +0x003f, +0x0049, -0x0048, 
    -0x001b, +0x0028, -0x001c, -0x0011, +0x000c, -0x001a, +0x0052, -0x0023, 
    +0x0050, +0x002d, +0x0074, +0x0005, -0x000a, -0x0012, +0x0027, -0x0021, 
    -0x0004, -0x001d, -0x0024, +0x0037, -0x0011, -0x0023, +0x0053, -0x001c, 
    +0x0031, +0x000b, +0x003a, -0x000a, -0x003b, -0x0040, -0x0013, -0x0019, 
    -0x000e, +0x000f, +0x0026, +0x0009, +0x0005, +0x002a, -0x0027, -0x0015, 
    -0x000b, -0x002f, -0x003e, -0x0052, +0x0003, +0x0002, +0x0013, +0x000f, 
    -0x0019, +0x0025, +0x0033, +0x0015, -0x0009, +0x000e, +0x003e, +0x0009, 
    -0x0030, +0x0029, -0x0001, +0x0019, +0x001c, +0x0037, -0x001a, +0x003d, 
    +0x0000, -0x0001, +0x000e, +0x000e, +0x000b, -0x0024, +0x0046, +0x004a, 
    +0x0011, +0x0007, -0x0011, +0x0048, +0x0003, +0x0013, +0x0016, -0x0016, 
    +0x0023, +0x0019, -0x0019, +0x000f, -0x0020, -0x000f, -0x001c, -0x0017, 
    +0x0027, +0x003d, -0x0029, -0x0001, +0x0008, -0x001e, -0x0031, -0x0009, 
    +0x0026, +0x001f, +0x0031, +0x0006, -0x0032, -0x002c, -0x0009, -0x000c, 
    -0x0025, +0x006e, -0x000e, +0x0037, +0x001a, -0x0002, -0x001b, +0x001d, 
    +0x0017, -0x001e, +0x0022, +0x0016, -0x001a, -0x0008, +0x000f, +0x0017, 
    -0x0011, +0x007d, -0x0045, +0x0076, +0x0013, -0x0033, -0x0004, -0x000f, 
    +0x0035, +0x0006, -0x0019, +0x000b, -0x0018, -0x000d, -0x0018, -0x001a, 
    +0x0002, +0x002a, -0x000e, -0x0044, +0x002e, +0x0015, -0x0022, -0x0012, 
    +0x0036, +0x002a, +0x0018, +0x0002, -0x0040, -0x003f, -0x0026, -0x0021, 
    -0x001b, +0x0078, +0x0002, -0x0001, +0x0012, +0x000d, +0x0036, -0x0026, 
    +0x000d, -0x0005, +0x005a, +0x0003, -0x001e, -0x002a, -0x0025, +0x002c, 
    -0x0013, +0x0055, +0x0002, +0x0056, +0x001a, -0x002e, +0x001f, -0x0038, 
    -0x0003, +0x0029, +0x0026, -0x0018, -0x0002, -0x0005, -0x002c, -0x002c, 
    +0x0018, +0x003e, +0x0010, +0x0016, +0x0009, -0x0017, +0x0018, +0x0023, 
    -0x0008, +0x0014, +0x0039, -0x000f, +0x0031, -0x0015, -0x0020, -0x0012, 
    +0x0010, +0x004e, -0x0047, +0x001b, -0x000d, -0x002f, -0x0002, -0x001f, 
    +0x0005, +0x0034, +0x004b, +0x0016, +0x0037, -0x0029, -0x0005, +0x0011, 
    +0x0004, -0x0002, -0x002d, -0x0019, +0x0018, +0x0013, -0x0054, -0x002c, 
    -0x003a, +0x000f, +0x0008, +0x0024, -0x0038, -0x0018, -0x0011, -0x0036, 
    -0x0009, +0x004b, -0x0054, +0x0028, -0x001b, +0x001d, +0x0032, -0x003d, 
    -0x005a, -0x0019, +0x0001, +0x0007, +0x0012, -0x000b, -0x0008, -0x0027, 
    -0x0019, +0x0038, -0x007f, +0x001a, -0x0018, +0x0041, +0x0004, -0x0024, 
    -0x0031, -0x0011, +0x003c, -0x0008, +0x0030, -0x0016, +0x000b, +0x0018, 
    -0x0013, +0x0013, -0x0031, +0x0000, +0x0016, +0x0050, -0x0020, -0x0035, 
    -0x0023, +0x000e, -0x0006, +0x005d, -0x0034, -0x001d, +0x0022, -0x0070, 
    +0x0003, +0x0014, -0x0038, -0x0011, +0x000a, +0x0026, +0x0039, -0x003b, 
    -0x002b, -0x0017, +0x0016, +0x0012, +0x000d, +0x003f, -0x0002, -0x000e, 
    -0x0012, +0x001d, -0x0049, +0x0019, +0x0002, +0x002e, +0x002e, -0x0025, 
    -0x0008, -0x001c, +0x0041, -0x0002, +0x003b, +0x0022, -0x000d, +0x003d, 
    -0x0024, +0x0028, +0x000b, +0x001f, +0x000f, +0x0039, -0x0006, -0x000a, 
    -0x0003, +0x001a, -0x002f, -0x0012, +0x0011, +0x0013, +0x0005, +0x0021, 
    -0x0007, -0x000f, -0x000e, +0x000e, +0x000c, -0x0051, -0x0060, -0x0059, 
    +0x0007, +0x007d, -0x0022, -0x0010, -0x0006, +0x001b, +0x0014, -0x0025, 
    -0x000e, +0x0013, -0x000c, +0x0040, -0x0010, -0x0044, -0x001c, +0x0002, 
    -0x0001, +0x001b, -0x0004, +0x0003, -0x000d, +0x0004, +0x002d, -0x0018, 
    -0x0017, +0x000d, +0x000a, +0x003c, +0x0014, -0x0044, +0x003d, +0x0072, 
    +0x0001, +0x001e, -0x0047, +0x0022, +0x002b, +0x0052, -0x0041, +0x0025, 
    -0x0005, +0x0017, +0x0008, +0x0040, +0x003d, -0x0007, -0x0040, -0x0064, 
    -0x000e, +0x0067, -0x0017, +0x001d, +0x0017, +0x001c, -0x002d, -0x0004, 
    +0x0009, +0x000d, -0x000d, +0x0039, +0x0035, -0x0004, -0x002b, -0x0001, 
    +0x000c, +0x0001, -0x001e, -0x0021, -0x0008, -0x0015, +0x0046, -0x0021, 
    +0x0010, +0x0016, +0x0015, +0x0028, +0x0032, -0x0046, -0x0011, +0x001f, 
    +0x0012, +0x0010, -0x0046, +0x002d, +0x0029, +0x0055, -0x005b, +0x0019, 
    +0x0016, -0x0002, -0x0012, +0x000f, +0x0001, +0x000b, -0x0011, -0x001b, 
    -0x0021, +0x002f, -0x0026, +0x002a, +0x0016, +0x0015, -0x0051, -0x000f, 
    +0x0016, +0x0008, +0x0002, +0x0029, +0x0016, +0x0011, -0x0029, +0x0020, 
    +0x0011, +0x0014, -0x000c, -0x001c, +0x000a, -0x002b, +0x0023, -0x0029, 
    -0x0003, +0x0033, -0x0018, +0x0017, +0x0019, -0x0028, -0x005a, -0x002a, 
    +0x0021, -0x0070, +0x0076, +0x0004, +0x0025, +0x000f, -0x0079, -0x000f, 
    +0x0022, -0x002f, -0x000a, +0x0019, +0x001b, +0x003e, +0x0041, +0x0026, 
    +0x0047, +0x000c, +0x0018, -0x004c, -0x000b, -0x0027, -0x0026, +0x0001, 
    +0x0064, -0x002b, -0x001f, +0x0027, -0x0005, +0x002f, -0x0024, +0x0007, 
    +0x0062, +0x007f, +0x0066, -0x0030, -0x0016, -0x0024, +0x001b, -0x000e, 
    +0x002a, -0x0035, +0x0016, +0x000c, +0x0000, +0x001d, -0x0055, -0x0025, 
    +0x0053, -0x002e, -0x000c, -0x000f, -0x0004, -0x0006, -0x0023, -0x0032, 
    +0x000e, -0x007b, -0x0055, +0x0024, +0x0014, +0x003c, +0x0020, +0x0073, 
    +0x0065, +0x0032, -0x0002, -0x0045, -0x003c, -0x001f, -0x0013, -0x000b, 
    +0x0027, -0x0036, -0x0005, +0x0030, +0x0017, +0x0059, -0x002f, +0x0070, 
    +0x004f, +0x0029, +0x0052, +0x0001, -0x0028, -0x0029, -0x0009, +0x002b, 
    +0x0004, -0x0045, +0x0024, -0x0019, +0x000b, +0x0001, -0x0063, -0x002d, 
    +0x006b, -0x0002, -0x0074, +0x000b, +0x0003, -0x0015, -0x0014, -0x000e, 
    -0x0022, -0x0070, -0x0046, +0x000e, +0x000b, +0x004b, +0x0014, +0x0045, 
    +0x002b, +0x003a, -0x0077, -0x0030, -0x0004, -0x0015, -0x0016, -0x0026, 
    -0x0015, -0x0035, +0x0001, +0x0008, -0x000b, +0x003c, +0x0003, +0x007f, 
    -0x0027, -0x0012, -0x0022, -0x004b, -0x0018, +0x002c, -0x002c, +0x0017, 
    -0x001c, -0x003a, +0x0004, -0x002b, +0x0008, +0x0016, +0x0005, +0x002c, 
    +0x0003, -0x0015, -0x0037, +0x0000, +0x001a, -0x000b, +0x0051, +0x0016, 
    -0x0034, +0x0015, -0x0011, -0x0035, -0x0016, +0x000d, -0x006c, +0x0040, 
    -0x0019, -0x0036, -0x0041, +0x001b, +0x0022, +0x0011, +0x0065, +0x0015, 
    -0x000e, +0x0022, +0x0002, -0x002a, -0x003b, +0x0020, -0x002b, +0x0036, 
    -0x0004, -0x0030, -0x0079, +0x0020, +0x002c, +0x0013, +0x002a, +0x0006, 
    -0x000c, +0x0020, +0x003b, -0x0005, -0x0006, -0x0021, +0x001a, +0x0000, 
    -0x001b, -0x0024, -0x0013, -0x0026, -0x0011, -0x002b, +0x0041, +0x001f, 
    -0x004c, -0x0024, +0x0010, -0x003e, -0x001c, -0x0014, -0x006b, +0x004d, 
    -0x001f, -0x0020, -0x0029, +0x000f, +0x0003, -0x002e, +0x006a, -0x0002, 
    +0x001f, +0x000c, +0x001b, -0x006b, -0x0041, -0x0036, -0x0050, +0x005c, 
    -0x0011, -0x0027, -0x0045, +0x003a, +0x000c, -0x005f, +0x003b, +0x000c, 
    +0x0027, +0x0014, +0x0019, -0x0047, -0x0027, -0x0038, +0x001b, +0x004a, 
    -0x0008, +0x0009, +0x000f, +0x0007, +0x0006, +0x0010, +0x002f, -0x0005, 
    -0x002f, -0x0049, -0x0026, -0x001b, -0x0014, +0x0014, -0x0052, +0x003c, 
    -0x0008, -0x0016, +0x0016, +0x0003, +0x0023, -0x0025, +0x0064, -0x0014, 
    +0x0006, +0x002f, +0x0006, -0x0026, -0x000e, -0x0024, -0x005a, +0x0042, 
    -0x0014, -0x000b, +0x0003, +0x0041, +0x003b, -0x000a, +0x001c, +0x0013, 
    +0x001b, +0x000f, +0x0002, -0x0012, +0x0002, -0x0045, -0x000b, +0x0048, 
    -0x0013, -0x000a, +0x0031, +0x0021, -0x001a, +0x003c, +0x0020, +0x002f, 
    -0x0017, +0x0035, +0x000e, +0x002d, -0x000a, +0x0000, -0x0014, -0x0020, 
    -0x0004, -0x0023, -0x0010, +0x0013, -0x0016, +0x0022, +0x0010, +0x0033, 
    -0x003a, +0x0028, -0x000a, +0x0015, +0x0011, +0x0000, -0x0024, -0x000c, 
    -0x000e, +0x0005, +0x0029, +0x0049, +0x0004, -0x0003, -0x0013, +0x0005, 
    -0x0017, +0x002f, -0x0001, -0x000a, -0x0011, +0x0019, -0x0025, -0x000c, 
    -0x0010, +0x0030, -0x000e, -0x0012, -0x000b, -0x0027, +0x005c, +0x002d, 
    -0x0029, -0x0001, -0x000c, +0x0034, +0x0035, -0x0026, -0x003d, +0x002a, 
    -0x000b, +0x0048, -0x0047, +0x0004, -0x000d, -0x003c, +0x0001, -0x0006, 
    -0x0038, +0x0013, -0x000c, +0x0010, +0x0029, -0x001e, -0x0032, -0x0028, 
    +0x0005, +0x0051, -0x0030, +0x0019, -0x0014, -0x0026, -0x001b, -0x0048, 
    -0x0008, +0x0020, +0x000f, -0x0004, +0x0002, -0x0010, -0x0019, -0x006c, 
    -0x001a, +0x0061, +0x0003, -0x0054, -0x001b, -0x0053, +0x007b, +0x0039, 
    -0x0028, -0x0027, -0x001f, +0x0062, +0x001c, -0x0034, -0x0027, +0x0030, 
    -0x0020, +0x0037, -0x0036, -0x0026, -0x001e, -0x004e, +0x0009, +0x0020, 
    -0x0024, -0x0018, +0x0009, +0x0010, -0x0004, -0x0023, -0x0018, -0x002c, 
    -0x0033, -0x000c, +0x0003, +0x0041, -0x0057, -0x0034, +0x0003, -0x002c, 
    -0x0008, -0x0007, +0x0051, +0x0013, -0x0013, -0x0019, +0x0014, -0x005d, 
    -0x0008, -0x0011, +0x0024, +0x0006, +0x0018, +0x0003, +0x0025, +0x001f, 
    +0x0041, +0x003c, -0x0029, +0x0008, -0x0012, -0x0020, +0x0013, -0x0003, 
    +0x0017, -0x002c, -0x0019, -0x0031, +0x0009, -0x0013, +0x001d, -0x0007, 
    +0x003c, +0x001d, -0x001e, -0x0001, -0x0031, -0x0074, +0x0030, +0x0006, 
    +0x0004, -0x0034, -0x003b, -0x0040, -0x0008, -0x0008, -0x0014, -0x0016, 
    +0x0040, +0x0033, -0x0018, +0x0026, +0x0022, -0x004e, +0x0018, +0x0012, 
    +0x000a, -0x0007, -0x000f, +0x005b, -0x0006, -0x002c, +0x004e, +0x005e, 
    +0x0037, +0x003c, -0x0002, +0x003f, -0x0003, -0x0026, +0x0003, +0x000b, 
    +0x0026, -0x0030, -0x003e, +0x000c, -0x0010, -0x0044, +0x0008, +0x000a, 
    +0x003e, +0x0026, -0x0008, +0x0017, -0x000e, -0x004c, +0x0017, +0x000b, 
    +0x0009, -0x0012, -0x006f, +0x0017, +0x0002, -0x0011, -0x0013, -0x0016, 
    +0x0049, +0x002c, -0x0023, -0x0008, +0x0026, -0x002c, +0x0010, +0x0027, 
    +0x0005, -0x000c, -0x001a, +0x0045, +0x0018, -0x0008, +0x0040, +0x0033, 
    +0x000e, +0x000b, -0x0013, +0x001c, -0x000a, +0x000a, -0x0018, -0x0031, 
    +0x0000, -0x0046, -0x003b, +0x001f, -0x000f, +0x0005, -0x0008, +0x000c, 
    +0x0038, +0x0029, +0x0015, +0x001a, -0x0003, +0x000c, +0x0007, -0x002f, 
    -0x0004, -0x003e, -0x003e, +0x001b, -0x0007, +0x0019, +0x0010, -0x0002, 
    +0x0037, +0x000a, -0x0008, -0x0007, +0x0018, +0x001e, +0x000a, +0x0011, 
    -0x0015, +0x0019, +0x002a, -0x002e, +0x0006, +0x0004, -0x001f, -0x002b, 
    -0x0045, -0x0015, -0x0024, +0x0009, +0x0024, -0x0012, -0x003f, -0x0013, 
    -0x000f, +0x000b, +0x0015, -0x0027, +0x0011, +0x000f, -0x0014, -0x0011, 
    -0x0012, -0x002f, +0x0002, +0x0001, +0x0024, +0x0000, -0x004f, +0x003f, 
    -0x0009, -0x0006, +0x0002, -0x0004, +0x0001, +0x0034, +0x000a, -0x000d, 
    +0x001d, +0x0007, +0x000a, -0x003f, +0x001e, -0x0004, -0x0025, +0x0022, 
    +0x0004, +0x0023, +0x0021, -0x0020, -0x0007, +0x000c, -0x001c, -0x0021, 
    -0x0049, +0x0059, -0x0004, +0x0049, +0x0034, -0x0002, -0x0013, +0x001e, 
    -0x0002, +0x0026, +0x0014, -0x004e, -0x0012, +0x000e, -0x0035, -0x0035, 
    -0x001c, +0x002a, +0x001a, +0x0037, +0x002d, -0x0013, -0x0047, +0x005a, 
    +0x0004, -0x0001, +0x000a, -0x0032, -0x000d, +0x001c, -0x0033, -0x0022, 
    +0x0030, +0x0049, +0x0009, -0x001b, +0x002c, -0x002b, -0x0036, +0x0043, 
    +0x0017, +0x0006, +0x0014, +0x0017, +0x0016, +0x0036, -0x0031, -0x001d, 
    -0x0010, +0x0047, -0x0004, +0x003d, +0x0008, -0x0006, -0x0004, -0x001c, 
    -0x0016, -0x0006, +0x0011, -0x001b, +0x0003, +0x004b, -0x0030, -0x004e, 
    +0x0008, -0x000b, +0x0015, +0x0032, +0x0013, -0x001c, -0x0005, +0x0005, 
    +0x0005, -0x0018, +0x0007, -0x002b, -0x0013, +0x0041, -0x0002, -0x001e, 
    +0x0044, +0x0020, +0x0012, -0x0048, +0x0011, -0x001f, -0x0005, -0x001f, 
    +0x0015, +0x0002, +0x0025, -0x0002, +0x0018, +0x000f, -0x0039, -0x001a, 
    -0x0001, +0x0041, +0x000a, -0x0043, -0x0010, -0x004b, -0x0025, -0x0011, 
    +0x0019, -0x0009, +0x0022, -0x002f, -0x0005, +0x001b, -0x0015, -0x0014, 
    +0x0010, +0x003b, -0x0019, -0x0033, -0x0020, -0x004f, -0x0007, -0x0037, 
    +0x0005, +0x003b, -0x000c, -0x0021, -0x0015, +0x0024, +0x001c, +0x0022, 
    +0x0011, +0x0033, +0x0027, -0x0022, -0x001e, -0x0024, -0x0021, +0x0012, 
    +0x000d, +0x003a, -0x0008, +0x0014, +0x001a, +0x000a, -0x004b, -0x004e, 
    -0x0005, -0x002c, +0x000c, -0x0014, -0x0019, -0x000a, +0x0012, +0x0017, 
    -0x0009, +0x002f, +0x000b, -0x0012, +0x000b, +0x0034, -0x004d, -0x0034, 
    -0x0002, -0x000a, -0x002d, -0x003d, -0x0030, -0x000d, +0x000d, +0x0018, 
    -0x001c, +0x0046, +0x0015, -0x000a, -0x0028, +0x003e, -0x001e, -0x0009, 
    -0x0008, -0x0023, -0x0005, -0x0016, -0x000f, -0x0009, -0x0021, +0x001e, 
    -0x0004, +0x0038, -0x002a, +0x0033, +0x0009, +0x0031, -0x001f, -0x005f, 
    -0x0001, -0x0030, +0x0020, -0x0016, -0x0013, -0x0019, -0x0007, +0x0005, 
    -0x0030, +0x002a, -0x0030, +0x0021, +0x0018, +0x0048, -0x0005, -0x0038, 
    +0x0005, +0x0007, -0x000b, -0x002c, -0x001a, -0x000a, -0x001c, +0x0027, 
    -0x001b, +0x0035, -0x0012, +0x0014, +0x0005, +0x002e, +0x0033, -0x0016, 
    -0x0002, -0x0023, +0x0004, +0x000b, -0x0002, +0x0006, -0x0044, +0x000f, 
    -0x0029, +0x0006, +0x0009, +0x0034, -0x0039, +0x0056, +0x002f, +0x001f, 
    -0x000e, +0x0009, +0x000b, -0x0036, -0x003e, +0x0027, -0x0035, -0x001c, 
    -0x0018, -0x0029, +0x0037, -0x003c, -0x003c, +0x0038, +0x0011, +0x003f, 
    -0x0021, +0x0013, -0x0031, -0x0014, -0x003d, +0x003f, -0x0058, +0x0001, 
    -0x0013, +0x0013, +0x0010, -0x005c, -0x0011, +0x0008, -0x000c, -0x0004, 
    -0x0013, -0x0005, -0x001b, -0x0005, -0x001c, -0x0012, -0x0029, -0x0013, 
    -0x0021, +0x0011, -0x000e, +0x000c, -0x0024, +0x0038, +0x001c, -0x0013, 
    -0x0008, +0x003f, -0x0001, -0x0022, -0x0030, +0x0029, -0x0046, +0x0007, 
    -0x0024, -0x0018, +0x0005, -0x001f, -0x0011, +0x003b, +0x0001, -0x0018, 
    -0x0014, +0x0049, -0x002b, -0x0006, -0x001e, +0x0017, -0x005c, +0x0011, 
    -0x0012, -0x0010, +0x001a, -0x0006, +0x0003, +0x000d, +0x000b, -0x0025, 
    -0x0014, +0x0014, -0x0032, -0x0005, -0x0016, +0x0006, -0x000e, -0x0011, 
    -0x0020, +0x003a, -0x000b, -0x0008, +0x001a, -0x0011, -0x0011, -0x003f, 
    +0x0017, +0x0022, -0x0010, +0x002f, -0x001f, -0x000a, -0x001d, +0x001c, 
    -0x000c, -0x000c, -0x000d, +0x0013, +0x0029, -0x0009, -0x0044, -0x003b, 
    +0x0020, +0x0040, -0x0020, +0x0015, -0x000d, +0x0003, -0x0034, +0x0017, 
    +0x0007, -0x000f, -0x0003, +0x0024, +0x001c, -0x0022, -0x002f, -0x0038, 
    +0x0011, +0x0016, +0x000b, -0x0003, -0x0007, -0x0024, +0x0014, +0x000e, 
    +0x0014, +0x0006, +0x000f, -0x001c, +0x0017, -0x000c, +0x0019, -0x0041, 
    +0x0012, +0x0031, +0x0005, -0x0004, -0x0040, +0x003e, -0x0006, -0x0056, 
    +0x000e, +0x0008, +0x0026, -0x001d, -0x000d, +0x000c, +0x002c, -0x000f, 
    -0x0008, +0x005a, -0x0029, +0x0042, -0x0033, +0x000c, -0x0018, -0x000e, 
    +0x000a, +0x0011, +0x0019, -0x0034, -0x000a, +0x000b, +0x0021, +0x002f, 
    -0x0004, +0x0045, -0x0024, +0x0026, -0x0025, -0x0003, -0x003b, +0x000e, 
    +0x001b, -0x0021, +0x0025, -0x0010, +0x000d, +0x0024, -0x0006, -0x0045, 
    -0x0014, +0x0038, -0x0025, +0x0034, -0x0049, +0x002b, +0x000b, -0x0016, 
    +0x000b, +0x0002, +0x0037, +0x0001, -0x0006, +0x0021, +0x002b, -0x0018, 
    -0x0031, +0x0047, -0x000e, +0x007f, -0x003f, +0x003c, +0x0002, -0x0021, 
    -0x0008, +0x000d, +0x0019, +0x0003, -0x001d, +0x0035, +0x007f, +0x0049, 
    -0x0005, +0x002c, +0x000d, +0x0059, -0x0039, +0x001f, -0x001e, +0x000f, 
    +0x000e, -0x0001, +0x0017, +0x0006, -0x0011, +0x0016, -0x0010, -0x002c, 
    -0x0018, +0x001a, -0x000d, +0x0004, -0x000d, -0x003a, +0x0006, +0x0003, 
    +0x000b, -0x0025, +0x0005, -0x0011, -0x0013, +0x0008, -0x0004, -0x0018, 
    -0x001a, +0x0020, +0x0015, +0x0040, -0x0022, -0x000c, -0x0017, -0x0016, 
    +0x0000, -0x0027, -0x000d, -0x000d, -0x0018, +0x0034, +0x0044, +0x001f, 
    +0x0013, -0x0005, +0x0017, +0x001d, -0x0022, -0x0056, -0x000e, -0x0019, 
    +0x000d, +0x0050, -0x0020, +0x000a, +0x001f, +0x003b, +0x0027, -0x000b, 
    -0x001d, +0x0001, +0x0031, -0x0045, +0x0009, -0x001b, +0x000c, +0x0012, 
    -0x001f, +0x0009, -0x001e, +0x0004, +0x000d, +0x003a, +0x0055, -0x002a, 
    -0x0013, -0x0026, +0x0011, -0x0058, -0x0017, -0x0016, +0x001a, +0x0002, 
    -0x0042, -0x0026, +0x000e, +0x0014, -0x0014, +0x0021, +0x0038, -0x0018, 
    +0x000f, -0x000c, -0x0011, -0x0031, -0x0010, -0x0005, +0x0038, -0x0017, 
    +0x004d, +0x001c, -0x000b, -0x0011, -0x0007, -0x000f, +0x0059, -0x000f, 
    +0x000f, -0x0027, +0x005d, -0x0015, +0x0014, -0x0027, -0x0025, +0x0003, 
    -0x0017, +0x001d, -0x0015, -0x000d, -0x0015, +0x000c, +0x006b, -0x002e, 
    +0x0006, -0x001c, +0x003b, -0x0019, -0x002f, -0x0004, -0x004a, -0x0028, 
    -0x0058, +0x0011, +0x0012, +0x0015, -0x0027, -0x0010, +0x0064, -0x0030, 
    +0x0016, +0x000c, +0x000c, -0x0013, -0x002e, -0x0002, +0x000c, -0x0024, 
    +0x007f, -0x0059, +0x0056, -0x001d, -0x001e, -0x0013, +0x0039, -0x0019, 
    +0x0006, -0x000b, +0x000d, -0x0001, +0x001d, -0x001e, -0x0021, +0x0003, 
    +0x0028, +0x0013, +0x0008, -0x0012, -0x0033, +0x0016, +0x0042, -0x0027, 
    +0x0017, -0x0018, +0x0015, +0x001f, -0x000f, -0x0014, -0x003c, -0x0029, 
    -0x0026, +0x003d, -0x0022, +0x0025, -0x002d, -0x0003, +0x0053, -0x0024, 
    +0x0006, -0x000b, -0x000e, -0x000d, -0x0012, +0x0001, +0x0002, -0x000a, 
    -0x000b, -0x001e, -0x0012, +0x0013, +0x0015, -0x000e, +0x0005, +0x0010, 
    -0x0011, +0x0004, +0x0006, +0x000e, -0x0021, -0x0003, -0x0037, -0x000e, 
    +0x0008, +0x0001, +0x000a, +0x0003, +0x002b, +0x0002, +0x0044, +0x0012, 
    +0x001b, +0x000b, -0x0027, -0x0042, -0x004e, -0x001b, -0x000d, -0x0015, 
    +0x0017, -0x0011, +0x0028, -0x000b, +0x0030, +0x001d, +0x0040, -0x0024, 
    +0x002e, +0x0004, -0x0030, -0x0034, -0x0022, -0x001e, +0x001b, -0x0007, 
    -0x0015, -0x001a, +0x002c, +0x0017, +0x0011, -0x003a, +0x001b, -0x0004, 
    -0x000c, +0x000b, -0x0004, +0x000c, -0x001b, -0x002a, -0x0010, +0x000d, 
    +0x0006, -0x001d, +0x0028, +0x001c, +0x003c, -0x0014, +0x0046, +0x0000, 
    +0x000a, +0x0016, +0x0012, -0x0028, -0x0044, -0x001c, +0x000e, +0x0010, 
    +0x0019, -0x0035, +0x0009, +0x0008, +0x003c, -0x0002, +0x002f, -0x002d, 
    +0x0008, +0x0021, +0x0022, -0x002c, -0x0029, -0x000d, +0x001a, +0x0007, 
    -0x001e, -0x0016, +0x000e, +0x0019, +0x000c, -0x004b, +0x0009, -0x0007, 
    -0x0013, +0x0013, +0x0015, +0x0014, +0x0010, -0x0016, +0x001f, +0x0006, 
    +0x0009, +0x0009, -0x0007, +0x0031, +0x0028, -0x002d, +0x0028, -0x001b, 
    -0x001d, +0x000b, +0x0016, -0x0002, -0x0003, -0x001e, +0x0043, -0x0026, 
    +0x001b, -0x0012, -0x0019, +0x0025, +0x003c, -0x0022, +0x0020, -0x004b, 
    -0x0005, +0x0043, +0x0002, -0x0005, -0x000e, -0x0007, +0x0056, -0x0016, 
    +0x0023, -0x0045, -0x0026, -0x0026, -0x0024, +0x002d, +0x0026, +0x002e, 
    -0x0009, -0x001e, +0x001c, -0x0011, -0x0012, +0x0038, +0x001c, -0x001f, 
    -0x000f, -0x0022, -0x0020, -0x0036, +0x0007, +0x001d, +0x0029, -0x004f, 
    -0x0017, +0x002d, +0x0059, -0x002f, -0x001b, +0x0048, +0x0029, -0x000d, 
    +0x0012, -0x0043, -0x0040, +0x001b, +0x0001, +0x0018, +0x0005, -0x004a, 
    -0x000a, +0x0038, +0x001c, -0x000f, -0x000c, +0x0009, +0x0015, -0x004f, 
    +0x0019, +0x001a, -0x0019, -0x003f, -0x0021, +0x0011, -0x0035, +0x001d, 
    -0x0003, +0x0010, +0x0055, -0x0036, -0x0008, +0x0069, +0x0027, -0x000e, 
    -0x0011, +0x002a, -0x0030, -0x006b, -0x000f, -0x002c, -0x0013, -0x0010, 
    -0x002a, +0x0039, +0x007f, -0x0058, -0x0029, +0x007f, +0x0016, -0x0002, 
    -0x0029, +0x002a, -0x002c, -0x000c, -0x001a, +0x0008, -0x0023, -0x0029, 
    -0x002f, +0x002e, +0x003a, -0x0036, -0x0018, +0x0044, -0x0015, -0x0016, 
    -0x0013, +0x001c, -0x0056, -0x000e, -0x0016, -0x003c, -0x0024, +0x001f, 
    -0x0003, +0x0003, +0x004f, -0x001c, -0x0024, +0x002c, +0x0012, -0x0009, 
    -0x0017, +0x0025, -0x0061, -0x002b, -0x0012, -0x002a, -0x001e, +0x0027, 
    -0x000d, +0x0009, +0x0063, -0x0026, -0x0022, +0x0045, +0x0017, -0x0010, 
    -0x0030, +0x0015, -0x004c, +0x000a, -0x003a, -0x0020, -0x002c, -0x000f, 
    -0x000d, +0x000a, +0x0039, -0x0020, -0x0015, +0x0010, -0x000e, -0x000c, 
    -0x000c, -0x0011, -0x0039, -0x000b, -0x0012, -0x000b, -0x000a, +0x0021, 
    +0x0000, -0x002a, +0x0006, +0x0048, +0x000a, +0x001e, +0x002c, -0x0019, 
    -0x0020, -0x0036, -0x004d, -0x001d, -0x0034, +0x0006, +0x0028, +0x0011, 
    -0x0015, -0x0002, -0x0007, +0x002a, -0x0014, +0x0036, +0x0010, +0x002a, 
    -0x000f, -0x0042, -0x000b, -0x0001, -0x002c, -0x000a, +0x0033, -0x0005, 
    -0x0009, +0x0022, +0x0015, +0x001e, +0x000a, +0x0018, -0x005d, +0x004d, 
    +0x0004, +0x000d, -0x003e, -0x003c, -0x001e, -0x0013, -0x0028, +0x0015, 
    +0x000e, +0x0038, +0x001a, +0x0002, -0x0024, -0x000f, +0x0032, -0x0027, 
    +0x0000, -0x000d, -0x0042, -0x005c, -0x004e, -0x0004, -0x0021, +0x002c, 
    +0x000b, +0x002c, +0x0003, +0x0008, -0x0032, -0x000c, +0x001a, -0x0015, 
    -0x0005, -0x0004, -0x000f, -0x0047, -0x004b, -0x0002, +0x0019, +0x0010, 
    +0x000d, +0x0026, -0x000b, -0x0009, -0x0015, -0x0013, -0x0017, +0x0008, 
    +0x0018, +0x005d, -0x0014, -0x0042, -0x0010, -0x0011, -0x0015, -0x0010, 
    +0x0026, +0x0034, +0x0020, -0x0028, -0x0018, +0x0013, +0x0016, -0x001a, 
    +0x0007, -0x000d, -0x0023, -0x0051, -0x002e, -0x001b, -0x0038, +0x0006, 
    +0x001f, +0x0020, -0x000a, -0x0031, -0x0021, +0x0001, +0x0034, -0x002b, 
    +0x0020, -0x0016, +0x0009, -0x003f, -0x0026, -0x0003, -0x0020, +0x0002, 
    +0x0001, +0x0017, -0x001a, -0x0016, -0x001b, -0x0004, +0x001c, -0x0024, 
    -0x007f, -0x005b, -0x0030, +0x0020, -0x002a, -0x0025, -0x000d, +0x0036, 
    +0x0012, -0x006d, +0x004d, -0x0036, -0x000a, -0x0033, -0x0017, -0x0052, 
    -0x002b, -0x0020, -0x004e, +0x0010, -0x0009, -0x001a, -0x0017, +0x0018, 
    -0x0034, -0x0024, +0x0010, -0x0021, -0x0032, -0x003e, -0x0019, +0x002d, 
    +0x0008, -0x0020, -0x0020, -0x002e, -0x002f, -0x0003, +0x000d, -0x0007, 
    -0x005d, +0x0001, -0x0046, -0x0012, -0x0029, -0x0065, -0x0020, +0x0030, 
    -0x001f, -0x001c, +0x0012, +0x002a, -0x0047, +0x000a, -0x0040, +0x0000, 
    -0x0006, -0x0040, +0x000e, +0x0015, +0x0014, +0x0000, +0x000e, -0x007f, 
    +0x000c, -0x0007, -0x001b, +0x0005, +0x0008, -0x0021, -0x0032, -0x0014, 
    +0x0001, +0x0008, -0x001b, +0x002b, +0x0027, -0x002a, -0x0002, +0x0015, 
    +0x0023, +0x0006, -0x0014, -0x001e, +0x000d, -0x0021, +0x0004, +0x0022, 
    -0x0020, +0x0022, -0x003f, +0x0078, -0x000c, -0x003a, -0x000f, +0x0027, 
    +0x0014, +0x0011, +0x0016, +0x0001, -0x0013, -0x0007, -0x003f, -0x003a, 
    -0x0024, +0x0010, -0x0018, +0x0077, +0x0032, +0x0005, +0x0010, -0x006b, 
    +0x001b, -0x0007, -0x0002, -0x0032, +0x0027, -0x001c, -0x0016, -0x0029, 
    +0x0059, +0x0018, -0x0035, +0x0069, +0x005d, -0x0007, -0x001d, -0x003b, 
    +0x0018, -0x0014, +0x001b, -0x0049, -0x0015, -0x001a, +0x0016, +0x003c, 
    +0x0056, -0x0015, -0x0031, +0x007f, +0x0023, +0x000e, -0x0036, -0x003b, 
    +0x0012, +0x0007, +0x006b, +0x0026, +0x0007, +0x0042, +0x001d, -0x0052, 
    +0x0065, +0x0014, +0x0021, +0x0003, +0x000f, -0x0053, -0x0014, -0x0034, 
    -0x0001, +0x0004, +0x007b, +0x0016, -0x0006, +0x0001, +0x0007, -0x004c, 
    -0x0017, +0x0032, +0x002d, +0x0008, -0x0036, -0x007f, -0x000f, -0x002e, 
    -0x001e, -0x0012, +0x0054, -0x001a, -0x0001, -0x002d, +0x000e, -0x000f, 
    -0x0011, +0x0049, +0x0032, -0x0016, -0x0076, -0x0045, +0x0005, -0x0026, 
    -0x002e, -0x000f, +0x0040, +0x000a, +0x000f, +0x0004, +0x0028, -0x0046, 
    +0x006f, -0x002f, +0x0016, +0x0004, -0x001d, -0x003b, -0x000a, -0x001b, 
    -0x003b, -0x000f, +0x002e, +0x003d, -0x0011, -0x0020, +0x0007, -0x0040, 
    +0x0010, -0x0007, +0x001c, +0x0000, -0x002f, -0x004f, -0x0015, +0x000b, 
    -0x002c, -0x0007, +0x0038, -0x0009, +0x0006, -0x0029, -0x001c, -0x002d, 
    -0x001a, +0x0025, +0x0032, -0x0038, -0x0057, -0x002d, -0x0001, +0x0016, 
    -0x001c, +0x0029, -0x000e, +0x0003, -0x0035, -0x0018, +0x000f, -0x0039, 
    +0x0077, +0x001d, -0x000c, -0x000a, +0x0006, +0x0008, +0x001f, +0x0007, 
    -0x003f, +0x0009, +0x000a, +0x003f, -0x0037, -0x002a, +0x0004, -0x0054, 
    +0x004a, +0x0002, -0x0034, +0x000c, +0x0023, -0x0020, +0x000b, +0x004b, 
    -0x0037, +0x0001, +0x0012, +0x0002, -0x0039, -0x002e, -0x001b, -0x0032, 
    -0x0013, -0x0021, -0x001b, -0x0042, +0x000e, +0x000a, +0x001e, +0x003a, 
    +0x0054, +0x000b, -0x0022, +0x0005, +0x0009, +0x001c, -0x003b, +0x0055, 
    -0x000d, +0x0004, +0x0014, -0x0018, -0x004d, -0x0030, -0x0003, +0x0039, 
    +0x001b, +0x003a, -0x002c, +0x0026, -0x0011, +0x0036, -0x0031, +0x002d, 
    -0x0011, -0x000c, -0x0009, +0x0014, -0x0036, -0x0040, -0x002a, +0x003f, 
    +0x0026, +0x0014, +0x001f, +0x0030, +0x004c, +0x0044, -0x0022, +0x002f, 
    -0x003d, +0x000e, -0x0020, -0x000c, +0x002d, -0x0006, -0x0021, +0x0015, 
    +0x0023, -0x0026, -0x0013, +0x0009, -0x0017, -0x0030, +0x000b, +0x0030, 
    -0x0009, +0x0008, +0x0017, -0x003b, -0x001d, -0x004f, -0x0025, +0x0019, 
    +0x0020, -0x0019, -0x0017, +0x0016, -0x003c, -0x0007, -0x0030, -0x0004, 
    -0x001b, -0x0017, +0x0006, -0x000c, -0x0002, -0x0048, -0x0025, +0x0030, 
    -0x001a, +0x0002, +0x0016, +0x0037, +0x0003, -0x0017, -0x0035, +0x000d, 
    -0x000f, -0x000d, +0x0005, -0x000b, +0x0014, -0x001c, -0x0030, +0x0019, 
    +0x002c, -0x0017, -0x000b, -0x000c, -0x000d, -0x004a, +0x001a, +0x0026, 
    +0x001d, -0x0001, -0x0006, -0x0039, -0x0022, -0x0026, -0x002a, +0x0015, 
    +0x005e, -0x0019, -0x0004, -0x0014, -0x003c, -0x002c, -0x0008, +0x0019, 
    -0x0003, -0x0002, -0x001a, -0x001c, -0x0011, -0x0019, -0x0026, +0x000e, 
    -0x000d, -0x0003, -0x000a, +0x000c, +0x0000, -0x001d, -0x0023, +0x0014, 
    +0x0022, -0x0015, -0x0005, -0x000e, +0x0023, +0x0007, -0x0029, +0x0026, 
    +0x0014, +0x0019, -0x0024, -0x0003, +0x000b, -0x000b, -0x0009, -0x0034, 
    -0x0059, -0x001c, +0x001d, +0x0031, -0x0034, -0x000a, -0x0011, +0x0036, 
    +0x0011, +0x001b, +0x0003, -0x0004, +0x0018, -0x0028, -0x0003, -0x004a, 
    -0x0074, -0x003c, +0x0007, +0x0023, -0x0074, -0x000e, -0x0003, -0x0037, 
    +0x0044, +0x0009, -0x001d, +0x0005, +0x001a, -0x0019, +0x0003, -0x0055, 
    -0x006a, -0x0015, -0x0001, -0x0005, -0x004f, -0x001f, +0x0005, -0x002a, 
    +0x000e, -0x000b, -0x001d, +0x0006, -0x000e, -0x0017, +0x0005, -0x0026, 
    -0x003f, -0x0022, +0x001e, +0x0046, +0x000f, -0x0047, -0x0016, +0x000c, 
    +0x001b, +0x000d, -0x002b, +0x002e, +0x0028, -0x0034, -0x002a, -0x0020, 
    -0x003c, -0x0034, -0x000f, +0x003d, -0x007a, -0x002e, -0x0023, -0x003c, 
    +0x001c, +0x000a, -0x0032, -0x0003, -0x001c, -0x0057, -0x0028, -0x006a, 
    -0x0037, -0x0001, -0x002a, -0x0027, -0x002f, -0x0033, -0x0009, -0x004b, 
    -0x0026, +0x001e, -0x0012, +0x004a, -0x0012, +0x002b, +0x0012, +0x000d, 
    +0x0020, -0x0025, +0x0034, +0x0037, +0x003c, -0x004b, -0x001f, +0x002c, 
    -0x0005, +0x0020, -0x003d, +0x0032, -0x001f, +0x000f, -0x001f, -0x0013, 
    +0x0018, -0x0008, +0x0007, +0x0025, -0x0074, -0x0059, -0x004a, -0x001c, 
    -0x0017, +0x0014, -0x001f, +0x0009, -0x004b, -0x0016, -0x002f, -0x002d, 
    +0x000e, +0x0024, -0x0008, -0x001a, -0x001a, -0x004b, +0x0010, -0x001e, 
    -0x000d, -0x0008, -0x005a, +0x005b, +0x0046, -0x0015, +0x000c, +0x002e, 
    +0x001d, -0x0010, -0x0004, -0x0053, +0x0022, -0x0056, -0x000f, -0x0042, 
    -0x0006, -0x004a, -0x0012, +0x0006, +0x0028, +0x0006, -0x001b, +0x0023, 
    -0x0007, -0x0016, -0x0005, -0x002d, +0x000e, -0x0024, -0x001e, -0x002c, 
    +0x0020, -0x0062, +0x005f, -0x0009, -0x0006, -0x000c, -0x002e, -0x0001, 
    +0x0012, +0x0002, -0x0004, +0x000f, -0x001a, -0x000c, -0x000d, +0x0017, 
    -0x0011, +0x000e, -0x007f, -0x0038, +0x0049, -0x0018, +0x002b, +0x0041, 
    +0x003f, +0x0026, -0x0027, -0x003e, -0x005b, -0x000a, -0x0052, -0x002b, 
    -0x0023, -0x000f, -0x002e, -0x005d, +0x002a, -0x000f, -0x0010, +0x0020, 
    +0x0003, +0x002a, -0x000c, -0x003a, -0x004e, -0x0003, -0x004f, -0x0012, 
    +0x0021, -0x0024, +0x0002, -0x003f, +0x001d, +0x001c, -0x001d, +0x0011, 
    +0x0007, +0x002d, -0x000c, -0x0026, -0x005f, +0x000c, -0x003a, +0x002c, 
    +0x006f, +0x0017, -0x0021, +0x0000, +0x002e, -0x0013, +0x0033, -0x0009, 
    +0x003d, +0x002f, -0x0021, +0x0012, -0x0033, +0x0016, -0x0007, -0x0029, 
    +0x0016, +0x004a, -0x0025, -0x002c, +0x0059, -0x0019, -0x0002, -0x0003, 
    +0x0010, +0x0049, -0x0035, -0x0005, -0x000c, -0x0009, -0x0029, -0x0018, 
    +0x0058, +0x001f, -0x0042, -0x0036, +0x0039, +0x001f, +0x000a, -0x0009, 
    +0x003a, +0x002e, -0x0012, -0x0012, -0x002d, +0x000f, -0x0006, +0x003f, 
    -0x0007, -0x0037, +0x0028, +0x0007, -0x0019, -0x000b, +0x001d, +0x0028, 
    +0x0001, +0x000a, -0x0009, +0x0044, -0x002d, -0x0018, -0x0016, -0x001d, 
    -0x0012, -0x0026, +0x0040, -0x0006, +0x0037, -0x0008, +0x001c, +0x0012, 
    -0x0052, -0x0023, +0x0012, +0x0030, -0x0064, -0x000b, -0x0041, -0x000f, 
    +0x000f, -0x000b, +0x003f, +0x0005, +0x0010, -0x0004, +0x0003, +0x002e, 
    +0x0007, -0x005a, +0x000a, +0x0021, -0x003d, -0x000b, -0x0017, -0x0017, 
    -0x0051, -0x001e, +0x0000, +0x000c, -0x0050, -0x0035, +0x0000, +0x003f, 
    +0x0023, -0x0051, -0x0020, +0x0027, -0x003d, -0x001f, -0x0034, -0x001a, 
    -0x0047, +0x0014, +0x0011, +0x000f, +0x000a, -0x002a, +0x0007, +0x0006, 
    -0x0055, -0x0058, -0x001f, +0x0033, -0x0026, -0x002a, -0x0054, -0x0038, 
    +0x0002, +0x0015, +0x000d, -0x0011, -0x0014, +0x0002, +0x0018, -0x001f, 
    -0x0023, -0x0039, -0x000d, +0x0032, -0x0015, -0x0005, -0x0017, -0x0038, 
    -0x0055, +0x001c, -0x0021, +0x000d, -0x000a, -0x002b, -0x0028, +0x0021, 
    +0x002c, -0x004f, -0x0004, +0x002e, -0x0015, -0x0035, -0x0015, -0x0027, 
    -0x003a, +0x003b, -0x0023, +0x0009, +0x0043, -0x0039, -0x002c, +0x0008, 
    -0x002f, -0x0033, -0x000e, +0x003f, +0x000d, -0x0043, -0x0040, -0x0030, 
    +0x002e, +0x0015, -0x0018, -0x0021, +0x003b, -0x0010, +0x0004, -0x001e, 
    -0x001a, -0x0019, -0x0013, +0x0037, +0x0006, -0x0004, -0x0011, -0x003a, 
    -0x001d, +0x0004, +0x003b, +0x0017, +0x003e, +0x0000, +0x002c, -0x002f, 
    +0x0022, +0x0009, +0x001f, -0x0020, +0x0000, -0x0027, +0x0005, -0x000f, 
    +0x000a, +0x0020, +0x000b, +0x002a, +0x002c, +0x0003, +0x003c, -0x0025, 
    +0x0051, +0x000c, +0x003d, -0x0013, +0x0042, -0x003c, +0x0000, -0x0017, 
    -0x0039, +0x0011, -0x0008, +0x001e, +0x0058, -0x0023, -0x0018, +0x001b, 
    +0x0045, +0x0025, +0x002e, -0x000a, +0x001e, -0x003b, +0x0024, -0x0023, 
    -0x0042, +0x0041, -0x0005, -0x000a, +0x0036, -0x0010, +0x0002, -0x0015, 
    +0x0006, -0x0017, +0x0005, +0x0004, +0x0031, -0x0021, -0x0015, -0x0051, 
    -0x0007, +0x0036, -0x0021, +0x0015, +0x0017, -0x0003, +0x0013, -0x0005, 
    +0x0035, -0x0006, +0x0024, +0x0015, +0x0065, -0x0036, -0x0033, -0x002e, 
    -0x0037, +0x0019, -0x0017, +0x0025, +0x0042, -0x0026, -0x001f, +0x0007, 
    +0x0001, +0x000a, +0x002c, +0x001f, +0x001f, -0x003a, -0x0014, -0x0011, 
    -0x0053, -0x0008, -0x000e, -0x0012, +0x0041, -0x0009, -0x0013, -0x0053, 
    -0x0007, -0x0009, -0x001a, +0x0001, +0x0037, -0x0002, -0x0007, -0x004a, 
    +0x0012, -0x000c, -0x0022, -0x0013, +0x0036, -0x001e, -0x0028, -0x0007, 
    +0x001f, -0x001b, -0x000f, +0x001b, +0x0037, +0x0000, -0x001c, -0x0027, 
    -0x0020, -0x002a, +0x0004, +0x0012, +0x0068, -0x0047, -0x0017, -0x0015, 
    -0x001b, -0x0007, +0x001f, +0x0031, -0x0003, -0x001d, -0x001e, -0x000a, 
    -0x0052, +0x0026, -0x002e, +0x0014, -0x004c, -0x000e, -0x0009, -0x0011, 
    +0x0008, -0x006b, -0x0033, -0x004f, +0x0060, +0x001a, -0x0010, -0x003e, 
    -0x0006, +0x003a, -0x001a, +0x0037, -0x0036, -0x002f, +0x000a, -0x000b, 
    -0x0023, -0x006e, -0x0025, +0x0010, +0x004a, +0x0025, -0x0010, +0x0001, 
    -0x004e, +0x0046, +0x000b, +0x0033, -0x0058, -0x0029, +0x000a, -0x0006, 
    -0x0015, -0x003a, -0x0033, +0x0063, +0x0039, -0x0001, -0x001d, +0x0002, 
    -0x001d, -0x0001, -0x0022, -0x000c, -0x005d, +0x0001, +0x0002, -0x004b, 
    -0x002c, -0x0034, -0x0003, -0x0065, +0x0053, +0x004f, -0x0002, -0x0013, 
    +0x0023, +0x0024, +0x0011, -0x0004, -0x0062, -0x0003, -0x0010, -0x0024, 
    -0x0038, -0x0042, +0x0054, +0x0006, +0x0052, +0x007e, +0x000a, -0x0002, 
    -0x003b, +0x003a, +0x001a, +0x0016, -0x006c, -0x0001, -0x000c, +0x0002, 
    -0x0020, -0x0004, +0x0017, +0x002a, +0x0048, +0x005b, +0x0018, +0x0004, 
    -0x004c, +0x0017, -0x0001, +0x0024, -0x001e, +0x0028, +0x0010, -0x0052, 
    -0x0063, -0x000a, +0x0016, -0x000c, +0x0026, +0x002b, -0x000e, -0x000d, 
    -0x0030, +0x0031, +0x0015, -0x0019, -0x0035, +0x0039, -0x001c, -0x002c, 
    -0x0060, +0x0010, +0x003c, -0x0005, -0x000f, +0x007e, +0x0026, -0x0059, 
    -0x0062, +0x0020, +0x0013, -0x000f, -0x002f, +0x002a, -0x0008, -0x001c, 
    -0x0042, +0x003d, -0x0006, -0x0018, -0x0022, +0x0062, +0x001d, -0x000e, 
    +0x0002, -0x0010, +0x000d, -0x000c, -0x0017, +0x0022, -0x0027, -0x0006, 
    +0x0003, +0x0022, -0x0041, -0x002f, +0x001b, +0x001f, +0x0007, -0x0006, 
    -0x004f, +0x0012, +0x003e, +0x0019, +0x0001, +0x001d, -0x005d, +0x0022, 
    +0x0019, -0x003b, -0x0022, -0x001e, +0x0019, +0x0036, +0x001b, -0x0029, 
    -0x0013, -0x0001, +0x0021, +0x0023, +0x0020, +0x001b, -0x003b, +0x0027, 
    -0x0012, -0x0017, +0x0017, +0x0028, -0x0006, +0x0005, +0x0002, -0x0044, 
    -0x0027, +0x0016, +0x001b, +0x0001, -0x0014, +0x0031, -0x0022, +0x000b, 
    -0x0011, +0x005c, -0x0018, -0x004f, -0x0002, -0x000e, +0x0035, -0x0028, 
    -0x005d, +0x002e, +0x002f, +0x0009, -0x0020, +0x0037, -0x0050, +0x0013, 
    -0x0002, -0x0006, -0x0017, -0x0026, +0x0033, +0x0008, +0x005e, -0x0038, 
    -0x0036, +0x001b, -0x0001, +0x0020, -0x001e, +0x0047, -0x0012, +0x000d, 
    -0x0024, -0x0038, -0x0007, +0x004a, +0x002c, -0x0002, +0x001a, -0x0023, 
    -0x001d, +0x0007, -0x0007, -0x0012, -0x0010, +0x003b, -0x0036, +0x0012, 
    +0x000a, +0x0058, -0x0006, -0x004c, -0x0005, -0x0019, +0x0016, -0x0017, 
    -0x0019, +0x001e, -0x0001, +0x0005, -0x0021, +0x0059, -0x0046, +0x000b, 
    -0x000f, +0x0023, -0x001d, +0x001c, +0x0023, -0x000a, +0x0054, -0x001d, 
    +0x0016, -0x0005, +0x0007, +0x0004, -0x0004, +0x0048, -0x0011, -0x0022, 
    -0x003a, -0x0018, -0x001f, +0x007f, +0x0039, -0x0004, +0x001d, -0x0008, 
    +0x0039, +0x0001, -0x0019, +0x0000, +0x0002, +0x0003, -0x004f, +0x002e, 
    +0x001c, +0x001b, +0x0006, +0x0038, +0x0015, +0x0032, -0x0028, -0x0039, 
    +0x0057, -0x0012, -0x0030, +0x0003, -0x0013, -0x0028, -0x0006, +0x001a, 
    +0x0019, -0x0013, -0x0009, -0x0003, +0x001f, +0x002d, -0x000c, -0x001f, 
    +0x0057, +0x0014, -0x0044, +0x0017, -0x0024, -0x0028, +0x001e, -0x0023, 
    +0x0037, -0x000b, +0x0006, +0x000a, +0x001d, +0x003a, +0x000f, +0x0004, 
    +0x0041, +0x0001, -0x0033, -0x000b, -0x001f, +0x000f, +0x001c, -0x000c, 
    +0x0036, +0x0015, -0x0033, +0x0005, -0x000a, -0x0029, -0x0031, -0x0004, 
    +0x007f, -0x001e, -0x004a, -0x0014, -0x000d, -0x0012, +0x0059, -0x000d, 
    +0x0029, -0x0008, -0x0026, -0x0006, +0x000c, -0x0013, -0x0033, +0x0012, 
    +0x0062, -0x0009, -0x002a, +0x0002, -0x0007, -0x0020, +0x0035, -0x0015, 
    +0x002b, -0x000f, -0x0004, -0x003c, +0x000a, +0x0021, -0x0030, +0x0003, 
    +0x0049, +0x0003, -0x0030, -0x000b, -0x0007, +0x0034, +0x0011, -0x0012, 
    +0x002c, +0x0033, -0x0005, -0x003f, -0x0008, -0x007f, +0x0009, +0x0014, 
    +0x0052, -0x0004, -0x0035, -0x0024, +0x0004, +0x002e, +0x004f, -0x0027, 
    +0x0009, +0x001b, +0x001a, -0x0016, +0x0011, -0x004c, +0x001b, +0x0035, 
    +0x0046, -0x000e, +0x0004, -0x0006, +0x0013, -0x0007, +0x0017, -0x0034, 
    -0x000c, -0x0029, -0x0003, -0x000f, +0x000a, -0x000c, +0x0006, +0x0001, 
    +0x002e, +0x0034, -0x0038, -0x000d, +0x0008, -0x002e, -0x0048, +0x0007, 
    -0x0017, -0x000e, -0x0020, -0x001f, +0x0036, +0x0029, +0x0025, -0x0025, 
    +0x004f, +0x0022, -0x0037, +0x0010, -0x001f, -0x0052, -0x005b, +0x004b, 
    -0x0013, +0x000d, +0x0023, -0x004d, -0x000f, +0x000c, +0x003e, +0x0007, 
    +0x004b, -0x0008, +0x0006, -0x003b, -0x0025, -0x0064, -0x0033, +0x0052, 
    -0x000d, +0x000a, +0x002e, -0x001f, -0x0032, -0x0001, +0x0016, +0x0015, 
    +0x002c, +0x0029, -0x0056, -0x000f, -0x0025, -0x0011, +0x002a, -0x002e, 
    -0x0022, -0x001f, -0x000e, +0x0007, +0x0042, -0x0013, +0x001d, -0x0033, 
    +0x003f, +0x0023, -0x007f, +0x000b, -0x0042, -0x0032, -0x0016, -0x0016, 
    -0x000e, +0x001a, +0x0031, -0x0021, +0x001e, -0x0029, +0x0036, +0x0004, 
    +0x0031, +0x0004, -0x002b, -0x0011, -0x005a, -0x002d, -0x0012, +0x000f, 
    -0x000b, +0x002a, +0x000b, +0x000b, +0x0015, -0x0003, +0x000b, +0x0011, 
    -0x0005, +0x0006, +0x0015, -0x0017, -0x0003, +0x003d, +0x0061, -0x0029, 
    -0x000e, -0x0028, -0x0020, +0x0027, +0x0017, -0x001b, -0x0010, -0x0013, 
    +0x0012, +0x0009, -0x0037, +0x0001, -0x002d, +0x0035, +0x000a, -0x002d, 
    -0x0002, +0x0006, +0x0002, +0x000d, +0x0042, -0x0034, +0x0010, +0x0012, 
    +0x0001, +0x002f, -0x001f, +0x0001, -0x0043, +0x002a, -0x001a, -0x002e, 
    +0x0009, +0x001c, -0x000d, +0x0011, +0x0052, +0x0006, -0x001f, +0x0023, 
    +0x000d, -0x0018, -0x001f, -0x0017, +0x000d, -0x0019, -0x002f, -0x0011, 
    +0x0017, -0x0018, -0x000b, +0x0018, -0x0003, -0x000c, +0x001a, +0x000d, 
    +0x0002, -0x0005, -0x0014, -0x0009, +0x0028, -0x0013, -0x000a, +0x0008, 
    -0x0010, -0x0024, -0x0031, +0x0027, -0x003c, +0x0009, -0x0015, +0x002d, 
    +0x000f, +0x0011, -0x0035, -0x0004, +0x0021, +0x0021, -0x0001, +0x001b, 
    +0x0008, -0x000d, -0x0017, -0x0006, -0x0019, -0x000a, -0x0009, +0x0022, 
    +0x000e, -0x0029, -0x000f, +0x000c, -0x0007, -0x0014, -0x0013, -0x000e, 
    +0x0045, -0x0008, -0x002b, +0x0012, +0x0026, +0x0016, +0x0024, -0x0020, 
    -0x0003, -0x0049, -0x002c, +0x0004, +0x0028, -0x0001, +0x000e, +0x0010, 
    +0x0012, -0x0006, -0x0049, +0x0013, -0x000a, +0x0020, +0x0011, +0x0019, 
    -0x0011, -0x0018, -0x001f, +0x000a, +0x0041, +0x0036, +0x001d, +0x001c, 
    +0x001b, -0x0001, -0x0023, +0x000d, +0x0020, -0x0019, +0x000f, +0x0027, 
    +0x0007, -0x001d, +0x0006, +0x0023, -0x001b, -0x0026, +0x0000, +0x001f, 
    +0x0028, +0x0007, -0x002d, +0x0010, -0x0002, +0x0027, +0x0005, -0x0030, 
    -0x0002, -0x0043, -0x000e, +0x0017, +0x000a, -0x000e, +0x0028, +0x0019, 
    +0x000f, +0x0016, -0x0033, +0x0014, -0x000f, +0x0012, -0x000b, +0x0014, 
    -0x000a, -0x0018, +0x000a, +0x0014, +0x0026, +0x0010, -0x0006, +0x0018, 
    +0x000e, +0x0007, -0x0007, +0x0002, +0x0001, -0x0030, -0x0006, -0x0013, 
    -0x0009, +0x0002, +0x0024, +0x002a, +0x0043, +0x0001, +0x0001, -0x000d, 
    -0x002e, -0x0051, +0x0014, +0x0000, -0x0031, -0x002a, +0x0002, -0x0007, 
    -0x002f, +0x0008, -0x002b, -0x0010, +0x0027, +0x002a, +0x0028, +0x002a, 
    +0x000f, -0x003d, +0x0020, -0x0034, -0x006f, -0x0001, +0x0012, -0x002c, 
    -0x0001, +0x0026, -0x005e, -0x003f, +0x0007, +0x0052, +0x0006, -0x000c, 
    -0x0011, -0x0011, +0x000b, -0x0018, -0x0054, +0x0013, +0x003c, -0x0038, 
    -0x0054, +0x0003, +0x0011, +0x005b, +0x001c, +0x0015, +0x0008, +0x0001, 
    -0x0029, -0x0022, -0x0014, -0x0024, -0x002d, -0x0007, +0x000a, -0x0004, 
    -0x0050, +0x000a, +0x0001, +0x0003, +0x000d, +0x0017, +0x0024, +0x0023, 
    -0x0018, -0x002f, -0x0010, -0x0013, -0x0056, +0x0012, -0x000b, -0x0039, 
    -0x0002, +0x000f, -0x0021, -0x0026, +0x0006, +0x0029, +0x0020, +0x0009, 
    -0x001b, -0x000c, +0x000f, +0x0017, -0x004e, +0x0027, +0x000f, -0x002a, 
    -0x0005, -0x0011, -0x0044, +0x0079, -0x0029, +0x0033, +0x0017, -0x0003, 
    -0x0010, -0x0001, -0x0034, +0x0002, -0x0011, +0x0014, -0x0013, +0x0021, 
    -0x0050, -0x0001, -0x001d, +0x003a, -0x002e, -0x0003, +0x000a, +0x000e, 
    -0x0008, -0x0009, -0x0048, +0x0016, -0x002a, +0x000e, -0x0029, -0x001c, 
    -0x003a, +0x0007, -0x0009, -0x0016, -0x0003, +0x0017, +0x0015, +0x0009, 
    +0x0006, +0x0008, -0x0026, +0x0023, -0x0023, +0x0036, -0x0008, -0x001d, 
    +0x0015, -0x0025, -0x0030, -0x0027, +0x0010, +0x0013, -0x0013, -0x0014, 
    +0x0012, +0x001d, -0x0005, -0x0024, +0x0017, -0x0002, -0x0006, +0x0017, 
    +0x0012, -0x0019, -0x0043, -0x0022, +0x0024, +0x0017, -0x0022, +0x0025, 
    +0x002d, +0x002a, -0x000b, -0x001c, +0x0001, -0x0008, -0x0005, +0x002c, 
    -0x000f, -0x0007, -0x0022, -0x002e, +0x0015, +0x0005, -0x000d, +0x0020, 
    +0x000a, -0x000a, -0x0003, -0x0020, -0x0007, -0x000b, +0x0000, +0x000d, 
    +0x0004, -0x0022, -0x003e, -0x002e, +0x0022, +0x000b, -0x002f, -0x0008, 
    +0x001d, +0x0023, -0x0052, -0x0005, -0x0020, +0x0007, +0x0027, +0x0003, 
    -0x000c, -0x000d, -0x006c, +0x0009, +0x001b, +0x0007, -0x0063, +0x001b, 
    +0x002e, +0x001d, -0x003d, -0x0003, -0x0012, -0x0012, +0x0023, +0x0020, 
    -0x001c, -0x0013, -0x0059, +0x0002, +0x0007, -0x000e, -0x0045, +0x0020, 
    +0x0015, +0x0003, -0x0001, -0x002d, +0x0000, -0x0014, -0x0003, +0x0018, 
    -0x000c, -0x0036, -0x004d, -0x0020, +0x001b, +0x0007, -0x001f, -0x0012, 
    +0x003c, +0x0016, -0x0017, +0x0009, -0x000f, -0x0011, +0x004e, +0x0013, 
    -0x0012, -0x001f, -0x005d, +0x000e, +0x0009, +0x0023, -0x0050, +0x0011, 
    +0x0027, +0x0015, -0x0010, -0x0011, +0x0006, -0x0019, +0x0053, +0x0011, 
    -0x0012, -0x000f, -0x0059, -0x0002, +0x0003, +0x0021, -0x0018, +0x002c, 
    -0x0014, -0x0027, +0x0000, -0x0010, -0x0007, -0x001c, +0x001a, +0x000a, 
    +0x0008, -0x0009, +0x000c, -0x0006, -0x0023, -0x002a, +0x0031, +0x0013, 
    +0x0002, +0x0013, +0x000f, +0x0000, -0x0025, -0x0025, -0x0016, +0x0004, 
    -0x001c, +0x000c, +0x0006, +0x0008, -0x000d, +0x0009, +0x002b, -0x000d, 
    +0x001d, +0x0013, -0x0029, +0x0013, -0x0025, -0x001f, -0x002e, +0x0010, 
    -0x0006, +0x002c, -0x002a, -0x000d, -0x0007, -0x0012, +0x000c, +0x003f, 
    -0x0004, +0x0002, -0x0028, +0x001b, -0x0018, +0x001e, -0x004b, +0x0034, 
    -0x000a, -0x0002, -0x0009, -0x0027, -0x001c, -0x0040, -0x0023, -0x0014, 
    +0x0008, +0x0051, -0x0018, +0x0009, -0x0047, -0x002f, -0x000d, -0x0012, 
    -0x000e, +0x0017, -0x001c, -0x001f, +0x001e, -0x0015, -0x0032, -0x002d, 
    +0x003f, +0x0048, -0x000a, -0x0002, -0x0021, -0x001d, -0x004d, -0x0013, 
    -0x000e, +0x0020, -0x001a, -0x001c, -0x0009, +0x0002, -0x001a, -0x0010, 
    +0x0032, +0x0036, +0x000b, -0x0020, -0x0017, +0x000b, -0x004a, +0x0014, 
    +0x002d, -0x000d, -0x005b, -0x0014, -0x001e, -0x004b, -0x0029, -0x003e, 
    -0x0003, +0x003c, -0x0024, +0x0005, -0x001e, -0x0014, -0x0006, -0x0034, 
    +0x002f, -0x000f, -0x0049, -0x0013, +0x0009, -0x0014, -0x0021, -0x0010, 
    +0x001f, +0x003e, +0x0004, -0x0015, -0x0011, -0x000d, -0x0015, -0x0028, 
    +0x002a, +0x0002, -0x001f, -0x0020, +0x000d, +0x0007, -0x0004, -0x0014, 
    +0x000d, +0x0030, +0x0018, -0x001e, -0x000b, +0x0005, -0x001c, +0x0008, 
    -0x000d, -0x0017, +0x0003, +0x001e, +0x000b, +0x0023, -0x0005, -0x001e, 
    -0x0021, -0x0007, -0x0024, +0x004c, -0x002b, -0x001e, -0x0004, +0x0059, 
    -0x0015, -0x0006, -0x0003, -0x0018, +0x0009, +0x0020, +0x000f, -0x0045, 
    -0x0003, -0x0015, -0x0058, -0x000c, +0x0004, -0x0027, -0x000c, -0x0017, 
    -0x0015, -0x000b, +0x0003, -0x000a, -0x0008, +0x0013, +0x0001, -0x0041, 
    +0x0005, -0x0047, -0x0022, -0x000f, +0x0026, -0x002c, +0x000f, -0x003b, 
    -0x0035, +0x0002, -0x0022, +0x0023, -0x0002, +0x002e, -0x0031, -0x0021, 
    -0x0031, +0x0000, -0x002b, +0x002c, -0x0034, -0x001c, +0x0048, +0x0020, 
    -0x0034, -0x002d, +0x0019, +0x000c, -0x0013, +0x0058, -0x001b, -0x0034, 
    -0x0023, -0x002e, -0x0063, -0x001b, -0x000f, -0x000b, +0x0058, -0x002a, 
    -0x0023, -0x0039, +0x0013, -0x0009, -0x0023, +0x004b, +0x0002, -0x0041, 
    -0x0017, -0x0053, -0x0027, -0x0011, +0x0011, -0x0030, +0x002e, -0x0018, 
    -0x0004, +0x0032, -0x0034, -0x0009, -0x000c, +0x0022, -0x002f, -0x0015, 
    -0x001b, +0x0004, +0x0011, +0x000d, -0x002e, -0x0003, +0x006a, +0x0001, 
    -0x001a, -0x0012, -0x0021, +0x0010, -0x000c, +0x0045, -0x0017, -0x000d, 
    +0x0000, -0x0025, -0x0014, -0x0003, -0x0019, -0x0007, +0x0076, -0x001c, 
    -0x000e, -0x0029, -0x0015, -0x0011, -0x001e, +0x003c, -0x0003, -0x002a, 
    -0x0016, -0x0023, +0x0014, -0x000d, -0x0007, -0x000b, +0x0026, +0x0010, 
    -0x0030, -0x002c, -0x000e, -0x0006, +0x0021, -0x002d, -0x0024, +0x000d, 
    +0x001b, -0x003b, +0x0067, -0x0039, +0x0016, -0x0033, -0x000f, -0x0004, 
    -0x0010, -0x0026, -0x0050, +0x0002, +0x000f, -0x001d, +0x0007, +0x0027, 
    +0x006b, -0x001a, +0x0038, -0x0011, +0x001f, -0x000e, -0x0010, +0x001c, 
    -0x0001, +0x001d, -0x0023, -0x001f, +0x0019, +0x0006, +0x001d, +0x0027, 
    +0x004a, +0x0027, -0x0029, -0x0001, -0x002b, -0x0012, -0x000a, +0x003c, 
    -0x0007, -0x001d, -0x0030, +0x0025, -0x0003, -0x0004, -0x0008, +0x0016, 
    -0x0031, -0x0045, +0x0074, -0x0056, -0x0006, -0x002b, +0x0004, -0x0021, 
    -0x001e, -0x0019, -0x0062, +0x003b, +0x0014, -0x0010, +0x0030, +0x0036, 
    +0x001e, -0x003d, +0x003b, -0x0028, +0x001d, -0x0018, -0x0013, -0x000d, 
    -0x0011, +0x000c, -0x0034, +0x000f, +0x000e, -0x000a, +0x0020, +0x0015, 
    +0x003a, +0x0010, -0x0041, +0x0011, -0x0003, -0x002c, +0x0009, +0x000c, 
    +0x0052, +0x0000, -0x0006, +0x0024, -0x0006, +0x0009, +0x002a, +0x0048, 
    -0x007f, -0x0026, +0x0016, -0x000f, -0x0015, -0x001f, +0x001e, +0x0035, 
    +0x0032, -0x0010, -0x000a, +0x0043, -0x0007, +0x000c, +0x0058, +0x003b, 
    -0x0039, -0x0011, +0x001c, -0x002d, -0x0011, -0x0035, +0x001f, -0x000d, 
    -0x0010, -0x000c, +0x000a, +0x0021, -0x001f, -0x000c, +0x003a, -0x0002, 
    +0x0019, +0x0042, -0x0019, -0x0001, -0x001d, -0x0047, +0x001c, -0x001d, 
    +0x0007, +0x003b, -0x002f, -0x002b, +0x0003, +0x0007, -0x0008, +0x0032, 
    -0x0019, -0x001c, -0x0035, -0x004e, -0x0021, +0x001a, -0x000e, +0x0011, 
    +0x002d, +0x0017, -0x0048, +0x0020, -0x002e, -0x0013, -0x0003, +0x0053, 
    +0x0000, +0x001e, +0x0005, -0x0057, +0x000c, -0x0014, -0x0009, +0x000b, 
    +0x0018, +0x001d, -0x004f, +0x0010, -0x000d, +0x0001, -0x000a, +0x000b, 
    -0x0008, +0x0057, +0x0026, -0x0048, +0x0045, -0x0018, +0x0010, +0x0017, 
    +0x000d, +0x003a, -0x0035, -0x0020, +0x0025, +0x0008, -0x0002, +0x0025, 
    +0x000f, +0x0015, -0x003b, +0x0007, -0x0035, +0x0001, -0x001e, -0x0012, 
    +0x0048, +0x0025, -0x0046, -0x0001, -0x000f, -0x0014, -0x0015, +0x004f, 
    +0x0027, +0x0057, -0x0019, -0x000b, +0x0012, -0x0029, -0x001a, -0x002f, 
    +0x0016, +0x000a, -0x0048, -0x0005, -0x0024, -0x0002, -0x0016, +0x0011, 
    +0x0022, +0x004b, -0x0008, -0x0004, +0x002f, -0x0019, -0x0025, -0x0055, 
    -0x000b, +0x0020, -0x000f, -0x000f, +0x0019, -0x0007, +0x001a, -0x0018, 
    -0x0015, -0x0005, -0x0003, +0x000f, -0x001e, +0x001e, +0x001c, -0x0021, 
    +0x0034, +0x0006, -0x0011, -0x0032, +0x0007, -0x0018, -0x0016, +0x0022, 
    +0x0000, +0x003b, -0x000a, -0x0002, -0x0010, +0x001d, +0x001d, -0x0042, 
    +0x0039, +0x0001, -0x0014, -0x0031, -0x0021, -0x0008, -0x0035, +0x002c, 
    +0x0028, +0x0022, +0x000d, -0x0003, +0x0018, +0x0046, -0x0009, -0x004e, 
    -0x003c, -0x0013, +0x003f, +0x002e, +0x0027, -0x0003, -0x002d, +0x001c, 
    -0x0011, -0x000b, +0x0013, -0x0024, +0x003b, +0x0030, -0x001f, +0x000a, 
    -0x0035, -0x003a, +0x0052, +0x0046, -0x000c, -0x002e, -0x004a, +0x000a, 
    -0x0003, +0x0004, +0x0006, -0x001b, +0x001e, +0x002d, -0x0039, +0x000f, 
    +0x0006, -0x0001, +0x0021, +0x0066, -0x0039, -0x0036, -0x0015, -0x0028, 
    +0x0009, +0x001b, +0x0013, -0x0007, +0x0020, +0x0013, -0x0021, +0x0046, 
    -0x000a, +0x0015, -0x000a, +0x0000, +0x0024, -0x0012, -0x0046, -0x0008, 
    -0x0039, -0x0007, +0x0035, -0x002c, +0x000b, +0x0020, -0x0047, +0x002d, 
    -0x0018, +0x000b, -0x0003, +0x001e, +0x000e, -0x0011, -0x0067, -0x000f, 
    -0x0008, +0x0006, +0x0024, -0x002f, +0x001a, +0x001f, -0x004b, +0x002f, 
    -0x0011, +0x0022, -0x0002, +0x0029, -0x0006, -0x0004, -0x004e, -0x003a, 
    +0x0013, +0x0020, +0x000b, -0x0001, -0x0002, -0x0008, -0x0019, +0x0004, 
    +0x0005, +0x0003, -0x0022, -0x0019, +0x0026, -0x0009, -0x001a, +0x0009, 
    -0x001c, -0x000d, +0x002d, -0x0009, -0x0003, -0x0007, -0x003c, +0x0014, 
    +0x0012, +0x001c, -0x001e, -0x0008, +0x0005, -0x0008, -0x004a, +0x0009, 
    -0x0013, -0x0020, +0x0020, +0x000c, +0x0019, +0x0003, -0x0031, +0x0017, 
    +0x000b, +0x0042, -0x0008, +0x001f, +0x000c, -0x0007, -0x0015, -0x0027, 
    -0x000a, -0x0024, +0x0021, +0x0027, -0x0002, -0x001a, +0x000b, -0x0005, 
    -0x0002, +0x001f, +0x000c, -0x0023, -0x0055, +0x000c, -0x002c, -0x000e, 
    +0x0034, -0x0006, -0x0024, +0x002d, +0x0011, +0x0004, -0x0032, +0x0028, 
    +0x001b, +0x000b, +0x0018, -0x0010, +0x0008, -0x003a, -0x0045, -0x002b, 
    -0x0003, -0x000d, -0x0036, +0x001d, +0x0004, -0x0028, -0x002f, +0x0028, 
    +0x0010, -0x0017, +0x0036, +0x0032, +0x002d, -0x0040, -0x0032, -0x0039, 
    -0x0011, +0x0000, -0x0025, -0x0003, +0x000d, -0x000b, -0x000f, -0x0014, 
    -0x000c, +0x002a, -0x001d, -0x004f, -0x0018, +0x0023, +0x0017, -0x0024, 
    +0x0032, +0x0012, -0x0048, +0x0032, +0x001a, -0x0001, -0x0038, +0x0009, 
    +0x0013, +0x0013, -0x0013, -0x0055, -0x0010, -0x0028, -0x0008, -0x002f, 
    +0x0018, +0x0032, -0x003d, +0x0055, +0x0005, -0x000b, -0x002d, +0x003b, 
    -0x0005, +0x0003, -0x0012, -0x0027, +0x0029, -0x0020, -0x0006, -0x0045, 
    -0x0013, +0x0015, +0x0007, +0x0018, -0x0015, +0x0017, -0x001a, +0x0002, 
    +0x0007, +0x0012, -0x0020, -0x002c, -0x0009, +0x0010, +0x0014, -0x0026, 
    +0x0021, +0x0018, -0x002f, +0x0023, +0x0011, -0x0020, -0x0034, -0x001a, 
    +0x0011, -0x0018, -0x0025, -0x0046, -0x000c, -0x0030, +0x0003, -0x0061, 
    +0x0029, +0x0036, +0x000f, +0x003e, -0x0014, -0x0002, -0x003e, +0x0005, 
    -0x000f, +0x000d, -0x0018, -0x0039, +0x000a, -0x0003, +0x0015, -0x0053, 
    -0x0014, +0x0013, +0x0041, +0x0024, -0x0046, +0x001b, -0x0046, -0x0018, 
    +0x0058, +0x0033, -0x0005, -0x0029, +0x0000, -0x0004, +0x000f, -0x003c, 
    -0x0016, -0x0015, +0x000c, +0x000b, -0x0012, +0x0003, +0x002a, +0x0005, 
    -0x0011, -0x0017, +0x0069, -0x004a, -0x0019, -0x0029, +0x002e, +0x0000, 
    +0x0002, -0x000e, +0x000b, -0x0035, -0x0019, +0x0014, +0x004e, -0x000c, 
    -0x000a, -0x007f, +0x007f, -0x0010, -0x000f, -0x002c, +0x0020, +0x0008, 
    -0x0006, -0x001f, -0x0007, +0x0026, +0x0016, -0x000e, -0x000c, +0x0044, 
    -0x000b, +0x002f, -0x0045, -0x000b, +0x001e, +0x0006, -0x0011, -0x004c, 
    -0x0036, -0x0021, +0x0022, +0x0021, -0x001c, +0x0004, +0x002b, +0x0010, 
    -0x0044, -0x0011, +0x003e, -0x0028, +0x0006, +0x0009, -0x0001, -0x000b, 
    -0x0023, -0x0025, +0x0024, -0x002e, -0x0014, -0x0026, +0x0041, -0x0019, 
    -0x0026, -0x0040, +0x0063, -0x0006, -0x0006, -0x0001, +0x0008, -0x000c, 
    -0x0004, -0x0016, +0x000e, -0x0028, +0x0000, -0x0039, +0x0002, -0x000a, 
    +0x002e, +0x0025, -0x002e, -0x0005, +0x000b, +0x0028, +0x002d, -0x003d, 
    -0x0009, -0x0004, +0x0021, +0x0047, +0x000a, +0x0010, +0x0011, +0x0005, 
    -0x002d, -0x000c, +0x0022, -0x0018, +0x001a, +0x0037, +0x0000, -0x0016, 
    -0x001c, -0x0023, +0x0047, -0x0007, +0x0028, -0x0016, +0x001d, +0x000f, 
    -0x000e, -0x0014, +0x0008, +0x0023, +0x0014, +0x0032, +0x0002, +0x0034, 
    +0x0010, +0x0007, +0x0029, -0x0030, +0x0019, -0x0016, -0x0017, -0x0011, 
    +0x000b, -0x0005, +0x0008, -0x000e, +0x004b, -0x0027, +0x0024, +0x0029, 
    +0x0012, +0x0033, -0x0002, +0x002b, -0x0021, -0x000b, -0x0003, -0x0062, 
    -0x0012, +0x002a, -0x0008, -0x0019, +0x0048, +0x002e, +0x002d, +0x0009, 
    +0x002a, +0x002a, +0x002a, +0x0023, -0x0021, -0x000b, -0x0007, -0x0050, 
    -0x0012, +0x0045, -0x0020, -0x002c, +0x0015, +0x0036, +0x0017, +0x0019, 
    +0x005d, -0x000b, +0x0012, -0x001f, -0x0036, +0x0006, +0x001d, -0x0039, 
    +0x000e, +0x0015, -0x0009, -0x003d, +0x0046, -0x0004, +0x000d, -0x0008, 
    +0x000e, +0x001e, +0x000b, +0x002c, -0x001d, +0x000f, -0x0031, -0x0044, 
    +0x000a, +0x0044, -0x001d, -0x005d, +0x002c, +0x0027, +0x0011, -0x001f, 
    -0x0007, +0x0033, +0x0007, +0x000e, -0x002d, +0x003f, -0x0021, -0x0037, 
    +0x0003, +0x0049, -0x001e, -0x004b, +0x002d, +0x000f, -0x001f, -0x0042, 
    +0x0014, -0x0003, +0x0010, +0x0008, -0x0032, +0x003d, +0x000e, -0x0034, 
    +0x0000, +0x0011, -0x0026, -0x0033, +0x0031, +0x0014, +0x002d, +0x0002, 
    +0x0034, +0x0019, +0x001e, +0x0026, +0x001b, +0x0015, -0x0024, +0x0018, 
    +0x0009, +0x0025, -0x0018, -0x007f, +0x0027, +0x0012, +0x002c, -0x0013, 
    +0x000b, +0x0012, +0x001b, +0x000f, -0x0001, +0x0020, +0x0000, -0x000d, 
    +0x0013, +0x0015, -0x000b, -0x0042, +0x000c, -0x000d, -0x0019, -0x002a, 
    -0x000d, +0x0009, +0x0000, -0x0008, -0x0036, +0x002b, +0x000d, -0x000f, 
    +0x0002, +0x002d, +0x000a, +0x0011, +0x0046, -0x0008, -0x0023, +0x0009, 
    +0x0005, -0x0008, -0x0004, -0x0031, -0x0012, -0x0016, -0x001b, +0x0020, 
    +0x000e, -0x000d, +0x0032, +0x0018, -0x0005, +0x000d, -0x004a, +0x0012, 
    +0x000a, -0x000f, +0x0008, +0x0036, -0x0003, -0x001f, -0x0029, +0x002b, 
    +0x0028, -0x0011, +0x0001, +0x0011, -0x0001, -0x0002, -0x0026, +0x0029, 
    +0x0001, +0x0000, +0x0009, +0x0022, +0x0006, -0x0013, -0x0018, +0x001e, 
    -0x000d, -0x000c, +0x0032, -0x0022, +0x0022, +0x0012, -0x0030, +0x0028, 
    -0x0020, +0x0001, -0x0011, +0x0024, -0x000c, -0x0023, -0x0009, +0x0039, 
    -0x0009, -0x005c, +0x0055, -0x001b, -0x0007, +0x001b, -0x0066, +0x0019, 
    -0x0003, +0x0003, -0x0004, +0x004e, -0x000a, -0x0030, -0x0042, +0x004b, 
    +0x0003, -0x002f, +0x0011, -0x0001, +0x0018, +0x0012, -0x003a, -0x0003, 
    +0x0000, +0x001d, +0x0008, +0x0046, -0x0002, -0x001f, -0x0041, -0x0003, 
    -0x000a, -0x0030, +0x0019, +0x0000, -0x0021, +0x0012, -0x0001, +0x0034, 
    -0x0024, -0x000b, -0x0029, +0x0018, +0x0005, -0x0010, -0x0012, -0x000d, 
    +0x0008, -0x002e, +0x003d, +0x0005, +0x000e, +0x0014, -0x0030, +0x0035, 
    -0x0015, -0x0005, -0x0028, +0x0011, +0x0009, -0x0020, -0x0021, +0x002b, 
    -0x0002, +0x0027, +0x0024, +0x0009, +0x0027, -0x0010, +0x0011, -0x0004, 
    +0x0001, +0x0013, +0x0012, +0x002b, -0x000a, -0x000c, -0x001f, -0x000e, 
    +0x0019, +0x000d, -0x0014, -0x006f, -0x000e, +0x0034, -0x0008, -0x001e, 
    -0x0012, -0x0052, +0x0025, -0x0057, -0x0024, +0x0023, +0x0011, -0x0004, 
    +0x000e, -0x0007, -0x001f, -0x0057, -0x0009, +0x0036, -0x000c, -0x0009, 
    -0x001d, -0x0028, +0x0041, -0x002d, -0x003a, +0x0013, -0x002e, -0x004d, 
    +0x0026, +0x0018, +0x000b, -0x0052, -0x001d, +0x0000, -0x0017, +0x0010, 
    -0x001c, -0x0006, +0x0012, -0x0053, -0x0020, +0x003a, -0x0017, -0x0047, 
    -0x0013, -0x0010, -0x001b, -0x004b, +0x000d, +0x002a, +0x002e, -0x0018, 
    +0x0019, -0x003a, +0x0017, +0x0000, -0x0012, +0x0020, -0x0015, +0x0034, 
    -0x002e, -0x002f, -0x001a, -0x0032, +0x000c, +0x0029, +0x0037, -0x0052, 
    -0x0004, -0x0013, +0x001e, +0x001d, -0x0024, +0x0016, -0x0046, -0x0025, 
    -0x0011, -0x0036, -0x001c, -0x0009, +0x0001, -0x0014, +0x0004, -0x003d, 
    -0x0003, -0x000f, -0x0016, -0x000f, -0x002a, +0x001b, -0x001c, -0x0050, 
    -0x0011, -0x0005, -0x002e, -0x0026, +0x0012, +0x000c, +0x0054, +0x0001, 
    +0x0018, -0x0008, -0x0004, +0x004e, -0x0010, +0x0009, +0x0027, +0x0064, 
    -0x0006, -0x0024, -0x0031, -0x0029, +0x0005, -0x0006, +0x0058, -0x0033, 
    +0x0029, +0x0007, +0x0003, +0x004f, -0x0011, +0x0002, -0x0016, +0x0016, 
    +0x0007, -0x002a, -0x0004, -0x0004, +0x0016, -0x002f, +0x0027, -0x001a, 
    +0x003c, -0x000f, -0x002f, +0x0036, -0x0012, +0x000a, +0x001b, -0x0013, 
    +0x0012, +0x003a, +0x0021, -0x0042, +0x001f, -0x0032, -0x000a, +0x001b, 
    -0x0011, +0x0062, -0x006a, -0x004a, -0x0015, -0x0006, +0x003e, +0x0020, 
    +0x000a, +0x0017, +0x0033, -0x004e, -0x000b, -0x0050, -0x0015, +0x002a, 
    -0x001d, -0x0031, -0x001b, -0x003c, -0x0022, +0x0018, +0x0016, +0x0032, 
    +0x002d, +0x0023, +0x0035, -0x002d, +0x0019, -0x0048, -0x0007, +0x0052, 
    -0x0037, -0x003c, +0x000f, +0x002c, +0x000a, +0x0015, +0x0013, +0x0021, 
    +0x0017, +0x0035, -0x001e, -0x003b, +0x000b, -0x001c, -0x0002, +0x000e, 
    -0x002c, +0x005e, -0x0042, -0x0047, +0x0020, -0x0014, +0x0019, -0x0020, 
    +0x0016, +0x0032, +0x0019, -0x0026, +0x0033, -0x0033, -0x000e, +0x000c, 
    -0x0043, -0x004a, +0x0016, -0x0027, -0x0006, -0x0009, -0x0020, +0x0003, 
    +0x0036, +0x0028, +0x0028, -0x0013, +0x0022, -0x0030, -0x0022, +0x002b, 
    -0x001a, -0x0041, +0x0045, +0x0032, -0x0022, +0x0029, -0x0023, +0x002a, 
    -0x000a, +0x0030, -0x0010, -0x000e, -0x0009, -0x0003, +0x0007, -0x0021, 
    -0x0018, +0x001e, +0x0023, -0x0018, +0x0025, -0x0018, -0x0021, -0x0036, 
    +0x0004, +0x0029, -0x0006, +0x0001, +0x0028, -0x0048, -0x0024, -0x0029, 
    -0x0014, -0x007f, +0x001b, -0x0006, -0x0006, -0x0016, -0x0034, -0x0010, 
    +0x001b, +0x0028, +0x0027, +0x0014, -0x0008, -0x0035, -0x0015, +0x0003, 
    +0x0004, -0x0068, +0x001a, +0x0046, -0x0019, -0x0015, -0x004c, +0x0016, 
    +0x000c, -0x001e, -0x0035, -0x0036, +0x0014, -0x0009, -0x002d, -0x001e, 
    -0x0046, -0x0014, +0x0019, +0x0003, +0x002b, +0x003c, -0x0005, -0x0035, 
    +0x003e, +0x0008, -0x006b, -0x000e, +0x0030, -0x0030, -0x005b, +0x0003, 
    -0x0003, -0x0044, -0x0028, -0x0019, +0x002b, -0x0021, +0x002b, -0x003e, 
    +0x0007, +0x001f, -0x004e, +0x0029, +0x002f, +0x0012, -0x0062, -0x0011, 
    +0x001d, -0x001c, +0x000a, -0x002b, -0x0044, -0x006f, +0x0020, +0x0012, 
    +0x0022, +0x0002, -0x007c, -0x001f, +0x0020, +0x000a, -0x003b, -0x000b, 
    -0x0013, -0x0014, -0x0007, +0x0027, +0x0005, +0x0039, -0x0008, -0x0002, 
    +0x005f, -0x0001, -0x007f, -0x000c, +0x0014, -0x0014, -0x003f, +0x003d, 
    -0x0009, -0x0028, -0x0027, -0x0020, -0x0006, -0x0004, +0x0034, +0x000d, 
    +0x000d, -0x000b, -0x0059, +0x001d, +0x0000, +0x000c, -0x0020, +0x0013, 
    -0x0028, -0x0003, -0x0003, -0x0038, -0x0021, -0x0031, +0x0027, +0x003d, 
    +0x0010, -0x0010, -0x003c, -0x0009, -0x0005, +0x0025, +0x000d, +0x001b, 
    -0x0006, +0x000c, +0x000c, +0x0046, -0x0005, +0x0032, -0x000c, -0x0002, 
    +0x0036, -0x000a, -0x0042, -0x0002, +0x0003, +0x0020, -0x000f, +0x004d, 
    +0x001c, -0x000c, -0x0016, -0x0011, -0x0021, -0x0007, +0x001e, +0x0009, 
    -0x0004, +0x0000, -0x000b, +0x000f, -0x0002, +0x0030, +0x0007, +0x003a, 
    -0x0014, +0x0016, -0x0007, +0x000c, -0x0037, -0x0017, +0x0009, +0x001e, 
    -0x003c, -0x0016, +0x0000, +0x0003, -0x0030, -0x0016, -0x0003, -0x004b, 
    +0x0016, +0x0009, +0x003e, -0x0010, -0x0016, -0x001b, -0x0018, -0x000d, 
    -0x000e, -0x0015, -0x000b, -0x001d, -0x0031, +0x0005, -0x003c, -0x0033, 
    +0x0004, -0x000c, +0x0059, -0x0006, -0x0010, +0x0009, -0x0030, -0x001f, 
    -0x0001, +0x0025, -0x001e, +0x0015, +0x0011, +0x0026, -0x002e, -0x0030, 
    -0x0026, +0x0015, +0x0042, -0x0002, +0x002a, +0x0013, -0x0007, -0x001c, 
    -0x0001, -0x0020, -0x001c, +0x0008, -0x004a, -0x0049, -0x0035, -0x001e, 
    +0x0000, +0x001e, +0x0046, -0x001d, -0x0036, -0x0026, +0x0008, -0x0027, 
    +0x0026, -0x0001, +0x0001, -0x0008, -0x0013, -0x0022, -0x001d, +0x0001, 
    -0x0018, +0x0003, +0x0059, -0x0013, +0x0015, -0x0021, +0x0024, -0x0023, 
    +0x0037, +0x0030, -0x0019, -0x0012, +0x0008, +0x0000, -0x0017, -0x000b, 
    -0x003f, +0x0018, +0x0042, +0x000d, +0x0050, -0x0011, +0x0016, +0x0006, 
    +0x0010, -0x0020, -0x0027, +0x001b, -0x003b, -0x004f, +0x000a, +0x002a, 
    +0x0012, +0x002d, +0x0025, -0x0007, +0x000a, -0x0011, +0x0011, +0x0001, 
    +0x0013, -0x0006, -0x000a, +0x0009, +0x0033, -0x004e, +0x003f, +0x0029, 
    -0x002b, +0x0030, +0x001e, +0x0002, +0x003d, -0x0020, +0x0038, +0x0008, 
    -0x0002, +0x0031, +0x0000, -0x0040, +0x001c, -0x000c, +0x003a, +0x0007, 
    -0x0020, +0x0002, +0x0013, +0x0024, +0x0023, +0x0006, +0x0023, +0x0015, 
    -0x000f, +0x0006, +0x000a, -0x0026, +0x0033, -0x000c, +0x0012, -0x0056, 
    +0x0027, -0x0014, -0x0014, -0x002b, -0x002c, -0x0017, +0x002b, -0x0002, 
    -0x0007, +0x000b, +0x0011, -0x0028, +0x0022, -0x002d, +0x0012, -0x0037, 
    +0x0032, +0x0019, -0x0028, +0x000b, +0x0010, -0x001c, -0x0021, -0x0016, 
    -0x0017, -0x000e, +0x0002, +0x0012, -0x0024, -0x0023, -0x0029, +0x001d, 
    +0x002e, +0x0052, -0x000b, +0x0005, +0x003e, -0x000a, -0x0019, -0x0028, 
    -0x0017, -0x0007, -0x0024, -0x0032, +0x0058, +0x002b, +0x0027, -0x0037, 
    +0x002a, -0x0021, -0x0009, +0x000a, -0x0036, +0x000b, +0x000c, -0x000a, 
    -0x002a, +0x0001, -0x000c, -0x001e, +0x0016, +0x0016, +0x000a, -0x0008, 
    +0x0007, +0x0020, -0x002c, +0x0010, +0x000a, +0x0014, -0x0014, +0x0004, 
    -0x0033, -0x000d, -0x0005, -0x0018, -0x0024, -0x000b, -0x0019, -0x000c, 
    +0x0016, +0x0044, -0x0010, -0x0008, +0x0006, +0x0029, -0x000a, +0x002b, 
    -0x0013, +0x000e, -0x0010, -0x0022, +0x0010, +0x0033, +0x0020, -0x0018, 
    +0x000a, -0x0024, +0x0003, +0x0021, -0x0026, -0x002e, -0x0011, -0x003d, 
    -0x0032, -0x0009, -0x0024, +0x000c, -0x0006, +0x003c, +0x0005, +0x000f, 
    -0x0003, +0x000f, -0x0025, -0x000a, +0x000d, -0x0036, -0x0017, -0x0038, 
    -0x0039, +0x000d, +0x0010, +0x000b, -0x0025, +0x0021, +0x000f, +0x0000, 
    -0x0003, -0x0006, -0x0004, -0x0003, -0x0013, +0x0002, -0x001a, +0x0013, 
    +0x002e, +0x007c, +0x0025, -0x0003, +0x0013, -0x0023, +0x0028, +0x0010, 
    +0x0035, +0x001a, +0x000f, +0x0009, +0x0033, -0x0010, +0x0004, -0x0049, 
    +0x004f, +0x001e, -0x0016, -0x000a, -0x0030, -0x0033, +0x0040, -0x002a, 
    -0x0006, +0x0031, +0x001a, +0x0001, +0x0007, -0x0015, +0x000f, -0x0036, 
    -0x0029, -0x003d, -0x005a, +0x004e, -0x0036, +0x000b, +0x0028, -0x002a, 
    -0x0004, +0x0008, +0x0026, -0x0007, -0x0019, -0x0011, +0x0039, -0x003a, 
    +0x004a, +0x003f, +0x005c, -0x0041, +0x0004, -0x000d, +0x002d, +0x002b, 
    -0x0012, +0x0007, -0x001f, -0x0026, +0x0049, +0x0003, +0x001b, -0x0034, 
    +0x003b, +0x003e, +0x0013, -0x0032, -0x0037, -0x0046, +0x001d, -0x0019, 
    -0x0042, +0x0017, -0x0006, +0x0007, +0x0017, -0x0022, +0x003f, -0x0018, 
    -0x0038, +0x0005, -0x003b, +0x002e, -0x0019, -0x003c, -0x0003, -0x002c, 
    -0x0036, -0x000a, -0x0009, +0x0009, -0x001e, -0x0013, +0x0062, +0x001a, 
    +0x0037, -0x000b, +0x003c, -0x0053, -0x001b, -0x001c, -0x0014, +0x0067, 
    -0x003c, +0x001b, -0x000b, -0x0050, +0x0058, +0x002a, +0x0017, -0x001e, 
    -0x0003, +0x0018, +0x001f, -0x002f, +0x0003, -0x0058, -0x002e, +0x001f, 
    -0x0058, -0x0003, +0x0014, -0x0028, +0x0025, -0x0013, +0x0035, -0x000d, 
    -0x007f, +0x0006, +0x002c, +0x0012, +0x0003, -0x0071, -0x003f, -0x0012, 
    -0x0025, -0x0025, +0x0000, -0x0008, -0x001f, +0x0004, +0x0034, +0x002f, 
    +0x0005, -0x0038, +0x0019, -0x0029, +0x001b, -0x0041, -0x0007, +0x0016, 
    +0x001c, +0x0037, +0x000e, -0x002c, +0x0027, -0x0037, -0x0012, -0x0015, 
    +0x003e, +0x000e, +0x0009, -0x0015, +0x0043, +0x0000, -0x0007, +0x0006, 
    +0x0046, +0x0032, -0x001d, -0x004f, +0x003b, -0x000a, +0x000f, +0x0019, 
    +0x002d, +0x0041, +0x0009, -0x0021, +0x005a, +0x0024, +0x0009, -0x0006, 
    +0x0019, +0x002a, -0x000f, -0x003b, +0x0052, +0x002c, -0x0007, +0x001e, 
    -0x000c, -0x000a, +0x000e, -0x003a, +0x0021, -0x0030, -0x0005, +0x0017, 
    +0x000d, +0x0007, +0x0013, -0x001c, +0x002f, -0x004b, -0x000e, +0x0059, 
    +0x0007, +0x0033, +0x0001, -0x002e, +0x0049, +0x0008, -0x0027, +0x0013, 
    +0x0003, +0x0015, -0x000a, -0x0049, +0x0044, -0x001b, +0x001d, +0x0060, 
    -0x0028, +0x001d, -0x0006, -0x0026, +0x0054, +0x0034, -0x001a, +0x0022, 
    -0x0026, +0x0034, -0x0006, -0x004b, +0x0016, +0x0031, +0x0022, +0x002a, 
    -0x001c, -0x000e, -0x0014, -0x0012, +0x0007, -0x0026, +0x000e, +0x002a, 
    -0x0030, +0x0003, +0x0000, -0x0044, +0x0004, -0x0021, +0x0013, +0x007f, 
    -0x0015, +0x001f, -0x001f, -0x000e, +0x0033, -0x0013, +0x0000, +0x001c, 
    -0x005c, +0x0002, -0x000f, -0x004c, -0x0008, +0x000c, +0x0018, +0x0068, 
    -0x001c, +0x0004, -0x001e, +0x0003, +0x0008, +0x0028, +0x0007, +0x002d, 
    -0x0036, +0x003e, +0x0009, -0x0025, -0x0015, +0x002c, +0x0006, +0x0037, 
    +0x0027, -0x0002, -0x0001, -0x0047, +0x0041, +0x0043, -0x000a, -0x0037, 
    +0x000c, -0x0037, -0x001f, -0x000c, -0x0008, +0x0001, +0x000b, -0x0039, 
    +0x000e, -0x0003, +0x0006, -0x0019, +0x0002, +0x0004, +0x0013, -0x0005, 
    -0x0030, -0x000e, -0x0020, -0x0007, -0x0006, -0x0001, +0x0007, -0x0011, 
    -0x001b, +0x0023, +0x0006, +0x0006, +0x001c, -0x005e, +0x001b, -0x001a, 
    -0x0017, +0x0009, -0x0022, +0x001c, -0x000a, -0x0040, -0x0002, -0x0016, 
    +0x0026, -0x000c, -0x0002, -0x0047, +0x0027, +0x0015, -0x0039, -0x0007, 
    +0x0007, -0x0023, -0x0018, -0x000c, -0x0022, +0x001e, +0x000b, -0x0036, 
    -0x000b, +0x0006, -0x0011, -0x000d, -0x0018, -0x0009, -0x0015, +0x0001, 
    -0x001b, +0x0008, -0x0023, +0x0011, +0x0010, +0x0019, +0x0022, -0x0022, 
    -0x000c, +0x002b, +0x0003, +0x000d, +0x001c, -0x0046, -0x001b, -0x001e, 
    +0x0002, +0x0021, -0x0014, +0x0039, -0x0017, +0x000b, +0x0017, -0x0008, 
    +0x0021, +0x0001, +0x000d, -0x0007, -0x0026, +0x0019, -0x0020, +0x0016, 
    +0x0015, -0x000f, +0x001a, -0x002c, -0x0035, +0x0010, +0x0007, -0x003a, 
    +0x0014, -0x000d, -0x0008, +0x002d, -0x0005, -0x001d, -0x0021, +0x0008, 
    -0x0003, -0x0001, -0x0001, +0x0007, +0x000f, +0x0009, +0x0024, -0x0026, 
    -0x003f, -0x0019, +0x000d, +0x0035, +0x001f, -0x0017, -0x0016, -0x0014, 
    -0x0012, +0x0016, -0x0021, +0x0025, +0x0007, +0x0009, +0x0017, -0x000e, 
    -0x002e, +0x000d, +0x0017, +0x002e, +0x0018, +0x003c, +0x001f, -0x002b, 
    -0x000c, +0x0020, -0x000a, +0x0005, -0x0007, -0x0035, +0x002b, +0x002f, 
    +0x0009, +0x0006, +0x002d, +0x0002, -0x0008, +0x0001, +0x0021, -0x0037, 
    -0x002e, +0x0030, +0x0014, +0x0001, -0x002d, +0x0019, +0x0004, +0x0025, 
    +0x0048, +0x0007, +0x0019, +0x0006, +0x0007, -0x0017, +0x0017, -0x0008, 
    -0x0002, +0x0011, -0x0002, +0x0005, +0x0009, +0x003b, +0x0013, +0x000e, 
    +0x0019, +0x0004, +0x0014, +0x000d, +0x0004, +0x0063, +0x0036, -0x0053, 
    -0x0017, -0x000c, -0x0005, -0x0025, -0x0058, +0x0009, +0x000a, +0x002f, 
    +0x0035, +0x002f, +0x002b, -0x0014, -0x001e, +0x000f, +0x0035, -0x0039, 
    -0x002c, -0x000b, +0x0019, -0x0034, -0x004a, +0x0028, +0x000b, +0x0009, 
    +0x002c, +0x0021, +0x000a, -0x001e, -0x0038, -0x0020, +0x001c, +0x0005, 
    +0x0006, -0x0011, -0x0003, -0x0018, -0x002a, +0x0021, -0x0005, -0x0021, 
    +0x001e, -0x0026, +0x0026, +0x000a, +0x0007, +0x004a, +0x0021, -0x0054, 
    +0x0008, +0x0013, +0x0020, -0x0016, -0x0029, +0x0022, -0x000b, +0x002e, 
    +0x0006, +0x000b, -0x000a, -0x000b, -0x0023, +0x001b, +0x0040, -0x0028, 
    -0x0011, -0x0023, +0x001a, -0x0021, -0x000d, +0x0022, -0x0007, -0x0001, 
    +0x000a, +0x0021, +0x000a, +0x0000, -0x0043, -0x0009, +0x001f, +0x000c, 
    +0x0012, -0x004e, +0x0013, -0x0016, -0x0014, -0x0007, -0x0002, -0x0030, 
    +0x001e, -0x0005, +0x0002, +0x001e, -0x000c, +0x0045, +0x000a, -0x0003, 
    +0x0000, +0x003b, +0x0021, -0x0006, -0x000d, -0x003d, +0x002f, +0x002f, 
    +0x000e, -0x0007, -0x002c, +0x0050, +0x0000, +0x0065, +0x001a, -0x000e, 
    -0x0020, +0x0020, -0x0036, +0x000b, +0x0004, -0x003d, +0x003b, -0x001a, 
    -0x0001, +0x0006, +0x0002, +0x005c, +0x0021, +0x0060, +0x0029, +0x0015, 
    +0x0013, +0x002d, -0x003f, +0x000f, +0x0025, -0x003f, -0x0019, +0x0001, 
    -0x0026, -0x0047, -0x0005, -0x002a, -0x0016, +0x0051, +0x0032, -0x0015, 
    +0x002c, +0x0005, -0x001a, -0x0011, +0x0016, -0x003e, +0x001a, +0x003a, 
    -0x000d, -0x004c, -0x0019, -0x001f, -0x0019, +0x007f, +0x0031, -0x001b, 
    -0x0013, -0x0017, -0x003b, -0x0029, +0x0005, -0x001d, +0x0052, +0x0015, 
    +0x0009, -0x0018, +0x0010, -0x001a, +0x0004, +0x0042, +0x0047, -0x000a, 
    -0x0035, +0x000f, -0x0040, -0x0047, +0x0022, -0x0013, +0x0008, +0x000c, 
    -0x002a, -0x0035, -0x0016, -0x0042, -0x0019, +0x0014, +0x0055, -0x0053, 
    +0x0021, +0x000a, +0x0042, +0x0004, +0x0027, -0x0021, -0x0008, +0x002e, 
    -0x0024, -0x004d, -0x0041, -0x0062, -0x004d, +0x005c, +0x0056, -0x0062, 
    +0x0017, -0x002b, +0x0047, +0x001b, -0x000b, -0x0020, +0x0032, +0x0005, 
    +0x0013, +0x0004, +0x0009, -0x0024, -0x0048, +0x003c, +0x002b, -0x0061, 
    -0x0017, -0x0038, +0x0007, -0x003c, -0x0006, -0x0002, -0x0005, -0x000b, 
    -0x0013, +0x0012, -0x0006, -0x0010, +0x0019, +0x004f, +0x001d, -0x0011, 
    +0x0031, -0x0002, -0x0037, -0x0034, +0x0008, -0x0011, -0x0020, +0x000a, 
    -0x0007, +0x001a, -0x0026, -0x004e, +0x002c, +0x0063, +0x0002, +0x001c, 
    +0x003a, +0x0019, -0x002e, -0x0077, -0x0006, -0x0020, -0x0036, +0x003c, 
    -0x001a, +0x0027, -0x002c, -0x001d, +0x002c, +0x0021, -0x000e, +0x000b, 
    +0x0005, +0x0020, -0x0033, -0x0048, -0x0040, -0x0022, -0x0017, +0x0022, 
    +0x0012, +0x0003, -0x0008, -0x0026, +0x0015, +0x006c, -0x0001, -0x000e, 
    +0x001d, -0x0036, -0x0018, +0x000d, +0x0042, +0x000f, -0x000d, -0x0004, 
    +0x0002, -0x0001, -0x000e, -0x007f, +0x0009, +0x006f, +0x0005, +0x0002, 
    +0x003b, -0x0013, -0x0018, -0x0060, +0x0042, -0x0010, -0x0005, +0x0021, 
    -0x0001, -0x000e, +0x001a, -0x004a, +0x0020, +0x000d, -0x001b, -0x0001, 
    +0x002b, +0x0014, -0x002d, -0x003d, +0x000f, -0x000f, +0x0029, -0x0029, 
    +0x002a, +0x0016, -0x0006, +0x0001, +0x0010, +0x004f, +0x0009, -0x0024, 
    +0x002b, -0x0038, +0x0005, -0x0001, -0x0015, +0x0019, +0x0021, -0x002c, 
    +0x0001, +0x0011, -0x0007, -0x004b, +0x000c, +0x002f, -0x000e, -0x002f, 
    +0x0020, -0x002e, -0x0014, -0x0042, +0x0008, -0x000b, +0x0051, -0x0023, 
    +0x000f, -0x0005, +0x0035, -0x0022, +0x0013, -0x0015, -0x0034, -0x0018, 
    +0x0035, +0x0026, -0x0001, -0x0033, +0x001e, -0x0007, +0x0026, -0x0062, 
    +0x0007, +0x0013, +0x0059, +0x0030, -0x000f, +0x0006, -0x0015, -0x0023, 
    -0x002b, -0x000f, -0x000f, -0x0023, -0x0011, +0x002b, +0x0013, -0x0016, 
    +0x0017, -0x0011, +0x004e, +0x0077, -0x000e, +0x0018, -0x0052, +0x0026, 
    +0x0008, -0x002d, -0x0005, -0x0016, -0x0027, +0x0034, +0x0007, -0x000a, 
    +0x0015, +0x0007, +0x0011, +0x005e, +0x0014, +0x0028, -0x004c, +0x0046, 
    -0x000a, -0x000d, -0x001e, -0x0001, -0x0009, +0x0015, +0x0012, -0x0010, 
    +0x0018, -0x0007, +0x0066, +0x002c, -0x0002, -0x0026, -0x003b, -0x0026, 
    -0x003a, -0x0034, +0x001a, -0x002f, +0x0019, +0x002c, +0x0014, -0x0017, 
    +0x0066, -0x0017, +0x0025, +0x0045, -0x000a, -0x002d, -0x006c, -0x000c, 
    -0x0009, -0x006f, +0x0001, -0x002d, -0x0024, +0x0022, -0x0001, -0x002d, 
    +0x0044, -0x0013, -0x001f, +0x0030, -0x002a, -0x0017, -0x003b, +0x0024, 
    -0x0015, -0x0050, -0x0019, -0x0052, -0x0013, +0x000c, +0x0022, -0x0015, 
    +0x0022, +0x000b, -0x0001, +0x003f, -0x0023, -0x001e, +0x0011, -0x0057, 
    -0x002f, -0x0025, +0x0013, +0x000e, +0x0039, +0x0010, -0x0012, -0x003b, 
    +0x0078, -0x000f, -0x0013, +0x003b, -0x000d, -0x0024, -0x0012, -0x003d, 
    +0x000d, -0x0047, -0x000b, +0x0009, +0x002c, -0x0002, -0x0016, -0x006b, 
    +0x007f, -0x000a, -0x002a, +0x001e, -0x0025, -0x0034, +0x0022, +0x000a, 
    +0x0023, -0x0037, -0x0014, -0x0015, +0x0013, +0x0000, -0x0011, -0x003c, 
    +0x0006, +0x0010, +0x0011, +0x0023, -0x0043, -0x002c, +0x0000, -0x0023, 
    +0x0030, -0x0006, -0x0029, -0x0002, +0x002e, -0x000c, +0x002e, -0x001a, 
    +0x002b, -0x001b, +0x0028, -0x0021, -0x0033, -0x0013, -0x000a, -0x001c, 
    +0x0037, -0x001f, -0x0025, -0x000d, +0x0018, -0x002c, +0x003e, +0x0041, 
    -0x0006, -0x0037, +0x0011, -0x001f, -0x001a, +0x0027, -0x0013, -0x000c, 
    +0x0002, -0x0022, +0x000e, +0x0013, +0x0030, +0x0003, +0x000e, +0x0017, 
    +0x0022, -0x0025, +0x0033, -0x000b, -0x0030, -0x0020, -0x0005, -0x0002, 
    +0x005b, -0x0016, +0x001d, -0x0014, +0x001a, -0x000a, +0x0006, -0x0001, 
    +0x0042, -0x0047, +0x002d, -0x002f, -0x0018, -0x002d, -0x001f, +0x0018, 
    +0x0059, -0x0048, -0x000a, -0x0027, +0x0006, -0x0029, +0x0042, +0x0053, 
    +0x0013, -0x0028, +0x0036, -0x003b, -0x000f, -0x0022, +0x0001, +0x0030, 
    +0x0011, -0x0037, +0x001e, -0x0008, -0x0004, +0x0001, -0x0003, +0x0019, 
    -0x0012, -0x002e, +0x004c, -0x0007, +0x000e, -0x000c, -0x001e, -0x0017, 
    +0x000e, -0x0009, +0x0051, -0x002c, +0x0012, -0x002c, -0x000b, -0x001d, 
    +0x0020, -0x0029, +0x0034, -0x0035, +0x0021, -0x0029, -0x0004, +0x0014, 
    +0x0028, -0x002f, +0x0056, -0x005b, +0x0020, -0x0065, +0x000c, +0x0047, 
    +0x0028, +0x0004, +0x000b, -0x001e, +0x0034, +0x000a, +0x001e, +0x002a, 
    +0x0003, -0x0021, +0x0042, -0x0019, +0x000a, -0x0031, -0x0020, +0x0025, 
    -0x0012, +0x0064, -0x0018, -0x0016, -0x0029, -0x002f, +0x0012, +0x000c, 
    +0x000b, -0x0019, -0x007c, +0x0023, -0x002e, -0x0001, +0x0016, -0x0023, 
    -0x0018, +0x0014, +0x0013, -0x0005, -0x0024, -0x004c, +0x0024, -0x0002, 
    +0x000a, -0x0027, -0x0052, +0x0007, -0x003d, -0x0022, +0x001a, -0x0021, 
    -0x0024, -0x0005, -0x0006, -0x0034, -0x001e, -0x0040, +0x0061, +0x0002, 
    -0x0004, -0x003e, -0x000b, -0x001c, +0x0004, -0x0023, +0x0007, -0x0039, 
    +0x001c, +0x0036, -0x006c, +0x0005, +0x0003, -0x0020, -0x0014, +0x0005, 
    -0x001d, -0x004b, -0x002b, +0x0020, -0x0034, +0x0032, +0x0033, -0x004d, 
    +0x0018, -0x0016, +0x0004, -0x0018, -0x0005, -0x0047, +0x000e, +0x0028, 
    -0x0027, -0x0049, +0x0020, +0x0005, -0x003e, +0x000b, +0x0007, -0x0013, 
    -0x0002, -0x0025, +0x0026, -0x0013, -0x0008, -0x0037, +0x0028, -0x0020, 
    -0x000f, -0x002c, +0x0032, +0x0005, -0x0016, -0x001f, +0x0005, -0x0020, 
    +0x0008, +0x0000, -0x0075, -0x0027, -0x001b, +0x0016, -0x0011, +0x0000, 
    +0x0016, -0x001d, +0x0041, +0x0022, +0x0014, +0x002d, +0x001e, -0x003c, 
    +0x0032, -0x0021, -0x000e, -0x001b, +0x0011, -0x0006, +0x0005, +0x0007, 
    -0x0027, -0x003d, +0x0039, +0x0017, +0x000c, +0x0010, +0x0031, +0x002c, 
    +0x0030, -0x001a, +0x000d, +0x001e, +0x002f, -0x000d, -0x002a, +0x0015, 
    -0x0025, -0x0026, +0x0037, +0x001a, +0x000c, +0x0011, +0x0015, -0x0006, 
    -0x0012, +0x001a, -0x0034, -0x001b, -0x000a, -0x001d, -0x0051, -0x0008, 
    +0x0046, +0x0027, -0x0008, -0x002d, +0x0015, -0x0004, -0x0018, +0x004c, 
    +0x0013, +0x0057, -0x0033, -0x0016, -0x0017, -0x0017, -0x0029, -0x000f, 
    +0x002a, +0x002b, +0x000b, -0x0001, +0x0034, -0x003d, -0x000a, +0x0026, 
    +0x0015, +0x0040, -0x0017, -0x0012, -0x0014, -0x0012, -0x0007, +0x0027, 
    +0x0006, -0x0010, -0x0019, +0x001c, -0x0002, -0x001c, +0x0038, -0x002b, 
    -0x001d, +0x0034, -0x004a, -0x001f, +0x0000, -0x005c, -0x0025, -0x003b, 
    +0x0015, +0x001f, +0x0003, -0x003e, +0x0018, -0x003e, +0x005c, +0x0029, 
    +0x0002, +0x0056, -0x0036, -0x0032, -0x001a, -0x0059, -0x0049, -0x0009, 
    +0x0017, +0x0031, -0x0018, -0x0050, +0x0038, -0x006c, +0x003f, -0x0017, 
    +0x0008, +0x002e, -0x0006, -0x001d, -0x0030, -0x001b, -0x002b, +0x0015, 
    +0x0016, -0x0010, -0x000e, +0x0009, +0x001e, -0x0037, +0x003f, -0x003a, 
    -0x0031, +0x0012, -0x001e, +0x0002, +0x0019, -0x001d, +0x0039, -0x005b, 
    +0x000b, +0x002b, -0x0044, -0x002f, +0x000b, -0x003e, +0x007f, +0x0019, 
    -0x0030, +0x001a, -0x0004, +0x0005, +0x0013, -0x0032, -0x0005, -0x000e, 
    -0x000a, +0x0045, -0x001f, -0x0071, -0x0002, -0x003c, +0x0070, -0x0021, 
    -0x0012, -0x000d, +0x0012, +0x0000, +0x0001, -0x0023, -0x0017, -0x0028, 
    +0x0005, -0x000b, -0x0028, -0x0033, +0x0001, -0x0006, +0x004e, -0x003b, 
    +0x0011, +0x001b, +0x0022, +0x000d, +0x0008, +0x0001, +0x004c, +0x0008, 
    -0x002a, +0x000e, +0x0038, -0x000a, +0x0004, -0x0049, -0x001c, -0x000d, 
    +0x001e, +0x0017, +0x0001, +0x0000, -0x000e, -0x0020, +0x0018, -0x0021, 
    -0x001a, +0x0043, +0x001e, -0x002b, +0x0007, -0x002b, +0x0014, +0x0027, 
    -0x002e, +0x004a, -0x003c, -0x0020, +0x0006, -0x0023, -0x001b, -0x000f, 
    -0x000d, +0x002d, +0x001a, -0x001a, -0x0022, +0x0001, +0x0025, -0x0027, 
    +0x004a, +0x0001, +0x001d, -0x0006, -0x000f, +0x0013, +0x0023, +0x001d, 
    -0x002a, +0x0029, +0x0009, -0x0012, -0x001c, -0x002c, -0x000a, +0x0009, 
    +0x004e, +0x0018, -0x0038, +0x0011, -0x0015, +0x0016, -0x0019, +0x0001, 
    -0x0049, +0x0072, +0x0022, -0x0045, -0x0023, -0x002c, +0x0006, +0x006d, 
    +0x0007, +0x0018, -0x0062, -0x0026, +0x0007, -0x000c, +0x000d, +0x000f, 
    -0x0031, +0x0060, +0x0030, -0x002e, -0x002c, +0x0007, +0x0025, +0x0027, 
    +0x0007, -0x0004, +0x0031, +0x0048, +0x000c, +0x0038, -0x001e, +0x0018, 
    -0x001c, -0x001c, +0x000f, -0x001b, +0x0010, -0x0011, -0x0016, +0x002b, 
    +0x0017, +0x0014, -0x0013, +0x0025, +0x0015, +0x003b, -0x0040, +0x000a, 
    -0x003e, +0x0028, +0x0016, -0x0027, -0x001e, -0x000d, -0x0011, +0x005d, 
    +0x0004, +0x0016, -0x003b, -0x002a, -0x000a, +0x0007, -0x0006, +0x0016, 
    -0x0028, +0x0039, +0x0016, -0x003a, -0x0014, +0x000d, +0x0018, +0x0022, 
    -0x0019, -0x002e, -0x000d, -0x0004, -0x0006, +0x0002, -0x001d, +0x0028, 
    -0x0011, -0x0023, -0x000f, -0x0045, -0x004c, -0x0009, +0x0017, -0x000a, 
    -0x002c, -0x004d, +0x0014, -0x0025, -0x000b, +0x0003, -0x0025, +0x000d, 
    -0x0019, -0x000b, +0x0005, -0x0021, +0x0001, -0x0036, +0x000c, -0x0056, 
    +0x0025, -0x000c, +0x0046, +0x001f, -0x000a, -0x0003, -0x0010, +0x0027, 
    -0x0001, -0x0010, +0x0024, -0x0004, +0x0007, -0x0022, +0x004b, -0x006e, 
    -0x0018, -0x0046, -0x0044, +0x0054, +0x0021, -0x0017, -0x0026, +0x000b, 
    -0x0010, +0x000e, +0x0016, -0x001a, -0x0059, -0x0002, +0x0000, -0x0002, 
    -0x001b, -0x0041, -0x0028, -0x0009, +0x000e, -0x0003, -0x002f, -0x0012, 
    -0x0007, +0x0031, +0x0034, -0x0008, -0x0012, +0x0008, -0x0032, -0x0046, 
    -0x001c, -0x000a, -0x0019, +0x0025, +0x0004, +0x000c, -0x002a, +0x0010, 
    +0x000f, +0x0001, +0x003c, +0x0030, -0x0005, +0x0001, +0x0045, -0x0055, 
    +0x0038, +0x001a, -0x003f, +0x0060, +0x000a, -0x0013, +0x0002, -0x0039, 
    -0x000c, +0x0030, -0x0023, +0x0016, -0x0045, -0x0020, -0x005c, +0x0025, 
    +0x001c, -0x0005, -0x0020, +0x0004, +0x000e, -0x0005, -0x0022, -0x0059, 
    -0x000f, +0x003f, +0x0006, +0x001e, -0x001b, -0x0012, -0x002e, +0x0010, 
    -0x001b, +0x0019, -0x001b, +0x0011, +0x0026, +0x0012, +0x0003, -0x003b, 
    +0x0005, +0x0000, +0x002e, +0x0021, -0x0008, +0x0013, +0x001d, -0x001b, 
    -0x0038, -0x0043, +0x000e, +0x0024, -0x0030, +0x0047, +0x0056, +0x0021, 
    -0x0048, +0x0002, -0x0006, -0x0029, +0x0026, -0x000b, -0x0046, +0x0006, 
    -0x0005, -0x000e, +0x0003, +0x0026, -0x001d, +0x007d, +0x003e, +0x0019, 
    -0x000e, +0x0019, -0x0007, +0x0014, +0x004b, +0x0002, -0x0050, -0x000f, 
    +0x0012, +0x001c, -0x0025, +0x0026, -0x0012, +0x0071, +0x0032, +0x002d, 
    +0x0021, +0x000e, -0x0005, -0x0011, +0x0013, -0x0023, -0x006a, -0x0009, 
    -0x0008, +0x000b, -0x0024, -0x0002, +0x0005, +0x005c, +0x001d, +0x0024, 
    -0x001c, +0x0004, +0x0044, -0x001f, +0x0028, +0x0014, +0x0012, -0x000f, 
    +0x0007, +0x0011, -0x0013, +0x0039, +0x0008, +0x0076, +0x000f, +0x0045, 
    +0x0011, +0x0029, +0x002e, -0x0016, +0x003e, +0x0003, -0x000b, -0x002e, 
    +0x0016, +0x0017, +0x000b, +0x0035, +0x000f, +0x0031, +0x0042, +0x004c, 
    +0x000d, +0x0030, -0x0002, -0x002d, +0x0027, +0x0001, -0x003d, -0x0009, 
    -0x0018, +0x0067, -0x001f, -0x0023, +0x000b, +0x0013, +0x0001, +0x0011, 
    -0x001a, +0x0032, +0x002e, -0x000b, +0x0043, +0x0004, +0x0021, -0x0059, 
    -0x002f, +0x0062, +0x000b, +0x0016, +0x0008, +0x001f, -0x000e, +0x0020, 
    +0x0007, +0x0068, +0x0016, +0x0009, +0x0049, -0x0021, +0x002b, -0x004b, 
    -0x0025, +0x002b, +0x002c, +0x0034, +0x0005, -0x0003, +0x001f, +0x001f, 
    -0x0013, +0x0060, -0x0026, +0x0002, +0x0011, -0x001f, +0x0005, +0x0000, 
    -0x001a, +0x001d, -0x0020, -0x0012, -0x0023, +0x007d, -0x005f, -0x002a, 
    -0x007f, -0x0068, -0x0001, -0x000a, -0x0010, +0x0020, -0x0027, -0x0075, 
    -0x002f, +0x0009, -0x001b, +0x0024, -0x0020, +0x0034, -0x005f, +0x0004, 
    -0x0032, -0x0034, +0x0001, -0x0026, +0x0005, +0x0028, -0x0004, -0x0055, 
    -0x0028, +0x001f, +0x003e, +0x000b, -0x0021, -0x001d, -0x0047, +0x0000, 
    -0x0023, -0x0073, -0x0008, -0x002c, +0x0001, +0x007f, +0x001a, -0x0048, 
    -0x0026, -0x0015, -0x0025, +0x001c, -0x001e, +0x001c, -0x0027, +0x000b, 
    -0x0043, +0x0026, -0x000e, -0x0001, -0x001c, +0x000c, +0x001f, -0x003e, 
    -0x0026, -0x0013, -0x0038, +0x0029, -0x0021, -0x0003, -0x0029, +0x0021, 
    +0x0008, +0x0063, -0x0026, -0x0023, -0x0013, +0x0013, -0x0010, -0x001a, 
    -0x0011, -0x0004, +0x0019, +0x0018, -0x0005, -0x0048, -0x002e, +0x0001, 
    +0x0050, +0x0019, -0x001a, -0x003d, -0x000b, +0x0039, -0x002c, -0x0033, 
    -0x0021, -0x0015, -0x002e, +0x0002, +0x0007, -0x0006, -0x001a, +0x0006, 
    -0x0016, +0x003e, +0x0001, +0x001c, -0x0034, -0x002a, +0x0034, -0x001a, 
    -0x0045, -0x002a, -0x0036, -0x0011, +0x0003, -0x0011, +0x0007, +0x0022, 
    +0x0013, +0x0060, -0x004d, -0x0020, +0x0007, -0x000e, -0x000c, +0x000c, 
    -0x0012, -0x0017, -0x0017, +0x0001, +0x000c, -0x0037, +0x001d, +0x001c, 
    +0x003a, +0x002e, -0x0016, -0x001c, +0x000b, +0x0008, -0x003e, +0x0006, 
    +0x001f, +0x0033, +0x0039, -0x0038, -0x002e, +0x001b, -0x0001, -0x0004, 
    +0x000e, +0x003c, -0x0009, -0x000a, +0x0029, -0x002d, -0x0001, +0x0001, 
    +0x0012, -0x000a, +0x000e, -0x003a, +0x0014, +0x0025, -0x0012, -0x000b, 
    -0x000d, +0x0031, -0x0014, +0x000b, +0x0042, -0x000d, -0x0024, -0x000b, 
    +0x0013, -0x0003, +0x002a, -0x0014, +0x002e, +0x0038, -0x0037, -0x0005, 
    +0x0006, -0x000a, -0x0029, +0x000a, +0x0035, -0x000e, -0x0005, -0x0001, 
    -0x0013, +0x0015, +0x000c, +0x0019, +0x0001, +0x0020, +0x0016, -0x0023, 
    -0x001b, +0x000f, -0x001d, -0x0011, +0x0026, +0x0002, -0x0027, +0x000f, 
    -0x0014, -0x0034, -0x000a, +0x0006, +0x0020, +0x0050, +0x0022, -0x003b, 
    -0x0027, +0x0042, -0x004a, +0x002c, +0x004e, +0x000d, -0x0030, +0x0004, 
    -0x0001, -0x0028, -0x000f, +0x0026, +0x0018, +0x0021, -0x0003, -0x0042, 
    -0x002d, +0x001d, -0x003e, +0x0024, +0x004b, +0x0001, +0x0021, -0x0010, 
    -0x0033, +0x0014, -0x001e, +0x0015, +0x000b, -0x0015, -0x0003, -0x001e, 
    -0x0002, -0x001b, -0x000f, -0x000e, +0x000d, +0x002a, -0x001b, +0x0026, 
    -0x0059, -0x0025, -0x000a, -0x000b, +0x0019, +0x0019, +0x0025, -0x000f, 
    -0x002a, +0x0027, -0x0045, +0x0018, +0x0020, -0x0020, -0x002b, -0x0017, 
    -0x002b, +0x0023, -0x000f, +0x0022, +0x0017, +0x001b, +0x0036, -0x004a, 
    -0x0026, +0x001e, -0x000b, +0x0012, +0x0035, -0x0044, +0x0007, -0x0047, 
    +0x0000, +0x0052, -0x000c, -0x0039, -0x0010, +0x004b, -0x0013, +0x0009, 
    -0x0013, +0x0014, +0x000f, +0x0003, -0x0031, -0x001b, +0x000e, +0x001a, 
    +0x0009, +0x007f, +0x0010, -0x0014, -0x000b, +0x0026, +0x0028, +0x0003, 
    +0x0014, +0x000e, -0x000e, -0x0038, -0x0028, +0x0009, +0x0006, +0x0012, 
    -0x0008, +0x005e, -0x000d, +0x0008, -0x000e, +0x003c, +0x0033, -0x0014, 
    +0x000d, -0x0003, -0x001c, -0x0023, +0x0007, +0x000a, -0x000b, +0x0020, 
    -0x0001, +0x004a, -0x002c, +0x0028, -0x000f, +0x006c, -0x0036, -0x0007, 
    +0x0010, -0x0011, -0x0001, -0x0020, -0x000d, -0x0002, -0x001c, -0x000d, 
    +0x001a, +0x0071, +0x0014, +0x0048, -0x0018, +0x005e, +0x0029, +0x0010, 
    +0x0011, -0x0016, -0x0001, -0x005c, +0x0011, +0x001f, -0x0024, -0x000c, 
    -0x0007, +0x0025, -0x0004, +0x0037, -0x0034, +0x0033, +0x0016, -0x0003, 
    +0x0011, -0x0018, -0x0028, -0x0034, +0x002e, +0x0019, -0x001f, -0x0007, 
    +0x0003, +0x0034, -0x0041, +0x0002, +0x0006, +0x004d, -0x001c, -0x0004, 
    +0x0013, -0x002e, -0x0006, -0x0028, +0x000d, -0x0013, -0x0008, +0x0003, 
    +0x0018, +0x004b, -0x0005, +0x0026, +0x0003, +0x0049, +0x001c, +0x0015, 
    +0x0012, -0x0030, +0x000d, -0x003b, +0x0016, +0x0007, -0x0050, -0x003c, 
    +0x002b, +0x0011, +0x0012, +0x0002, -0x000d, -0x002a, -0x000a, +0x0008, 
    -0x0001, -0x0005, -0x0016, -0x0006, +0x0001, +0x000a, -0x0040, -0x0019, 
    -0x003e, -0x0026, +0x0000, -0x0046, +0x0024, -0x0034, +0x0006, +0x0006, 
    -0x0020, +0x0002, -0x000e, -0x003c, +0x0045, +0x0013, +0x002a, -0x000e, 
    -0x002c, -0x0022, -0x001d, -0x001a, -0x0004, -0x004e, -0x0005, +0x001b, 
    -0x0036, +0x000b, -0x0029, -0x0029, +0x0051, +0x0047, -0x001b, +0x0009, 
    -0x0051, -0x0050, +0x0013, +0x0011, -0x0028, -0x0045, +0x000c, +0x000a, 
    -0x0017, -0x0018, -0x0001, -0x0014, +0x002e, +0x001a, -0x0018, +0x0010, 
    +0x0024, +0x001d, -0x0036, -0x0059, +0x0000, -0x000c, +0x000f, +0x0046, 
    -0x001d, -0x0006, -0x000b, -0x0055, +0x004b, +0x0035, -0x0033, -0x0026, 
    +0x0011, +0x0036, -0x0055, -0x0017, -0x0002, -0x0040, -0x0003, +0x003f, 
    -0x001f, +0x0023, -0x002f, -0x002a, +0x006f, +0x0032, -0x0043, -0x001f, 
    -0x002c, +0x0007, -0x0049, +0x0018, -0x000f, -0x0010, +0x000f, +0x0026, 
    -0x001d, +0x0007, -0x003b, -0x0001, +0x004f, +0x001d, -0x000f, +0x000d, 
    +0x0039, +0x0042, -0x0045, -0x007f, -0x0030, -0x0030, +0x0037, +0x004e, 
    +0x0006, -0x0014, +0x0025, -0x0037, +0x001d, +0x0046, -0x0063, -0x003d, 
    +0x0020, +0x0044, -0x0037, -0x0011, -0x000a, -0x0017, +0x0026, +0x002b, 
    -0x001c, +0x0043, -0x0011, +0x0005, +0x0035, +0x002f, -0x0065, -0x000a, 
    -0x0003, +0x0002, -0x005a, +0x0010, -0x0007, -0x001a, +0x0000, +0x000d, 
    -0x003e, +0x003c, -0x0007, +0x0034, +0x002d, +0x002b, +0x0010, +0x001c, 
    +0x000b, +0x0044, +0x0014, +0x0015, +0x001e, +0x0003, +0x003c, -0x0004, 
    +0x0001, +0x004b, +0x0013, -0x0064, +0x0003, +0x0042, +0x003b, +0x000a, 
    +0x001d, +0x0021, +0x0033, +0x0012, +0x0009, -0x0005, +0x0026, +0x0002, 
    -0x0013, +0x0021, +0x0021, +0x000f, +0x0012, +0x0056, +0x005d, -0x0018, 
    -0x0003, +0x0011, +0x002c, +0x000d, +0x0012, -0x0025, -0x0018, -0x0033, 
    -0x0015, -0x0019, -0x0001, +0x0030, +0x0003, +0x003f, +0x0059, -0x001f, 
    +0x0008, +0x0004, +0x0001, +0x0021, +0x0022, -0x0033, +0x003b, -0x000c, 
    -0x0018, +0x004b, -0x0005, -0x0024, -0x0013, +0x0020, +0x0048, -0x0008, 
    +0x0011, -0x000d, +0x0001, +0x0003, +0x0029, -0x0025, +0x0037, -0x0037, 
    -0x0020, +0x0078, +0x0023, +0x0014, -0x000e, +0x0023, +0x007f, -0x0010, 
    -0x0007, +0x001b, +0x0001, -0x0007, +0x0026, -0x0016, +0x0018, -0x004a, 
    -0x0017, +0x0042, -0x000c, +0x0018, +0x0001, +0x002a, +0x0067, -0x0012, 
    +0x0009, +0x0031, +0x0013, +0x0008, -0x0004, -0x002c, -0x000a, -0x0023, 
    -0x0019, +0x003f, -0x0017, -0x000e, -0x0008, -0x0025, +0x0038, -0x001c, 
    -0x000a, +0x004c, +0x0003, -0x0011, +0x001d, -0x002d, +0x000a, -0x0059, 
    -0x0003, +0x0070, +0x0001, +0x0012, -0x000b, +0x001c, +0x0052, -0x0015, 
    -0x001c, +0x002f, -0x0005, -0x0017, +0x001a, -0x0005, +0x003f, -0x0053, 
    +0x0015, +0x003e, -0x001f, +0x002d, +0x0012, +0x0052, +0x0042, -0x000a, 
    +0x0015, -0x0014, -0x0003, -0x0019, +0x0029, -0x0018, +0x0012, -0x001e, 
    +0x0029, -0x000c, -0x0006, -0x0006, -0x0037, -0x0016, -0x0023, +0x0002, 
    -0x000d, -0x004c, -0x0016, +0x002e, +0x0038, -0x000d, +0x0029, -0x000e, 
    +0x001b, -0x0029, -0x0010, -0x0020, -0x004c, -0x001b, -0x001b, +0x002e, 
    -0x001b, -0x004d, -0x003b, -0x0006, -0x000b, -0x002b, -0x0018, -0x002f, 
    +0x000a, -0x0017, +0x0014, +0x000f, -0x0057, +0x000a, +0x002c, +0x0007, 
    +0x001d, -0x002b, +0x000e, +0x0014, +0x0054, +0x0003, +0x0036, -0x003c, 
    +0x0015, -0x002a, +0x0013, +0x0020, -0x003c, -0x0017, -0x0044, +0x000f, 
    +0x0028, -0x0028, +0x0006, +0x002a, +0x003f, +0x0002, +0x0044, +0x0009, 
    +0x0005, +0x0005, -0x0005, -0x0024, -0x007b, -0x0048, -0x0042, +0x0029, 
    +0x000d, -0x0038, -0x002d, +0x002b, +0x0003, -0x0008, +0x0005, -0x0018, 
    -0x000d, -0x000f, -0x0001, -0x0002, -0x0064, -0x001f, +0x0017, +0x001c, 
    -0x0010, -0x000c, +0x0024, +0x0012, +0x004b, -0x0020, -0x0013, -0x002b, 
    -0x0016, -0x0013, +0x0007, +0x000f, -0x0027, +0x0015, -0x0011, -0x0022, 
    -0x0005, -0x0029, +0x0023, +0x0019, +0x0044, -0x0015, +0x003b, +0x0022, 
    -0x0015, -0x0026, -0x0005, -0x0024, -0x0057, -0x0001, -0x0024, -0x0004, 
    +0x0012, -0x0031, +0x0013, +0x0020, +0x0008, -0x000a, +0x0027, -0x0011, 
    -0x001a, -0x0017, -0x0007, -0x0017, -0x0028, +0x0024, +0x000a, -0x0008, 
    +0x0003, +0x0038, -0x0038, +0x0008, -0x002b, +0x0035, -0x0010, -0x0015, 
    +0x0014, +0x002c, -0x0006, +0x0028, -0x0021, -0x002a, -0x0052, +0x001f, 
    +0x0014, +0x0004, -0x0018, -0x0026, -0x0008, +0x0042, +0x000a, -0x0016, 
    -0x000c, +0x0008, -0x0022, -0x000a, -0x0002, -0x002a, -0x0039, +0x0006, 
    +0x0004, +0x0002, +0x0018, -0x001e, +0x0001, +0x0002, +0x001d, -0x002e, 
    -0x000d, -0x0027, -0x0016, -0x0012, +0x000d, -0x0047, -0x0004, +0x0032, 
    +0x001d, +0x0029, -0x002e, +0x001c, +0x0011, +0x001b, -0x0005, -0x0039, 
    -0x0001, +0x000b, -0x0002, +0x0000, -0x001d, -0x0005, -0x002d, -0x000e, 
    +0x0016, +0x0020, -0x000a, -0x000a, +0x0029, +0x0032, -0x0028, -0x0005, 
    -0x0001, -0x0018, -0x0017, -0x0018, -0x000c, -0x003f, -0x0043, -0x0031, 
    +0x0015, +0x001f, -0x0006, +0x0002, +0x0003, -0x0011, -0x0019, -0x0018, 
    +0x0005, -0x0021, -0x0025, -0x001c, +0x0040, -0x005c, -0x0015, -0x000a, 
    -0x0008, -0x004f, -0x001e, +0x0008, +0x0023, -0x0012, +0x001a, -0x0036, 
    +0x0005, -0x0024, +0x0004, -0x0062, -0x001d, -0x004c, +0x001b, -0x0028, 
    -0x001f, -0x0038, +0x0016, -0x001f, +0x0046, +0x000d, -0x0012, +0x0002, 
    +0x0012, -0x0019, +0x0011, -0x0066, -0x0012, -0x002e, -0x001c, -0x0029, 
    -0x0037, -0x0034, +0x0036, +0x0010, +0x000f, -0x0025, -0x001b, +0x0017, 
    +0x0013, -0x0028, +0x002d, -0x0048, +0x003f, -0x0023, -0x0046, -0x001e
};
#ifdef __cplusplus
}  // extern "C"
#endif

#ifdef __cplusplus
extern "C" {
#endif
static const int32_t __attribute__((section(".rodata.tvm"), aligned(16))) fused_nn_contrib_conv2d_NCHWc_add_fixed_point_multiply_per_axis_add_clip_constant_1[1] = {
    -0x00000011
};
#ifdef __cplusplus
}  // extern "C"
#endif

#ifdef __cplusplus
extern "C" {
#endif
static const int32_t __attribute__((section(".rodata.tvm"), aligned(16))) fused_nn_contrib_conv2d_NCHWc_add_constant_14[32] = {
    +0x00000008, +0x00000009, +0x00000008, +0x00000008, +0x00000007, +0x00000009, +0x00000008, +0x00000008, 
    +0x00000009, +0x00000009, +0x00000008, +0x00000007, +0x00000008, +0x00000008, +0x00000008, +0x00000007, 
    +0x00000009, +0x00000008, +0x00000007, +0x00000008, +0x00000008, +0x00000009, +0x00000008, +0x00000009, 
    +0x00000008, +0x00000008, +0x00000008, +0x00000008, +0x00000007, +0x00000009, +0x00000009, +0x00000008
};
#ifdef __cplusplus
}  // extern "C"
#endif

#ifdef __cplusplus
extern "C" {
#endif
static const int32_t __attribute__((section(".rodata.tvm"), aligned(16))) fused_nn_contrib_conv2d_NCHWc_add_constant_13[32] = {
    +0x00000000, +0x00000000, +0x00000000, +0x00000000, +0x00000000, +0x00000000, +0x00000000, +0x00000000, 
    +0x00000000, +0x00000000, +0x00000000, +0x00000000, +0x00000000, +0x00000000, +0x00000000, +0x00000000, 
    +0x00000000, +0x00000000, +0x00000000, +0x00000000, +0x00000000, +0x00000000, +0x00000000, +0x00000000, 
    +0x00000000, +0x00000000, +0x00000000, +0x00000000, +0x00000000, +0x00000000, +0x00000000, +0x00000000
};
#ifdef __cplusplus
}  // extern "C"
#endif

#ifdef __cplusplus
extern "C" {
#endif
static const int32_t __attribute__((section(".rodata.tvm"), aligned(16))) fused_nn_contrib_conv2d_NCHWc_add_constant_12[32] = {
    +0x4d495e13, +0x62db779b, +0x5aed2f8c, +0x51f157f8, +0x51c3574c, +0x530d52ef, +0x64dde2d7, +0x57af161a, 
    +0x4b1b19b4, +0x7d0d5a81, +0x47ef30e4, +0x455c8ceb, +0x6d722e86, +0x46b6b3dc, +0x48c27c87, +0x4cf325d9, 
    +0x744cab1a, +0x55b70af7, +0x43d3b7d1, +0x49459f37, +0x62c6ca44, +0x53f594dd, +0x55708a27, +0x77019f25, 
    +0x505f34cb, +0x5608f9b5, +0x417d0e29, +0x599fcbed, +0x57573084, +0x69742058, +0x52e14edc, +0x58338469
};
#ifdef __cplusplus
}  // extern "C"
#endif

#ifdef __cplusplus
extern "C" {
#endif
static const int32_t __attribute__((section(".rodata.tvm"), aligned(16))) fused_nn_contrib_conv2d_NCHWc_constant_4[32] = {
    -0x00000075, +0x00000021, +0x00000528, -0x0000043e, -0x0000016b, -0x00000a07, -0x000000a2, +0x00000491, 
    +0x000017aa, -0x000004c4, -0x00000414, -0x0000014a, -0x00000555, -0x00000170, +0x00000278, +0x0000016b, 
    +0x00000112, -0x000002db, +0x00000475, +0x00000623, -0x000007b0, +0x000006ba, +0x000004d2, -0x00000727, 
    +0x000000a3, +0x000001d2, -0x00000ab6, -0x0000004b, +0x0000033e, -0x00000d0e, +0x00000686, +0x0000083a
};
#ifdef __cplusplus
}  // extern "C"
#endif

#ifdef __cplusplus
extern "C" {
#endif
static const int16_t __attribute__((section(".rodata.tvm"), aligned(16))) fused_constant_4[512] = {
    +0x004b, -0x002b, +0x007f, +0x007f, -0x0007, +0x0050, -0x0010, +0x0059, 
    -0x002b, +0x0052, +0x0017, +0x0009, -0x001b, -0x007f, -0x0014, -0x002b, 
    +0x002d, -0x0005, +0x0009, -0x0033, +0x0053, +0x0008, +0x0005, +0x0019, 
    +0x007f, -0x004c, +0x0019, -0x0015, +0x003c, +0x0048, -0x002f, +0x0036, 
    +0x001e, +0x000e, +0x001b, +0x0070, +0x0004, -0x0009, -0x0022, -0x0029, 
    +0x0028, +0x002b, -0x0013, +0x0006, -0x006c, -0x0027, +0x000c, +0x002e, 
    +0x000f, +0x002e, +0x0005, +0x0037, -0x0055, +0x001e, +0x001b, +0x002e, 
    -0x003b, -0x0027, -0x0010, +0x0017, +0x0006, +0x0072, +0x0012, +0x0020, 
    +0x000e, +0x0003, +0x0008, -0x001b, -0x0028, +0x0008, +0x002a, -0x0024, 
    -0x0022, +0x003e, +0x0047, +0x0020, -0x001b, -0x002f, -0x002b, -0x003d, 
    -0x0010, +0x0072, +0x0021, +0x0023, +0x007f, +0x0059, +0x0049, +0x0057, 
    +0x0011, +0x0007, -0x001e, -0x0047, +0x002b, -0x001b, -0x0042, -0x0010, 
    +0x002c, -0x0018, +0x0004, -0x002b, -0x0026, -0x0023, -0x0001, +0x0013, 
    +0x0002, +0x002a, +0x0053, +0x007f, -0x003b, +0x0017, -0x007f, +0x005d, 
    -0x001c, +0x000e, +0x007a, +0x0018, +0x0002, +0x000b, -0x001e, +0x0000, 
    -0x0017, +0x0046, +0x0021, +0x0041, -0x003b, -0x007f, -0x0031, -0x0023, 
    -0x0016, +0x003c, -0x0054, -0x007f, +0x0063, -0x0015, -0x0078, +0x0012, 
    +0x003e, +0x0011, -0x0050, +0x001f, -0x0036, -0x0022, -0x002a, -0x0034, 
    -0x006f, +0x0008, -0x002c, -0x0024, +0x0045, -0x005f, -0x0048, -0x0018, 
    -0x0019, +0x002d, +0x0019, +0x004f, +0x0015, -0x005f, -0x001d, -0x0002, 
    -0x000a, -0x007f, +0x004e, -0x000b, +0x004a, +0x0064, -0x007a, +0x0035, 
    -0x004c, +0x0041, -0x0019, -0x0019, -0x0004, +0x005b, -0x004e, +0x003d, 
    -0x007a, +0x0025, +0x0036, -0x0049, +0x003a, +0x0010, -0x005e, -0x0002, 
    +0x007f, +0x004c, -0x007f, +0x0045, -0x004b, +0x001e, -0x0050, -0x0053, 
    +0x0018, -0x002d, -0x002a, +0x0017, +0x0020, +0x001b, -0x0007, +0x001b, 
    +0x000d, +0x000b, +0x0007, +0x0029, -0x001d, +0x0018, +0x006d, +0x003b, 
    -0x001b, +0x0037, -0x0022, +0x001b, +0x0031, -0x0035, -0x000f, -0x0029, 
    -0x0044, +0x007f, -0x006b, +0x003d, +0x000f, +0x0004, -0x003c, -0x0013, 
    -0x0004, -0x003d, -0x007f, +0x001e, -0x007f, +0x0041, +0x0056, +0x0015, 
    -0x0009, -0x0025, +0x0070, +0x0024, +0x0014, +0x0012, -0x0018, +0x0000, 
    +0x001e, -0x0032, +0x0016, +0x007f, +0x001b, -0x0032, -0x001b, -0x0004, 
    -0x000e, +0x001d, +0x0024, +0x0013, +0x0006, -0x0053, +0x002b, +0x0000, 
    +0x000d, +0x007f, +0x0027, -0x007e, +0x0019, -0x000a, +0x0005, +0x0021, 
    +0x0011, +0x000a, +0x0010, -0x0052, +0x001a, +0x0042, +0x007f, -0x003f, 
    +0x0007, -0x0026, +0x001c, -0x0007, -0x003f, -0x0052, +0x0022, +0x000c, 
    +0x003a, -0x0034, +0x0011, +0x0076, -0x000c, +0x0020, +0x001d, +0x007f, 
    +0x0056, +0x0023, +0x001b, +0x0042, +0x007f, +0x0033, +0x0002, -0x0048, 
    +0x005f, -0x000d, -0x002e, +0x0032, -0x0030, +0x0079, +0x0009, -0x0034, 
    -0x0012, +0x0004, -0x0013, +0x0015, +0x000d, -0x000e, +0x000e, -0x000f, 
    -0x000c, -0x0064, +0x0003, -0x0036, +0x0057, +0x0038, +0x000f, -0x0007, 
    -0x0043, -0x0020, -0x002f, +0x004a, +0x0011, +0x002d, -0x0029, +0x0012, 
    +0x001e, -0x0020, -0x0048, +0x0016, +0x007f, +0x0034, +0x0016, +0x0051, 
    +0x000d, +0x006e, -0x0018, -0x002f, -0x003a, +0x002d, +0x0036, +0x003c, 
    -0x002a, +0x007f, +0x007f, -0x0034, +0x0005, -0x0002, +0x000c, +0x0039, 
    +0x005a, +0x0066, +0x000d, +0x000c, -0x0025, +0x0062, +0x006d, -0x006c, 
    -0x0007, -0x0070, +0x0009, -0x004a, -0x0046, +0x003c, -0x003d, +0x007f, 
    +0x0012, -0x0026, -0x000b, +0x0025, +0x0023, -0x0010, -0x0018, +0x0010, 
    -0x0011, +0x002b, -0x0044, -0x000d, +0x0045, +0x0022, -0x003c, -0x0008, 
    +0x0019, +0x006c, -0x0058, +0x0035, +0x002b, +0x004a, -0x0034, -0x000e, 
    -0x0023, +0x005f, +0x0030, -0x000f, -0x0043, +0x0021, +0x0042, -0x0063, 
    +0x003a, -0x000d, +0x0051, +0x0029, -0x0008, +0x001b, +0x0005, -0x001c, 
    +0x007f, -0x0045, +0x000d, +0x001d, +0x0045, -0x003b, -0x0041, +0x007f, 
    +0x000c, -0x001e, -0x007f, -0x0053, +0x001e, -0x0030, +0x004f, -0x0052, 
    +0x003b, +0x0024, -0x0006, +0x0008, -0x001c, -0x0015, -0x004b, +0x0035, 
    +0x005f, +0x007f, -0x000d, +0x0075, +0x0009, -0x000b, +0x003d, -0x0010, 
    +0x003f, +0x0005, +0x0011, +0x0066, +0x0043, +0x000b, -0x0028, -0x0019, 
    +0x0003, +0x003a, +0x0015, -0x0011, -0x001b, -0x0004, +0x0036, +0x0027, 
    +0x0010, -0x0032, -0x0026, +0x003a, +0x0017, -0x001c, -0x0023, -0x0014, 
    +0x0021, -0x0059, -0x0034, -0x004f, +0x007f, -0x0026, -0x0071, +0x0031, 
    -0x0050, -0x001b, -0x0073, -0x001f, +0x0004, -0x001d, +0x0034, -0x0011, 
    +0x0023, -0x0050, +0x0071, -0x007f, -0x0011, +0x004a, -0x006a, +0x0006, 
    +0x0013, -0x000c, -0x005c, -0x0001, -0x002a, +0x000a, +0x004d, -0x0039, 
    -0x0027, -0x007f, -0x007f, +0x001a, -0x0001, -0x0008, +0x0070, +0x001a, 
    +0x0004, +0x0004, +0x005b, +0x002c, +0x003d, +0x007a, +0x002d, +0x0008
};
#ifdef __cplusplus
}  // extern "C"
#endif

#ifdef __cplusplus
extern "C" {
#endif
static const int32_t __attribute__((section(".rodata.tvm"), aligned(16))) fused_nn_contrib_conv2d_NCHWc_add_fixed_point_multiply_per_axis_add_clip_constant_3[1] = {
    +0x00000026
};
#ifdef __cplusplus
}  // extern "C"
#endif

#ifdef __cplusplus
extern "C" {
#endif
static const int32_t __attribute__((section(".rodata.tvm"), aligned(16))) fused_nn_contrib_conv2d_NCHWc_add_constant_23[64] = {
    +0x00000009, +0x00000009, +0x00000009, +0x00000009, +0x00000009, +0x00000008, +0x00000008, +0x00000009, 
    +0x00000008, +0x00000009, +0x00000009, +0x00000008, +0x00000009, +0x00000009, +0x00000008, +0x00000009, 
    +0x00000008, +0x00000008, +0x00000008, +0x00000008, +0x00000009, +0x00000009, +0x00000009, +0x00000009, 
    +0x00000009, +0x00000009, +0x00000008, +0x00000009, +0x00000009, +0x0000000a, +0x00000009, +0x00000009, 
    +0x00000008, +0x00000009, +0x00000009, +0x00000008, +0x00000009, +0x00000009, +0x00000009, +0x00000008, 
    +0x00000008, +0x00000009, +0x00000009, +0x00000009, +0x00000009, +0x00000008, +0x00000009, +0x00000009, 
    +0x00000009, +0x00000009, +0x00000009, +0x00000009, +0x00000009, +0x00000008, +0x00000009, +0x00000008, 
    +0x00000008, +0x0000000a, +0x00000009, +0x00000008, +0x00000008, +0x00000009, +0x00000009, +0x00000009
};
#ifdef __cplusplus
}  // extern "C"
#endif

#ifdef __cplusplus
extern "C" {
#endif
static const int32_t __attribute__((section(".rodata.tvm"), aligned(16))) fused_nn_contrib_conv2d_NCHWc_add_constant_22[64] = {
    +0x00000000, +0x00000000, +0x00000000, +0x00000000, +0x00000000, +0x00000000, +0x00000000, +0x00000000, 
    +0x00000000, +0x00000000, +0x00000000, +0x00000000, +0x00000000, +0x00000000, +0x00000000, +0x00000000, 
    +0x00000000, +0x00000000, +0x00000000, +0x00000000, +0x00000000, +0x00000000, +0x00000000, +0x00000000, 
    +0x00000000, +0x00000000, +0x00000000, +0x00000000, +0x00000000, +0x00000000, +0x00000000, +0x00000000, 
    +0x00000000, +0x00000000, +0x00000000, +0x00000000, +0x00000000, +0x00000000, +0x00000000, +0x00000000, 
    +0x00000000, +0x00000000, +0x00000000, +0x00000000, +0x00000000, +0x00000000, +0x00000000, +0x00000000, 
    +0x00000000, +0x00000000, +0x00000000, +0x00000000, +0x00000000, +0x00000000, +0x00000000, +0x00000000, 
    +0x00000000, +0x00000000, +0x00000000, +0x00000000, +0x00000000, +0x00000000, +0x00000000, +0x00000000
};
#ifdef __cplusplus
}  // extern "C"
#endif

#ifdef __cplusplus
extern "C" {
#endif
static const int32_t __attribute__((section(".rodata.tvm"), aligned(16))) fused_nn_contrib_conv2d_NCHWc_add_constant_21[64] = {
    +0x6c2b918f, +0x5d9f8005, +0x60fedec8, +0x7fbe26b2, +0x6c250cd2, +0x402a3e00, +0x56c74201, +0x55234453, 
    +0x42a13136, +0x6427b59c, +0x60ead41a, +0x4178bbf0, +0x71343122, +0x41a2ed45, +0x40b95c12, +0x7d6681bf, 
    +0x41e9c99d, +0x48d32d1b, +0x430c5a64, +0x4ae6be38, +0x6d22bbb4, +0x4b546d35, +0x56e8975f, +0x5c1a52a7, 
    +0x63821774, +0x6c204980, +0x716c8d7d, +0x5e4e5d44, +0x7cd86d61, +0x7ac4c884, +0x6e4ba1e4, +0x7a0cdf9c, 
    +0x4735cc64, +0x6350a6af, +0x4f4940ef, +0x52cdad31, +0x69b47fca, +0x6c9ddd7b, +0x55bbc71f, +0x50e3358c, 
    +0x4d5049ac, +0x726d8f83, +0x6e6c7475, +0x411a8167, +0x7b0889ff, +0x42219cd6, +0x4d660560, +0x555d5d42, 
    +0x737905ec, +0x67a6ccd6, +0x5e6ad5f9, +0x5bba9a25, +0x516a70f5, +0x434a1fe6, +0x6fa4f876, +0x420438fc, 
    +0x4ea7d81e, +0x7f6ba4c1, +0x6e15af64, +0x439d7b77, +0x406d3f31, +0x4104b016, +0x66231b93, +0x66a1260e
};
#ifdef __cplusplus
}  // extern "C"
#endif

#ifdef __cplusplus
extern "C" {
#endif
static const int32_t __attribute__((section(".rodata.tvm"), aligned(16))) fused_nn_contrib_conv2d_NCHWc_constant_7[64] = {
    -0x00000a5a, +0x00000193, -0x0000097a, -0x00000579, -0x0000030e, -0x00000dfe, -0x0000045a, -0x0000036b, 
    -0x000003b3, -0x00000667, -0x0000014e, +0x00000045, -0x000008f1, -0x0000076d, -0x00000027, -0x000000c9, 
    -0x00000149, -0x000005df, -0x00000159, +0x0000026c, -0x00000384, -0x000006c9, +0x00000149, -0x000004da, 
    -0x0000022b, -0x000006a2, -0x0000005a, -0x0000187c, -0x00000596, -0x000007a9, -0x00000793, -0x0000029e, 
    -0x000004b4, +0x00000411, -0x0000006a, -0x00000c19, -0x0000047f, -0x00000530, -0x000006ea, +0x0000012a, 
    -0x00000277, -0x000007eb, -0x000000b4, -0x0000115a, +0x00000266, -0x00000325, -0x0000047d, -0x000008e1, 
    +0x00000080, -0x000005a6, -0x00000915, -0x00000965, +0x00000049, -0x00000c21, -0x00000c97, -0x00000a42, 
    +0x00000057, -0x00000387, -0x0000015d, -0x00000218, -0x0000061b, +0x000002d2, -0x0000063b, -0x000000f6
};
#ifdef __cplusplus
}  // extern "C"
#endif

#ifdef __cplusplus
extern "C" {
#endif
static const int16_t __attribute__((section(".rodata.tvm"), aligned(16))) fused_constant_7[2048] = {
    +0x0003, -0x001a, +0x0049, +0x0027, +0x0004, +0x0007, +0x002a, -0x000a, 
    -0x000b, +0x0030, -0x0026, -0x000a, +0x002c, +0x0008, -0x007f, -0x000b, 
    -0x0005, -0x0062, -0x0058, +0x007f, +0x0035, -0x0009, -0x002a, -0x0003, 
    -0x0049, -0x0051, +0x004f, +0x0000, -0x0004, -0x0054, +0x0019, +0x0039, 
    -0x003c, -0x0074, -0x004c, +0x0048, +0x0015, -0x001a, -0x0015, -0x0065, 
    +0x0014, +0x000d, +0x0003, +0x0006, +0x000d, -0x0012, -0x0010, -0x0008, 
    -0x0035, -0x003e, -0x000d, +0x005a, -0x002a, -0x0012, +0x0041, -0x0006, 
    +0x0039, +0x0036, +0x0007, -0x0011, -0x0028, +0x0059, +0x0028, -0x0035, 
    +0x000b, -0x003a, +0x0000, -0x0002, +0x0031, +0x000d, -0x0029, -0x000c, 
    -0x003f, +0x007f, -0x007e, -0x0001, +0x0017, +0x0007, -0x0043, +0x0029, 
    -0x0018, +0x0040, +0x000d, -0x003c, +0x0025, +0x001e, -0x0024, -0x0021, 
    +0x0010, -0x0040, +0x0042, -0x0018, +0x001d, -0x002b, +0x0005, -0x0013, 
    -0x000d, -0x0053, -0x001c, -0x0032, -0x007f, +0x007a, +0x0037, -0x003a, 
    -0x0019, +0x002e, +0x001e, -0x000b, +0x0010, +0x003a, +0x0000, +0x001d, 
    -0x0054, -0x007c, -0x005d, +0x005f, +0x0024, +0x0017, -0x0034, -0x0003, 
    +0x001a, +0x001b, -0x0030, -0x0020, -0x0035, +0x0054, -0x0037, -0x002c, 
    +0x003f, -0x0055, -0x005a, -0x004c, +0x0002, -0x0005, -0x0009, +0x001f, 
    +0x000a, -0x005b, +0x0007, -0x007d, +0x0037, +0x0020, +0x0012, -0x0030, 
    +0x0072, -0x000b, -0x001a, -0x0010, +0x0012, -0x0015, -0x0001, -0x002d, 
    -0x007f, -0x007d, -0x007f, -0x0074, -0x0046, -0x0028, -0x0027, +0x000a, 
    +0x002c, -0x0003, -0x0001, +0x004a, +0x001d, -0x0004, -0x0030, +0x002f, 
    +0x003e, +0x002a, +0x0014, +0x000e, -0x0023, +0x0011, -0x0027, +0x000d, 
    +0x0019, -0x0012, -0x0022, +0x007f, -0x0007, -0x000d, -0x002f, -0x0016, 
    +0x0001, -0x0002, -0x0028, +0x001f, -0x0075, -0x007f, -0x005a, +0x003b, 
    -0x004d, +0x000a, -0x0018, -0x0020, -0x0010, +0x000c, +0x0004, +0x000d, 
    +0x0014, -0x0016, +0x002b, +0x0002, +0x0006, +0x0024, +0x0022, -0x0042, 
    -0x0021, -0x000f, +0x0010, -0x0030, -0x000a, +0x0003, -0x0015, +0x0015, 
    +0x0020, -0x000b, -0x0003, -0x0028, -0x001e, -0x0018, -0x0019, +0x000e, 
    +0x0038, +0x0005, +0x0057, +0x0036, -0x0058, -0x0058, -0x0041, -0x004f, 
    +0x001c, -0x0007, +0x0003, -0x000b, +0x0020, -0x001e, -0x000a, -0x000b, 
    -0x000b, -0x004a, -0x0041, -0x004f, -0x001e, +0x0008, -0x000c, -0x0009, 
    -0x002c, -0x0023, -0x0001, -0x0006, -0x0019, -0x002c, -0x0007, -0x0057, 
    -0x0001, +0x0031, +0x0015, -0x0066, -0x0022, -0x000b, -0x0020, +0x000d, 
    -0x0047, -0x0015, +0x0000, +0x0008, -0x0010, -0x0023, -0x0026, +0x005e, 
    +0x0052, +0x004b, -0x007f, +0x0012, +0x0004, -0x001e, -0x0006, +0x0004, 
    -0x001b, -0x0003, -0x000e, -0x007f, -0x0001, +0x0004, +0x0026, -0x002f, 
    -0x001c, -0x0017, +0x0021, -0x0033, +0x002b, -0x002f, +0x004a, +0x002b, 
    +0x0002, -0x003b, +0x0042, +0x004f, +0x0024, -0x0037, +0x001d, +0x0000, 
    +0x002c, -0x0009, -0x002f, -0x004c, -0x0004, +0x0012, +0x003c, -0x0039, 
    -0x0013, +0x002f, +0x0010, +0x001a, -0x005c, -0x0064, +0x000f, -0x004b, 
    +0x0013, +0x003d, +0x004c, -0x0001, -0x0004, +0x0022, -0x0016, +0x0045, 
    -0x0042, +0x000d, +0x000c, -0x0029, +0x001f, -0x002d, -0x000f, +0x000e, 
    +0x0018, +0x000e, +0x0003, +0x002a, +0x002c, -0x005a, +0x0031, +0x0016, 
    +0x0003, +0x007f, +0x0014, -0x0034, -0x0014, -0x0023, -0x004c, -0x0004, 
    +0x0010, -0x0044, -0x003c, +0x007d, -0x007f, +0x0007, +0x0004, -0x0045, 
    -0x0014, +0x0007, -0x0006, -0x0009, -0x0051, -0x0051, +0x0023, +0x003b, 
    +0x0010, +0x0006, -0x007e, -0x0060, +0x002d, +0x0003, +0x002b, +0x002b, 
    +0x001d, -0x0019, -0x0017, -0x0008, -0x0008, -0x0074, +0x0002, -0x001d, 
    -0x003b, +0x0002, -0x0020, -0x007f, -0x0001, -0x0055, -0x0003, +0x003a, 
    -0x0026, -0x002b, +0x002d, +0x0022, +0x0043, -0x0055, +0x0026, -0x001e, 
    +0x0029, -0x0028, +0x0029, -0x0029, +0x0024, -0x0011, +0x002b, -0x003b, 
    -0x000d, -0x0021, -0x007f, -0x004a, -0x004d, +0x0011, +0x0037, +0x0003, 
    -0x0015, -0x0043, +0x006b, -0x0043, +0x000c, -0x0004, +0x0001, -0x0020, 
    +0x001a, +0x0013, +0x0016, +0x0026, -0x001f, +0x0027, +0x0026, +0x0034, 
    -0x001d, -0x0065, +0x004e, +0x0004, -0x003b, -0x003e, +0x0036, +0x001c, 
    +0x000d, -0x0005, -0x000c, -0x0026, -0x002a, -0x0042, -0x0063, +0x0039, 
    +0x0014, -0x003e, -0x003d, -0x0023, +0x000d, +0x002d, +0x0037, -0x003e, 
    -0x0035, -0x0018, +0x0036, +0x0030, -0x000b, +0x0000, +0x0002, +0x000a, 
    +0x0037, -0x000c, +0x000b, -0x001b, +0x0032, -0x0014, +0x0005, +0x000e, 
    -0x0020, +0x0002, -0x0041, -0x000f, +0x0031, -0x001b, -0x0017, +0x000c, 
    +0x004d, -0x0032, +0x0055, -0x0023, -0x007f, +0x0022, -0x0061, +0x0033, 
    -0x000b, +0x0061, +0x001b, +0x002c, -0x0027, -0x002c, +0x001c, +0x001b, 
    -0x0009, +0x007f, -0x002d, +0x000e, -0x0016, -0x0024, +0x002b, -0x0034, 
    +0x0007, -0x0022, -0x000d, -0x0032, -0x0044, -0x0048, -0x0015, -0x0023, 
    -0x001a, -0x0052, -0x005f, -0x0032, +0x001b, -0x001d, +0x001c, -0x0007, 
    +0x0033, -0x0023, +0x0008, +0x0000, +0x0027, -0x001c, +0x0034, +0x004a, 
    -0x0008, -0x000a, -0x0031, +0x0010, +0x0018, -0x0001, -0x000c, +0x002a, 
    -0x002c, -0x007f, -0x007f, -0x0058, -0x0033, +0x0044, -0x002b, -0x000b, 
    +0x0005, -0x001c, +0x0027, +0x0021, -0x0006, -0x0010, +0x001c, +0x0002, 
    +0x000c, +0x001b, -0x000e, +0x0029, -0x0028, +0x000f, +0x0002, +0x0005, 
    +0x0001, -0x0014, -0x003c, +0x0020, -0x001b, +0x0017, -0x0007, +0x001d, 
    -0x0007, -0x0016, +0x001c, +0x001a, +0x0051, -0x0063, -0x002d, -0x007f, 
    -0x0021, -0x0009, +0x002c, -0x0002, +0x002a, -0x000e, -0x001c, -0x0001, 
    +0x007f, -0x001b, +0x0046, +0x0011, +0x0018, +0x001a, -0x001d, +0x0043, 
    -0x0010, -0x0010, +0x004b, +0x0010, -0x000c, +0x0019, +0x000c, -0x001e, 
    +0x0002, +0x000d, -0x0010, +0x0013, +0x002a, +0x0002, +0x0005, -0x0009, 
    -0x0037, +0x001c, -0x0007, +0x003a, +0x0022, -0x0056, -0x0042, -0x0004, 
    +0x0004, +0x0039, +0x0026, +0x000c, -0x0011, -0x0006, -0x0024, +0x0007, 
    -0x005a, -0x0062, -0x003f, -0x0032, -0x0007, -0x000e, +0x003f, +0x000d, 
    +0x000f, -0x0015, +0x004e, -0x0020, -0x0019, -0x000c, +0x0024, +0x0015, 
    -0x006f, +0x0014, -0x0059, -0x0037, -0x0006, -0x001c, -0x0009, -0x002a, 
    +0x001b, +0x0028, +0x0017, -0x000b, +0x0039, +0x003b, +0x003a, -0x003d, 
    +0x0033, -0x0040, -0x002a, +0x000f, +0x000c, +0x004d, +0x0004, -0x000e, 
    -0x0045, -0x0078, -0x007f, -0x001e, -0x0017, -0x0036, -0x0025, +0x0041, 
    -0x0010, +0x000e, +0x0016, -0x006f, -0x004a, -0x0005, -0x0011, -0x0048, 
    +0x0021, +0x0037, -0x0002, +0x0030, +0x0008, +0x0059, -0x003b, -0x002a, 
    -0x000a, -0x000c, +0x0025, -0x001f, -0x0006, +0x000d, +0x0002, +0x0024, 
    -0x0001, -0x003d, -0x001d, -0x0004, -0x007f, -0x0001, -0x0049, -0x007f, 
    -0x0027, -0x007f, -0x0037, +0x0007, -0x0017, -0x004e, +0x0009, +0x0008, 
    +0x0004, -0x0027, +0x0051, +0x0004, +0x000b, -0x001d, -0x0017, -0x0015, 
    -0x0016, -0x000c, +0x0032, -0x000a, -0x0030, +0x0016, +0x0010, -0x0038, 
    +0x0007, -0x001c, -0x002e, +0x0031, -0x0003, +0x0015, +0x0029, +0x0006, 
    +0x0029, -0x0043, -0x0020, +0x0065, +0x0002, -0x0031, -0x0007, +0x0075, 
    +0x0017, +0x0019, +0x0031, +0x0045, +0x0028, -0x0007, -0x0042, +0x0031, 
    +0x000e, +0x004d, -0x0033, +0x000f, -0x002d, -0x0003, -0x0004, +0x0021, 
    +0x002c, -0x006d, -0x0004, -0x001c, -0x0004, -0x001a, -0x000e, +0x0004, 
    -0x0056, -0x0031, -0x0020, -0x0055, +0x0029, -0x0027, -0x000a, -0x004c, 
    -0x001c, -0x0038, -0x0003, -0x007f, +0x003c, -0x0019, +0x0005, +0x0028, 
    +0x0007, -0x004d, +0x000d, -0x001c, -0x0005, +0x0032, +0x000d, -0x000f, 
    -0x007f, +0x007a, -0x0041, -0x0037, -0x0043, -0x0001, -0x001e, -0x0007, 
    -0x003d, -0x0023, +0x0006, -0x002d, -0x0019, +0x0014, -0x0020, -0x000c, 
    +0x0024, +0x002c, +0x001a, +0x0068, -0x000b, +0x002a, -0x000f, +0x000d, 
    -0x004f, -0x0035, -0x0018, -0x0033, -0x0002, +0x0000, +0x000f, -0x0007, 
    +0x0013, -0x0007, -0x0021, -0x0004, -0x002e, -0x007f, -0x007f, -0x0072, 
    +0x0001, -0x0019, +0x0006, -0x0001, +0x0027, -0x0016, -0x0005, +0x0030, 
    +0x0014, -0x0029, +0x0005, -0x004d, -0x0008, +0x0010, +0x0021, +0x0017, 
    +0x0005, +0x001a, -0x0001, +0x0037, +0x0016, -0x001b, -0x0017, +0x000e, 
    +0x0021, -0x001a, +0x0029, -0x002f, -0x000e, -0x0015, +0x0000, +0x0005, 
    +0x0008, -0x0012, +0x006b, -0x0021, -0x0017, +0x002d, -0x002e, -0x004b, 
    +0x0005, -0x0008, -0x000a, -0x0019, +0x001c, +0x0006, -0x0003, -0x0027, 
    -0x0069, -0x0037, -0x0033, -0x0043, +0x0005, +0x000d, +0x0008, +0x0006, 
    -0x0034, +0x0024, +0x0004, -0x0056, -0x002e, +0x001c, -0x0007, -0x007f, 
    -0x003f, -0x001c, -0x007f, -0x0068, +0x000a, -0x0027, +0x0008, +0x001b, 
    -0x0025, -0x000a, -0x0001, -0x0024, +0x0008, -0x0043, -0x0005, +0x0033, 
    -0x000e, -0x002e, -0x0007, -0x0032, -0x0002, -0x006a, -0x0005, +0x0001, 
    -0x0032, +0x0036, -0x0047, -0x007f, -0x0028, -0x0020, -0x0013, -0x0029, 
    -0x0041, +0x0079, +0x0006, +0x001d, -0x0001, +0x0055, -0x0038, +0x002d, 
    -0x0004, -0x0003, +0x000b, -0x001c, +0x003a, -0x0072, -0x001c, -0x0005, 
    -0x0014, +0x0032, -0x0041, -0x0008, +0x0008, +0x0022, -0x0032, -0x0006, 
    -0x0013, -0x0030, -0x003b, -0x002e, -0x007f, +0x0006, -0x006f, -0x0075, 
    +0x001b, -0x0021, -0x0011, -0x003e, +0x0007, -0x0045, -0x0018, -0x002a, 
    -0x0058, -0x003d, +0x0037, -0x0020, +0x0030, -0x0033, -0x0010, +0x0017, 
    -0x0004, -0x000a, +0x0029, +0x0008, +0x004b, -0x001d, +0x0005, +0x0035, 
    -0x003e, +0x0036, -0x001a, +0x001d, +0x0025, -0x0045, -0x0003, +0x0016, 
    -0x001e, +0x0014, -0x0034, +0x0016, -0x0048, +0x0068, -0x0019, -0x003b, 
    +0x0005, +0x0045, +0x002b, -0x0002, -0x0028, -0x0015, +0x0015, -0x0026, 
    -0x006c, +0x0005, -0x0017, -0x0016, +0x002b, -0x0040, -0x0027, +0x0030, 
    -0x000f, -0x002f, +0x002a, +0x0041, -0x000c, -0x007f, -0x0005, -0x0019, 
    -0x002b, -0x000c, +0x0057, -0x002a, -0x001e, -0x0020, +0x003c, -0x0016, 
    -0x0023, -0x000d, -0x004b, +0x0012, +0x0025, -0x0051, -0x0010, -0x0027, 
    -0x0034, -0x0030, +0x0001, -0x001b, +0x0032, +0x0029, -0x005e, -0x000f, 
    -0x0023, -0x007f, +0x007f, -0x0052, -0x001a, -0x0027, -0x007e, -0x000f, 
    +0x0006, +0x0010, -0x0011, -0x0022, -0x001f, +0x0000, -0x004c, -0x0016, 
    +0x000e, +0x000a, -0x000e, +0x0000, +0x007f, +0x0039, -0x002e, +0x0007, 
    -0x0031, -0x003d, -0x0033, -0x000b, -0x0006, -0x0026, -0x0076, +0x0023, 
    -0x0029, -0x0017, -0x000b, -0x000c, -0x0044, +0x0026, +0x004d, -0x0018, 
    -0x0030, -0x0013, -0x004c, +0x0008, -0x0039, +0x0011, -0x0048, +0x000d, 
    -0x0024, -0x003f, -0x007e, -0x004c, +0x002a, -0x000e, -0x0056, +0x0014, 
    +0x000a, -0x0014, -0x0007, -0x000d, +0x001b, -0x000b, -0x0064, -0x0005, 
    -0x0011, +0x0006, +0x0059, -0x0009, +0x0001, -0x0002, +0x0024, +0x0001, 
    +0x002a, -0x001e, -0x0052, +0x0036, -0x0064, -0x0061, +0x0034, -0x007f, 
    +0x001a, +0x002a, -0x0027, +0x0007, -0x0002, +0x0002, -0x004a, -0x002d, 
    -0x002d, -0x0031, +0x005a, -0x0033, -0x0027, +0x0010, -0x0033, -0x001e, 
    -0x001b, +0x0026, -0x001d, -0x0001, +0x0034, +0x0054, +0x0050, +0x0004, 
    -0x0009, -0x005c, -0x0005, -0x0020, -0x000e, +0x0004, -0x0060, -0x0009, 
    -0x0035, -0x0063, -0x0005, -0x001c, +0x0054, +0x0018, -0x003e, +0x000a, 
    +0x0012, -0x003c, -0x005a, -0x0047, +0x0025, -0x0003, -0x002a, +0x001e, 
    -0x0038, -0x0063, -0x0017, -0x007f, -0x005a, -0x0008, +0x002f, +0x0016, 
    -0x0011, +0x0038, +0x0029, +0x0031, +0x0037, +0x004b, -0x007f, +0x0031, 
    +0x0006, -0x0019, +0x0012, -0x000f, -0x0001, +0x0040, -0x0034, +0x003d, 
    -0x003b, -0x001b, -0x0015, -0x0029, -0x0023, -0x0008, +0x000d, +0x000d, 
    +0x000b, +0x0003, -0x0032, -0x0002, -0x0043, -0x0007, -0x003e, +0x0026, 
    -0x005a, +0x0013, +0x0000, +0x0007, +0x0044, +0x0013, +0x0036, -0x0017, 
    -0x001b, -0x0065, -0x0018, +0x0024, -0x001b, -0x0001, -0x000d, +0x002f, 
    +0x0040, -0x0002, -0x0001, +0x0000, -0x0017, +0x0026, +0x0002, +0x0026, 
    +0x0023, -0x0005, -0x000e, -0x0015, +0x0022, -0x0012, -0x004e, +0x000e, 
    +0x007f, -0x0006, -0x0046, +0x0008, -0x004b, -0x007f, -0x001c, -0x006d, 
    -0x0010, +0x0045, +0x004e, +0x001c, -0x000c, -0x001a, -0x0007, -0x0028, 
    -0x005b, -0x002c, +0x003c, -0x006b, -0x000f, +0x0029, +0x0013, +0x001f, 
    +0x001c, -0x000c, -0x001a, +0x0020, -0x0019, -0x0023, +0x001f, +0x000f, 
    +0x0014, -0x0040, -0x003f, -0x006e, +0x0020, -0x004d, -0x0009, +0x0002, 
    +0x0047, -0x0022, -0x0008, -0x006d, +0x0038, +0x007f, -0x0001, -0x001d, 
    +0x004b, -0x0053, -0x0016, -0x0046, +0x0017, +0x001d, -0x0025, -0x000d, 
    -0x0019, -0x0038, -0x007f, -0x0012, -0x0002, +0x001f, -0x003f, +0x0018, 
    +0x0048, +0x000c, -0x0033, +0x0038, +0x0019, +0x0010, -0x0013, -0x0023, 
    -0x0001, +0x0005, +0x0009, +0x001c, -0x0009, +0x0004, -0x0031, +0x0020, 
    +0x0054, -0x0042, -0x0021, -0x0042, -0x0006, -0x0031, -0x0021, +0x002a, 
    -0x000b, +0x000a, -0x000e, -0x0055, -0x004f, -0x006b, +0x000e, -0x0069, 
    -0x0020, +0x0015, +0x0025, +0x000d, +0x0020, +0x0021, -0x0037, +0x0044, 
    -0x000c, -0x0036, +0x0035, -0x004f, +0x0008, +0x002d, +0x0019, +0x003f, 
    -0x0007, +0x0008, +0x004f, -0x0032, -0x001f, +0x001b, +0x002b, +0x0068, 
    +0x0011, -0x0026, +0x0049, -0x0062, +0x001a, -0x0010, -0x000c, +0x001a, 
    +0x005b, -0x002e, +0x003f, -0x0035, -0x007f, -0x001e, -0x0044, -0x007f, 
    +0x0001, -0x0001, +0x0022, -0x0009, -0x0028, -0x0039, -0x0029, -0x0032, 
    +0x001c, -0x003d, -0x004d, -0x006b, +0x0018, +0x005f, -0x0021, +0x0014, 
    +0x0002, -0x001c, +0x0012, -0x000d, -0x002d, -0x003b, +0x0005, -0x0030, 
    -0x0020, +0x003c, -0x007f, -0x003c, +0x0004, +0x0014, -0x0002, -0x0028, 
    -0x000a, -0x0006, -0x0011, +0x0066, +0x0038, -0x004a, -0x003c, +0x0035, 
    +0x0013, -0x0010, -0x000e, -0x0047, +0x002d, +0x000d, -0x0013, +0x0030, 
    -0x007f, +0x0026, -0x0058, -0x005c, -0x004c, +0x0003, -0x0039, +0x0018, 
    +0x0012, -0x003b, +0x0026, -0x001c, +0x001c, +0x0009, +0x0001, -0x0022, 
    +0x0022, -0x000c, -0x004a, -0x0012, +0x0008, +0x0006, -0x0002, -0x0022, 
    -0x0037, +0x000c, -0x0019, -0x000c, +0x0005, +0x001e, -0x001a, -0x0029, 
    -0x000a, +0x0035, -0x001b, -0x0022, -0x007b, +0x002a, -0x0060, -0x004e, 
    -0x004a, +0x002a, -0x0061, -0x000d, +0x004e, -0x0005, -0x0002, -0x0009, 
    -0x0006, -0x007f, +0x0020, +0x0019, -0x0016, +0x000b, -0x0032, -0x002b, 
    +0x000f, -0x001e, +0x0003, +0x0008, -0x0002, -0x001b, -0x0019, +0x0039, 
    +0x0002, +0x0012, -0x0009, -0x0025, +0x000c, +0x001c, +0x002b, +0x0014, 
    +0x0050, +0x002f, +0x0066, -0x0047, -0x000a, -0x0007, -0x0053, -0x0058, 
    -0x000c, -0x0033, -0x000c, +0x001c, -0x0003, +0x0008, -0x0027, -0x0064, 
    -0x001d, -0x0028, -0x0037, -0x0023, +0x0007, -0x001d, -0x0021, +0x001b, 
    +0x0013, +0x0001, +0x0054, +0x007f, +0x0011, +0x000f, +0x0015, +0x0006, 
    -0x0021, +0x0002, -0x0076, -0x0024, -0x0005, +0x002a, -0x0046, -0x001a, 
    +0x0026, +0x0030, -0x0002, +0x0002, -0x0027, -0x0045, +0x0066, +0x0007, 
    -0x004b, +0x0032, -0x003f, +0x004b, +0x000d, -0x005b, +0x0017, +0x0004, 
    +0x004b, +0x0027, -0x0073, -0x0048, -0x0009, +0x0025, -0x0032, -0x001c, 
    +0x0019, -0x0002, -0x0046, -0x0064, -0x0014, -0x0058, +0x001c, +0x000c, 
    -0x000d, -0x000d, +0x0013, +0x0031, +0x003b, -0x0037, +0x002a, +0x0028, 
    -0x001a, +0x0025, +0x0009, -0x002e, +0x0030, -0x0014, -0x0048, +0x000f, 
    -0x0007, -0x001a, +0x0033, -0x0002, -0x007f, +0x000a, -0x0040, -0x0067, 
    -0x0005, -0x0027, +0x0016, -0x006e, +0x002d, +0x0007, +0x001c, +0x0017, 
    +0x000e, +0x0020, -0x001b, -0x0024, +0x0015, +0x001f, +0x005d, +0x0027, 
    +0x0039, -0x004a, -0x0012, +0x001a, +0x0011, -0x0046, +0x0046, +0x000d, 
    -0x0042, +0x0032, -0x0064, +0x001a, -0x001a, -0x000f, +0x0000, -0x0044, 
    -0x005c, -0x006d, +0x0042, +0x0068, +0x007d, +0x007f, -0x0066, -0x004a, 
    +0x0009, -0x0029, +0x0009, +0x0014, +0x0034, +0x0005, -0x0008, -0x0048, 
    -0x001d, +0x0019, -0x007f, -0x007f, +0x0071, -0x0022, +0x0007, +0x0010, 
    +0x0000, -0x0058, -0x004b, +0x0013, +0x0058, -0x0016, -0x001e, +0x003e, 
    -0x0075, -0x0038, -0x006e, -0x0042, +0x0031, -0x0012, -0x002c, -0x0011, 
    -0x0048, +0x0010, -0x0066, -0x0012, +0x002d, -0x0012, -0x0017, -0x0014, 
    -0x0032, +0x000b, -0x0003, -0x001e, -0x0022, -0x0006, -0x002e, +0x0002, 
    -0x007f, +0x0020, -0x007f, -0x0014, -0x0008, -0x0023, -0x004f, -0x001e, 
    -0x0001, -0x0045, +0x0021, -0x001d, +0x0032, -0x0020, -0x001c, -0x000f, 
    +0x0039, +0x0020, -0x0008, +0x001a, +0x0003, +0x0004, -0x003b, -0x0008, 
    -0x005f, -0x0030, -0x0043, -0x003f, -0x0040, +0x0025, -0x0074, -0x0018, 
    -0x002f, -0x0022, -0x0057, -0x002a, -0x0001, -0x007f, -0x0079, -0x007f, 
    +0x0022, -0x0034, -0x0061, -0x001e, +0x0003, -0x0002, -0x000f, -0x000d, 
    +0x0029, -0x004c, +0x0014, -0x000a, +0x0019, -0x002c, -0x000c, -0x000c, 
    -0x000a, +0x0015, -0x0005, +0x0027, +0x0028, -0x001b, +0x0003, +0x000c, 
    +0x0017, +0x0028, -0x0015, +0x0027, -0x0003, +0x0000, -0x0003, -0x0016, 
    +0x0050, -0x001a, -0x0035, +0x001f, -0x0058, -0x0008, -0x0069, -0x002c, 
    +0x0028, +0x000e, -0x0004, +0x0017, +0x0000, -0x0052, -0x001c, -0x002c, 
    -0x0050, -0x003e, +0x001e, -0x0025, +0x0010, +0x0021, -0x0019, -0x000f, 
    -0x0034, -0x0037, +0x004b, +0x0021, -0x0043, -0x002d, +0x0002, -0x0022, 
    -0x001c, -0x0024, -0x0042, -0x0041, -0x0018, +0x0004, -0x0023, -0x003c, 
    -0x000f, -0x0044, -0x0048, +0x0025, +0x0008, -0x004e, +0x0073, +0x005a, 
    -0x0005, -0x0071, +0x0013, -0x001e, +0x000e, +0x0051, +0x000d, +0x001d, 
    -0x0021, -0x0050, -0x0043, -0x007f, -0x0006, -0x0020, -0x0043, -0x000e, 
    +0x003c, +0x0049, -0x002f, -0x002a, +0x0020, +0x0041, +0x0036, -0x0004, 
    +0x0018, -0x000d, +0x0051, +0x0034, +0x003f, +0x007f, +0x0044, -0x0014, 
    -0x001c, -0x001d, -0x004f, -0x000b, +0x0016, +0x001f, -0x0026, -0x0027, 
    +0x0005, -0x0024, +0x000d, +0x0023, -0x000e, -0x003e, -0x006c, -0x0008, 
    +0x002a, -0x005f, +0x001f, +0x001b, -0x0003, +0x0076, +0x003d, +0x0000, 
    -0x0001, +0x002f, -0x001c, +0x0019, +0x0011, +0x0005, -0x0007, +0x0030, 
    +0x000b, +0x0004, +0x0044, +0x0023, +0x002e, +0x0024, +0x0055, +0x000a, 
    -0x0001, -0x0011, -0x0048, -0x000b, +0x0001, +0x002f, +0x0003, +0x0010, 
    +0x002f, -0x0001, +0x003e, +0x003e, -0x007f, -0x0072, -0x007f, -0x007a, 
    +0x0012, -0x0024, -0x0007, -0x0005, -0x002e, -0x0039, +0x0004, -0x0032, 
    -0x002a, +0x0005, -0x0064, -0x0069, -0x0006, +0x0063, +0x0048, +0x0008, 
    +0x002a, +0x0049, +0x0001, -0x000f, +0x0007, -0x0014, -0x0003, -0x001f, 
    +0x0069, -0x0068, -0x001a, -0x001e, -0x000d, -0x0070, -0x003e, -0x0011, 
    -0x0013, +0x0029, -0x000b, +0x004a, -0x0049, -0x0016, -0x0002, -0x0019, 
    +0x0052, -0x0068, -0x0021, -0x0019, -0x0035, +0x0022, +0x0016, -0x0019, 
    +0x0061, -0x000c, -0x006d, -0x0069, -0x0036, -0x0017, -0x0020, +0x0007, 
    -0x0018, -0x006d, +0x0056, -0x0034, -0x0060, -0x002f, -0x003a, -0x001f, 
    +0x0004, +0x001a, +0x000c, +0x000c, -0x001d, -0x002e, -0x0015, -0x0024, 
    -0x0033, -0x0053, -0x0007, -0x0023, +0x001d, +0x0003, +0x0010, +0x001d, 
    -0x0025, +0x0000, -0x0031, +0x001c, -0x007f, +0x000e, -0x006c, -0x007f, 
    +0x0007, +0x0022, +0x0007, +0x0028, +0x0008, -0x007f, -0x0007, -0x0036, 
    -0x0039, +0x005d, -0x0034, +0x0018, -0x0034, -0x0005, +0x003b, -0x001d, 
    +0x0007, +0x000e, -0x0009, +0x000f, -0x004f, +0x0003, -0x003d, +0x0016, 
    +0x003e, +0x000b, +0x0008, +0x005f, -0x0014, -0x0034, -0x0011, +0x0002, 
    -0x0043, -0x0057, -0x0019, +0x0059, +0x0012, +0x0076, -0x007f, -0x002b, 
    -0x000e, +0x003c, +0x0007, +0x003f, -0x0018, +0x0022, +0x001f, -0x001f, 
    +0x007d, -0x0032, -0x0045, -0x0069, -0x0022, +0x0001, +0x0001, -0x000c, 
    +0x0003, -0x0041, +0x0043, +0x0024, -0x003f, +0x0020, +0x000a, -0x0031
};
#ifdef __cplusplus
}  // extern "C"
#endif

#ifdef __cplusplus
extern "C" {
#endif
static const int32_t __attribute__((section(".rodata.tvm"), aligned(16))) fused_nn_contrib_conv2d_NCHWc_add_fixed_point_multiply_per_axis_add_clip_constant[1] = {
    +0x00000004
};
#ifdef __cplusplus
}  // extern "C"
#endif

#ifdef __cplusplus
extern "C" {
#endif
static const int32_t __attribute__((section(".rodata.tvm"), aligned(16))) fused_nn_contrib_conv2d_NCHWc_add_constant_11[32] = {
    +0x00000009, +0x00000009, +0x0000000a, +0x00000009, +0x00000009, +0x00000009, +0x00000009, +0x00000009, 
    +0x00000009, +0x00000009, +0x00000009, +0x00000009, +0x00000008, +0x00000009, +0x00000009, +0x00000009, 
    +0x00000009, +0x00000009, +0x00000009, +0x00000009, +0x00000009, +0x00000009, +0x00000009, +0x00000009, 
    +0x00000009, +0x00000009, +0x00000009, +0x00000009, +0x00000009, +0x00000009, +0x00000009, +0x00000009
};
#ifdef __cplusplus
}  // extern "C"
#endif

#ifdef __cplusplus
extern "C" {
#endif
static const int32_t __attribute__((section(".rodata.tvm"), aligned(16))) fused_nn_contrib_conv2d_NCHWc_add_constant_10[32] = {
    +0x00000000, +0x00000000, +0x00000000, +0x00000000, +0x00000000, +0x00000000, +0x00000000, +0x00000000, 
    +0x00000000, +0x00000000, +0x00000000, +0x00000000, +0x00000000, +0x00000000, +0x00000000, +0x00000000, 
    +0x00000000, +0x00000000, +0x00000000, +0x00000000, +0x00000000, +0x00000000, +0x00000000, +0x00000000, 
    +0x00000000, +0x00000000, +0x00000000, +0x00000000, +0x00000000, +0x00000000, +0x00000000, +0x00000000
};
#ifdef __cplusplus
}  // extern "C"
#endif

#ifdef __cplusplus
extern "C" {
#endif
static const int32_t __attribute__((section(".rodata.tvm"), aligned(16))) fused_nn_contrib_conv2d_NCHWc_add_constant_9[32] = {
    +0x6013514c, +0x6809a142, +0x71f1612b, +0x42f785a8, +0x5bdde785, +0x5173d2d0, +0x67e40cd8, +0x5ca126e8, 
    +0x4a20a322, +0x45c9340b, +0x74c7395c, +0x4bf2ac86, +0x4fcaac4a, +0x655b5fdf, +0x5669eee6, +0x5763c8f1, 
    +0x43c53d92, +0x4f1759ec, +0x4ea7390c, +0x4ed81691, +0x643a22f5, +0x4c39e096, +0x4a10e865, +0x6507d135, 
    +0x49b9f384, +0x613ef3af, +0x631c3365, +0x5c306424, +0x606b167a, +0x55724750, +0x53e6a096, +0x51b178e3
};
#ifdef __cplusplus
}  // extern "C"
#endif

#ifdef __cplusplus
extern "C" {
#endif
static const int32_t __attribute__((section(".rodata.tvm"), aligned(16))) fused_nn_contrib_conv2d_NCHWc_constant_3[32] = {
    +0x00002415, -0x00000af5, +0x00001e88, -0x00001921, +0x00000fd5, -0x00000b38, +0x00004ff3, -0x00000110, 
    +0x00006efe, -0x00003d25, +0x000008c5, +0x00003621, +0x000014ab, +0x00002ae3, -0x00002d14, -0x00001ab9, 
    +0x00006e65, +0x00001527, +0x0000082b, +0x00004678, -0x0000367f, +0x00002a61, +0x00002c53, +0x00000394, 
    -0x0000057b, +0x000019c1, -0x00001b3f, -0x000019bf, +0x00004934, -0x000007d9, +0x00002e2d, +0x00001aed
};
#ifdef __cplusplus
}  // extern "C"
#endif

#ifdef __cplusplus
extern "C" {
#endif
static const int16_t __attribute__((section(".rodata.tvm"), aligned(16))) fused_constant_3[9216] = {
    -0x0048, +0x0021, +0x004a, -0x0045, -0x0020, +0x003c, -0x002e, +0x0016, 
    +0x002c, +0x0020, +0x0035, +0x004a, -0x0002, +0x0005, -0x0052, -0x0023, 
    +0x0019, -0x0011, +0x0054, -0x003e, -0x0013, +0x002f, -0x0033, +0x0015, 
    +0x0055, +0x000f, +0x0032, +0x0009, +0x0013, +0x0024, -0x0035, -0x002b, 
    +0x0015, -0x0015, +0x003f, -0x001e, +0x0013, -0x002c, +0x0027, -0x0017, 
    +0x0024, -0x0007, +0x0009, +0x0013, +0x0049, +0x000d, -0x0006, -0x0023, 
    -0x0037, -0x0012, +0x002a, -0x0036, -0x0038, +0x003f, +0x0001, +0x001f, 
    +0x001e, +0x000c, +0x003e, +0x0016, -0x005e, +0x0008, -0x0016, +0x002b, 
    +0x003c, +0x0003, +0x0033, -0x0016, -0x0031, +0x001d, -0x0022, +0x0008, 
    +0x003a, +0x001f, +0x003e, -0x001c, -0x0024, +0x0023, -0x0038, -0x0002, 
    +0x0033, -0x0054, +0x000a, -0x000c, +0x001b, -0x007b, -0x001a, +0x000c, 
    +0x000a, -0x000b, +0x0017, +0x0002, +0x0027, +0x0000, -0x0033, -0x0021, 
    -0x0021, +0x0033, +0x0024, +0x0031, -0x0028, +0x001d, -0x0007, +0x0024, 
    -0x0012, +0x0016, +0x002f, -0x004b, -0x0024, +0x000d, -0x0034, +0x005b, 
    +0x0042, +0x0026, +0x0016, +0x0020, -0x0036, +0x001e, +0x0002, +0x0020, 
    +0x0021, +0x003e, +0x000e, -0x0049, +0x0006, +0x0017, -0x0028, +0x0035, 
    +0x0034, -0x003a, +0x0002, +0x002a, -0x001a, -0x004c, -0x0012, +0x0023, 
    +0x0004, +0x0021, -0x001e, +0x0011, +0x002f, -0x0004, -0x002e, +0x0025, 
    -0x0016, +0x000d, -0x0066, -0x0029, -0x002a, -0x0031, +0x0065, +0x003e, 
    +0x000f, -0x0003, +0x002b, +0x0001, +0x0036, -0x004c, +0x000c, +0x000a, 
    -0x0037, +0x000e, -0x0019, +0x0002, -0x002b, -0x005e, +0x0053, -0x0004, 
    +0x0027, -0x001c, -0x000e, -0x0002, -0x0029, +0x0011, +0x0000, +0x0013, 
    +0x0002, +0x0008, +0x0003, -0x0001, -0x0011, -0x003e, +0x0021, +0x0023, 
    -0x0017, -0x0022, -0x001d, -0x0025, -0x0055, +0x0020, -0x0044, +0x0034, 
    -0x0008, +0x0034, -0x0047, -0x000e, -0x0029, +0x0016, +0x004c, +0x0027, 
    -0x0013, +0x0019, +0x0048, -0x0034, +0x007f, -0x0046, +0x002c, -0x000c, 
    -0x0042, +0x002c, -0x0045, +0x0013, +0x001a, -0x0010, +0x0071, +0x0008, 
    +0x001f, +0x0024, +0x002d, -0x0015, -0x0004, +0x0024, +0x001b, +0x002d, 
    -0x005b, -0x002f, -0x0047, +0x0014, +0x0013, -0x000c, +0x0061, -0x000a, 
    +0x0005, +0x0000, +0x000f, -0x001a, -0x0042, +0x003b, -0x0006, +0x002a, 
    +0x0040, +0x0010, -0x001f, +0x000a, -0x0031, +0x0001, +0x004e, +0x001a, 
    -0x000a, +0x0014, -0x000f, -0x0008, +0x0034, -0x001b, -0x000f, +0x0004, 
    +0x0034, -0x0002, -0x004f, +0x0027, -0x0032, +0x0031, +0x0041, +0x0009, 
    +0x0008, +0x0032, -0x0008, -0x0027, -0x0024, +0x0017, -0x0006, +0x000b, 
    -0x002a, -0x000c, -0x006f, +0x002c, -0x0013, +0x0016, +0x002d, -0x0015, 
    +0x001c, +0x0025, +0x0001, -0x0043, -0x003b, -0x0010, -0x0029, -0x0001, 
    +0x0005, -0x0003, -0x0070, -0x0012, +0x0005, -0x002f, -0x000b, +0x0005, 
    -0x0009, -0x002a, -0x0011, +0x003a, +0x0005, +0x0013, +0x001d, -0x0033, 
    -0x0022, +0x001b, +0x000c, -0x0024, +0x0004, -0x0005, -0x0012, -0x0020, 
    -0x001d, +0x000d, -0x0007, +0x0006, +0x0001, -0x0003, +0x0027, -0x0043, 
    -0x0052, +0x001e, +0x000a, -0x0002, +0x000d, +0x0021, -0x001d, -0x0001, 
    -0x0016, -0x0012, -0x0001, +0x0000, -0x0026, +0x0017, +0x0018, +0x0003, 
    +0x0010, +0x0000, -0x0038, -0x0005, -0x0028, -0x000f, +0x0005, +0x0001, 
    -0x0005, -0x0013, -0x0020, +0x0031, -0x000d, -0x0007, +0x0045, +0x000e, 
    +0x000b, -0x0002, -0x0021, -0x001a, +0x000a, -0x0009, -0x000f, -0x002a, 
    +0x0001, +0x0018, -0x0005, +0x001d, -0x0017, -0x0036, +0x006f, +0x001c, 
    -0x0005, +0x0014, -0x0033, -0x002e, +0x004c, -0x0005, +0x0000, -0x001d, 
    -0x0001, -0x0013, -0x0012, -0x000f, +0x0010, +0x0013, +0x0045, +0x0040, 
    -0x0025, +0x0003, +0x0005, -0x000f, -0x003d, +0x0004, -0x0006, +0x0005, 
    +0x000d, +0x000c, +0x000e, +0x0013, -0x0014, -0x0002, -0x000c, -0x0027, 
    -0x002b, -0x0024, +0x001d, -0x001d, -0x001f, -0x0003, +0x001d, -0x003c, 
    +0x0016, +0x0003, -0x000b, +0x0028, +0x0016, -0x0024, -0x0010, -0x001d, 
    -0x000d, +0x000e, +0x0045, -0x001e, +0x0036, +0x0019, +0x0013, +0x0014, 
    +0x0013, -0x001e, -0x000e, -0x0013, +0x0025, -0x0017, +0x0004, -0x0008, 
    +0x0004, +0x0044, -0x0019, -0x0017, -0x0047, +0x0030, -0x002a, +0x0053, 
    +0x0025, -0x002b, -0x0056, +0x0018, +0x001a, -0x000d, -0x0024, +0x0005, 
    +0x0005, +0x001d, +0x0027, +0x0002, +0x0003, -0x0005, -0x0006, +0x0042, 
    -0x0027, +0x0023, +0x0005, +0x0017, -0x001e, +0x001e, +0x000d, -0x0011, 
    +0x0013, -0x001e, +0x0026, +0x0007, +0x0019, +0x0005, -0x0004, +0x001f, 
    -0x0039, +0x0051, -0x0015, -0x0003, -0x0040, +0x0006, -0x0014, -0x0013, 
    -0x000c, +0x004a, -0x0028, +0x0040, -0x0022, +0x0023, -0x000f, +0x0026, 
    +0x0046, -0x0048, -0x0007, +0x000d, +0x0028, -0x0008, +0x0018, +0x0002, 
    +0x0002, +0x0021, +0x0011, +0x0058, +0x000f, +0x0004, -0x0028, +0x0005, 
    -0x0015, +0x0018, +0x0004, +0x0022, -0x001b, +0x0029, +0x001c, -0x0014, 
    +0x0011, -0x0052, +0x0009, +0x002f, +0x0039, -0x0015, -0x002c, +0x0020, 
    -0x005e, +0x007f, +0x0004, -0x0020, -0x001c, -0x0014, -0x0028, -0x0059, 
    -0x0025, +0x001b, -0x0018, +0x0071, -0x0020, +0x001b, +0x0007, +0x0014, 
    +0x003a, -0x002d, -0x003e, -0x002a, -0x0005, -0x0018, +0x000f, -0x0024, 
    +0x0003, +0x0029, +0x0009, +0x0059, +0x001f, +0x0017, -0x000c, -0x0008, 
    -0x000c, +0x0020, -0x0034, +0x0001, -0x0026, +0x0003, +0x0026, -0x0022, 
    +0x0028, -0x002f, +0x0018, +0x003e, +0x003c, -0x0020, -0x0010, +0x0024, 
    -0x0074, +0x0037, -0x002a, -0x0026, +0x0004, -0x0017, -0x0021, -0x004c, 
    -0x0020, +0x0019, +0x0022, +0x002c, -0x0019, -0x0010, -0x002c, +0x0029, 
    -0x0012, -0x0012, +0x002b, -0x0011, -0x001e, -0x0007, -0x004f, +0x007f, 
    +0x0017, -0x003c, +0x001e, +0x002b, -0x0030, +0x000a, -0x0009, -0x0027, 
    -0x001f, -0x0019, +0x003a, -0x001c, -0x001d, +0x0030, -0x0004, +0x0033, 
    -0x0004, -0x002a, -0x000c, +0x0020, +0x002f, -0x0008, -0x0021, -0x001f, 
    -0x0004, +0x0005, +0x0013, -0x003b, -0x0018, -0x0032, +0x000e, +0x000b, 
    -0x0013, +0x002b, +0x0038, +0x0023, -0x001f, -0x0007, -0x0026, +0x0037, 
    -0x000b, -0x001b, +0x0035, +0x000b, +0x0006, -0x0002, -0x002e, +0x003e, 
    +0x0011, -0x0023, +0x003b, +0x0024, -0x004c, -0x000c, -0x000e, +0x000a, 
    -0x0005, -0x0004, +0x0040, -0x0001, +0x0004, +0x0001, -0x0054, +0x001a, 
    -0x0001, -0x0062, +0x002c, +0x002f, +0x0013, +0x0012, -0x004b, -0x003e, 
    +0x000f, -0x0006, +0x0034, -0x0018, +0x000f, -0x0027, -0x0027, -0x0043, 
    -0x0023, +0x0026, -0x000e, +0x0004, -0x001b, -0x0027, -0x004b, -0x0032, 
    -0x0001, +0x000c, -0x0009, -0x0006, -0x0001, -0x0002, -0x0023, -0x000b, 
    +0x0001, +0x0029, +0x000e, -0x0010, -0x0042, -0x0038, +0x0020, -0x003e, 
    -0x0009, +0x0014, -0x0016, -0x0004, +0x002b, +0x0003, -0x001d, -0x0024, 
    +0x001b, -0x0035, +0x0023, +0x0006, +0x0017, -0x000b, -0x0050, -0x0052, 
    -0x0010, +0x0002, +0x001d, -0x0004, +0x001f, -0x000d, +0x000a, -0x003f, 
    -0x0021, -0x001f, +0x0028, +0x0040, -0x0035, -0x0005, -0x002a, +0x0006, 
    -0x0042, +0x0011, -0x002c, +0x0017, -0x001f, -0x0019, -0x001d, +0x0019, 
    -0x000c, -0x0028, +0x002b, +0x002a, -0x0033, -0x0008, -0x0027, -0x0015, 
    -0x0026, +0x002c, -0x0027, -0x0037, +0x000d, -0x0033, -0x0018, -0x000e, 
    -0x0027, -0x000f, +0x0015, -0x0001, +0x0005, -0x000a, -0x0029, +0x0019, 
    +0x001b, +0x0017, +0x0005, +0x0049, +0x0014, +0x0011, +0x002c, +0x0013, 
    +0x0009, +0x0010, +0x001e, +0x0006, +0x0009, +0x0011, -0x000c, +0x0010, 
    -0x0041, +0x0002, -0x0043, -0x0010, +0x0001, +0x0003, +0x0034, +0x0025, 
    -0x0029, -0x0015, +0x0076, -0x000b, +0x000a, -0x000d, -0x002f, -0x0024, 
    -0x001b, -0x000d, -0x0058, -0x0035, +0x0001, +0x0010, +0x0018, +0x0003, 
    +0x0001, -0x0034, +0x0053, +0x0005, +0x001b, -0x0015, +0x0018, -0x002c, 
    +0x0006, -0x000a, -0x002b, +0x0015, +0x000b, +0x0005, +0x0016, +0x0032, 
    +0x0002, +0x001d, -0x0023, -0x0003, +0x000d, +0x0007, -0x0003, +0x0028, 
    -0x003b, -0x0003, -0x0023, +0x0014, -0x0005, +0x0003, +0x0006, +0x001b, 
    -0x0034, +0x0027, +0x0021, -0x0008, +0x0018, -0x000d, -0x0034, +0x000d, 
    -0x004f, -0x002a, -0x003a, -0x0023, -0x0011, +0x0024, +0x000b, +0x0021, 
    -0x0006, -0x000f, -0x0005, +0x0009, +0x002d, -0x0031, -0x0018, -0x0003, 
    +0x000f, -0x0008, -0x0011, -0x0040, +0x0006, -0x000c, +0x0022, +0x0011, 
    -0x003d, -0x001e, -0x001f, -0x007b, +0x0030, -0x000e, -0x0056, +0x0025, 
    +0x0037, -0x001f, +0x002b, -0x001a, -0x0021, +0x0052, -0x0032, +0x000d, 
    -0x0022, -0x000b, +0x0018, -0x0025, -0x000c, +0x0021, -0x004c, +0x0014, 
    +0x0035, +0x001a, +0x004a, -0x000c, +0x0006, -0x0011, -0x0005, -0x0003, 
    -0x000e, -0x0011, -0x0024, +0x002d, -0x0016, +0x002a, -0x0020, -0x0006, 
    -0x0021, +0x0019, -0x000a, +0x0003, +0x000f, -0x0019, +0x0024, -0x0017, 
    -0x0041, -0x0034, -0x0015, -0x0068, +0x002e, +0x0000, -0x0002, +0x0021, 
    +0x001b, -0x0051, +0x0047, -0x0014, -0x0036, +0x0056, -0x001b, +0x0025, 
    +0x0009, +0x0022, +0x0014, -0x0010, -0x001d, +0x0026, -0x0025, +0x0001, 
    +0x002a, +0x0047, +0x0076, +0x0013, -0x000e, -0x002c, -0x0022, +0x0002, 
    +0x005e, +0x0029, +0x0004, +0x0031, -0x002e, +0x0011, -0x0022, -0x0013, 
    +0x0001, +0x0061, +0x006c, +0x002a, +0x0008, -0x0056, -0x0006, +0x0014, 
    -0x0002, -0x0005, -0x0015, -0x0046, +0x000b, +0x0008, -0x0015, -0x0026, 
    +0x0031, -0x0042, +0x0009, +0x001d, -0x003c, +0x0030, +0x0014, +0x0036, 
    +0x000a, +0x0016, +0x001d, +0x000a, +0x0004, +0x0023, -0x0019, -0x0019, 
    -0x000f, -0x0002, +0x002e, +0x0002, -0x0028, -0x000c, +0x0006, +0x000a, 
    +0x002a, -0x0001, +0x000c, +0x0027, -0x000f, -0x000a, -0x0027, -0x001b, 
    -0x0004, +0x0073, +0x0056, +0x0018, -0x0009, -0x0041, -0x0014, +0x0026, 
    -0x000c, -0x000c, -0x005f, +0x0026, -0x0016, -0x0002, -0x0023, +0x0016, 
    -0x0019, -0x0022, +0x0010, +0x0012, -0x0045, -0x0017, -0x0070, -0x0053, 
    -0x000f, +0x0014, -0x0075, +0x0043, -0x0011, +0x001a, +0x002a, -0x0005, 
    -0x001f, +0x0029, -0x0016, +0x0009, +0x0002, +0x0005, -0x0014, -0x006d, 
    +0x001d, -0x0038, -0x002d, +0x0025, +0x0000, -0x0009, +0x0026, -0x0034, 
    -0x0015, -0x0003, -0x0005, +0x0013, +0x0045, +0x004c, +0x0004, -0x0036, 
    -0x0003, +0x0008, -0x003c, +0x0002, +0x0041, -0x0013, +0x0014, -0x0009, 
    -0x0009, +0x0021, -0x000c, +0x0022, -0x004b, -0x0037, -0x006e, -0x0008, 
    -0x0015, +0x000d, -0x007f, +0x000d, +0x004c, +0x0030, +0x0025, -0x002b, 
    -0x000b, -0x0003, +0x0006, -0x0005, +0x0010, +0x001f, -0x002f, +0x0015, 
    +0x001f, -0x002c, -0x0061, +0x0006, +0x0033, +0x000d, +0x002d, -0x0022, 
    -0x000c, -0x0037, +0x0028, -0x0014, +0x0027, +0x0039, -0x0026, +0x0008, 
    -0x0020, +0x0014, -0x0001, -0x0024, +0x0021, -0x0010, +0x0008, +0x002c, 
    -0x002f, +0x0027, -0x0021, +0x000c, -0x0021, -0x002d, -0x0037, +0x001a, 
    -0x0018, +0x0000, -0x0041, -0x0006, +0x0002, -0x0005, +0x001d, -0x0016, 
    -0x0003, +0x000e, +0x0003, -0x0009, +0x000f, -0x0017, -0x001d, +0x0035, 
    +0x0019, -0x0016, -0x0009, +0x001c, +0x001e, +0x000d, -0x0012, -0x0015, 
    +0x0030, -0x0044, +0x001b, -0x0004, -0x0005, -0x000e, -0x004f, +0x002a, 
    -0x0009, +0x000e, -0x001a, -0x0009, +0x0009, -0x0022, +0x0000, -0x0016, 
    +0x001a, +0x0057, -0x000d, +0x001e, -0x003e, -0x001f, -0x0022, -0x001f, 
    +0x0009, -0x0001, +0x0020, -0x0046, -0x0028, -0x0001, -0x001e, -0x0045, 
    +0x0005, +0x0029, -0x0009, +0x0016, -0x0018, -0x001a, -0x000c, -0x0007, 
    -0x002b, +0x0034, +0x001e, -0x0031, +0x0001, +0x0028, -0x0024, -0x0049, 
    -0x0032, +0x000b, -0x0017, +0x002f, +0x0001, +0x0006, -0x0007, -0x0021, 
    +0x0019, -0x002f, -0x000b, +0x000b, +0x0028, -0x0025, +0x0023, -0x0032, 
    +0x0050, +0x0007, -0x0010, +0x0031, +0x0006, -0x002d, +0x002e, -0x0007, 
    -0x006a, +0x0015, +0x0000, -0x0008, -0x004a, +0x0006, +0x001a, -0x0069, 
    -0x0025, -0x001b, +0x001c, +0x0032, -0x000f, +0x0007, +0x0033, -0x0008, 
    +0x0017, +0x0052, +0x0011, -0x0030, +0x0004, +0x002d, -0x0012, -0x007f, 
    +0x000f, +0x0009, -0x000f, +0x0018, +0x004b, +0x001b, +0x000e, -0x003b, 
    +0x0014, -0x004d, +0x001c, +0x001d, +0x001b, -0x0032, +0x0005, -0x0031, 
    -0x003d, -0x0026, -0x0008, +0x001f, +0x002a, -0x0053, +0x0029, +0x0002, 
    -0x0019, +0x002d, +0x001a, +0x0023, -0x0004, -0x000f, +0x0009, -0x0044, 
    -0x0011, +0x0013, +0x0013, +0x0029, +0x001a, -0x0025, +0x003d, -0x000f, 
    +0x0024, +0x0017, -0x000a, -0x0007, -0x0003, -0x000b, -0x0013, -0x0058, 
    -0x0020, -0x000c, +0x000d, +0x001c, +0x000a, -0x0014, +0x0029, -0x0040, 
    -0x000b, -0x0043, -0x001a, -0x0018, +0x0037, -0x000b, -0x0019, -0x0004, 
    +0x0033, +0x000c, +0x001e, +0x001c, -0x0026, +0x0011, -0x004f, -0x0020, 
    +0x0028, -0x004f, -0x004c, +0x000b, -0x002e, +0x0019, -0x0016, -0x0005, 
    +0x0058, -0x0018, +0x001c, -0x0001, +0x001f, +0x0006, -0x004f, +0x0003, 
    +0x0011, -0x0032, -0x0061, +0x000c, -0x001d, +0x0021, -0x0031, +0x0025, 
    -0x000a, -0x0028, +0x0008, +0x0003, +0x002a, -0x005b, -0x0073, -0x0004, 
    -0x000e, -0x005e, -0x0008, -0x0047, +0x0029, +0x002d, +0x0034, +0x002b, 
    -0x0001, +0x003b, +0x0010, +0x0000, -0x0011, +0x0048, -0x001b, +0x0022, 
    +0x0006, -0x0007, -0x0005, -0x000d, +0x0003, -0x000f, +0x0022, -0x0010, 
    -0x001f, +0x001d, -0x0010, +0x0003, +0x0073, +0x0042, -0x0011, +0x0003, 
    +0x0060, +0x0000, +0x0010, +0x0009, -0x003c, -0x0034, -0x0012, -0x0004, 
    -0x0003, -0x000b, +0x0002, +0x0003, +0x0028, -0x006f, -0x0012, +0x0016, 
    -0x0017, -0x001f, -0x001b, +0x0008, -0x0021, +0x0049, +0x0011, +0x0027, 
    -0x0019, +0x002e, -0x0014, +0x0009, +0x0002, +0x0046, -0x001d, +0x002d, 
    +0x0024, +0x0070, -0x0013, +0x0004, -0x002e, -0x0008, +0x001f, +0x0017, 
    -0x002d, -0x0008, -0x0009, +0x000e, +0x0017, +0x0005, -0x000f, -0x0013, 
    +0x0005, +0x0070, +0x0014, -0x000c, -0x0040, -0x0046, -0x0034, +0x001c, 
    -0x0005, +0x0005, -0x0012, -0x0003, -0x002d, -0x001c, -0x0020, -0x0025, 
    -0x004d, -0x0034, -0x002e, +0x0010, -0x0025, -0x0035, -0x0061, -0x0006, 
    -0x0025, +0x005c, -0x0019, +0x0021, +0x004e, +0x004b, -0x0021, +0x000e, 
    -0x000e, -0x0019, -0x001f, -0x0008, +0x003a, +0x0008, -0x0020, +0x0011, 
    -0x002d, +0x0018, -0x0014, +0x003a, -0x0031, +0x002c, -0x0038, -0x0003, 
    +0x0054, -0x0027, -0x001c, -0x002b, -0x0035, -0x0006, -0x0003, +0x002c, 
    +0x0013, +0x000b, -0x001b, +0x0022, -0x003a, +0x004e, +0x000c, -0x0012, 
    -0x0047, -0x0010, +0x0001, +0x0020, -0x0026, -0x0023, -0x002d, -0x0009, 
    -0x0019, +0x0057, +0x0029, +0x0005, +0x0049, -0x0014, +0x003a, +0x0045, 
    -0x000b, +0x0023, +0x0018, +0x0011, -0x0009, +0x000c, -0x0004, +0x0005, 
    +0x001e, +0x003b, +0x003e, +0x0002, -0x0048, -0x0015, +0x001d, +0x0012, 
    +0x0025, +0x0026, +0x0024, -0x0009, -0x001b, -0x0012, -0x002a, +0x0037, 
    +0x0001, -0x0006, +0x0026, -0x000d, -0x0045, -0x0019, +0x0044, -0x0004, 
    -0x0015, -0x0007, -0x0019, +0x0010, +0x0002, -0x0030, -0x0010, +0x0019, 
    -0x0012, +0x0053, +0x000c, -0x000f, +0x001f, -0x0014, +0x0020, +0x0029, 
    -0x0002, -0x0012, +0x001f, +0x000f, -0x000d, -0x0004, +0x003c, +0x0008, 
    -0x0037, +0x0015, +0x0011, +0x000c, -0x0020, -0x0039, +0x0019, -0x000c, 
    -0x002c, +0x0037, +0x0013, +0x0022, -0x0009, -0x0008, -0x001b, +0x003b, 
    -0x0033, +0x0044, +0x0042, +0x000e, +0x0018, -0x004e, -0x0020, -0x0026, 
    +0x0011, -0x0005, -0x0025, +0x0003, +0x0010, +0x0018, -0x0027, -0x0024, 
    +0x0001, +0x003e, -0x0054, +0x0015, -0x0025, -0x000a, +0x0015, +0x000f, 
    -0x002f, +0x0024, -0x0012, -0x0003, -0x000e, +0x000b, -0x0059, -0x0015, 
    +0x004d, +0x000e, -0x0019, +0x0016, +0x0036, +0x000c, -0x0020, +0x0014, 
    -0x0005, +0x0009, -0x0004, -0x0011, +0x0010, +0x0037, -0x0040, -0x001e, 
    +0x0003, -0x0038, -0x001c, +0x0014, +0x0012, -0x003f, -0x0003, -0x0020, 
    +0x0002, +0x0005, +0x0026, -0x002e, +0x002a, -0x0026, +0x0037, -0x0010, 
    +0x0004, +0x0056, -0x003f, +0x0028, +0x0008, -0x000f, +0x0017, +0x0017, 
    -0x002e, +0x0033, +0x000a, -0x0044, -0x0009, -0x0010, +0x000e, -0x0006, 
    +0x006a, +0x0029, -0x0003, +0x000a, +0x007f, +0x002b, -0x0027, +0x0003, 
    +0x0009, +0x000c, -0x0004, -0x0023, +0x0025, +0x003e, -0x001f, -0x0024, 
    -0x0009, -0x0069, -0x0010, +0x0011, -0x000d, -0x0038, -0x0040, +0x000c, 
    -0x000f, -0x0050, +0x0028, -0x0030, +0x0030, -0x0005, +0x000d, -0x0007, 
    -0x0001, +0x0050, -0x0048, +0x001a, +0x0015, -0x0009, -0x002c, -0x0009, 
    -0x0004, -0x0029, +0x0033, -0x0035, +0x0035, +0x000a, +0x002d, +0x0020, 
    +0x0015, +0x0020, -0x0022, +0x0013, +0x0017, -0x002d, -0x0016, +0x0009, 
    -0x001b, -0x0024, +0x0008, -0x003f, +0x0021, +0x0006, -0x0001, -0x0004, 
    -0x001d, -0x000e, -0x0018, +0x000a, -0x002f, -0x003a, +0x0002, +0x0009, 
    +0x004e, -0x001e, -0x0043, +0x0011, -0x000f, -0x0014, -0x0008, +0x0007, 
    -0x000c, +0x0002, +0x0009, -0x0003, +0x0005, +0x0018, -0x0041, +0x001f, 
    -0x0031, +0x0042, -0x0058, +0x0006, -0x0004, -0x003f, -0x0060, -0x0003, 
    +0x004b, -0x0011, -0x0016, -0x0012, +0x002c, +0x002e, -0x0028, +0x0032, 
    -0x0003, +0x0060, -0x006b, +0x0002, +0x0007, -0x0029, -0x0027, +0x000d, 
    -0x0067, -0x0023, -0x0014, +0x0015, +0x0016, -0x0035, +0x001f, +0x0016, 
    +0x005b, -0x0032, +0x0024, +0x0013, +0x002d, -0x0003, +0x0006, +0x0034, 
    +0x0025, +0x002c, +0x0000, -0x0003, -0x0028, -0x0022, -0x0004, -0x000d, 
    -0x0023, +0x0045, -0x000d, +0x001a, -0x004b, -0x002b, -0x0001, +0x0025, 
    +0x0022, +0x0005, -0x0009, -0x0028, +0x0033, -0x0011, -0x0034, +0x0029, 
    -0x000e, +0x003a, -0x0055, -0x0022, +0x0012, +0x0005, +0x0006, +0x0011, 
    -0x001c, -0x003f, -0x0012, +0x0000, +0x0017, -0x0026, +0x001e, +0x0017, 
    -0x000e, -0x001a, +0x0019, +0x0000, -0x002b, -0x0024, -0x0013, +0x000b, 
    -0x000d, +0x0021, +0x000a, +0x0021, -0x0028, -0x000b, +0x0007, -0x0014, 
    -0x0023, +0x0005, -0x0001, +0x0030, -0x0043, +0x0019, -0x0012, +0x001c, 
    -0x000f, -0x000e, +0x000a, +0x0000, +0x0003, +0x0001, +0x0005, -0x0004, 
    -0x000b, -0x002f, -0x0021, -0x0010, -0x0012, +0x0033, -0x0001, +0x0028, 
    -0x0004, -0x003f, +0x0002, -0x0005, -0x003d, +0x001f, +0x0012, -0x000f, 
    +0x0050, +0x000c, -0x0067, -0x0010, -0x000e, -0x0020, -0x0020, +0x0033, 
    -0x002e, -0x007f, -0x000f, +0x0021, +0x0064, +0x0013, +0x001e, +0x0022, 
    +0x000b, +0x000f, -0x0045, -0x001b, -0x0015, -0x0013, -0x0025, +0x0035, 
    +0x0021, -0x0013, -0x0018, +0x002e, +0x0006, +0x0012, +0x0037, -0x000f, 
    -0x0038, +0x0008, -0x0055, +0x0000, -0x0003, +0x005f, -0x0003, +0x001e, 
    +0x004f, +0x0015, -0x0011, +0x0015, -0x001f, +0x0005, +0x0001, -0x002a, 
    +0x0061, -0x000d, -0x000b, +0x0021, -0x0078, -0x000c, -0x000d, +0x0008, 
    -0x001a, -0x003a, +0x000c, +0x0007, +0x000e, +0x0060, -0x0001, +0x0010, 
    +0x000b, -0x0011, -0x0007, +0x000b, -0x0027, +0x0010, -0x0010, +0x0030, 
    -0x0027, -0x0024, -0x001c, +0x0018, -0x0029, +0x005e, +0x0010, +0x0001, 
    -0x0058, +0x0007, -0x004d, -0x0009, +0x003c, +0x0033, +0x000e, +0x0026, 
    +0x0029, +0x000a, +0x0008, +0x0011, -0x0034, -0x000b, -0x0027, -0x0020, 
    +0x0032, +0x000b, +0x0014, +0x0019, -0x001d, +0x0000, +0x0012, +0x0011, 
    -0x0012, +0x0015, -0x0006, +0x000a, -0x001b, +0x0037, +0x000b, -0x0006, 
    +0x0008, -0x0027, +0x003a, -0x0006, +0x002a, -0x0006, +0x0012, +0x0020, 
    -0x0012, +0x004b, -0x0007, +0x0013, -0x001c, +0x0029, +0x0021, +0x0002, 
    -0x002a, -0x0023, -0x0034, +0x000b, +0x0026, -0x0009, +0x003b, +0x0013, 
    -0x002e, +0x003a, +0x0051, +0x0001, -0x0016, -0x001d, -0x0007, +0x0005, 
    -0x000f, -0x0006, -0x0046, -0x0009, +0x0028, +0x0034, -0x0034, +0x0036, 
    +0x0042, -0x000a, -0x0001, +0x002c, -0x0002, -0x0027, +0x0002, -0x0033, 
    +0x0012, -0x0014, -0x0027, -0x0003, +0x002e, +0x000b, -0x0033, +0x0034, 
    +0x001d, -0x0046, +0x0028, -0x0007, -0x0024, +0x0011, -0x0019, -0x005b, 
    -0x0042, -0x0040, -0x001a, +0x000c, +0x0013, -0x0008, -0x0045, +0x000e, 
    -0x0020, -0x0036, +0x0007, +0x0013, -0x0001, +0x0026, -0x0014, -0x002c, 
    -0x0046, +0x0044, -0x000e, +0x002c, +0x0027, +0x0038, -0x0010, +0x001d, 
    +0x003c, +0x0026, +0x001c, -0x0004, -0x0001, -0x0025, +0x0020, -0x0058, 
    -0x0039, -0x0005, +0x0001, +0x0014, +0x0031, +0x001d, -0x0002, +0x001a, 
    +0x001a, -0x000f, +0x0020, -0x000d, -0x002a, +0x0008, +0x0011, -0x0075, 
    -0x002c, -0x0048, -0x0008, +0x0006, +0x000c, +0x000d, -0x0001, +0x000e, 
    -0x0045, -0x003b, +0x0009, +0x0013, +0x0000, +0x003b, -0x000b, -0x0046, 
    +0x0011, +0x0031, -0x0017, +0x0012, -0x0005, +0x0012, -0x0019, +0x0005, 
    +0x002e, -0x000f, -0x0009, +0x0006, +0x0019, -0x0033, +0x0005, -0x004c, 
    +0x0011, -0x001c, -0x0018, -0x0006, -0x0012, +0x0014, -0x0034, +0x000e, 
    -0x0012, -0x001b, +0x0002, -0x0017, -0x0006, -0x0009, +0x0000, -0x0044, 
    +0x0038, -0x0023, -0x000b, -0x0013, -0x000b, +0x0009, -0x002c, -0x000f, 
    -0x002f, -0x0015, -0x0007, +0x0019, +0x0000, -0x000f, -0x0019, -0x003d, 
    -0x0049, -0x0010, -0x0053, +0x001c, -0x0001, -0x0007, -0x0022, +0x0025, 
    -0x0005, +0x006f, -0x0057, +0x0017, -0x001a, -0x0032, -0x001e, +0x0021, 
    -0x0020, +0x0015, -0x007f, +0x000e, +0x0055, -0x0034, -0x000d, -0x0012, 
    -0x0028, +0x003b, -0x0045, +0x000d, +0x0016, -0x0023, +0x003e, +0x000c, 
    +0x001d, +0x0004, -0x0056, +0x0012, -0x001f, -0x003a, -0x0005, -0x0017, 
    -0x003b, -0x0017, -0x0011, +0x001f, -0x001b, -0x002f, +0x000b, -0x000a, 
    -0x002f, -0x0012, -0x0017, +0x0017, +0x0069, -0x000f, +0x0013, +0x0012, 
    -0x0028, +0x0002, +0x000f, +0x000f, -0x005c, -0x000f, -0x0054, -0x0020, 
    -0x002b, +0x0027, -0x0023, -0x0007, +0x0069, -0x001f, +0x0049, -0x0003, 
    -0x0027, -0x0006, +0x0002, -0x0013, -0x005b, +0x0018, +0x001a, +0x0001, 
    +0x0041, +0x0038, -0x0025, -0x0001, +0x0001, -0x0013, +0x0040, -0x0008, 
    -0x001d, -0x0020, -0x0011, -0x001f, +0x0018, +0x0050, +0x000f, +0x001e, 
    -0x001f, -0x0022, -0x0011, +0x0008, +0x000d, +0x000a, -0x001b, +0x0007, 
    -0x0033, +0x0005, +0x0017, +0x0003, -0x000c, +0x000f, -0x0029, -0x0012, 
    -0x0013, +0x0027, -0x0018, +0x0000, +0x0014, +0x002a, +0x000b, -0x0020, 
    -0x004f, -0x0005, +0x002a, -0x0008, +0x000b, +0x0022, +0x0015, -0x0002, 
    +0x0000, +0x0021, -0x0007, -0x0007, -0x002f, +0x0040, -0x000f, +0x0002, 
    -0x0026, +0x0020, -0x001f, -0x0025, +0x0043, +0x004f, +0x0042, +0x0012, 
    +0x0027, +0x0052, -0x001e, -0x0020, +0x001f, +0x0027, -0x000c, -0x0017, 
    +0x002c, +0x0003, -0x000c, +0x0001, +0x003c, +0x003c, -0x0027, -0x0021, 
    +0x001e, +0x0054, -0x0020, -0x0021, +0x0023, +0x0058, -0x0032, -0x0013, 
    +0x002a, +0x0013, -0x002f, -0x004e, -0x0003, +0x0030, -0x0028, -0x0033, 
    +0x002a, -0x0024, +0x0005, -0x0046, +0x0016, +0x0004, -0x001b, -0x002e, 
    +0x0031, +0x001e, -0x0001, -0x0010, -0x0033, +0x001e, -0x000e, -0x002e, 
    +0x0023, +0x003e, -0x0072, +0x0009, +0x0001, +0x0023, -0x004e, +0x0007, 
    +0x0049, -0x0008, -0x002f, +0x0057, +0x000c, +0x0040, +0x0039, -0x0008, 
    -0x0037, +0x0045, -0x0029, +0x000f, +0x0006, +0x005c, -0x007d, +0x000b, 
    +0x0026, +0x0015, -0x0013, -0x0003, -0x0015, +0x0047, +0x001b, +0x0019, 
    -0x0041, -0x002b, +0x0028, -0x0018, -0x001a, +0x0012, -0x0043, +0x000f, 
    -0x001c, +0x0005, -0x0001, +0x000c, -0x001a, +0x0000, -0x000e, -0x000a, 
    -0x0008, +0x0044, +0x0015, -0x0025, -0x000d, -0x0009, +0x0028, -0x000f, 
    -0x0051, -0x0025, -0x0010, +0x0035, -0x0009, +0x002f, +0x001b, -0x000e, 
    -0x0039, +0x007b, +0x0040, +0x000f, -0x0033, +0x0023, +0x003a, -0x002c, 
    -0x003d, +0x0002, +0x0036, +0x0019, -0x001d, +0x002d, +0x0021, -0x000f, 
    -0x0076, +0x0017, +0x004f, +0x001f, -0x0033, -0x000e, +0x0031, -0x0039, 
    -0x004f, +0x0003, +0x001e, -0x000e, -0x0022, -0x002d, +0x0008, -0x001c, 
    +0x0020, -0x0026, +0x000e, +0x002a, +0x0010, -0x0004, +0x0004, -0x004a, 
    -0x0042, +0x0001, +0x0000, -0x0042, -0x0034, -0x0043, -0x0010, -0x0005, 
    +0x0009, +0x0042, +0x001d, -0x004f, +0x0006, -0x0014, -0x0021, +0x001e, 
    -0x003d, -0x0069, -0x0004, -0x004f, -0x0034, -0x006f, +0x001f, +0x0002, 
    +0x001e, -0x0017, -0x002c, -0x0025, -0x0009, +0x0002, +0x0002, +0x0043, 
    -0x0044, -0x000f, -0x0002, +0x0012, -0x0012, -0x0024, +0x0010, +0x0026, 
    -0x0006, -0x0029, +0x0018, +0x005e, +0x0024, +0x001b, -0x0004, -0x0041, 
    -0x002e, +0x0030, -0x0006, -0x0034, -0x0016, -0x0005, +0x001c, -0x003b, 
    -0x0018, +0x0036, -0x001d, +0x0057, +0x000b, -0x0020, +0x0002, +0x0019, 
    -0x0041, -0x0044, +0x002d, -0x0035, -0x0027, -0x0076, +0x001d, -0x003e, 
    +0x000c, +0x0028, -0x0056, -0x000b, -0x0058, +0x0025, +0x0045, +0x002a, 
    -0x0019, -0x000f, +0x0049, -0x0001, +0x0007, -0x0011, -0x0017, -0x0031, 
    -0x001f, -0x0015, -0x0021, +0x001f, +0x005a, +0x001b, +0x0008, +0x002a, 
    -0x0020, -0x000a, -0x0007, -0x0011, +0x000d, +0x000b, -0x002b, -0x0002, 
    -0x0031, -0x000e, +0x0011, +0x0043, +0x001c, -0x001a, +0x000f, +0x001f, 
    -0x0033, -0x0011, +0x0016, -0x000c, +0x000d, -0x003c, -0x0007, -0x001b, 
    -0x0033, -0x0016, +0x002f, -0x000b, -0x0044, +0x0005, +0x0012, +0x0007, 
    -0x001b, -0x000f, +0x000d, -0x0002, +0x001b, -0x000e, -0x0016, +0x0003, 
    -0x0011, +0x0003, -0x000c, +0x0046, +0x0059, +0x0067, -0x000d, +0x0047, 
    -0x0019, +0x0019, +0x0000, +0x0005, -0x003b, +0x0011, -0x000e, -0x002b, 
    -0x0016, -0x0038, -0x0031, -0x000e, -0x001c, +0x0026, -0x001a, -0x000c, 
    -0x0011, +0x004a, -0x0002, -0x003a, -0x0026, -0x000c, -0x000b, -0x0016, 
    -0x001f, -0x0036, -0x0011, -0x0038, +0x0006, +0x001a, -0x0043, +0x0026, 
    +0x0016, +0x003e, -0x000f, -0x0006, -0x000a, -0x003a, -0x0011, +0x004c, 
    -0x002b, +0x0022, +0x0032, +0x003e, -0x0002, +0x0027, -0x0027, -0x002c, 
    -0x0037, -0x0030, +0x0016, -0x0046, -0x0006, +0x007f, -0x002a, +0x000e, 
    -0x0036, +0x0013, +0x001c, -0x0005, -0x0034, +0x0029, +0x0024, +0x000c, 
    -0x0041, -0x0012, +0x002f, -0x0049, -0x0026, +0x005b, +0x0033, +0x0055, 
    +0x0016, +0x0027, -0x0009, +0x0019, -0x0015, +0x0000, +0x000a, +0x001a, 
    +0x0013, -0x0005, -0x001f, +0x002b, -0x0037, +0x000e, +0x0028, +0x001f, 
    -0x002d, -0x0003, +0x0020, -0x000a, +0x000a, -0x0072, +0x0044, -0x001c, 
    -0x0019, -0x0024, +0x000e, -0x002b, +0x0002, +0x0060, -0x0034, +0x0000, 
    -0x0025, -0x0013, -0x0011, -0x0017, -0x0007, -0x000c, -0x0023, -0x0016, 
    -0x0015, +0x0005, +0x0042, +0x001e, -0x0006, -0x0024, -0x0029, -0x0003, 
    +0x0016, -0x0003, -0x0008, +0x0030, +0x001c, -0x0013, +0x0006, +0x0006, 
    +0x0016, -0x0011, +0x001a, +0x0036, -0x0056, -0x0057, -0x0016, +0x0006, 
    +0x001d, -0x003c, +0x0008, -0x0021, +0x0041, +0x0039, -0x0028, -0x0001, 
    -0x002b, -0x0042, +0x0006, -0x002a, -0x002a, -0x003e, +0x0008, +0x000e, 
    +0x0015, -0x0007, -0x0004, +0x001e, +0x001f, +0x0002, -0x0019, +0x000c, 
    -0x0012, -0x0004, +0x002d, -0x001a, -0x0008, -0x0068, +0x0037, +0x002b, 
    +0x0023, +0x0010, -0x0025, +0x0017, +0x002f, +0x0010, -0x000f, -0x0010, 
    -0x0029, +0x0046, +0x000e, +0x000e, -0x002c, +0x0008, -0x0019, -0x0017, 
    -0x0004, -0x0024, -0x002c, +0x0008, +0x000a, -0x0005, -0x0043, +0x0036, 
    -0x003b, -0x0037, +0x0016, -0x005a, -0x001e, +0x002d, -0x0030, -0x0062, 
    -0x002d, +0x000e, -0x0023, +0x0019, -0x0006, +0x0024, -0x003a, +0x002f, 
    -0x0029, -0x0037, +0x004f, -0x007f, +0x002d, -0x0006, +0x002d, +0x0009, 
    -0x000d, +0x000c, -0x001d, +0x0030, +0x000a, -0x001c, -0x002d, +0x002a, 
    -0x0024, +0x003d, -0x000d, -0x002d, -0x002e, +0x0031, -0x0021, -0x0026, 
    -0x0026, -0x0017, +0x003b, -0x000a, -0x0034, -0x003f, +0x0009, -0x001b, 
    -0x0002, -0x002e, -0x0012, -0x000a, -0x0038, -0x0008, -0x0029, -0x0041, 
    -0x0055, +0x0023, +0x0021, +0x0030, -0x001e, +0x0014, +0x0017, -0x0017, 
    -0x001a, -0x0044, +0x001a, +0x0003, +0x0019, +0x0044, -0x001f, +0x0005, 
    -0x0008, +0x0014, +0x0035, +0x0031, -0x0001, -0x0028, +0x000e, +0x001d, 
    -0x0008, +0x0033, -0x0037, +0x000a, -0x004f, +0x0022, -0x003e, -0x000b, 
    +0x0018, +0x0011, -0x0029, +0x0004, -0x0042, +0x0030, -0x0019, -0x000e, 
    -0x002f, +0x0029, -0x0019, -0x0042, -0x0047, +0x0019, -0x001a, +0x0064, 
    +0x0035, +0x0013, -0x0045, -0x0005, -0x003e, +0x0020, -0x0002, -0x000e, 
    -0x001d, -0x0004, -0x000b, -0x005c, +0x001a, +0x0054, -0x000d, -0x000d, 
    +0x000d, -0x0011, -0x0020, +0x0044, -0x001b, +0x0003, +0x0002, +0x0024, 
    -0x0027, -0x0023, -0x0037, -0x000e, +0x002c, +0x006c, -0x0019, -0x0036, 
    +0x0017, +0x0022, -0x0032, +0x0005, -0x001c, +0x0015, +0x0045, +0x001a, 
    -0x0030, +0x0025, -0x0026, -0x001a, -0x0013, -0x0026, +0x0055, +0x003e, 
    +0x0027, +0x000c, -0x001e, +0x0057, -0x0048, +0x005b, +0x0039, -0x002b, 
    -0x004b, -0x004b, +0x000a, -0x004e, +0x000c, -0x0003, +0x0004, -0x0026, 
    -0x004b, -0x0001, +0x002d, +0x0055, +0x002d, +0x003b, +0x000c, -0x0015, 
    -0x0024, -0x001f, -0x0007, -0x0032, +0x002b, +0x0048, -0x0052, -0x001e, 
    +0x001e, -0x0012, +0x0025, +0x0019, +0x0004, -0x003f, +0x0021, +0x0007, 
    -0x0023, -0x0012, -0x0020, +0x0015, +0x0018, -0x0009, +0x0025, -0x0025, 
    +0x000a, +0x0023, +0x0036, +0x002f, -0x0022, -0x0029, -0x005c, -0x003a, 
    -0x002c, -0x0017, -0x0010, -0x0013, +0x000e, -0x0020, +0x0034, -0x0029, 
    -0x003e, -0x0005, +0x003a, -0x0003, +0x0018, -0x0037, -0x0016, -0x002e, 
    -0x0003, -0x0036, -0x000f, -0x0039, -0x0022, +0x0000, +0x001a, +0x0027, 
    +0x0023, -0x005c, -0x0027, -0x000d, +0x0047, +0x0043, -0x0022, -0x001a, 
    +0x0039, +0x0047, -0x0001, -0x003e, -0x001d, -0x002b, +0x0006, -0x0022, 
    -0x0004, -0x004a, -0x0025, -0x003f, +0x0057, +0x0036, -0x000a, +0x0012, 
    +0x0041, +0x0029, -0x000e, +0x0001, -0x001a, -0x0034, -0x0011, -0x003e, 
    -0x0028, -0x000a, -0x001d, +0x0015, +0x005d, -0x0002, -0x0019, -0x0029, 
    +0x0006, -0x0047, -0x0013, +0x0001, +0x0012, -0x0003, -0x000f, +0x000f, 
    -0x0021, +0x000f, -0x0003, -0x0029, -0x0053, -0x0017, +0x0016, -0x002c, 
    -0x0044, -0x0005, +0x003e, -0x0023, +0x0018, -0x0020, -0x0014, +0x003e, 
    -0x0024, +0x0001, +0x0048, -0x0058, -0x0011, -0x000b, +0x0017, -0x002d, 
    -0x0015, +0x0020, +0x0013, -0x001f, -0x0025, -0x0013, +0x000d, +0x003f, 
    -0x0033, +0x0034, +0x002e, +0x0035, +0x0050, -0x0027, -0x0022, -0x0035, 
    +0x0007, +0x0001, -0x0012, -0x0004, -0x0032, +0x0040, +0x0011, +0x0041, 
    -0x0001, +0x0007, +0x0014, +0x0007, -0x0049, -0x0011, +0x0015, -0x0052, 
    -0x0051, -0x002e, -0x001d, -0x004c, -0x000d, -0x0027, +0x0024, +0x0032, 
    +0x0011, +0x0026, +0x001f, -0x0014, -0x0028, +0x002f, +0x0008, +0x0017, 
    -0x0025, -0x000c, -0x0033, -0x000f, +0x000b, +0x0030, +0x0035, +0x0040, 
    -0x002d, +0x0033, +0x001a, +0x0039, +0x0021, -0x001a, -0x0009, -0x0005, 
    +0x0004, -0x0023, +0x003a, +0x001d, -0x004b, +0x0024, -0x0003, +0x0031, 
    +0x004a, +0x0028, +0x0025, -0x006c, -0x002b, -0x0025, +0x000f, -0x0059, 
    -0x0007, -0x0032, -0x0019, -0x002a, +0x0012, +0x0040, -0x0007, -0x003b, 
    -0x0003, +0x0021, +0x003c, -0x0051, -0x001e, -0x0003, +0x0011, -0x007a, 
    -0x003a, -0x0047, +0x0014, -0x0047, +0x0026, +0x0031, -0x0031, -0x002e, 
    -0x003b, +0x000f, +0x001f, -0x007e, -0x001e, +0x002e, -0x0004, -0x0019, 
    -0x0043, -0x001f, -0x002d, -0x0006, +0x0007, -0x0002, -0x0003, +0x0002, 
    +0x0021, +0x001d, -0x001e, -0x005f, -0x0037, -0x0027, +0x0001, -0x0039, 
    +0x007f, +0x0035, +0x0015, +0x0008, -0x0003, +0x0044, -0x007b, -0x000b, 
    -0x0013, +0x0022, -0x0043, -0x0024, -0x0015, -0x002c, +0x0019, -0x0039, 
    +0x002d, -0x0004, +0x0055, -0x000a, +0x0005, +0x0042, -0x007f, +0x0001, 
    -0x0048, +0x0006, -0x0038, -0x004a, -0x001b, +0x003a, -0x0007, +0x0001, 
    -0x0037, -0x000c, +0x0055, +0x0026, -0x0019, +0x0002, -0x001b, +0x0010, 
    +0x0012, +0x0005, +0x0021, -0x0027, +0x0008, +0x0004, +0x0004, +0x0002, 
    +0x0053, +0x0021, -0x0049, +0x0032, -0x0023, +0x000c, +0x002d, -0x0024, 
    +0x001b, +0x0001, +0x002f, -0x0077, -0x001a, +0x0000, +0x0015, +0x0007, 
    +0x003f, -0x0032, -0x001f, -0x002b, -0x0023, +0x001b, +0x0038, -0x002c, 
    -0x0019, +0x0005, +0x0041, -0x0057, +0x0004, +0x000a, -0x000d, +0x0007, 
    -0x003a, -0x0034, -0x0013, -0x0033, -0x0017, -0x0012, +0x0019, -0x0017, 
    +0x0031, +0x003d, -0x002b, +0x000b, +0x001f, +0x0048, +0x0030, +0x0062, 
    +0x003a, -0x001b, +0x0008, +0x0004, -0x0076, +0x0068, +0x0026, +0x0004, 
    +0x001b, +0x0023, -0x0032, -0x0011, +0x0022, +0x000d, +0x0041, +0x0072, 
    +0x002d, -0x0022, +0x0022, -0x0028, -0x005a, +0x001a, -0x0016, +0x0043, 
    +0x0020, -0x000c, -0x0031, +0x002a, -0x0011, -0x0015, -0x0008, +0x000f, 
    +0x0039, +0x0040, +0x0028, -0x0003, -0x0057, -0x005f, +0x0007, -0x0016, 
    +0x0009, +0x0015, +0x0031, +0x000e, +0x0020, +0x0070, -0x0021, +0x0043, 
    -0x000b, +0x0011, -0x0004, +0x000f, -0x0055, +0x0066, -0x0007, +0x004d, 
    -0x0002, +0x0023, -0x000b, +0x004a, +0x0021, +0x0014, +0x0012, +0x0057, 
    -0x002b, -0x002f, -0x0010, -0x003b, -0x0058, +0x0060, -0x0058, +0x0049, 
    +0x0020, -0x0007, -0x0017, +0x0019, -0x0013, +0x000d, -0x000c, -0x004e, 
    -0x0006, +0x001f, -0x0018, -0x0037, -0x0026, +0x0019, -0x0011, -0x0019, 
    -0x002a, -0x0021, +0x002b, +0x0001, +0x003e, +0x0031, +0x0031, +0x0054, 
    -0x0007, -0x001c, -0x001a, +0x0012, -0x0049, +0x0047, -0x0002, +0x0037, 
    -0x000b, -0x000e, +0x0029, +0x0033, +0x0025, +0x0003, +0x001e, +0x002f, 
    -0x0031, -0x0020, -0x0039, -0x000a, -0x002d, +0x0016, -0x001c, +0x004a, 
    +0x0010, -0x0026, +0x0028, +0x0014, +0x0010, -0x002c, -0x002b, -0x002d, 
    +0x0015, +0x0008, -0x000c, -0x0050, +0x0002, +0x0002, -0x001f, +0x0021, 
    +0x0015, +0x0047, -0x001b, +0x0016, -0x0008, -0x0007, -0x001d, +0x000e, 
    -0x0016, -0x001a, -0x003a, -0x000f, +0x0006, +0x0023, +0x0002, -0x0031, 
    +0x0012, +0x0038, -0x0055, +0x0022, +0x002b, -0x0016, -0x0002, +0x0017, 
    -0x0010, +0x0023, +0x000c, -0x0003, +0x000c, +0x0011, +0x0006, +0x001b, 
    +0x0022, -0x0004, +0x0010, +0x0033, +0x000f, -0x001f, +0x002a, +0x000f, 
    +0x000f, +0x0042, +0x0022, +0x0000, +0x0007, +0x0003, +0x0043, -0x000c, 
    -0x0004, +0x0047, +0x0037, +0x000b, +0x000b, -0x002c, -0x002a, +0x0010, 
    +0x0009, +0x000c, -0x0013, -0x0008, -0x0009, +0x0008, -0x000f, +0x000b, 
    -0x003b, -0x002b, -0x0005, -0x0005, -0x001d, -0x0046, -0x0013, +0x000f, 
    -0x0010, -0x0026, -0x002d, +0x0007, +0x000a, +0x0012, +0x0045, +0x002d, 
    -0x0014, -0x0058, +0x0013, +0x0016, -0x0012, -0x003b, +0x000e, +0x0001, 
    -0x000e, -0x0016, +0x0012, +0x0002, +0x000c, +0x0001, +0x0040, +0x0014, 
    -0x002d, -0x005e, -0x0025, -0x0027, -0x0021, -0x0028, -0x000f, +0x0009, 
    +0x000e, +0x0028, -0x003b, -0x0023, -0x0027, -0x0012, -0x0016, +0x0009, 
    -0x0018, -0x0055, +0x0007, -0x0041, -0x0066, -0x0025, -0x000f, +0x000d, 
    -0x0016, -0x0035, -0x0035, -0x0013, -0x0019, -0x001e, +0x0041, +0x0023, 
    -0x0023, -0x003b, +0x001a, -0x0018, -0x004f, -0x0007, -0x0007, +0x000a, 
    -0x0009, -0x003e, -0x0005, -0x000f, -0x001c, -0x0015, +0x0024, +0x0026, 
    -0x0012, +0x0001, +0x0046, -0x0006, -0x001d, +0x000b, -0x0032, +0x001f, 
    +0x0008, +0x0016, -0x0033, -0x0034, -0x0007, +0x0015, +0x0034, -0x0019, 
    -0x0015, -0x0006, -0x0001, +0x0009, +0x000d, -0x000f, -0x0033, -0x0002, 
    +0x000a, -0x0020, +0x000a, -0x0002, -0x0009, -0x002c, +0x0034, +0x0029, 
    -0x0004, -0x0009, -0x002c, -0x0004, +0x0004, -0x0028, +0x005b, -0x0002, 
    +0x0019, -0x001f, +0x0004, +0x0016, +0x001e, -0x0034, -0x002e, +0x0013, 
    -0x0015, +0x0008, +0x006e, -0x0031, -0x0009, -0x0012, -0x0024, +0x0000, 
    -0x0005, +0x001b, +0x002a, -0x0027, +0x0000, +0x0001, +0x0029, -0x001e, 
    -0x0005, +0x0006, +0x002b, -0x0003, +0x001b, +0x0006, +0x0001, -0x0003, 
    -0x0021, -0x001b, +0x0009, -0x0007, +0x000c, -0x0007, +0x0002, +0x0017, 
    +0x000d, +0x0012, -0x0022, -0x000a, -0x000a, +0x000a, +0x003e, -0x0019, 
    +0x000d, +0x000a, -0x001a, +0x0026, +0x0000, +0x0029, -0x0046, +0x0001, 
    +0x0012, +0x0007, +0x0014, -0x0047, -0x0033, +0x0039, +0x000e, -0x0028, 
    +0x000c, +0x001f, +0x0026, -0x0019, +0x0003, +0x0049, +0x0025, -0x001d, 
    +0x001e, -0x0045, -0x0013, -0x0005, -0x000c, +0x0037, +0x0005, -0x001e, 
    -0x000b, +0x0023, +0x0018, -0x0025, +0x002b, +0x0027, +0x0004, +0x000a, 
    -0x001d, +0x0006, -0x0041, -0x0011, -0x000f, +0x002c, +0x0016, -0x001b, 
    -0x0029, +0x001a, -0x000a, +0x0007, -0x0011, +0x000a, -0x002f, -0x000a, 
    +0x0009, +0x000c, +0x0026, -0x0006, +0x0009, +0x0033, -0x0005, +0x0006, 
    +0x0001, -0x0026, -0x001e, -0x0038, +0x0018, -0x0028, +0x0040, -0x0022, 
    -0x0028, -0x000b, +0x0021, +0x0006, +0x0001, +0x0040, -0x0008, +0x0004, 
    -0x0001, -0x000c, -0x0003, -0x0027, +0x0008, -0x0037, -0x0019, -0x003b, 
    -0x0009, -0x000b, -0x001e, +0x0005, +0x0013, +0x004f, -0x001f, -0x0001, 
    -0x0003, -0x000d, +0x0001, -0x0028, -0x0037, -0x0026, +0x0000, -0x000b, 
    -0x002a, -0x0040, +0x0003, +0x0002, +0x0012, +0x0033, -0x0006, +0x0019, 
    -0x000e, +0x003c, +0x000a, -0x0023, +0x003a, -0x002c, -0x0005, +0x0006, 
    -0x0015, +0x000a, +0x002d, +0x000e, +0x0018, +0x0047, +0x0013, +0x000c, 
    +0x0036, +0x004a, +0x0010, +0x000b, +0x0016, -0x0051, +0x0005, +0x000d, 
    -0x0007, +0x0036, -0x002a, +0x001d, +0x0009, +0x003d, -0x0003, -0x000c, 
    +0x002c, +0x003f, +0x0021, -0x0010, -0x0010, -0x0042, +0x0010, +0x001e, 
    -0x0004, -0x0013, +0x0016, +0x0007, -0x0007, -0x0008, -0x001f, -0x000d, 
    +0x000c, +0x0034, +0x0007, -0x0013, -0x0012, -0x0003, -0x000c, +0x004a, 
    +0x0023, +0x001c, +0x0017, +0x0029, -0x000a, -0x000a, +0x0006, -0x0007, 
    -0x0010, +0x0025, +0x001b, -0x0005, +0x0019, -0x000b, -0x0033, +0x0065, 
    +0x0032, +0x0009, -0x0016, +0x001b, -0x0008, -0x0012, +0x004c, -0x001d, 
    -0x001a, -0x0001, +0x003a, -0x0027, +0x0040, -0x000d, +0x0010, +0x0065, 
    -0x0013, -0x0015, -0x0005, +0x0021, +0x0009, -0x001e, -0x002b, +0x001c, 
    -0x0008, -0x0010, +0x0017, -0x0016, -0x0021, -0x0008, -0x0041, -0x0036, 
    +0x0023, -0x000f, +0x003d, +0x0046, +0x001d, -0x0016, -0x000e, +0x0024, 
    -0x001f, -0x0019, +0x0018, -0x000a, -0x0006, -0x0007, -0x000a, -0x002f, 
    +0x0009, -0x0007, +0x0066, +0x0021, +0x0007, -0x000f, +0x0000, +0x0020, 
    -0x000a, -0x0055, -0x003b, -0x001d, +0x001d, -0x0039, +0x005e, +0x0009, 
    +0x0012, -0x0033, -0x0026, +0x0030, -0x0007, -0x001e, -0x0045, +0x002c, 
    +0x0008, -0x0017, +0x004d, -0x0033, -0x0002, +0x0020, -0x0031, -0x0026, 
    -0x0001, -0x0023, +0x0023, +0x0038, +0x0004, -0x002d, +0x0006, +0x0021, 
    +0x0007, -0x000a, +0x0032, -0x0006, +0x0020, +0x0015, -0x0020, -0x0033, 
    -0x0007, -0x001e, +0x001d, +0x000b, +0x0008, -0x0020, +0x001e, +0x000e, 
    +0x0002, -0x0018, -0x0046, +0x0012, +0x000e, +0x000f, +0x0024, -0x0008, 
    -0x0030, -0x0018, -0x0035, +0x004d, -0x001f, -0x001e, -0x0001, +0x002c, 
    +0x0011, +0x001d, +0x002c, -0x000d, -0x0009, +0x007f, -0x000b, +0x0027, 
    -0x0052, -0x0014, -0x0014, +0x0035, -0x004d, -0x0018, +0x000e, +0x002d, 
    +0x002c, +0x0027, -0x0009, +0x001b, +0x000b, +0x0063, -0x001f, -0x001c, 
    -0x004e, +0x0002, +0x0006, +0x0001, -0x002d, -0x0010, +0x0018, +0x0010, 
    +0x0002, +0x001d, -0x002a, +0x0018, +0x001c, +0x001a, +0x003b, -0x0023, 
    +0x0000, -0x0015, -0x002f, +0x000c, +0x0013, -0x002e, -0x002c, -0x002b, 
    -0x000d, +0x001f, -0x001b, +0x0007, -0x0002, -0x000f, +0x0007, +0x0024, 
    +0x001f, -0x002a, +0x0005, +0x0008, +0x0005, -0x000a, +0x001f, +0x0020, 
    +0x0007, -0x0015, -0x002d, +0x0020, +0x0013, -0x002f, +0x003a, +0x0003, 
    +0x0001, -0x004a, +0x003f, +0x0017, +0x000f, +0x0020, -0x0018, -0x0004, 
    +0x001c, +0x0016, -0x0011, -0x0006, +0x0012, -0x0036, -0x000c, -0x003f, 
    +0x002a, -0x003e, -0x004b, -0x0004, +0x0013, -0x0028, +0x000e, -0x0014, 
    +0x000c, +0x0009, +0x001d, -0x0022, -0x001f, -0x0012, -0x0020, +0x001d, 
    +0x0016, -0x0056, -0x001c, -0x0002, +0x0006, +0x0005, +0x0000, +0x0044, 
    -0x0009, -0x0030, +0x000e, +0x0026, -0x0007, +0x001a, +0x0004, -0x0001, 
    -0x0003, -0x005d, +0x004e, +0x000d, +0x0023, +0x002b, -0x003d, -0x0025, 
    +0x0014, -0x0002, +0x000d, -0x0004, +0x0002, +0x000a, -0x0018, -0x0052, 
    -0x0044, -0x0013, +0x0001, +0x0000, +0x0004, -0x0049, -0x003d, +0x001f, 
    +0x0001, +0x0003, +0x000f, -0x002f, -0x001b, +0x0012, +0x000c, +0x0032, 
    -0x004d, -0x0004, -0x0002, -0x0016, -0x000c, -0x0014, -0x002e, +0x0057, 
    +0x0023, -0x0012, +0x0023, +0x0017, -0x001d, +0x0006, +0x0017, -0x000a, 
    -0x002a, -0x0007, -0x000e, -0x0008, -0x0011, -0x0016, -0x003b, +0x0003, 
    -0x0008, +0x0005, +0x0032, +0x0023, -0x0026, +0x0035, +0x000b, -0x003b, 
    -0x0004, -0x000f, +0x0033, -0x0001, +0x0018, -0x0013, +0x001c, -0x0015, 
    +0x0009, +0x000e, -0x000a, -0x0043, +0x000e, +0x0004, -0x005c, -0x001b, 
    +0x0023, -0x001c, +0x003e, +0x001b, -0x0009, +0x000a, +0x002a, -0x000f, 
    +0x0013, +0x001e, -0x000b, -0x0039, -0x0003, +0x000e, -0x004b, -0x0020, 
    +0x0005, -0x0030, +0x003c, -0x0004, +0x0007, +0x0019, +0x0015, -0x001c, 
    +0x0014, +0x0024, -0x0004, +0x0017, +0x0009, -0x0023, +0x000c, -0x0011, 
    -0x000c, +0x0004, -0x001a, +0x0002, -0x0002, +0x0021, -0x003e, +0x002c, 
    +0x0003, +0x0023, +0x000d, +0x0007, +0x0008, +0x0018, -0x001e, -0x0048, 
    +0x0010, -0x003a, +0x002f, -0x0001, +0x0024, +0x0029, +0x0006, -0x0025, 
    -0x0006, +0x0035, +0x0022, -0x001d, +0x0017, +0x0008, -0x002a, -0x002a, 
    -0x0017, -0x0027, +0x0053, -0x0014, +0x0007, +0x0052, +0x0003, +0x0005, 
    +0x0016, +0x0039, +0x001c, -0x0007, +0x001f, -0x002b, +0x0035, -0x004c, 
    -0x001a, -0x0005, -0x0018, -0x0019, +0x0025, -0x0027, +0x001b, -0x0006, 
    +0x001b, -0x0007, +0x0025, -0x000e, -0x001c, +0x0018, +0x0016, -0x0055, 
    +0x0002, +0x0016, -0x0010, -0x0007, +0x0042, +0x0002, +0x0029, -0x0026, 
    -0x0008, +0x0027, +0x003d, -0x0047, -0x0017, -0x0008, +0x0014, -0x0057, 
    -0x0002, +0x000b, +0x0021, +0x0005, -0x0007, -0x0004, +0x0003, -0x002a, 
    -0x000b, +0x0021, +0x003b, -0x0031, +0x0005, -0x000b, +0x001c, -0x0064, 
    +0x0012, +0x000b, +0x0020, -0x0007, +0x0008, -0x001d, +0x0020, +0x0016, 
    -0x0003, +0x003b, +0x0000, -0x001f, -0x0001, -0x0007, -0x0027, +0x0000, 
    +0x000a, -0x0002, +0x001c, +0x000f, +0x0018, -0x002f, +0x0029, +0x0017, 
    -0x002e, +0x002d, -0x0020, +0x001f, +0x002c, -0x001e, +0x0011, +0x000c, 
    -0x0021, +0x000d, +0x0010, -0x0004, +0x0001, -0x004c, -0x0005, +0x0001, 
    -0x0013, -0x0014, +0x0002, -0x0005, -0x0004, -0x0012, +0x0021, +0x000c, 
    -0x0010, +0x0013, +0x000c, +0x0004, +0x0007, -0x0005, +0x002b, -0x0029, 
    -0x000e, +0x002f, +0x0056, -0x0047, +0x0000, -0x0033, -0x0038, +0x0008, 
    +0x0018, -0x0008, +0x0026, +0x0004, +0x0009, -0x0029, +0x001e, -0x0011, 
    -0x001d, -0x0002, -0x0003, +0x000d, -0x001a, -0x0047, -0x0010, +0x0004, 
    -0x0002, -0x000c, -0x0013, -0x0009, -0x0004, +0x0004, -0x000c, -0x0004, 
    -0x0034, -0x0025, +0x0000, -0x0021, +0x0001, -0x002b, +0x000d, +0x0014, 
    -0x0019, -0x0043, +0x0022, +0x000c, +0x0002, -0x0006, +0x0005, +0x0002, 
    -0x0010, +0x0018, -0x0009, -0x0012, -0x002f, -0x0039, -0x001a, +0x000a, 
    +0x0010, -0x0056, +0x0001, +0x0035, -0x0006, +0x0014, -0x0016, +0x0017, 
    +0x0076, -0x000c, -0x0003, +0x0057, -0x007f, -0x0016, -0x0012, +0x0002, 
    +0x001e, -0x0022, +0x002c, +0x001f, -0x001c, +0x001d, -0x002f, +0x002e, 
    +0x0008, -0x0019, -0x0004, +0x002e, -0x001e, -0x0002, -0x0001, +0x000f, 
    +0x0017, -0x0003, +0x0004, -0x0006, -0x0020, +0x0023, +0x004c, +0x0028, 
    -0x002e, +0x0006, +0x000e, +0x0033, +0x0029, +0x002b, +0x0018, -0x001c, 
    +0x003b, -0x0007, +0x0019, +0x0012, -0x000c, +0x0026, -0x002f, +0x002c, 
    +0x0003, -0x0018, +0x0019, +0x0051, -0x002f, +0x0014, -0x0021, +0x0000, 
    +0x001f, +0x0000, -0x0004, -0x0013, +0x0015, +0x001c, -0x0008, +0x002d, 
    +0x0003, -0x001f, +0x0051, +0x001e, -0x0003, +0x001c, -0x0015, -0x0013, 
    -0x0012, +0x0017, -0x0017, +0x0028, -0x0007, +0x0014, +0x007f, +0x0035, 
    -0x0006, -0x0019, -0x0008, -0x000b, -0x000c, +0x0034, +0x002e, +0x0005, 
    -0x0002, +0x0026, +0x001d, +0x0022, +0x0010, +0x001f, +0x0009, +0x0033, 
    +0x0013, -0x0027, -0x000f, -0x0016, -0x001c, +0x0025, +0x003e, +0x001b, 
    -0x001a, +0x0020, -0x0017, +0x000c, -0x000a, +0x0022, -0x0046, +0x003d, 
    -0x0022, +0x001e, -0x0013, -0x0005, +0x0006, -0x0021, -0x0004, +0x001f, 
    -0x002e, +0x0018, +0x0003, +0x0023, +0x0017, -0x002c, +0x000c, -0x000e, 
    +0x0008, -0x0019, -0x0010, +0x0008, -0x0017, -0x001b, -0x0004, +0x003c, 
    -0x005c, +0x0016, +0x001f, -0x0009, +0x003b, -0x0014, +0x002f, +0x0021, 
    -0x0025, +0x0003, -0x001e, -0x0012, +0x0047, -0x003e, +0x0028, +0x0056, 
    -0x0048, -0x000e, -0x0003, -0x0018, -0x002b, -0x000c, -0x0007, +0x0028, 
    -0x0020, +0x0000, -0x001a, -0x0016, +0x000d, -0x0023, +0x0008, +0x007f, 
    -0x0046, +0x002f, -0x0028, -0x0047, +0x000d, +0x0010, +0x0023, -0x0015, 
    -0x001f, -0x0030, -0x0016, -0x0050, +0x001a, +0x0012, +0x0027, -0x0008, 
    -0x003a, -0x0017, -0x0006, -0x002e, -0x000e, +0x0007, +0x0013, -0x0021, 
    -0x0036, -0x000f, +0x003d, -0x0015, +0x003d, -0x000f, +0x000c, -0x0072, 
    -0x0040, -0x001d, +0x004d, +0x005b, -0x0040, -0x0035, +0x0015, -0x0015, 
    -0x0057, -0x0003, +0x0021, -0x0001, +0x0015, -0x0042, +0x0003, -0x002e, 
    -0x003d, +0x0011, -0x0028, +0x0001, -0x001f, +0x0023, +0x0018, +0x000b, 
    -0x0028, -0x0012, +0x000c, -0x0018, +0x0017, +0x0002, +0x0027, +0x0028, 
    -0x0048, -0x001a, -0x001a, -0x0007, -0x001a, -0x0017, +0x0015, -0x002f, 
    -0x004c, -0x0001, +0x0032, -0x0012, +0x0010, +0x0000, -0x0020, -0x0067, 
    -0x0039, -0x0016, +0x0014, +0x0020, -0x000e, -0x0028, +0x000c, +0x0009, 
    -0x0031, +0x001e, +0x0016, -0x000b, +0x000b, -0x002f, +0x0011, -0x0016, 
    -0x0020, -0x0001, -0x0052, +0x0017, -0x0017, +0x0011, -0x0005, +0x0001, 
    -0x0021, -0x001d, +0x001e, -0x0006, +0x0019, +0x0021, -0x003b, +0x000c, 
    +0x0008, -0x0013, -0x001f, +0x000b, -0x0022, -0x0010, +0x000d, -0x001e, 
    -0x0036, +0x0008, +0x0029, +0x001b, -0x0004, +0x0005, -0x0003, -0x0004, 
    -0x000f, +0x0025, -0x0052, -0x0005, +0x0009, -0x0005, +0x0018, -0x000d, 
    -0x0025, +0x0034, +0x0025, -0x0019, -0x0014, -0x002c, +0x0015, +0x0046, 
    +0x0079, -0x005b, +0x0011, +0x004b, -0x0022, +0x0000, +0x0011, -0x002d, 
    -0x0022, -0x0009, +0x001c, -0x000d, -0x0019, -0x000f, +0x0000, +0x003d, 
    +0x0039, -0x0006, -0x0003, +0x0007, -0x0047, -0x000b, -0x0003, +0x003c, 
    -0x0003, +0x001c, -0x000a, +0x001e, +0x0001, +0x0013, +0x003e, +0x0042, 
    +0x0035, +0x000d, -0x001d, -0x0053, -0x0064, -0x0001, +0x002c, +0x0069, 
    -0x0020, +0x001e, +0x0014, +0x0006, +0x0006, +0x002c, +0x000a, +0x002b, 
    +0x0064, -0x0039, +0x0034, +0x0030, -0x003b, -0x0004, +0x0009, -0x0051, 
    -0x0037, +0x0000, +0x0027, -0x0018, -0x000d, -0x0016, +0x000c, +0x000b, 
    +0x002c, -0x0054, +0x000e, +0x0015, -0x003e, -0x0020, +0x0001, -0x0054, 
    -0x0026, -0x002e, +0x0003, -0x0030, -0x0018, -0x0009, +0x0032, +0x0028, 
    +0x000c, -0x003a, -0x0018, -0x0023, -0x0044, +0x0010, -0x0007, +0x0014, 
    -0x0013, +0x000a, +0x0015, -0x002c, +0x0024, +0x0020, +0x0013, -0x0017, 
    +0x000d, -0x0016, +0x0014, +0x001c, -0x0035, +0x001a, -0x000c, -0x0014, 
    -0x002e, +0x0002, -0x000d, -0x000a, -0x0017, +0x0008, +0x0014, +0x000e, 
    -0x0012, -0x0016, +0x000d, +0x000c, -0x0007, +0x0003, +0x0007, -0x003a, 
    -0x0027, -0x002d, +0x0013, -0x0044, -0x0031, -0x0006, +0x001a, -0x0019, 
    -0x0029, +0x0012, -0x0024, +0x002f, +0x0008, +0x0024, -0x0006, -0x0048, 
    -0x0011, -0x0023, +0x0016, -0x0019, -0x0001, +0x001c, -0x0009, +0x0003, 
    +0x001c, +0x001d, +0x001a, +0x005f, +0x0015, -0x0012, -0x002a, -0x0017, 
    +0x002a, -0x0016, +0x002a, +0x0018, -0x000b, +0x0014, -0x000b, -0x0017, 
    +0x0002, +0x0006, +0x0054, +0x0027, +0x000c, -0x0017, -0x002a, -0x0034, 
    +0x0014, +0x000d, +0x000a, +0x0009, -0x002c, +0x002b, +0x0004, +0x0036, 
    +0x0013, +0x0008, +0x001d, -0x002f, +0x0000, -0x0065, +0x000b, -0x0010, 
    +0x0007, -0x000a, -0x0002, -0x001d, -0x0033, +0x001b, -0x002c, +0x0071, 
    +0x001e, +0x0006, -0x000a, +0x003b, +0x0007, +0x003d, -0x002a, -0x0008, 
    +0x0020, +0x0004, +0x0013, +0x0003, -0x001b, +0x0008, -0x0035, -0x0041, 
    +0x0025, -0x0006, +0x002d, -0x0012, +0x001c, -0x001e, -0x007f, -0x000d, 
    +0x0012, +0x0030, -0x001a, -0x004a, -0x0004, -0x000c, -0x0012, -0x0007, 
    +0x001b, -0x0029, -0x0001, +0x0002, -0x000e, -0x007f, -0x006b, -0x0002, 
    +0x002b, +0x002a, -0x001b, -0x0024, -0x0003, -0x0007, -0x0017, +0x001c, 
    +0x0020, +0x0013, -0x0032, -0x001f, -0x0013, +0x0011, -0x0069, -0x000c, 
    +0x0018, -0x003c, +0x0014, -0x004a, +0x0006, +0x003e, -0x0016, -0x0015, 
    +0x001f, -0x0012, -0x0016, -0x0017, +0x001e, +0x003c, -0x0064, +0x002f, 
    +0x000a, +0x0000, -0x0015, -0x0037, -0x0005, -0x0020, -0x000b, -0x0008, 
    +0x0024, -0x0046, -0x000a, +0x0036, +0x000e, -0x0017, -0x0053, +0x0024, 
    +0x002b, -0x000a, -0x001e, -0x0006, -0x000c, -0x004e, -0x0005, -0x0017, 
    +0x0004, +0x0028, +0x0047, -0x000f, -0x0019, +0x0021, +0x000c, +0x0000, 
    +0x0036, -0x0022, +0x0008, +0x0044, -0x0010, -0x0034, -0x0034, +0x001d, 
    -0x000f, +0x0012, +0x0039, -0x002c, -0x0037, +0x001a, +0x0005, -0x0014, 
    +0x0018, +0x0008, -0x0005, +0x005a, +0x0007, +0x0019, -0x0007, +0x007f, 
    -0x0018, -0x0015, +0x002b, +0x0006, -0x0023, -0x0019, +0x000c, +0x0023, 
    +0x001a, +0x0040, -0x001d, -0x0006, -0x0028, -0x0004, -0x0018, +0x000f, 
    -0x001c, +0x0027, +0x002b, +0x004e, -0x0051, +0x0013, -0x0004, +0x0032, 
    +0x0024, -0x0047, +0x003a, -0x0011, -0x004e, -0x002b, -0x0024, +0x001d, 
    -0x0019, +0x0009, -0x0018, -0x0039, -0x0061, +0x0021, -0x0020, +0x0011, 
    +0x001e, +0x001e, +0x0014, +0x0015, +0x0005, +0x0010, -0x0006, +0x0068, 
    -0x0008, +0x000f, -0x0003, -0x0032, -0x0010, -0x002f, -0x0016, +0x001c, 
    -0x000d, +0x004a, -0x0002, -0x0037, +0x000f, -0x000d, -0x002e, -0x0004, 
    -0x001b, -0x002a, -0x004a, -0x0002, -0x0036, -0x0026, -0x0026, +0x0028, 
    +0x001c, -0x001a, +0x0052, -0x003f, -0x003e, -0x0013, -0x000b, -0x001b, 
    +0x0001, -0x0044, -0x0048, -0x0028, -0x0029, -0x000a, -0x0018, +0x0000, 
    -0x001c, -0x0001, +0x0030, -0x002b, +0x0003, +0x000f, +0x001b, +0x0026, 
    +0x0006, -0x0002, -0x0015, -0x002d, -0x0012, -0x0025, -0x0029, +0x002c, 
    -0x004a, +0x0019, +0x003a, -0x0020, -0x000b, -0x0035, +0x0003, +0x0019, 
    -0x002f, +0x003b, +0x0034, -0x002f, +0x001a, -0x000d, +0x0002, +0x0017, 
    +0x001d, -0x001c, -0x0015, -0x0005, -0x0004, -0x0011, -0x0023, +0x007c, 
    -0x007f, +0x002e, +0x0013, +0x0008, +0x0020, +0x0036, -0x0008, +0x000c, 
    -0x0007, +0x003c, -0x0006, +0x0007, +0x0006, -0x0016, -0x0026, +0x000c, 
    -0x0072, -0x0009, +0x0018, +0x004c, +0x0022, -0x0015, -0x0014, -0x004d, 
    -0x002b, +0x0024, -0x0005, +0x0002, +0x0048, -0x004f, +0x000d, -0x0023, 
    -0x006c, +0x0054, +0x0023, -0x002d, +0x0032, +0x001a, -0x0051, -0x0007, 
    -0x000c, -0x0037, +0x0005, +0x0025, +0x0016, +0x0020, -0x001b, +0x0006, 
    -0x0052, -0x001a, +0x0003, -0x0026, +0x004a, +0x0018, -0x0003, -0x002b, 
    -0x0027, +0x001b, -0x0018, +0x0035, +0x001f, +0x0015, +0x0003, -0x000f, 
    -0x002c, +0x000f, -0x0011, +0x0055, +0x006d, -0x002f, -0x002b, -0x006c, 
    -0x0028, +0x0033, -0x0008, +0x0017, +0x0028, -0x001a, +0x0013, -0x0040, 
    -0x0030, +0x002f, +0x0004, -0x000d, +0x002c, -0x0018, -0x0031, -0x003f, 
    -0x0023, -0x001c, +0x0010, +0x000a, +0x0018, +0x000b, +0x004d, -0x0072, 
    -0x0044, +0x000e, -0x0002, -0x0043, +0x0025, -0x001b, +0x0011, -0x000b, 
    -0x0024, -0x0009, +0x0006, -0x0024, +0x0000, -0x0018, +0x003c, -0x0048, 
    -0x000d, +0x0009, -0x001f, -0x0018, +0x0007, -0x0057, -0x0025, +0x000f, 
    -0x0023, -0x0013, +0x0004, +0x0002, +0x0002, +0x0006, +0x002f, +0x001f, 
    -0x0049, +0x0003, +0x0051, +0x0019, +0x0013, -0x0045, +0x000b, -0x001b, 
    +0x0009, +0x0059, -0x000f, +0x0040, -0x0036, -0x0027, +0x0016, -0x000b, 
    -0x0077, +0x0040, +0x0052, +0x0075, +0x0028, +0x000e, +0x000f, -0x000f, 
    +0x000f, +0x0019, -0x002e, +0x0023, -0x0045, -0x001e, +0x000b, +0x0002, 
    -0x0045, +0x003d, +0x000d, +0x005c, +0x000d, -0x0011, +0x0002, -0x003d, 
    +0x0020, +0x0013, -0x0023, -0x0048, -0x0033, -0x0003, +0x002c, +0x0006, 
    -0x004c, +0x0030, +0x0038, -0x0050, +0x001c, -0x0022, -0x0027, -0x000e, 
    +0x0061, +0x006d, -0x0047, +0x0029, -0x0064, -0x001a, -0x0006, -0x0022, 
    -0x005b, +0x0022, +0x0007, -0x0016, +0x002b, +0x0010, -0x000b, +0x0001, 
    +0x0046, +0x0042, -0x006d, +0x0017, -0x0056, +0x0013, -0x000b, -0x0041, 
    -0x002f, -0x0003, -0x0031, +0x000c, +0x0029, +0x0019, +0x000c, -0x0026, 
    +0x005f, +0x004e, -0x000e, -0x003a, -0x0025, +0x001e, -0x0005, -0x000a, 
    -0x004d, +0x0042, +0x001b, -0x002f, +0x0002, -0x003a, -0x001f, -0x0034, 
    +0x0040, +0x006e, -0x0045, -0x000c, -0x0056, +0x0002, -0x0025, +0x0023, 
    -0x0042, -0x000f, -0x000c, -0x0036, +0x0016, -0x0005, -0x0004, -0x0019, 
    +0x001e, +0x002b, -0x0045, -0x0017, -0x001d, -0x000f, -0x0048, +0x0010, 
    -0x0002, -0x0030, -0x002b, -0x0019, +0x000f, +0x000f, -0x0013, +0x0002, 
    +0x0029, +0x0024, -0x0039, -0x0004, +0x0020, -0x0008, -0x003f, +0x0016, 
    +0x0001, +0x004a, -0x000b, -0x0017, +0x0008, -0x0017, +0x001e, +0x0040, 
    -0x003e, -0x0038, -0x0015, -0x0026, +0x000c, +0x000f, +0x0021, -0x001e, 
    +0x0004, +0x0008, +0x0011, -0x0007, +0x0004, +0x0016, -0x0006, +0x004c, 
    +0x000c, -0x001a, -0x000c, -0x0036, -0x003c, -0x0013, +0x0019, -0x0035, 
    -0x001d, -0x0018, -0x0011, -0x001c, -0x001d, +0x0040, -0x0008, +0x0013, 
    -0x0023, -0x0015, -0x001d, +0x0024, -0x002f, -0x001e, +0x0012, +0x0005, 
    -0x0015, +0x0004, +0x000f, -0x003c, -0x0036, +0x0016, +0x0029, -0x0016, 
    -0x004d, -0x0025, +0x0015, +0x000f, -0x001c, +0x0008, +0x0025, -0x0005, 
    -0x000a, -0x0024, +0x003f, -0x0011, -0x001e, +0x0004, +0x000b, -0x0006, 
    -0x0028, -0x0003, +0x0000, +0x0006, -0x0026, -0x0033, +0x0026, -0x002b, 
    -0x0010, -0x000e, +0x000f, -0x004e, -0x0018, +0x000d, +0x0011, -0x000f, 
    -0x0030, +0x0012, -0x0017, -0x0041, -0x000e, -0x0017, +0x000d, +0x0018, 
    -0x0025, -0x000a, -0x0024, -0x0012, -0x001d, +0x002e, +0x0026, -0x001e, 
    -0x0025, -0x0014, +0x003b, +0x001e, -0x0016, +0x0017, +0x0001, +0x0007, 
    -0x0023, -0x003c, +0x0008, -0x0036, -0x001a, -0x000c, +0x0015, -0x003f, 
    -0x002b, +0x0021, +0x002e, +0x0036, -0x0006, -0x0009, +0x0013, -0x0025, 
    -0x0016, -0x000f, +0x0017, -0x0038, -0x0028, +0x0003, +0x0029, -0x0019, 
    -0x004e, +0x0000, +0x0020, -0x0042, -0x0007, +0x0006, +0x000d, +0x0007, 
    -0x0006, +0x0019, +0x0047, +0x003d, -0x0013, -0x0003, +0x0002, -0x000d, 
    -0x0014, -0x0049, +0x0002, +0x0029, -0x0007, +0x005e, -0x0035, -0x0001, 
    +0x0005, +0x0007, +0x0011, -0x0039, -0x0004, +0x0013, +0x001e, -0x0007, 
    -0x0017, -0x0035, +0x000b, +0x0006, +0x0006, -0x0019, -0x003f, -0x003a, 
    +0x000e, -0x002e, -0x000a, -0x003f, -0x0031, +0x0000, +0x0031, -0x0019, 
    +0x0004, -0x0026, +0x0010, +0x0004, +0x000f, -0x0014, -0x0006, -0x0043, 
    -0x0003, +0x0031, +0x000a, +0x000b, -0x0008, +0x003c, +0x0007, -0x0013, 
    +0x0000, +0x0028, -0x0040, +0x0036, +0x0008, -0x0012, +0x0001, +0x0005, 
    +0x0036, -0x0002, +0x0015, -0x0014, -0x0002, +0x003b, +0x001f, -0x0026, 
    -0x000c, -0x005f, -0x0048, -0x0006, +0x0004, -0x0044, +0x0008, +0x0008, 
    +0x0032, +0x0000, +0x0000, -0x001c, +0x0000, +0x000d, +0x0029, -0x003b, 
    -0x000e, -0x003d, -0x000a, +0x0036, -0x0003, -0x000e, -0x0013, +0x0000, 
    +0x0008, -0x0010, -0x0031, -0x0032, +0x000b, +0x0031, +0x000b, +0x0027, 
    -0x0005, -0x0008, -0x0030, -0x000f, +0x0016, -0x0001, -0x003a, -0x0010, 
    +0x002a, -0x0022, +0x0011, -0x0015, +0x001a, +0x004c, +0x0009, +0x0000, 
    -0x0025, -0x0044, -0x004a, -0x003d, +0x0024, -0x0009, -0x0021, -0x0008, 
    +0x0023, -0x003f, -0x0011, -0x0011, +0x000c, -0x0028, +0x0024, +0x0004, 
    -0x0024, -0x0018, -0x0035, +0x001b, -0x0036, +0x0002, -0x0038, -0x0008, 
    +0x0013, -0x0034, +0x0045, -0x0010, +0x000b, -0x0008, -0x0038, +0x0003, 
    +0x0032, -0x0060, +0x0012, -0x000d, +0x0026, +0x0026, -0x0019, -0x0007, 
    -0x0011, +0x0006, +0x0065, +0x0022, +0x0005, -0x002b, -0x0009, -0x0010, 
    -0x0041, -0x000e, +0x0050, +0x003e, +0x0030, -0x0023, +0x001c, -0x000a, 
    +0x0005, +0x001b, -0x0016, +0x0024, -0x0011, +0x0000, +0x0054, -0x0001, 
    -0x0023, +0x002b, +0x0062, +0x0007, -0x0010, -0x0036, +0x0029, -0x0013, 
    +0x0037, -0x004f, +0x0009, -0x0074, +0x0018, -0x0003, -0x0030, +0x0006, 
    +0x0022, -0x001f, +0x0005, -0x000c, +0x0028, +0x0024, -0x0027, -0x002a, 
    -0x0004, +0x001e, -0x0033, -0x0006, +0x002e, +0x0007, -0x0033, +0x0001, 
    -0x0010, +0x0012, +0x0024, +0x005d, +0x0022, -0x004d, -0x000b, +0x0006, 
    +0x0014, +0x0021, -0x0013, +0x000e, +0x0017, -0x0009, +0x0059, +0x0004, 
    -0x001d, +0x0020, +0x0062, +0x0010, -0x001f, -0x0044, +0x0024, +0x0010, 
    +0x0012, +0x0021, -0x002a, -0x004c, -0x0009, +0x0018, +0x0000, -0x0012, 
    +0x001d, +0x0033, +0x0044, +0x0003, -0x0014, -0x001c, +0x001d, -0x000e, 
    +0x0007, +0x0040, -0x0061, -0x0028, -0x0013, +0x0036, +0x0019, +0x0009, 
    +0x002a, +0x005a, +0x000e, -0x0012, +0x000e, -0x0021, +0x002a, +0x0004, 
    -0x0012, -0x000b, +0x0018, +0x0035, +0x0007, -0x000b, +0x001b, +0x0010, 
    +0x001f, +0x001f, +0x002c, -0x0005, -0x000d, -0x0044, +0x0019, +0x0005, 
    +0x0004, +0x0020, -0x0049, +0x0000, +0x0008, -0x000b, -0x002e, +0x000a, 
    -0x000c, -0x0025, -0x0011, +0x003c, -0x0011, +0x0057, +0x004d, +0x001f, 
    -0x0011, -0x0020, -0x001f, -0x002d, -0x001c, -0x0016, +0x001a, +0x003d, 
    -0x0014, -0x0004, -0x0021, +0x000c, +0x0007, +0x0028, -0x0012, -0x0001, 
    -0x0011, -0x0004, -0x001e, +0x000e, -0x000a, -0x0020, +0x0019, -0x0016, 
    -0x0006, +0x000d, -0x000d, -0x003f, +0x0010, +0x0011, -0x0017, -0x0038, 
    -0x001c, +0x0079, -0x001f, -0x003e, +0x0021, -0x0050, -0x0038, +0x0013, 
    +0x0026, -0x0013, -0x0009, -0x0005, -0x000a, -0x0027, +0x0026, +0x0017, 
    +0x0007, +0x002a, -0x0029, +0x0005, -0x001f, +0x0004, -0x000c, +0x0018, 
    +0x0028, -0x002a, +0x0000, +0x0004, +0x001f, -0x005e, +0x0022, -0x001b, 
    +0x0038, +0x000d, +0x0019, +0x001f, +0x0017, +0x000b, +0x0002, +0x000b, 
    -0x0019, -0x000b, -0x003e, -0x0006, +0x0002, -0x0035, -0x0016, -0x002a, 
    -0x004d, +0x0053, -0x0004, -0x0035, +0x000b, -0x0031, +0x0009, +0x0015, 
    +0x0032, -0x001c, +0x0010, -0x001f, -0x0015, -0x005a, +0x0013, +0x000e, 
    +0x0012, +0x0000, +0x0009, +0x001c, -0x0012, -0x001f, -0x0025, -0x0028, 
    +0x0033, -0x0007, +0x001f, -0x0037, +0x000d, -0x007f, +0x0017, +0x0024, 
    +0x007f, -0x0012, +0x0038, +0x002d, -0x0013, +0x0006, -0x0025, +0x001e, 
    -0x0003, -0x0029, +0x0014, -0x001b, -0x0013, -0x0050, +0x0022, -0x000e, 
    +0x0012, +0x0025, +0x0014, -0x0034, -0x0018, +0x0001, -0x0028, +0x002d, 
    +0x0000, +0x005b, -0x0012, +0x0025, -0x0030, +0x000a, +0x0042, -0x0020, 
    +0x0046, +0x0007, +0x0003, +0x001f, +0x0001, -0x0026, -0x0021, +0x0006, 
    +0x0012, +0x0026, -0x0023, -0x0004, -0x001a, +0x0045, +0x0022, +0x0003, 
    +0x001c, -0x000c, -0x0028, +0x0036, -0x0054, -0x0028, -0x000f, +0x000b, 
    +0x0006, +0x001e, -0x0033, -0x004c, +0x0002, +0x001e, -0x0003, +0x000b, 
    -0x0024, +0x0015, +0x0034, -0x0039, +0x0001, +0x0033, -0x002a, +0x0017, 
    +0x0015, +0x001e, -0x0042, +0x0058, +0x0014, -0x0036, +0x002a, +0x0002, 
    +0x0055, -0x0008, -0x0009, +0x0019, +0x0014, +0x0022, -0x003b, +0x0047, 
    -0x0013, -0x001b, -0x0049, +0x001d, -0x0023, +0x0032, +0x0021, +0x0027, 
    +0x002e, -0x0013, +0x0011, +0x0029, -0x0047, +0x003a, -0x0029, -0x0002, 
    +0x0009, +0x0000, -0x0042, -0x0079, +0x0011, +0x000f, -0x0005, +0x001b, 
    -0x0034, +0x000f, -0x0003, -0x000a, -0x000f, -0x002c, -0x001e, -0x0017, 
    +0x002b, -0x0050, -0x0044, +0x004c, +0x0058, -0x003c, +0x0027, -0x0033, 
    +0x0005, +0x0018, +0x000d, +0x0025, -0x0024, +0x003e, +0x002e, +0x0020, 
    +0x0019, -0x0058, -0x002e, +0x000a, -0x000e, +0x000c, -0x0042, +0x0006, 
    +0x000c, +0x0037, +0x0009, +0x003c, -0x000e, +0x000d, +0x0006, -0x0002, 
    +0x0039, -0x000e, +0x0002, -0x006e, -0x0029, -0x0023, -0x0026, +0x002f, 
    +0x002c, +0x0000, -0x0026, +0x002a, +0x001f, -0x0008, -0x0027, +0x0008, 
    +0x0002, +0x0008, +0x002b, +0x0010, -0x003a, +0x0023, +0x001e, +0x004c, 
    +0x001a, -0x002e, -0x000e, -0x001d, +0x003e, -0x001e, -0x0005, -0x0019, 
    +0x0015, +0x0022, +0x000d, -0x0006, -0x0009, +0x0049, -0x0018, +0x0007, 
    +0x000a, -0x003b, -0x0020, -0x0027, -0x0009, -0x0019, +0x002e, -0x0021, 
    +0x0009, -0x0017, -0x0009, -0x0032, -0x0006, -0x0073, -0x000a, -0x0055, 
    +0x001a, -0x0008, -0x0030, +0x002d, +0x003b, -0x0017, -0x004e, -0x0007, 
    +0x0023, +0x0004, +0x0052, +0x001e, +0x0004, -0x000f, -0x000d, +0x0049, 
    +0x0028, -0x0036, -0x0027, +0x002f, +0x0022, -0x000a, -0x003f, +0x001e, 
    -0x0016, -0x0042, +0x0019, +0x0006, -0x0009, +0x0006, -0x0016, -0x002f, 
    +0x001c, -0x0020, +0x001f, -0x0023, +0x003c, -0x0026, +0x0013, -0x001c, 
    +0x0021, -0x0010, -0x0036, -0x0025, -0x000b, -0x0037, -0x0037, -0x002e, 
    -0x0006, -0x0008, +0x000c, +0x0020, +0x0006, -0x0004, -0x0018, -0x0018, 
    -0x001c, -0x0041, +0x002c, +0x0015, +0x0003, -0x000b, +0x000b, -0x0025, 
    +0x0001, +0x0011, +0x0010, +0x0023, +0x0001, +0x0002, -0x0002, -0x0010, 
    +0x0007, -0x0077, -0x000b, +0x0007, -0x000e, +0x0006, +0x0009, -0x0027, 
    +0x0025, -0x0025, +0x004b, -0x0008, -0x0010, -0x0015, -0x0002, -0x0039, 
    -0x000c, -0x0014, -0x0026, +0x0000, -0x0029, +0x0003, -0x002b, -0x001e, 
    -0x0012, -0x0004, -0x001a, -0x0001, -0x0024, +0x0033, -0x0049, +0x0032, 
    -0x0017, +0x0002, +0x001d, +0x0020, -0x000e, +0x0008, -0x001e, +0x007f, 
    +0x002c, +0x0026, -0x002a, +0x0013, -0x0002, +0x0053, -0x0035, -0x0026, 
    +0x001b, +0x0034, +0x001b, -0x0003, +0x0026, -0x0006, -0x0045, -0x0038, 
    +0x0004, -0x0010, +0x002e, +0x0006, -0x0007, +0x002a, +0x0023, -0x0047, 
    -0x0005, +0x002a, -0x003f, -0x0056, +0x0011, -0x0017, -0x0023, -0x005b, 
    +0x003d, -0x0028, -0x001d, +0x000b, +0x000c, +0x0030, -0x006a, +0x0021, 
    -0x000e, -0x002a, -0x0005, +0x002c, -0x003f, +0x0019, -0x003a, +0x0039, 
    +0x0025, +0x0064, -0x000f, -0x0001, +0x0013, -0x0002, -0x001e, +0x0007, 
    +0x0012, -0x0025, +0x0009, -0x0015, -0x0020, -0x0019, -0x000b, -0x005c, 
    +0x0034, -0x0009, +0x0049, -0x000a, -0x0030, -0x0016, +0x002a, -0x0005, 
    +0x0007, +0x000d, -0x004c, -0x002f, +0x001f, +0x0005, +0x0023, -0x004d, 
    +0x0049, +0x0013, +0x001b, -0x0006, -0x0009, +0x003d, +0x0011, +0x0016, 
    +0x001a, -0x0043, -0x0004, +0x0039, -0x000d, +0x0011, -0x0023, -0x0039, 
    +0x0025, +0x002e, -0x0008, -0x002b, +0x0002, -0x0001, +0x002a, +0x0031, 
    +0x0010, -0x001c, -0x0004, +0x0001, -0x001d, +0x000a, +0x001e, -0x0026, 
    -0x001f, +0x0003, +0x0007, +0x000a, +0x0006, -0x0044, +0x004e, -0x0002, 
    -0x0001, -0x0012, +0x0020, -0x0025, +0x0035, -0x001d, +0x004c, -0x0055, 
    -0x0009, +0x0058, -0x0031, +0x002c, -0x0001, +0x0031, -0x0042, -0x0032, 
    -0x0021, -0x0011, +0x0016, +0x0033, -0x0002, -0x0024, -0x0014, +0x0023, 
    +0x0019, +0x0040, -0x001b, +0x0017, +0x003a, +0x0026, -0x0052, -0x0012, 
    -0x002f, -0x0018, -0x002c, -0x0008, -0x0005, +0x0020, +0x0018, +0x0022, 
    -0x0018, +0x0017, +0x0001, -0x001f, -0x0012, +0x001a, -0x0052, +0x000d, 
    -0x002c, +0x0036, -0x0031, -0x0042, +0x001e, +0x0004, +0x001e, +0x0004, 
    +0x0042, -0x0018, -0x0012, +0x0027, -0x0029, +0x002f, -0x0029, -0x0015, 
    -0x003a, +0x003d, -0x001e, +0x000b, +0x0034, -0x006f, -0x0039, +0x004e, 
    +0x0011, +0x0026, -0x0035, +0x0016, +0x002d, +0x0040, -0x0018, -0x0019, 
    -0x000c, -0x0025, -0x0019, +0x0019, -0x0034, +0x0027, -0x0032, +0x000c, 
    -0x0006, +0x001c, +0x0011, -0x0056, +0x003b, +0x0006, -0x000f, -0x001c, 
    +0x0008, -0x0004, -0x0016, +0x0006, +0x0009, +0x0013, -0x0017, -0x003b, 
    +0x002d, -0x0067, -0x0049, +0x001c, -0x002c, +0x0010, -0x0026, +0x0038, 
    -0x0026, +0x0029, -0x0025, +0x0015, +0x0044, -0x0005, -0x0033, +0x0020, 
    +0x001a, -0x0009, -0x0053, -0x000d, -0x0016, -0x002f, +0x002c, +0x002c, 
    +0x001d, -0x0017, +0x005b, +0x0058, +0x0015, +0x001a, -0x0017, -0x0012, 
    -0x000c, +0x0005, -0x0003, -0x0016, +0x000f, -0x0035, -0x0023, +0x0006, 
    +0x0012, -0x0038, +0x0024, -0x0005, -0x0011, +0x0007, -0x0011, -0x002a, 
    -0x0005, -0x0042, -0x0001, -0x005f, -0x000e, -0x0012, -0x000b, +0x002a, 
    +0x0013, +0x001a, +0x005d, -0x0034, +0x0002, -0x0014, -0x0026, -0x0008, 
    +0x002b, -0x002a, +0x0048, -0x0012, +0x0005, -0x000d, -0x001c, +0x0009, 
    -0x0031, +0x002d, +0x0040, +0x002a, -0x000f, -0x0004, +0x0028, +0x0003, 
    -0x001b, +0x0000, +0x0022, +0x0054, +0x0016, -0x0006, -0x0004, -0x0019, 
    +0x0034, -0x0010, -0x002b, +0x0005, -0x0002, -0x0002, +0x0042, +0x0007, 
    +0x0021, -0x0013, +0x001b, -0x001b, +0x000f, -0x005c, -0x0006, +0x0031, 
    +0x0011, -0x0036, +0x0067, -0x0039, +0x001b, +0x000e, -0x005b, -0x000d, 
    +0x000b, +0x000e, +0x0079, -0x0021, +0x0019, -0x0060, +0x0001, +0x0018, 
    -0x003d, +0x0015, +0x0010, -0x001f, +0x0027, +0x0014, +0x0008, -0x000c, 
    -0x0042, +0x003a, +0x000f, +0x0044, +0x0001, -0x0017, -0x0012, -0x0019, 
    -0x002e, +0x0014, -0x007f, +0x0042, +0x0013, -0x0005, +0x004b, +0x0008, 
    -0x0030, -0x0002, +0x0033, +0x001a, +0x0012, -0x002e, -0x000c, -0x0032, 
    +0x000c, -0x0027, -0x001a, +0x0029, -0x0010, +0x0021, +0x0013, -0x000c, 
    -0x001c, +0x0025, -0x002a, +0x003f, +0x0015, -0x0022, +0x0004, -0x0013, 
    -0x0001, +0x0013, -0x0041, -0x0055, +0x0009, +0x0021, +0x0028, +0x000a, 
    +0x001c, +0x0024, -0x0014, -0x003f, +0x0000, -0x002b, -0x000d, -0x0002, 
    -0x002d, +0x0035, -0x0073, -0x0017, -0x0004, -0x0003, +0x0008, +0x0009, 
    +0x0008, +0x0026, -0x0040, +0x0020, -0x001e, +0x0008, +0x002f, +0x001b, 
    -0x0010, -0x002c, +0x0004, +0x006d, -0x0016, -0x001b, -0x0011, -0x0037, 
    +0x002c, +0x0003, -0x0032, -0x000c, -0x0006, -0x001e, +0x001a, +0x0026, 
    -0x0032, +0x0000, -0x0001, -0x0012, +0x0015, -0x000d, +0x004f, +0x000b, 
    -0x0029, -0x000b, +0x0005, -0x0012, -0x0006, +0x001b, +0x0003, +0x002f, 
    -0x0027, +0x001c, -0x0012, -0x0045, -0x000b, -0x0023, -0x0056, +0x0053, 
    +0x0039, +0x0055, -0x001d, +0x0017, -0x0022, -0x0016, -0x0009, -0x0031, 
    +0x0005, -0x0005, +0x000b, +0x0049, +0x001a, +0x003b, -0x0036, -0x006f, 
    +0x0052, -0x0034, -0x0024, +0x000d, +0x000a, -0x0032, -0x000a, +0x0000, 
    -0x0022, +0x0005, -0x0003, -0x0014, +0x0038, +0x0017, +0x0002, +0x000a, 
    +0x003a, -0x0030, +0x003b, -0x0003, +0x0009, -0x0008, -0x0043, +0x0006, 
    -0x0017, +0x0026, +0x000f, -0x0071, +0x0012, -0x0051, -0x0056, +0x0046, 
    +0x0008, +0x001a, +0x000c, +0x0009, -0x0005, -0x0057, -0x002c, +0x0022, 
    -0x000d, -0x0036, +0x0035, +0x003c, +0x0022, +0x0021, -0x002e, -0x002b, 
    +0x004b, -0x0027, +0x0016, +0x001f, -0x0021, -0x0014, -0x0005, -0x001a, 
    +0x0032, -0x002b, +0x001d, +0x0039, +0x0021, +0x0004, -0x0037, +0x0021, 
    +0x003c, -0x0034, +0x0022, -0x0003, -0x000d, +0x0004, -0x0022, -0x0010, 
    +0x0012, -0x0029, +0x002a, -0x003d, -0x001d, -0x001d, -0x003b, +0x0028, 
    +0x003e, -0x002e, +0x002b, -0x0063, +0x001a, -0x0006, +0x001d, +0x0024, 
    -0x0033, -0x000c, -0x001d, +0x0001, +0x0009, -0x001d, +0x000b, -0x0007, 
    +0x0060, -0x0028, +0x003f, -0x0007, +0x0041, +0x0001, +0x0004, +0x0032, 
    -0x0045, +0x0025, -0x000e, -0x0007, +0x0008, -0x0009, +0x000b, -0x004d, 
    +0x0029, +0x0004, +0x0021, +0x0010, +0x0028, +0x000e, +0x0013, +0x004e, 
    -0x0028, +0x0011, -0x002b, -0x000a, +0x0003, +0x0000, -0x0003, -0x001e, 
    +0x0004, -0x000b, -0x004c, +0x001f, -0x0004, +0x0006, +0x001a, -0x000d, 
    -0x0009, -0x0007, +0x002f, -0x0013, +0x000e, +0x0007, -0x0016, +0x0015, 
    -0x0001, +0x002a, -0x003c, +0x002b, +0x000e, -0x000a, +0x0005, +0x0008, 
    -0x0044, +0x003e, +0x0053, -0x005a, +0x0005, +0x0018, -0x004e, +0x0011, 
    +0x0016, +0x006b, -0x0034, -0x001f, +0x001e, -0x0004, +0x0017, +0x005f, 
    -0x001a, +0x0032, +0x0008, -0x0012, +0x000b, +0x0004, -0x0033, -0x0004, 
    -0x0006, +0x0004, +0x0013, +0x0029, +0x0016, -0x0001, +0x0005, +0x0002, 
    -0x0014, -0x0011, +0x0056, +0x0046, +0x0007, +0x0026, -0x0002, +0x0017, 
    -0x0019, +0x0028, -0x000a, +0x0012, -0x000a, -0x0019, +0x0005, +0x003d, 
    -0x0036, -0x000b, +0x007f, +0x0001, -0x0027, +0x0048, -0x005c, -0x0015, 
    +0x0003, +0x0046, +0x001b, -0x0009, +0x0009, -0x0013, +0x000c, +0x003e, 
    +0x000a, -0x0010, +0x0006, -0x0005, -0x000e, +0x0016, -0x004a, -0x001a, 
    +0x002e, -0x0015, +0x004f, +0x0000, +0x0036, -0x000a, +0x0018, -0x0018, 
    +0x0001, -0x0004, -0x0037, +0x002a, +0x0028, -0x003e, -0x0018, +0x0009, 
    +0x0043, +0x001f, +0x0011, -0x0015, -0x000d, -0x0036, +0x000e, -0x001d, 
    -0x0018, +0x0008, +0x0000, +0x0031, -0x000a, -0x0007, +0x000e, +0x0018, 
    +0x0028, -0x0014, -0x0037, -0x0048, -0x0015, -0x0028, -0x0004, -0x0030, 
    -0x0013, +0x000d, -0x0018, +0x000d, +0x0011, -0x0045, +0x002b, -0x001e, 
    -0x0017, -0x0001, -0x0025, -0x0016, -0x000d, -0x002a, +0x0069, +0x0022, 
    +0x003b, -0x000e, +0x000b, -0x001b, +0x001e, +0x0003, -0x0003, +0x0039, 
    -0x0022, +0x0028, -0x002e, +0x0001, -0x0001, -0x0032, +0x0009, -0x0011, 
    +0x005f, -0x0018, +0x0008, -0x003c, +0x0003, +0x001c, +0x0063, +0x002f, 
    -0x0018, +0x0017, +0x0055, -0x002a, -0x0024, -0x0043, -0x003f, -0x0033, 
    +0x0036, -0x000f, -0x001d, +0x0002, +0x001f, -0x0031, +0x0033, +0x0007, 
    -0x000b, -0x001b, -0x0005, -0x0004, -0x0043, -0x002d, +0x001a, +0x0030, 
    +0x0042, +0x0002, -0x0022, +0x0036, +0x000e, +0x001a, -0x0058, +0x0023, 
    -0x0002, -0x001f, +0x0036, -0x0029, -0x0021, -0x0032, +0x0044, +0x0013, 
    +0x0043, -0x001f, -0x0030, +0x0018, +0x000c, +0x003a, -0x0027, +0x002e, 
    +0x0024, -0x0022, -0x0001, +0x001a, -0x000c, +0x0002, +0x000c, -0x0008, 
    +0x0043, -0x001e, -0x001e, -0x001a, +0x000e, +0x0000, -0x0010, -0x0020, 
    -0x0003, -0x0014, +0x002b, -0x0014, +0x003f, -0x005d, -0x0005, +0x002f, 
    -0x001f, -0x0032, -0x0009, -0x0023, -0x0032, -0x0008, -0x0020, -0x0033, 
    -0x0036, +0x000b, +0x0040, -0x002a, +0x0019, -0x003e, -0x000c, +0x0024, 
    -0x004d, -0x0039, -0x000f, -0x000c, +0x0000, -0x0036, +0x000d, -0x0035, 
    -0x0018, +0x002c, -0x001b, -0x004b, +0x0038, -0x0046, -0x0029, +0x0030, 
    -0x0050, -0x003b, -0x002a, +0x000c, -0x0009, +0x0008, +0x0029, -0x0028, 
    -0x002f, -0x0027, +0x000e, +0x0012, +0x003a, +0x0010, -0x0018, +0x004b, 
    -0x0044, -0x0017, -0x000c, +0x0015, -0x0020, -0x0016, +0x0002, +0x0012, 
    -0x0072, -0x0013, +0x0026, -0x002b, +0x0013, +0x000d, -0x001d, +0x0041, 
    -0x0065, -0x001e, +0x0010, -0x0041, +0x0013, -0x001e, +0x0002, +0x0025, 
    -0x003f, -0x0001, +0x0021, -0x0017, -0x0003, -0x0019, -0x0052, +0x0060, 
    -0x004a, -0x002c, -0x000c, -0x0023, -0x001f, +0x0028, +0x0001, +0x0024, 
    -0x0069, +0x0006, -0x0014, -0x000a, +0x0026, -0x0002, +0x0004, +0x002d, 
    -0x0034, -0x000b, +0x003d, +0x0005, -0x002d, -0x0020, +0x0022, +0x002a, 
    -0x0041, +0x001b, -0x003d, -0x0040, +0x002f, -0x0011, -0x0037, +0x000c, 
    -0x002a, -0x0038, +0x000f, +0x0034, -0x0015, -0x0028, -0x0011, +0x0001, 
    -0x002f, +0x000b, -0x0003, -0x0030, -0x001c, -0x000c, +0x0006, +0x0008, 
    -0x0032, -0x002e, +0x0002, +0x002b, -0x0050, +0x001d, +0x001b, +0x000e, 
    +0x0043, -0x0032, +0x0036, +0x0008, +0x0018, -0x0020, +0x0003, -0x000c, 
    +0x0033, -0x0036, -0x0015, +0x003c, -0x000a, -0x000e, +0x0012, +0x0054, 
    -0x0001, -0x0020, +0x000e, -0x0025, +0x003c, -0x0022, -0x0033, -0x0022, 
    -0x001a, -0x0008, -0x0007, +0x001b, +0x0021, +0x000e, -0x000f, +0x0001, 
    +0x0012, +0x000f, -0x000f, +0x0014, +0x0014, -0x0004, +0x0002, -0x0016, 
    -0x0028, +0x001b, +0x0001, +0x0016, -0x001c, +0x007f, +0x000c, +0x0016, 
    -0x0012, -0x0003, +0x002c, -0x0039, +0x000c, +0x002f, +0x0012, -0x0054, 
    -0x0002, +0x0007, -0x000d, +0x002d, -0x001c, +0x0023, +0x0031, +0x0067, 
    -0x002d, -0x0007, -0x0006, -0x006e, -0x0015, +0x0025, -0x000d, -0x0019, 
    -0x000c, +0x000d, -0x0027, +0x0037, +0x002b, +0x004b, +0x0049, +0x000d, 
    -0x000f, +0x0023, -0x0049, -0x0006, -0x0003, +0x0027, -0x000f, -0x002a, 
    -0x001e, +0x0045, -0x002f, +0x0055, +0x0002, +0x0063, +0x0032, -0x001d, 
    -0x000e, +0x0059, -0x002f, +0x004d, -0x0009, +0x000f, +0x0016, -0x000e, 
    +0x0001, -0x0005, +0x001c, +0x001a, -0x0016, -0x0010, +0x0013, +0x0041, 
    -0x0046, +0x002d, -0x0060, +0x0050, -0x0045, +0x000c, -0x003b, -0x0018, 
    +0x0010, +0x0019, -0x0009, +0x0032, -0x0010, +0x002e, +0x0017, +0x0064, 
    -0x0035, +0x003e, -0x0047, +0x0034, -0x002e, +0x0012, -0x0030, -0x0022, 
    -0x0026, +0x0040, -0x0003, +0x0054, -0x0037, +0x0072, -0x0014, -0x001b, 
    +0x0009, -0x0024, +0x0000, -0x0032, +0x0047, -0x003a, -0x0026, +0x0001, 
    +0x004a, -0x0013, -0x0017, +0x000e, +0x000f, -0x001b, +0x0043, +0x000a, 
    -0x0015, -0x000d, +0x0000, -0x001c, +0x0028, -0x0063, -0x0017, -0x0006, 
    -0x0027, +0x0020, +0x0018, +0x0014, +0x0009, -0x003a, -0x003a, +0x0003, 
    -0x0015, -0x0007, -0x0004, -0x0024, +0x001e, -0x0025, +0x0014, -0x004b, 
    +0x000c, -0x001f, +0x0009, -0x0011, +0x0003, -0x0037, -0x0023, -0x001c, 
    +0x0006, +0x0003, +0x0008, -0x0049, +0x0000, -0x0006, -0x0009, +0x005d, 
    +0x0059, +0x000f, -0x0027, -0x0044, +0x003b, +0x0005, -0x0001, -0x004d, 
    -0x0014, +0x0002, +0x0026, -0x0024, +0x002d, -0x000c, +0x0007, +0x0024, 
    +0x001f, +0x003e, +0x002c, -0x006a, +0x0035, -0x0052, -0x0016, -0x004e, 
    -0x0011, +0x0012, -0x0021, +0x0009, +0x002c, +0x0017, +0x0017, -0x0047, 
    -0x000c, +0x0006, +0x0015, -0x0036, +0x0003, -0x0031, +0x0023, -0x001a, 
    +0x0006, +0x0008, -0x0023, -0x0027, -0x004a, +0x0003, -0x000e, +0x002f, 
    +0x005e, -0x000a, -0x0019, +0x0015, +0x003f, +0x002f, +0x003b, -0x006b, 
    -0x0015, +0x0005, +0x000b, -0x004e, -0x002a, +0x000f, -0x0023, +0x0030, 
    +0x002a, +0x0012, -0x0054, +0x003c, +0x001b, -0x000c, +0x000d, -0x001e, 
    +0x0011, +0x0022, +0x0001, -0x0022, -0x0020, -0x0012, -0x0014, +0x0023, 
    -0x0013, +0x0011, -0x0027, +0x000d, -0x0006, +0x0014, +0x0037, +0x002d, 
    +0x002a, -0x003d, -0x0006, +0x001f, -0x001d, -0x0027, -0x0002, -0x0039, 
    +0x0004, -0x004e, +0x0000, -0x0014, -0x0017, -0x0052, -0x0012, +0x000c, 
    +0x0021, +0x0005, -0x0012, -0x0022, +0x0004, -0x003e, +0x0018, -0x0033, 
    -0x0007, -0x0070, +0x0004, +0x0007, -0x0034, -0x0033, -0x002e, -0x000e, 
    -0x0022, -0x0038, -0x0017, -0x0013, -0x000d, +0x000a, +0x001e, -0x001e, 
    +0x0016, -0x002d, -0x001a, +0x003a, -0x0015, -0x0023, -0x0033, +0x0001, 
    +0x0048, +0x0008, +0x005b, +0x001f, -0x0011, +0x0018, +0x000d, +0x0020, 
    +0x0002, -0x0007, +0x0008, -0x0007, -0x0021, -0x002a, +0x0013, -0x001c, 
    +0x0015, +0x0022, +0x0065, +0x0011, -0x001e, -0x0016, +0x0048, +0x000d, 
    +0x000c, -0x0047, +0x000a, -0x000f, -0x0065, +0x0002, +0x000d, -0x0036, 
    -0x0045, -0x000f, -0x000c, -0x001d, -0x0042, +0x0018, +0x0056, +0x0034, 
    +0x001b, -0x0011, -0x000b, -0x0017, -0x0045, -0x0002, -0x0006, -0x000f, 
    +0x002a, +0x0033, +0x003e, -0x0019, +0x0013, +0x0004, +0x0001, +0x0025, 
    -0x0003, +0x0020, +0x0017, -0x004f, +0x0004, -0x0009, -0x001e, +0x0017, 
    +0x0014, +0x0032, +0x0038, -0x0044, -0x001e, +0x0000, -0x000a, +0x000b, 
    +0x000c, -0x0018, -0x0036, +0x0015, -0x003e, -0x002b, -0x0024, +0x0005, 
    -0x001e, +0x0013, +0x0037, -0x000f, -0x003c, -0x0023, -0x0021, +0x0006, 
    +0x0043, -0x0001, +0x0010, +0x002d, -0x0038, -0x0019, +0x000c, -0x0019, 
    +0x001d, -0x0038, +0x0002, -0x0033, +0x0030, -0x0021, -0x003b, +0x0078, 
    +0x0025, -0x000c, +0x0004, +0x001e, +0x002d, -0x0008, +0x0014, +0x003c, 
    +0x002d, -0x0026, +0x0028, -0x0014, +0x0002, -0x0002, -0x000f, +0x004b, 
    -0x0004, +0x003b, -0x0006, -0x0006, +0x0036, +0x001a, +0x000a, +0x0051, 
    +0x001a, +0x0014, +0x002c, -0x0057, -0x0018, +0x001d, -0x0011, +0x004d, 
    +0x0011, +0x001a, +0x0000, -0x0001, +0x0013, +0x0006, +0x000d, +0x0036, 
    -0x0015, +0x0030, +0x0014, -0x000b, +0x003f, +0x0010, -0x0003, +0x005d, 
    +0x003b, -0x001c, +0x0005, -0x0026, +0x0028, -0x0013, +0x0020, +0x000e, 
    +0x0006, +0x0025, +0x0035, +0x0022, +0x0041, +0x001f, -0x0003, +0x003f, 
    +0x0033, +0x0027, +0x0033, -0x0006, +0x001f, -0x0011, +0x0019, +0x0035, 
    -0x0010, +0x0046, +0x002d, -0x0010, +0x0034, +0x0036, -0x001a, +0x007f, 
    -0x0029, -0x0001, +0x000f, +0x002a, +0x0015, +0x000a, +0x0013, +0x0039, 
    -0x003a, -0x0008, +0x0010, +0x0012, +0x002a, +0x000a, +0x0013, +0x002a, 
    +0x003f, -0x0036, +0x0006, -0x0044, +0x0011, -0x0005, +0x0002, +0x001e, 
    -0x005e, -0x000f, -0x001c, +0x0036, +0x0013, -0x0006, +0x0011, +0x0016, 
    +0x0022, +0x0019, +0x0002, -0x0037, -0x0005, -0x0023, +0x0008, +0x003b, 
    -0x003d, +0x0002, -0x0023, +0x001d, +0x001d, +0x001e, -0x0002, +0x0010, 
    -0x0054, -0x0019, -0x0042, -0x0036, +0x0018, +0x0004, -0x0005, +0x0022, 
    +0x000c, -0x0019, -0x0036, -0x0043, +0x0023, +0x0006, +0x001e, +0x0043, 
    +0x005c, -0x0021, +0x003f, +0x0013, -0x0013, +0x001e, +0x0006, -0x0016, 
    +0x0017, -0x004d, -0x000b, -0x002c, +0x0032, +0x0023, -0x000f, +0x004f, 
    +0x007f, -0x005d, +0x0001, -0x0004, +0x0004, +0x0021, +0x002a, +0x0007, 
    +0x001b, -0x0038, -0x0003, -0x002a, +0x000b, +0x003c, +0x0002, +0x0032, 
    +0x0063, -0x005b, +0x000e, +0x0010, +0x000a, +0x004b, +0x006c, -0x0035, 
    -0x0018, +0x001c, -0x0019, -0x0009, +0x0016, -0x000e, +0x002e, +0x003c, 
    +0x002c, +0x0021, +0x003d, -0x0052, -0x0021, -0x000c, +0x000d, +0x0005, 
    +0x001c, +0x0008, -0x0021, -0x0039, +0x0026, +0x0007, +0x0050, +0x004e, 
    +0x0044, -0x002c, -0x0013, -0x001f, -0x001d, -0x001e, -0x001c, +0x0018, 
    +0x0012, +0x0000, +0x0036, -0x0012, +0x0009, +0x0029, +0x0049, +0x001c, 
    +0x0046, -0x0026, -0x000d, +0x0015, -0x0063, +0x000a, +0x001a, -0x0018, 
    -0x001e, +0x0014, -0x0004, -0x0014, +0x0038, -0x0037, +0x0013, +0x0028, 
    -0x0007, +0x0027, +0x0011, -0x003c, +0x0005, -0x0042, -0x0012, +0x001f, 
    +0x0028, -0x0017, +0x0003, -0x0022, +0x0031, -0x001f, +0x0038, +0x0031, 
    +0x0022, +0x0006, -0x0065, -0x000d, -0x001b, -0x004a, -0x0069, +0x0054, 
    +0x0026, -0x0003, +0x0009, +0x0019, -0x000e, +0x0008, +0x0024, +0x001e, 
    +0x0012, +0x0007, -0x002b, -0x0027, -0x0057, -0x004e, -0x0061, +0x0049, 
    -0x0017, +0x0067, +0x002f, -0x001f, -0x0019, +0x0004, +0x0004, -0x000d, 
    +0x000c, +0x001f, -0x0012, +0x0002, +0x0012, +0x001d, +0x000c, -0x0018, 
    -0x0001, +0x0020, +0x0009, -0x0001, -0x000e, -0x004d, -0x0021, +0x0004, 
    +0x000e, -0x000c, -0x0001, +0x0042, -0x0002, -0x0012, -0x0004, -0x0035, 
    -0x0025, -0x0027, +0x0007, +0x0013, +0x0012, -0x0014, -0x0019, +0x001c, 
    +0x0035, -0x0041, +0x0009, +0x007f, -0x000c, -0x0016, +0x0009, -0x0030, 
    +0x0002, -0x000a, +0x000b, +0x0008, -0x0012, -0x0015, -0x0007, +0x0018, 
    +0x0004, +0x0022, -0x0003, +0x0025, +0x0007, -0x0022, -0x001f, -0x000e, 
    +0x003b, -0x0021, +0x0016, -0x001a, +0x000a, +0x000f, -0x0036, +0x001d, 
    +0x0017, -0x001f, -0x0017, +0x0022, +0x0003, -0x0016, -0x0025, -0x001e, 
    +0x0027, +0x0008, +0x000b, -0x0016, +0x0016, -0x0001, -0x000f, +0x002e, 
    -0x0005, -0x0003, +0x001f, +0x002d, -0x0017, +0x0007, -0x0005, -0x0006, 
    -0x0020, -0x000c, +0x0005, +0x0000, -0x0001, +0x0023, -0x0002, +0x0018, 
    +0x004a, +0x0018, +0x0019, +0x0044, -0x000c, +0x001f, -0x000a, -0x0010, 
    -0x0024, -0x0017, +0x0028, -0x0013, +0x000d, +0x0040, +0x0001, +0x0010, 
    +0x0038, +0x000e, +0x000b, +0x0024, -0x0013, +0x0041, -0x0036, -0x000f, 
    -0x000d, +0x0024, +0x0032, -0x0019, +0x0002, +0x0010, -0x000e, +0x0014, 
    +0x000a, +0x000e, +0x0018, +0x002d, +0x0012, +0x0026, +0x0004, +0x0003, 
    -0x0049, +0x000c, -0x000e, +0x0038, -0x0024, -0x0002, +0x005a, +0x000f, 
    +0x0025, +0x002a, -0x0003, +0x0003, -0x001a, -0x0027, -0x0050, -0x0003, 
    -0x001f, +0x0073, +0x001f, +0x0044, +0x0000, -0x0016, +0x0029, +0x000b, 
    +0x0029, +0x000b, -0x0012, -0x0018, -0x002c, +0x0015, -0x003a, -0x0005, 
    -0x0058, +0x003d, +0x001e, +0x0018, +0x001e, -0x0020, -0x0019, +0x0018, 
    +0x0044, -0x0002, +0x000d, +0x0030, -0x001d, -0x0013, -0x0010, -0x0019, 
    +0x0030, +0x0024, +0x000e, +0x0030, +0x0002, +0x000a, +0x001a, +0x0023, 
    +0x0009, -0x0018, +0x002c, +0x000f, +0x000c, -0x0007, -0x0026, -0x0016, 
    +0x0069, +0x0023, +0x001d, +0x004d, +0x001a, -0x002d, +0x0021, +0x0001, 
    -0x0021, -0x0011, -0x0003, -0x001d, -0x0012, +0x001a, -0x0049, -0x0014, 
    +0x001e, -0x0019, -0x001f, +0x0009, +0x0022, +0x000c, +0x0012, +0x0005, 
    -0x000f, +0x0012, +0x0000, +0x000f, -0x000d, -0x0001, -0x002c, -0x0018, 
    +0x000e, -0x0055, -0x0001, +0x001d, -0x0006, -0x0049, +0x002d, +0x001f, 
    -0x0007, -0x0034, +0x0005, +0x0029, +0x0000, -0x000d, -0x000b, +0x0005, 
    +0x005c, -0x007f, +0x0019, +0x001d, +0x0012, -0x0004, +0x0018, +0x0005, 
    +0x0002, -0x0028, +0x0002, +0x0034, -0x0020, +0x0001, -0x000b, +0x0000, 
    +0x0028, -0x002c, -0x000c, -0x0038, -0x0006, +0x0030, +0x003f, +0x000a, 
    -0x000b, -0x000c, +0x0016, +0x003b, -0x0030, +0x001e, -0x0015, -0x0022, 
    +0x0013, +0x000b, -0x0039, +0x001a, +0x0028, +0x0030, +0x0018, -0x0027, 
    +0x0002, -0x0029, -0x002e, -0x000e, +0x001d, -0x0058, -0x0030, -0x001e, 
    -0x0013, -0x0015, +0x0000, -0x0004, +0x0017, -0x003c, -0x0002, -0x002e, 
    -0x002f, -0x0005, -0x0045, +0x0018, +0x0015, -0x0021, +0x0007, -0x0036, 
    -0x0005, -0x0002, +0x0033, -0x0011, -0x0006, -0x0026, -0x001c, +0x0018, 
    -0x0010, +0x002f, -0x0019, +0x0023, +0x0000, -0x000a, -0x0011, +0x0007, 
    -0x0003, +0x0033, -0x001f, -0x002e, -0x0006, -0x0013, +0x0028, +0x001e, 
    -0x0001, +0x0012, -0x003c, -0x0002, +0x0029, +0x0011, -0x0017, -0x0006, 
    +0x0015, +0x001e, +0x0015, -0x002a, +0x002a, -0x0012, +0x0010, +0x0009, 
    -0x000b, +0x0019, -0x005f, +0x0025, -0x0012, -0x002e, +0x0006, -0x0033, 
    -0x0003, +0x004c, +0x001e, -0x0001, +0x0007, +0x0050, +0x000c, +0x004e, 
    -0x000e, +0x0016, -0x002e, +0x0027, -0x0009, -0x000b, +0x0016, -0x000b, 
    +0x000c, +0x0035, +0x0011, -0x003d, -0x002d, -0x0058, +0x0014, +0x0028, 
    -0x0015, +0x0009, -0x002b, -0x0026, +0x003a, +0x001d, -0x0030, -0x0038, 
    +0x0000, +0x0024, +0x0025, -0x001a, -0x0013, +0x000a, +0x0006, +0x002d, 
    -0x0025, +0x001a, -0x004d, -0x0011, +0x0029, +0x0032, +0x0005, -0x0034, 
    -0x000d, +0x0013, +0x0037, +0x0004, -0x003d, +0x0043, +0x000f, +0x004a, 
    -0x0017, +0x000a, -0x0040, +0x0026, +0x003d, -0x000a, -0x0012, -0x002a, 
    +0x0000, -0x0031, +0x000b, -0x0028, -0x0060, -0x0003, +0x000e, -0x002c, 
    -0x0024, +0x0029, -0x001e, +0x002d, -0x0005, +0x0063, -0x0066, -0x004b, 
    +0x0005, -0x004c, +0x000d, -0x0007, -0x005a, -0x0018, +0x0028, -0x001f, 
    -0x000d, +0x0022, -0x0016, +0x001a, -0x0008, +0x0013, -0x006f, -0x0015, 
    +0x002a, -0x001c, +0x0007, -0x000e, -0x0042, -0x000d, +0x0027, -0x0004, 
    -0x0014, +0x0011, -0x000e, -0x0011, +0x0010, +0x0041, -0x0045, -0x0029, 
    -0x001e, -0x004d, -0x0029, -0x0014, -0x003a, -0x000a, -0x0020, +0x0004, 
    +0x0013, +0x002f, -0x0027, +0x0017, +0x0016, +0x006c, -0x002c, -0x0072, 
    -0x0027, -0x0021, -0x003b, -0x002c, -0x0030, +0x0012, -0x004b, -0x0017, 
    +0x000e, +0x003e, +0x0001, -0x0014, +0x002b, +0x0055, -0x005e, -0x000a, 
    +0x000f, -0x0025, -0x0013, -0x0012, -0x0013, -0x0001, -0x000a, +0x001f, 
    -0x000c, -0x0027, -0x0013, -0x0040, -0x000d, +0x0000, -0x0048, -0x0036, 
    +0x001a, -0x000e, -0x0009, -0x0018, -0x0035, -0x000f, -0x0011, +0x0011, 
    +0x0016, -0x0013, +0x0002, -0x000e, +0x0010, +0x003b, +0x001b, -0x0033, 
    -0x0015, +0x001f, -0x0027, -0x001e, -0x002e, +0x0006, -0x0023, -0x0006, 
    +0x0021, -0x004a, +0x001d, +0x0001, +0x0004, -0x0015, -0x0004, +0x0019, 
    -0x002b, +0x000f, -0x0009, +0x0017, -0x0012, -0x000c, -0x0005, +0x000d, 
    +0x000b, -0x0019, -0x0028, +0x0004, -0x000a, -0x004a, -0x0043, -0x0006, 
    -0x0047, +0x0018, +0x0037, -0x0005, +0x000f, -0x0001, -0x002a, -0x0020, 
    -0x001d, +0x0022, +0x0001, -0x000d, -0x0033, -0x0048, -0x0047, -0x0005, 
    -0x000e, -0x002a, +0x0004, +0x0005, -0x0020, +0x0005, -0x0013, -0x0028, 
    -0x0025, +0x0005, -0x003a, -0x0026, -0x0046, -0x0006, -0x000b, -0x0043, 
    +0x003b, -0x001c, -0x003d, +0x0027, +0x003b, -0x0006, +0x0030, -0x001c, 
    +0x0021, -0x002b, -0x0026, -0x0036, -0x000d, +0x0011, +0x000a, -0x001d, 
    -0x0023, +0x002e, +0x0026, -0x001b, -0x0060, -0x0039, +0x000b, -0x004d, 
    -0x0004, +0x002e, -0x0032, +0x0028, -0x0029, +0x0010, -0x0014, -0x0040, 
    -0x000e, +0x006f, +0x0033, -0x0022, -0x007f, +0x0034, -0x0020, +0x0001, 
    -0x0056, -0x0001, -0x0040, +0x0022, -0x003e, +0x0013, -0x0013, -0x004b, 
    +0x0037, +0x0070, +0x0023, -0x0007, -0x001f, -0x001d, -0x0012, +0x001d, 
    -0x0040, -0x0020, -0x0031, +0x0010, -0x0047, -0x003d, +0x0032, -0x0020, 
    -0x0016, -0x0004, +0x0016, -0x0011, -0x0032, -0x000c, +0x0035, -0x0004, 
    -0x002a, +0x0011, -0x0068, +0x0037, -0x0008, -0x000d, +0x002f, +0x0001, 
    -0x0010, +0x0023, +0x0034, -0x0021, -0x0048, +0x0058, +0x001c, +0x0018, 
    -0x0026, +0x0014, -0x006c, +0x0030, -0x0016, -0x0039, +0x0012, -0x0016, 
    +0x0002, +0x0037, +0x004b, -0x0003, +0x0017, -0x0022, -0x003a, +0x0044, 
    -0x001c, -0x0004, -0x0020, +0x001b, -0x004a, -0x0052, +0x0041, +0x0001, 
    -0x0034, +0x000a, +0x0066, -0x0018, -0x0009, -0x001f, +0x0041, +0x001e, 
    +0x0000, +0x0029, +0x001e, -0x0038, -0x0016, +0x0017, +0x0015, -0x0017, 
    -0x000a, -0x0016, +0x0010, -0x0007, +0x000e, -0x0072, +0x0022, +0x0032, 
    -0x0008, -0x002c, +0x0023, -0x000f, -0x0021, +0x0023, -0x0016, -0x0027, 
    -0x0016, -0x002b, -0x0033, +0x0015, +0x000c, -0x0026, -0x0009, +0x0008, 
    -0x0040, -0x000a, +0x007f, +0x001c, +0x000d, +0x0025, -0x001d, -0x0017, 
    -0x0035, +0x0023, +0x0017, -0x0011, +0x0015, +0x0042, +0x0035, +0x000b, 
    +0x0024, -0x0011, +0x0023, -0x0004, -0x0034, -0x000a, -0x000c, +0x002f, 
    -0x0007, +0x0019, -0x0010, -0x000b, +0x000b, +0x002f, +0x0040, +0x0023, 
    +0x0009, -0x0035, +0x0027, -0x0005, -0x0009, -0x0001, -0x0006, +0x001e, 
    +0x000b, +0x0015, -0x0002, +0x0000, -0x001a, +0x003e, +0x002e, +0x0010, 
    -0x0023, -0x005c, -0x0017, +0x0029, +0x0003, +0x0015, -0x0021, +0x000b, 
    +0x0000, +0x0001, -0x0007, -0x000f, +0x0006, +0x0075, +0x0025, -0x0029, 
    +0x0019, -0x0011, +0x002c, +0x0029, -0x001b, -0x0002, -0x0027, +0x0029, 
    +0x0013, +0x000a, -0x000a, +0x0015, +0x000a, +0x0053, +0x000d, +0x0004, 
    +0x003c, -0x000a, +0x0031, +0x0037, -0x0022, -0x0041, -0x0015, +0x0024, 
    +0x0002, -0x000e, +0x000a, +0x0005, -0x0020, +0x0021, +0x0001, +0x000d, 
    +0x0048, -0x004f, -0x0004, +0x0037, -0x001f, -0x001c, +0x0002, +0x0005, 
    -0x007f, -0x001f, -0x0004, -0x0018, +0x001b, +0x0030, -0x0011, +0x0017, 
    -0x0019, +0x0054, +0x0017, +0x001f, -0x0011, -0x0018, -0x0013, -0x0001, 
    -0x006a, +0x0031, -0x0025, +0x0009, +0x0020, +0x000b, -0x0008, +0x0014, 
    +0x000c, -0x000b, +0x001c, +0x0019, +0x0009, -0x0044, -0x0024, +0x0015, 
    -0x0018, +0x0026, -0x0035, +0x0012, +0x0002, +0x0008, -0x0003, -0x0002, 
    -0x0020, -0x0013, -0x001f, +0x0016, +0x000f, -0x0007, -0x0011, +0x000f, 
    -0x0048, +0x0011, -0x000e, -0x0011, +0x000e, +0x001e, +0x000d, +0x000c, 
    -0x0010, +0x000c, +0x0029, +0x000f, +0x0002, -0x000c, -0x0022, +0x0004, 
    +0x000d, -0x000d, -0x0010, +0x0011, +0x0017, +0x0003, +0x003a, +0x0002, 
    -0x000a, -0x0019, +0x001b, +0x0002, +0x0015, +0x0001, -0x001b, +0x001f, 
    -0x0001, -0x001c, +0x000e, +0x0025, +0x0027, -0x0005, +0x0017, -0x0011, 
    -0x0001, -0x0019, -0x0011, -0x001f, +0x0011, +0x0013, -0x0005, +0x001e, 
    +0x0003, +0x001d, +0x0009, -0x0061, -0x0003, -0x0017, -0x0002, -0x0008, 
    -0x0003, -0x004c, -0x0005, -0x001c, +0x0008, +0x0033, -0x0004, +0x0024, 
    +0x0030, -0x001b, +0x000f, -0x0053, -0x000d, -0x0009, +0x0013, -0x0001, 
    +0x0010, -0x0052, -0x000a, -0x0020, +0x0000, +0x003a, -0x0006, +0x000d, 
    +0x0006, +0x000d, -0x0018, -0x004b, +0x000f, -0x0008, +0x001c, -0x000d, 
    -0x0020, -0x000a, -0x0048, -0x0049, +0x0005, +0x0008, +0x0010, +0x0001, 
    -0x001a, -0x000f, -0x000a, -0x002f, -0x001d, -0x0007, -0x0025, +0x0028, 
    -0x0022, -0x003a, +0x0034, -0x0030, +0x0055, +0x0008, -0x0020, -0x004b, 
    -0x002e, -0x0026, -0x0007, -0x0021, +0x000f, -0x000c, -0x0027, +0x0009, 
    -0x002e, -0x003a, +0x0014, -0x002e, +0x0037, +0x0039, -0x0021, -0x003a, 
    +0x0010, +0x0000, +0x0015, +0x0005, -0x0025, -0x0016, -0x000c, -0x002e, 
    -0x0012, -0x0004, +0x0002, +0x0012, -0x0025, -0x0001, -0x0002, -0x0013, 
    -0x0020, -0x001a, +0x0024, -0x0018, +0x0029, -0x0012, +0x0003, +0x0029, 
    +0x002a, +0x0000, -0x000d, -0x002b, +0x0019, -0x0030, -0x0032, -0x0020, 
    -0x003a, +0x0060, +0x0013, -0x0014, +0x0046, +0x002e, -0x0019, +0x003a, 
    +0x0040, +0x0011, -0x004c, -0x0021, -0x002f, -0x0065, -0x0047, +0x0008, 
    -0x0034, +0x0012, +0x0013, +0x001d, +0x000d, +0x0008, -0x001e, +0x0016, 
    -0x000a, -0x0010, -0x001c, -0x0008, -0x0028, -0x0041, -0x001f, +0x002f, 
    -0x0055, +0x0033, +0x0050, -0x000c, -0x0026, -0x0022, +0x0004, -0x0016, 
    +0x0026, -0x0001, +0x0001, +0x001c, -0x003d, +0x0022, +0x0001, -0x000b, 
    -0x004a, +0x004a, +0x0011, -0x0004, -0x0020, +0x0017, -0x0005, +0x0003, 
    +0x001e, -0x0023, -0x001f, +0x0006, -0x003f, -0x001f, -0x0034, +0x0005, 
    -0x001e, +0x001a, -0x0032, +0x0008, -0x002b, -0x0026, -0x000b, -0x000b, 
    -0x0005, -0x0023, +0x003b, +0x0016, -0x0001, +0x003c, -0x0036, +0x0005
};
#ifdef __cplusplus
}  // extern "C"
#endif

#ifdef __cplusplus
extern "C" {
#endif
static const int32_t __attribute__((section(".rodata.tvm"), aligned(16))) fused_nn_contrib_conv2d_NCHWc_add_fixed_point_multiply_per_axis_add_clip_constant_2[1] = {
    -0x00000002
};
#ifdef __cplusplus
}  // extern "C"
#endif

#ifdef __cplusplus
extern "C" {
#endif
static const int32_t __attribute__((section(".rodata.tvm"), aligned(16))) fused_nn_contrib_conv2d_NCHWc_add_constant_20[64] = {
    +0x00000009, +0x00000009, +0x00000009, +0x0000000a, +0x00000009, +0x00000009, +0x00000009, +0x00000009, 
    +0x00000009, +0x00000009, +0x00000009, +0x00000009, +0x00000009, +0x00000009, +0x00000009, +0x00000009, 
    +0x00000009, +0x00000009, +0x00000009, +0x00000009, +0x00000009, +0x00000009, +0x00000009, +0x00000009, 
    +0x00000009, +0x00000009, +0x00000009, +0x00000009, +0x00000009, +0x00000009, +0x00000009, +0x00000009, 
    +0x00000009, +0x00000009, +0x0000000a, +0x00000009, +0x00000009, +0x00000009, +0x00000009, +0x00000009, 
    +0x00000009, +0x00000009, +0x00000009, +0x00000009, +0x00000009, +0x00000009, +0x00000009, +0x00000009, 
    +0x00000009, +0x00000009, +0x00000009, +0x00000009, +0x00000009, +0x00000009, +0x00000009, +0x00000009, 
    +0x00000009, +0x00000009, +0x00000009, +0x00000009, +0x00000009, +0x00000009, +0x00000009, +0x00000009
};
#ifdef __cplusplus
}  // extern "C"
#endif

#ifdef __cplusplus
extern "C" {
#endif
static const int32_t __attribute__((section(".rodata.tvm"), aligned(16))) fused_nn_contrib_conv2d_NCHWc_add_constant_19[64] = {
    +0x00000000, +0x00000000, +0x00000000, +0x00000000, +0x00000000, +0x00000000, +0x00000000, +0x00000000, 
    +0x00000000, +0x00000000, +0x00000000, +0x00000000, +0x00000000, +0x00000000, +0x00000000, +0x00000000, 
    +0x00000000, +0x00000000, +0x00000000, +0x00000000, +0x00000000, +0x00000000, +0x00000000, +0x00000000, 
    +0x00000000, +0x00000000, +0x00000000, +0x00000000, +0x00000000, +0x00000000, +0x00000000, +0x00000000, 
    +0x00000000, +0x00000000, +0x00000000, +0x00000000, +0x00000000, +0x00000000, +0x00000000, +0x00000000, 
    +0x00000000, +0x00000000, +0x00000000, +0x00000000, +0x00000000, +0x00000000, +0x00000000, +0x00000000, 
    +0x00000000, +0x00000000, +0x00000000, +0x00000000, +0x00000000, +0x00000000, +0x00000000, +0x00000000, 
    +0x00000000, +0x00000000, +0x00000000, +0x00000000, +0x00000000, +0x00000000, +0x00000000, +0x00000000
};
#ifdef __cplusplus
}  // extern "C"
#endif

#ifdef __cplusplus
extern "C" {
#endif
static const int32_t __attribute__((section(".rodata.tvm"), aligned(16))) fused_nn_contrib_conv2d_NCHWc_add_constant_18[64] = {
    +0x54cebb7a, +0x4c8f72b4, +0x5d98a783, +0x7d6b738a, +0x5256df4e, +0x626b318f, +0x4fd5c3fa, +0x77fedf15, 
    +0x4c81362d, +0x5ade9d88, +0x5bcda1be, +0x649aebb6, +0x4eddddd1, +0x4a81ecd8, +0x5cd40e13, +0x4fc09b3f, 
    +0x5a312324, +0x7c39bc07, +0x524e133a, +0x4e3a0995, +0x4e0f536e, +0x4fff6310, +0x522dae1e, +0x52756a4b, 
    +0x6023ee7c, +0x6699dd02, +0x6e5ac950, +0x535b409b, +0x7016e5f0, +0x4bcf6d56, +0x533ac75c, +0x536088c7, 
    +0x5ce3e8e2, +0x6754fe53, +0x7ea94a22, +0x7944596e, +0x6ce0cd43, +0x532486fe, +0x49bfb8c6, +0x5cf5acc5, 
    +0x56220ac8, +0x56d2a0f0, +0x66bbbf07, +0x4fadc578, +0x6dbba557, +0x562b3413, +0x431bf72f, +0x4581fa77, 
    +0x53648eba, +0x4e326e75, +0x563e17a8, +0x5c01b620, +0x44442fab, +0x5e7d8262, +0x57b8f66a, +0x530d3ba4, 
    +0x533b13e3, +0x6bf6a6c5, +0x4be65c0d, +0x625527da, +0x4c695afa, +0x48e75cca, +0x5157f714, +0x6699f49a
};
#ifdef __cplusplus
}  // extern "C"
#endif

#ifdef __cplusplus
extern "C" {
#endif
static const int32_t __attribute__((section(".rodata.tvm"), aligned(16))) fused_nn_contrib_conv2d_NCHWc_constant_6[64] = {
    +0x00000a61, -0x00000081, -0x00000c90, +0x000004b8, +0x00002878, -0x00000ac6, +0x0000032d, -0x00000c41, 
    +0x000034c6, +0x00000f3b, +0x00000e68, +0x00001e6c, +0x00000373, +0x00002865, +0x00001bc6, -0x00000da6, 
    +0x00000547, +0x00000d10, +0x000016f5, -0x000008a0, +0x00000218, +0x00000e28, +0x0000235c, +0x00000073, 
    -0x00000d38, +0x000006bc, +0x00001a8e, +0x00001117, +0x00001bbd, -0x000007ab, +0x0000205c, +0x000043b5, 
    +0x0000464e, +0x000014ee, -0x000010d1, -0x00000946, +0x00000f68, +0x00001538, -0x00000139, +0x00002836, 
    -0x000003f1, +0x000028b2, +0x0000298d, -0x00000ab0, +0x00001616, -0x0000029f, +0x00000daa, +0x000003f8, 
    +0x000004f0, -0x0000107d, +0x0000146f, +0x00001096, +0x00003193, +0x00000bae, +0x000030cf, +0x000032e8, 
    +0x000010f3, +0x00001ba5, +0x00002528, +0x00001212, -0x000010fb, +0x00001b99, -0x000006c0, +0x00001f77
};
#ifdef __cplusplus
}  // extern "C"
#endif

#ifdef __cplusplus
extern "C" {
#endif
static const int16_t __attribute__((section(".rodata.tvm"), aligned(16))) fused_constant_6[36864] = {
    -0x003d, -0x005a, -0x0003, +0x0077, -0x000f, +0x0006, +0x0001, +0x0022, 
    -0x0012, +0x0015, -0x0038, +0x0021, -0x000a, +0x0012, +0x0048, +0x001f, 
    +0x001a, +0x0008, -0x0015, +0x0061, -0x0006, +0x004c, +0x0001, -0x0018, 
    +0x0014, +0x003e, -0x0012, +0x0024, -0x002f, +0x000b, +0x0023, +0x002f, 
    +0x001d, +0x0022, -0x002f, +0x005b, -0x0002, +0x0008, -0x0003, -0x0055, 
    +0x0017, +0x0041, -0x0014, -0x0011, -0x0005, -0x0030, +0x0034, -0x0026, 
    -0x0031, -0x002c, -0x0021, +0x003b, -0x0005, +0x0017, +0x0021, +0x000a, 
    +0x002f, -0x001b, +0x0014, -0x000a, -0x003a, -0x0012, +0x0012, -0x0018, 
    -0x0013, -0x0006, -0x001d, +0x0003, -0x0031, +0x0026, +0x000a, +0x0005, 
    +0x0002, -0x003d, +0x0008, +0x0000, -0x0044, -0x0011, -0x0039, -0x0011, 
    -0x003c, -0x0012, +0x0011, -0x0063, -0x002a, +0x000a, +0x0006, -0x0065, 
    +0x0011, +0x0020, -0x001d, +0x0019, -0x0020, -0x0019, -0x0011, -0x006c, 
    -0x0015, -0x0041, -0x0030, +0x0031, +0x0001, -0x0049, +0x0027, +0x0030, 
    -0x000c, -0x004a, -0x0003, +0x0029, +0x0037, -0x001a, -0x0010, -0x0006, 
    +0x0009, -0x0004, -0x0026, +0x0000, -0x002c, +0x0009, +0x0003, +0x0062, 
    +0x0003, -0x0023, -0x000a, -0x0013, +0x0003, +0x0013, -0x0015, -0x0022, 
    -0x0013, +0x001c, +0x001b, -0x007a, -0x001c, +0x0010, -0x0004, -0x0005, 
    -0x000e, +0x003e, -0x0007, -0x001b, -0x0010, -0x0001, +0x0005, -0x001b, 
    -0x003e, +0x0013, +0x0003, +0x0079, +0x004b, -0x0028, -0x0013, +0x0002, 
    +0x002b, -0x0019, -0x0006, -0x0021, +0x0017, +0x0015, -0x0013, +0x0056, 
    -0x0002, -0x000d, +0x0019, +0x0047, +0x0017, -0x0034, -0x0017, -0x003b, 
    +0x001c, -0x001b, -0x0001, -0x0014, +0x0000, -0x000e, -0x0028, +0x000f, 
    -0x002e, -0x003e, -0x004b, +0x004e, -0x001f, -0x0064, +0x0010, -0x000a, 
    +0x0035, +0x0001, -0x003f, +0x0017, +0x0007, -0x0027, -0x0026, +0x0007, 
    -0x0035, +0x0037, -0x0041, +0x002f, +0x0037, +0x0032, +0x0021, +0x0027, 
    +0x0045, +0x0034, -0x003d, -0x001e, +0x0034, +0x0022, -0x0008, +0x001e, 
    -0x0019, +0x002f, -0x002b, +0x000c, +0x002e, -0x000f, +0x002c, +0x0020, 
    +0x002e, +0x000c, -0x0022, +0x0069, -0x0005, +0x0013, -0x0009, -0x0034, 
    -0x0008, +0x0016, -0x002a, +0x0019, +0x002c, -0x0025, +0x003b, +0x000f, 
    +0x0002, +0x0001, -0x001b, +0x0027, -0x0011, -0x0004, -0x0036, -0x004b, 
    -0x0002, +0x002e, -0x0017, -0x0065, -0x000c, -0x0005, +0x0007, +0x0036, 
    +0x0047, +0x005a, +0x0005, +0x002a, +0x001c, +0x001a, -0x000b, +0x0021, 
    -0x002f, +0x0038, -0x0028, -0x004f, -0x0022, -0x0013, +0x001e, -0x0023, 
    +0x0012, +0x0039, -0x0002, +0x002c, -0x002f, +0x0030, -0x000c, -0x0029, 
    -0x0045, -0x001f, +0x0008, +0x000e, +0x0022, -0x000d, +0x0002, -0x002f, 
    -0x0038, +0x0033, -0x002d, +0x0021, -0x0024, +0x0014, -0x0020, -0x0013, 
    -0x0001, +0x003a, -0x0019, -0x001c, +0x0027, -0x0038, +0x000a, +0x000a, 
    -0x0047, +0x0020, +0x001b, +0x0000, +0x001c, -0x0010, -0x001d, +0x0027, 
    -0x0004, +0x0028, +0x000d, -0x000a, +0x0003, +0x0003, +0x000b, -0x0019, 
    -0x001b, -0x004c, -0x0014, +0x0009, +0x0012, -0x0015, -0x0013, -0x000a, 
    +0x0006, +0x0001, +0x0017, -0x0017, -0x0014, -0x0012, -0x000c, -0x003b, 
    +0x0010, -0x0027, +0x0013, +0x0002, -0x001d, +0x0025, -0x0008, -0x002e, 
    -0x0034, +0x000f, +0x0014, +0x0041, +0x0029, +0x0001, -0x002d, +0x000d, 
    -0x000a, -0x0004, -0x0028, +0x0015, +0x0024, -0x000f, -0x0033, +0x0056, 
    -0x0031, -0x0005, +0x0017, +0x0052, -0x000f, +0x0025, -0x003e, +0x000f, 
    -0x0008, -0x0011, -0x002a, +0x000a, +0x001a, -0x003a, -0x0010, +0x005e, 
    +0x0002, -0x003b, +0x000e, -0x001b, +0x0008, -0x0046, -0x0005, -0x0022, 
    +0x0005, +0x001c, -0x000a, +0x0049, +0x001a, +0x0023, -0x0002, +0x003f, 
    -0x0013, +0x0000, +0x0020, +0x0037, -0x0011, +0x0018, -0x0018, +0x0026, 
    -0x000b, -0x0009, -0x000d, -0x0029, -0x0024, -0x003f, -0x001c, +0x0071, 
    -0x0013, -0x0011, +0x001b, +0x0031, -0x0034, +0x001c, -0x0029, +0x0035, 
    +0x0008, -0x0007, -0x003d, -0x0040, -0x0027, -0x002d, +0x0012, +0x0050, 
    -0x0001, +0x0020, +0x0002, +0x000a, +0x0031, -0x0034, -0x000a, -0x0023, 
    +0x000c, -0x0017, -0x001e, -0x0003, +0x0002, -0x0001, +0x0009, -0x0029, 
    +0x000f, -0x0032, +0x0018, -0x0001, -0x0017, +0x0019, +0x0001, +0x0011, 
    +0x002f, -0x003b, +0x0026, -0x002d, -0x0028, +0x0009, +0x0019, +0x0026, 
    +0x0051, -0x0024, -0x0003, +0x0007, -0x0023, -0x0009, +0x002c, -0x0017, 
    -0x0022, -0x0016, +0x003a, -0x0037, -0x004f, -0x0002, +0x0009, +0x002c, 
    +0x0072, +0x0002, +0x002c, +0x000b, -0x001d, +0x0008, +0x0027, -0x0005, 
    -0x0027, -0x0021, +0x0038, -0x0039, -0x0039, -0x000c, +0x0065, +0x0027, 
    -0x0009, +0x0024, +0x0033, -0x000f, -0x001b, +0x0006, +0x0009, +0x0002, 
    +0x001f, -0x0019, +0x003a, +0x0009, -0x001a, +0x002b, -0x0011, -0x0038, 
    +0x0007, -0x0001, -0x0022, +0x0001, -0x001b, +0x001d, +0x0026, -0x002f, 
    +0x000c, +0x0035, +0x002d, +0x0025, +0x0007, -0x0011, -0x003b, -0x0015, 
    +0x006f, +0x0013, -0x000d, -0x0005, -0x0014, +0x002e, +0x0012, -0x000b, 
    -0x0005, +0x0015, +0x002b, +0x0024, -0x0030, +0x0014, +0x001f, +0x0031, 
    -0x003b, +0x0022, -0x0001, +0x003a, +0x000d, -0x0038, +0x0034, +0x0014, 
    -0x0016, -0x0015, -0x0009, +0x002b, +0x0007, +0x0003, -0x000c, -0x0034, 
    -0x0009, +0x0011, -0x0018, +0x001b, +0x0030, -0x0037, +0x0027, +0x002e, 
    +0x000f, -0x0010, +0x003f, +0x001e, +0x003f, -0x0005, -0x002f, -0x000d, 
    +0x000f, -0x0014, +0x0008, -0x000d, +0x007c, +0x001b, +0x0018, +0x003c, 
    +0x0025, +0x0017, -0x001f, +0x000f, +0x006a, +0x0023, -0x0011, +0x0023, 
    -0x0006, -0x000f, +0x0021, +0x0009, +0x0017, +0x0005, +0x0023, -0x000a, 
    -0x0010, +0x0052, -0x001c, +0x0019, +0x001f, -0x000f, -0x0003, -0x000c, 
    -0x001b, +0x0033, +0x003e, -0x002b, +0x000e, +0x0022, +0x002b, +0x0021, 
    -0x000f, +0x001c, -0x001e, +0x003d, +0x000e, +0x001a, -0x0006, +0x0046, 
    -0x0021, +0x0039, +0x005e, -0x0020, -0x0011, +0x0032, +0x002c, +0x001f, 
    -0x001f, +0x0018, -0x001f, +0x0014, -0x0047, -0x002b, -0x001e, +0x002a, 
    +0x0003, -0x0012, +0x0048, +0x0042, +0x000f, -0x0037, +0x0030, -0x0077, 
    -0x002c, +0x004a, -0x000b, -0x0050, +0x0017, +0x001e, -0x000b, -0x0003, 
    -0x0015, +0x0031, +0x005c, +0x0057, +0x0024, +0x0005, +0x000c, -0x0015, 
    -0x0015, +0x003a, +0x000c, -0x001b, -0x0005, +0x003f, -0x002c, +0x0019, 
    -0x000e, +0x0058, +0x005d, +0x0052, -0x0041, -0x0009, +0x0004, +0x0034, 
    -0x002c, +0x000e, -0x0005, +0x0048, -0x000b, +0x0038, -0x001f, -0x003c, 
    -0x0001, -0x0026, -0x0005, -0x0023, +0x0037, -0x0034, +0x0021, -0x0040, 
    -0x0014, +0x007f, +0x0013, -0x000e, -0x0008, +0x001d, +0x0003, +0x0051, 
    -0x0003, +0x003d, -0x0006, -0x000b, +0x001d, -0x0029, +0x001e, -0x001c, 
    -0x000a, +0x0059, +0x001e, -0x004b, -0x0037, +0x0047, -0x0001, +0x003d, 
    -0x0005, +0x000e, +0x0027, -0x000b, +0x0004, -0x0024, +0x0027, +0x0000, 
    -0x000f, +0x0022, +0x0009, +0x0055, +0x0014, +0x0012, -0x0054, +0x0015, 
    +0x0000, -0x002c, +0x000b, -0x001a, -0x002d, +0x0036, -0x004c, +0x001b, 
    +0x004c, +0x0019, +0x0038, -0x0045, +0x0010, +0x0005, -0x0020, +0x001c, 
    +0x002d, +0x001e, +0x0005, -0x0015, -0x0009, -0x0001, +0x000f, +0x0039, 
    +0x007f, +0x0018, +0x002c, -0x000c, +0x0010, +0x0024, +0x0007, +0x002a, 
    +0x002d, +0x002b, -0x000a, -0x0060, +0x0039, +0x0015, -0x0007, +0x0040, 
    +0x0030, +0x0023, -0x000b, -0x0001, +0x000d, +0x0006, +0x0000, +0x0010, 
    +0x000f, -0x002b, +0x0014, -0x0022, +0x0008, -0x0017, -0x0046, -0x002b, 
    -0x0010, +0x000d, +0x001c, +0x0020, +0x003e, +0x0013, -0x001b, +0x001e, 
    +0x0021, -0x0009, +0x0001, +0x0023, -0x000e, -0x0017, +0x0006, +0x001f, 
    +0x0013, +0x0002, +0x0051, -0x001c, +0x0005, +0x0030, -0x000d, -0x0012, 
    -0x0044, -0x002c, -0x0016, -0x0011, +0x0019, +0x0025, -0x002b, -0x0007, 
    +0x002b, +0x0018, +0x0029, +0x001b, -0x001c, +0x001a, -0x0007, +0x0002, 
    +0x003a, +0x0003, +0x0012, -0x001a, +0x0054, -0x0012, -0x0021, -0x002c, 
    -0x0059, +0x000f, +0x0000, +0x003e, +0x002d, -0x0019, -0x0009, +0x002f, 
    -0x0003, -0x0003, -0x0011, +0x001f, +0x0016, +0x000f, +0x0002, -0x0041, 
    -0x001e, +0x0013, +0x0020, +0x002a, +0x0009, -0x0013, -0x0009, -0x0005, 
    -0x0032, +0x0006, -0x0006, -0x0002, -0x0032, +0x0027, -0x000e, -0x001a, 
    +0x0022, +0x0004, +0x0008, -0x0003, +0x000e, +0x0041, -0x001e, +0x000e, 
    -0x0029, -0x0012, +0x0019, -0x004e, -0x0022, -0x0007, -0x0002, +0x0019, 
    -0x0013, +0x0066, -0x002e, +0x004f, -0x0001, -0x0012, -0x0006, +0x0015, 
    +0x0016, +0x000d, +0x0015, -0x000d, -0x0023, +0x0024, +0x0026, +0x002e, 
    -0x0003, -0x0022, -0x0013, -0x0017, -0x0004, -0x003d, +0x0001, -0x0006, 
    +0x0032, +0x0024, -0x000e, +0x0057, -0x0003, +0x0042, +0x0042, +0x000e, 
    -0x000b, -0x005c, -0x0016, -0x0013, -0x0020, -0x000d, +0x0014, +0x0001, 
    -0x004a, -0x000a, +0x0002, -0x0012, -0x0004, -0x002b, +0x001c, -0x001a, 
    -0x004e, +0x0055, -0x0021, -0x0043, +0x0001, +0x0036, -0x000e, -0x0059, 
    +0x0009, -0x001f, +0x000a, -0x0017, -0x0016, -0x0010, +0x0036, +0x0029, 
    -0x0002, -0x0016, -0x0016, -0x0033, -0x0003, +0x0022, -0x001c, -0x000b, 
    +0x0006, +0x0010, -0x001d, -0x002f, -0x002f, -0x000f, +0x0039, -0x0018, 
    +0x0006, -0x0043, +0x0001, -0x005f, +0x002e, +0x000a, +0x002c, +0x000c, 
    +0x000f, +0x0035, +0x0016, -0x003c, +0x0023, -0x0018, +0x0023, -0x000a, 
    -0x0015, +0x0028, -0x0020, -0x0061, +0x0069, +0x005c, +0x000c, -0x0033, 
    -0x000e, +0x0019, +0x0016, -0x003f, +0x0008, +0x0010, -0x001f, +0x0034, 
    +0x0006, +0x0008, -0x001f, -0x0003, +0x002e, +0x001f, -0x0027, +0x000e, 
    -0x0017, +0x003e, -0x0011, -0x0030, +0x000a, +0x001d, -0x000d, +0x0039, 
    -0x000f, -0x0014, +0x0022, -0x002e, +0x001f, -0x0018, +0x000f, -0x0015, 
    -0x003e, -0x000e, -0x001a, +0x0001, -0x003e, +0x0023, +0x0003, -0x0013, 
    -0x0038, +0x0043, -0x0033, +0x0017, -0x0046, +0x001b, -0x002d, -0x0026, 
    -0x001a, +0x001a, -0x001a, -0x0018, -0x005c, +0x002d, -0x0023, +0x0006, 
    +0x0029, +0x0007, -0x0031, +0x0045, -0x0009, +0x0013, +0x0010, +0x003b, 
    -0x001a, +0x0031, -0x000c, -0x001e, -0x0029, -0x0021, -0x003a, +0x0019, 
    -0x0005, +0x0036, -0x002f, +0x0022, +0x000d, -0x004b, +0x0010, +0x002c, 
    -0x000b, -0x002d, -0x0005, -0x0017, -0x0009, +0x0045, -0x0043, -0x003f, 
    -0x0025, +0x0052, -0x001b, -0x0022, -0x0036, -0x0024, +0x000e, -0x005e, 
    -0x0014, -0x0006, -0x002f, -0x0004, -0x0011, +0x0061, -0x0034, -0x0003, 
    +0x0007, +0x001e, +0x0008, +0x000e, +0x0006, -0x001b, -0x003c, +0x0043, 
    +0x000a, +0x000e, -0x001c, -0x0025, +0x0037, +0x001e, -0x004d, -0x0018, 
    -0x0020, +0x0068, -0x0021, +0x001b, +0x0013, +0x0064, +0x0007, +0x0041, 
    -0x0030, -0x002d, -0x003a, -0x0026, -0x000f, +0x0029, -0x005a, -0x0020, 
    -0x0003, -0x0020, -0x000f, -0x0013, -0x0008, -0x0018, +0x0031, -0x0034, 
    -0x0048, +0x0011, -0x0045, -0x002a, -0x0008, -0x000a, -0x003c, -0x0007, 
    +0x0007, -0x0031, -0x0029, -0x000d, +0x0021, -0x0008, -0x002a, +0x000d, 
    -0x0028, +0x0013, -0x0047, -0x000f, +0x0007, -0x003f, -0x0035, -0x0018, 
    +0x0006, +0x002c, -0x001f, +0x001e, +0x0035, +0x003c, -0x0012, +0x0006, 
    +0x000b, -0x0024, +0x0011, -0x002c, +0x002c, -0x0025, +0x0023, -0x0040, 
    -0x0023, -0x0007, -0x0002, +0x0055, +0x003d, -0x001b, -0x001c, -0x000c, 
    +0x0009, -0x0002, +0x0005, -0x002d, -0x0001, +0x0027, +0x002e, -0x0006, 
    -0x003d, -0x0048, -0x001e, +0x0013, +0x0035, -0x0023, -0x0021, +0x0024, 
    +0x0031, -0x0005, +0x001d, +0x000a, -0x001e, +0x0018, +0x0017, -0x0003, 
    +0x001c, -0x000d, -0x001c, -0x001d, +0x004f, -0x0023, +0x0003, -0x0021, 
    -0x0012, +0x0024, -0x0013, -0x0024, +0x000e, +0x0005, +0x003a, -0x007d, 
    +0x000f, -0x0024, +0x0025, +0x0039, -0x0004, +0x0023, +0x0019, +0x000b, 
    +0x000d, +0x001e, +0x0004, -0x0018, -0x000d, +0x0019, +0x0001, +0x000f, 
    -0x003d, -0x0027, -0x002b, -0x0009, +0x0025, +0x0002, +0x0055, +0x0015, 
    -0x0006, -0x000c, -0x0027, -0x0040, -0x0016, -0x0025, +0x0031, +0x0004, 
    -0x0003, -0x0002, +0x000e, -0x006c, +0x002f, -0x0035, +0x0013, +0x0010, 
    -0x0019, +0x0011, -0x0017, +0x005a, +0x000b, -0x0014, +0x000e, +0x0005, 
    +0x001e, -0x001d, -0x003a, +0x0043, -0x000b, -0x0016, +0x000d, -0x0031, 
    +0x0001, -0x0001, -0x000a, +0x0026, -0x0030, +0x0013, -0x001d, +0x000c, 
    -0x0014, +0x000a, -0x0021, +0x000b, -0x001a, -0x002b, +0x0039, -0x0010, 
    -0x0003, -0x0010, -0x001b, -0x0040, +0x0014, -0x000f, +0x0023, +0x000e, 
    -0x0036, -0x0020, -0x002c, -0x0018, -0x0021, -0x0020, -0x0018, +0x000d, 
    -0x001e, -0x0005, -0x0017, -0x0056, -0x0034, -0x0014, -0x0026, +0x0048, 
    -0x0037, -0x003c, -0x0026, +0x0016, -0x000c, +0x003d, -0x0041, -0x0052, 
    -0x0020, +0x0011, -0x000d, -0x0071, +0x001a, +0x0024, -0x0011, +0x001e, 
    -0x001c, -0x0027, -0x001c, +0x0036, +0x001b, +0x001d, +0x0014, -0x0029, 
    -0x0005, +0x0003, +0x0008, +0x0038, -0x002e, -0x000c, -0x0030, -0x0039, 
    -0x0034, -0x002c, -0x0001, +0x002e, -0x0019, +0x0029, -0x002a, +0x001d, 
    -0x0015, +0x0021, -0x004e, +0x0003, -0x0014, -0x0003, -0x0014, -0x005d, 
    -0x0025, +0x0007, -0x001b, -0x0040, +0x0018, +0x000f, -0x0018, -0x0001, 
    -0x0028, +0x001b, -0x0024, -0x0037, +0x001d, +0x0000, -0x0002, -0x0039, 
    -0x001e, -0x0020, -0x001d, -0x0030, +0x0007, +0x000a, +0x0027, +0x0012, 
    -0x0007, -0x0017, -0x001b, -0x000e, +0x001e, +0x0002, +0x0003, -0x0012, 
    +0x0016, -0x002b, +0x000f, +0x002d, -0x001c, +0x0014, +0x0014, +0x005b, 
    +0x0001, +0x0026, +0x0012, +0x0019, +0x001b, +0x000f, -0x001b, -0x0025, 
    -0x005a, +0x0070, -0x000d, -0x002d, +0x001d, +0x001e, -0x0011, +0x0024, 
    +0x0022, +0x0022, +0x0001, +0x0020, -0x0007, +0x002b, +0x0016, +0x002f, 
    -0x001c, -0x0028, -0x0011, -0x0032, +0x003c, +0x0004, +0x0019, +0x004e, 
    +0x007a, +0x002d, +0x002b, -0x0003, +0x0025, -0x0044, -0x002d, -0x0007, 
    +0x001f, -0x0041, +0x001f, -0x004c, +0x0027, +0x0025, -0x0010, +0x007c, 
    +0x000e, +0x0029, -0x000e, +0x0024, -0x001c, +0x0014, +0x004c, -0x0008, 
    +0x0004, -0x002f, +0x003a, -0x002f, -0x000b, -0x0029, -0x0030, -0x006b, 
    +0x0004, +0x004e, +0x001a, +0x0000, +0x0007, -0x0008, +0x0029, -0x0007, 
    +0x0006, -0x000f, +0x0024, +0x000f, +0x0007, +0x000e, +0x0001, -0x0034, 
    -0x002d, +0x0005, +0x0011, -0x003e, -0x001f, -0x0007, +0x0014, +0x0030, 
    +0x001e, +0x001a, +0x002c, -0x0008, -0x0004, +0x000a, -0x0027, +0x0029, 
    +0x0007, -0x0019, -0x0011, -0x002a, -0x0002, -0x003a, -0x0002, -0x0036, 
    -0x0020, -0x0030, -0x0005, -0x002d, -0x0007, -0x0020, -0x0024, +0x0061, 
    -0x0005, +0x0002, -0x000d, -0x0066, +0x001d, -0x001a, -0x0008, -0x0058, 
    -0x0014, -0x004f, +0x0002, -0x0057, +0x0019, +0x000d, -0x0019, +0x0040, 
    -0x0018, -0x004d, +0x0013, -0x004a, +0x0032, +0x0011, +0x0022, -0x0018, 
    +0x0028, -0x003f, +0x0002, -0x0037, +0x0017, +0x0001, -0x0054, +0x0022, 
    -0x001c, +0x0002, +0x0012, +0x0034, -0x0014, -0x0059, +0x000b, -0x0041, 
    +0x0010, -0x0003, +0x0012, -0x0003, +0x0034, -0x000e, +0x0009, +0x0041, 
    -0x0031, +0x000e, -0x000e, +0x000b, -0x000b, -0x0037, -0x0015, -0x0035, 
    +0x001e, -0x0041, +0x001a, +0x004d, -0x0025, -0x004b, +0x001f, +0x001e, 
    +0x003f, -0x0047, -0x0027, +0x0005, +0x0029, +0x003a, +0x0008, +0x0001, 
    -0x0001, -0x0016, +0x000d, +0x005f, -0x0042, -0x0044, +0x004c, -0x005f, 
    -0x0014, -0x0038, +0x000d, -0x0054, +0x0023, +0x0002, +0x002a, -0x0002, 
    +0x0021, -0x001b, +0x000d, -0x002e, -0x0003, -0x0001, +0x003f, -0x0001, 
    -0x0015, -0x0001, -0x0008, -0x0031, +0x001d, -0x0002, +0x004b, -0x000e, 
    +0x0014, -0x0008, -0x000b, -0x000a, +0x0020, -0x002a, +0x0000, -0x0043, 
    +0x0019, -0x0021, -0x0022, -0x0018, +0x0025, -0x0032, -0x0001, -0x003f, 
    +0x002d, +0x001d, -0x003c, +0x0001, -0x0007, -0x000e, +0x0025, -0x0039, 
    +0x0021, -0x000f, +0x0004, -0x0071, +0x0009, -0x0016, -0x0012, +0x0032, 
    +0x0026, -0x0016, +0x0038, +0x000a, +0x002e, -0x003b, +0x002a, -0x005a, 
    -0x0015, +0x000b, +0x000b, -0x0020, -0x0007, -0x0002, +0x000e, -0x0008, 
    -0x0011, -0x0046, +0x0013, +0x000d, +0x0016, -0x0053, -0x0004, -0x0012, 
    -0x000b, +0x0007, -0x0015, -0x0032, -0x0008, -0x0053, -0x001f, -0x004d, 
    -0x0013, -0x001b, -0x0006, -0x000a, -0x0006, +0x0016, +0x000d, +0x0030, 
    +0x0040, -0x003f, +0x005d, -0x0027, +0x0003, +0x0027, -0x001f, +0x004a, 
    -0x001b, +0x0013, -0x000b, -0x0048, +0x0028, +0x001d, +0x000f, -0x0041, 
    +0x0029, +0x0011, +0x002c, -0x000e, +0x0003, +0x0010, +0x0004, +0x0039, 
    -0x0007, -0x0028, -0x000b, -0x0017, +0x001e, -0x0004, +0x000c, +0x0011, 
    -0x0026, +0x000a, -0x0002, +0x0010, -0x001c, -0x0031, +0x0003, +0x0028, 
    -0x0026, -0x001a, -0x0007, +0x0008, -0x0025, +0x0015, +0x0013, -0x001c, 
    +0x003d, -0x0019, +0x0041, -0x0025, +0x000f, -0x002d, +0x0006, -0x000e, 
    +0x0063, -0x0055, +0x000c, -0x0011, -0x000d, -0x0022, -0x0006, +0x0049, 
    +0x002c, +0x0003, +0x0008, -0x0012, -0x0022, -0x0012, +0x003a, -0x001b, 
    +0x0057, -0x003e, +0x0000, +0x002d, +0x0002, +0x0041, +0x001f, -0x0021, 
    +0x0013, -0x0004, +0x0018, -0x004a, -0x001d, +0x0003, +0x0019, +0x0021, 
    +0x001e, -0x0038, -0x0025, +0x0040, -0x0014, +0x002d, -0x0011, -0x0005, 
    +0x004f, +0x000f, +0x002e, +0x000c, -0x0004, +0x000d, -0x0006, -0x0013, 
    -0x003d, -0x0022, -0x0030, -0x0029, +0x0013, +0x0023, +0x0017, +0x002c, 
    +0x001b, -0x000f, +0x000b, +0x003d, -0x0007, -0x0008, +0x0030, +0x0035, 
    -0x0020, +0x003c, -0x0017, -0x0026, +0x0001, +0x002f, +0x0033, +0x000c, 
    +0x0017, +0x001d, -0x000f, -0x0027, -0x000f, +0x0031, +0x0016, +0x003c, 
    +0x0002, -0x0020, -0x000e, -0x0052, +0x0003, -0x000d, +0x0006, +0x000d, 
    -0x0011, -0x0008, -0x0005, +0x002a, +0x000d, -0x0002, -0x0013, +0x001c, 
    -0x000e, +0x0015, -0x000a, -0x0037, +0x003c, +0x0043, +0x0014, +0x0010, 
    -0x0016, +0x003c, +0x0030, -0x000f, +0x0001, -0x000d, +0x0013, -0x0002, 
    -0x0010, +0x000d, +0x0023, -0x0008, +0x0005, +0x0030, -0x000b, +0x000f, 
    -0x0005, +0x0007, -0x000f, -0x000e, -0x0012, +0x0000, +0x000e, -0x0028, 
    -0x001a, -0x0032, +0x0039, -0x0029, -0x0011, -0x0026, -0x0010, +0x004d, 
    +0x0012, -0x0031, +0x0008, -0x0014, +0x001e, -0x0014, +0x002f, -0x0036, 
    +0x003f, +0x0021, -0x000a, +0x0063, +0x001a, -0x0039, -0x0001, +0x0003, 
    -0x0019, +0x001f, +0x0008, -0x007f, +0x004f, -0x001a, -0x0016, +0x0009, 
    +0x003c, -0x0036, +0x000e, +0x003b, +0x000f, -0x001e, +0x0019, +0x000a, 
    +0x001d, +0x002e, +0x002a, -0x001b, +0x001f, -0x0008, -0x0014, +0x0021, 
    -0x0039, -0x003c, +0x0004, +0x0013, -0x0004, +0x000e, -0x0021, +0x002a, 
    +0x0009, -0x001f, -0x002d, +0x0046, +0x001d, +0x0028, -0x0002, -0x0006, 
    +0x0060, +0x0036, +0x002c, -0x003f, +0x0016, -0x0021, -0x0007, +0x0045, 
    +0x0018, +0x0027, -0x0016, +0x004e, +0x0001, -0x0019, +0x0010, -0x0047, 
    +0x0032, -0x000c, +0x002f, -0x003e, -0x0008, -0x000b, +0x000f, +0x0021, 
    +0x002d, +0x001b, -0x0006, +0x0011, -0x0046, -0x0010, +0x001c, +0x0015, 
    +0x0004, -0x0036, +0x000b, -0x0061, -0x0013, +0x0017, +0x0002, -0x0004, 
    +0x000d, -0x0015, +0x0034, +0x002c, -0x000a, -0x0001, -0x000e, +0x001b, 
    +0x002b, +0x0000, -0x000b, -0x0007, +0x0003, +0x0020, -0x0029, +0x0058, 
    -0x0029, +0x0063, +0x002d, +0x0049, -0x0043, -0x0017, +0x0005, +0x0016, 
    +0x0029, -0x0022, +0x000a, -0x0007, +0x0000, +0x002d, -0x000b, +0x001f, 
    -0x0031, -0x0001, -0x0003, -0x0016, -0x0059, -0x0011, +0x0016, +0x001d, 
    +0x0035, +0x0038, +0x003c, -0x0040, -0x001a, +0x004a, +0x000a, +0x001d, 
    -0x0039, +0x0007, +0x0025, -0x0017, -0x0029, -0x0013, -0x0037, +0x0011, 
    +0x0013, -0x001a, -0x0010, +0x0028, +0x0021, +0x000c, -0x001a, -0x001d, 
    +0x0009, -0x001a, +0x001c, -0x0050, -0x0011, +0x0007, +0x000a, -0x0017, 
    -0x0014, -0x0005, -0x001a, +0x000c, -0x0002, -0x0010, +0x0008, -0x0020, 
    +0x000d, -0x0012, +0x000d, -0x0012, +0x0008, +0x0005, -0x0009, +0x003d, 
    -0x0008, +0x0004, +0x000b, -0x0023, -0x0023, +0x000b, -0x0021, -0x0001, 
    -0x0026, -0x0015, +0x001e, +0x0013, -0x0001, +0x0006, +0x0001, -0x003b, 
    -0x002d, -0x0002, -0x0007, +0x002c, +0x0013, -0x0018, +0x002c, +0x0003, 
    -0x002a, -0x0049, -0x0027, -0x0053, +0x0003, -0x0018, +0x0006, -0x0042, 
    -0x001b, +0x000f, -0x000c, -0x001f, +0x0024, -0x0018, +0x0001, -0x0007, 
    -0x0023, -0x0045, +0x0001, -0x0018, +0x002b, +0x0030, -0x001c, -0x001a, 
    +0x0007, -0x0007, +0x001e, -0x0026, +0x002a, -0x0013, -0x0010, -0x001f, 
    -0x000d, +0x000f, +0x0030, +0x002e, +0x002a, -0x0060, +0x000b, -0x002f, 
    -0x0022, -0x000c, -0x0002, -0x003c, -0x0011, -0x0012, -0x000c, +0x0047, 
    -0x0038, -0x0022, +0x0009, +0x000c, +0x0013, -0x0067, +0x0000, +0x0016, 
    -0x000d, +0x0023, -0x0006, -0x0024, -0x0006, -0x0054, -0x0010, +0x003c, 
    -0x0016, -0x0012, +0x001f, +0x0004, +0x0017, -0x0026, -0x001a, +0x001a, 
    -0x0019, -0x0005, +0x0027, -0x0002, -0x0011, -0x0007, -0x000d, +0x0036, 
    -0x000c, +0x0030, -0x0035, +0x0023, -0x0048, +0x001e, -0x0002, -0x003a, 
    -0x0013, +0x0008, -0x0002, +0x002f, +0x0014, -0x0006, +0x007f, +0x0010, 
    -0x000e, -0x0027, +0x0010, +0x000f, -0x005b, +0x0021, -0x0005, +0x001b, 
    -0x0004, -0x0015, -0x002b, -0x000d, -0x0011, -0x0008, +0x006d, -0x0007, 
    -0x0036, +0x0001, -0x0012, -0x0006, -0x0033, -0x002c, -0x000f, -0x0012, 
    +0x002c, -0x0024, +0x0037, +0x0001, +0x0015, -0x0005, +0x005b, +0x0005, 
    -0x0003, -0x0018, -0x0006, -0x003b, +0x000c, -0x0010, +0x0001, -0x0024, 
    +0x0000, +0x000b, +0x001b, +0x001e, -0x0004, -0x0001, +0x0010, +0x001e, 
    +0x0005, +0x0000, -0x0001, -0x000c, +0x0005, -0x0014, -0x0014, -0x0016, 
    -0x0021, -0x0017, +0x0002, -0x0062, +0x0005, +0x0014, -0x0002, +0x000e, 
    -0x000c, -0x0025, -0x0003, +0x0042, -0x0022, +0x000c, -0x0030, +0x0030, 
    +0x000d, -0x0019, +0x0008, -0x000b, -0x0022, +0x0032, +0x000b, +0x000f, 
    +0x0007, -0x0067, +0x0005, -0x0053, -0x0005, -0x005d, -0x0017, +0x003e, 
    -0x004e, -0x003b, +0x0019, +0x001b, -0x0019, -0x0012, -0x0006, +0x0006, 
    +0x0000, +0x001b, +0x0009, -0x0036, +0x0006, -0x000b, +0x000a, +0x003e, 
    +0x0002, -0x000b, +0x0014, +0x000c, -0x003b, +0x0022, +0x0023, -0x0014, 
    +0x0042, -0x0030, -0x000d, -0x0012, +0x0012, +0x0000, -0x0009, +0x0016, 
    +0x0056, +0x0014, +0x0049, +0x0001, -0x003d, +0x002f, -0x0029, -0x0015, 
    -0x0006, -0x001a, -0x0020, +0x0018, -0x0016, +0x000a, +0x0012, -0x001a, 
    -0x0017, -0x0031, +0x0038, +0x0008, -0x0017, +0x001d, -0x0039, +0x0003, 
    +0x003c, +0x0026, +0x002a, +0x001b, -0x002b, -0x000c, -0x0013, -0x000f, 
    +0x0022, +0x000a, +0x0006, +0x002d, -0x0016, -0x0010, +0x0002, -0x0033, 
    -0x0006, -0x000a, +0x0034, -0x0028, -0x0033, -0x001e, -0x0007, -0x0014, 
    +0x0000, +0x0042, +0x000d, +0x0002, +0x0013, +0x001e, +0x001e, +0x001a, 
    +0x0009, -0x000f, +0x0002, -0x0027, -0x0001, +0x0054, -0x000d, -0x0004, 
    -0x0016, +0x0002, -0x000f, -0x001b, -0x002d, +0x001b, -0x0033, -0x0002, 
    +0x000b, +0x0006, +0x000d, -0x001c, -0x0069, -0x001c, -0x0013, +0x0005, 
    +0x0039, +0x0062, -0x001f, +0x0021, -0x0034, -0x0009, -0x0010, -0x0005, 
    +0x003f, +0x0019, +0x002d, -0x0020, -0x003c, -0x0003, -0x0019, -0x001a, 
    -0x0030, +0x0053, +0x0020, +0x000f, -0x0015, +0x0012, +0x0023, -0x000c, 
    -0x0026, +0x0008, +0x0010, -0x006b, +0x0037, +0x0012, +0x0018, -0x0039, 
    -0x004d, -0x001d, +0x001d, -0x0004, +0x0064, +0x0021, +0x002f, +0x0008, 
    -0x0035, -0x0002, -0x0015, -0x002b, -0x0056, +0x000e, +0x0014, -0x0021, 
    -0x0017, +0x0045, -0x002e, +0x001f, +0x0015, +0x000d, +0x001a, -0x0012, 
    -0x0004, +0x0016, +0x000c, -0x001a, +0x001b, +0x0062, +0x003d, -0x000f, 
    -0x0009, +0x0031, +0x0001, +0x000d, -0x0013, +0x0048, +0x0042, -0x001d, 
    -0x0037, -0x0028, -0x0031, -0x0022, +0x0021, +0x0010, +0x0028, +0x0007, 
    -0x001f, -0x0018, -0x0044, +0x000a, +0x0002, -0x004b, +0x002f, -0x0024, 
    -0x003b, -0x0011, +0x0011, +0x000b, -0x0003, -0x000a, +0x002e, -0x0014, 
    -0x0022, -0x0019, -0x0029, +0x0002, -0x0005, +0x0005, -0x002e, -0x001b, 
    +0x0006, -0x0011, -0x0018, -0x0003, -0x0024, +0x0004, -0x0019, -0x0021, 
    -0x0015, +0x0005, -0x0026, -0x0006, +0x0000, +0x000d, -0x0024, +0x0015, 
    -0x000a, -0x0003, -0x0001, +0x001d, -0x0008, -0x0019, +0x0024, -0x0008, 
    -0x0007, +0x0004, -0x0031, +0x0010, -0x0011, +0x003b, +0x007f, -0x0002, 
    +0x002c, -0x001f, +0x0003, +0x0015, -0x0020, -0x0001, +0x003a, +0x0003, 
    +0x0038, -0x0007, -0x000f, -0x0003, -0x003b, +0x002e, -0x0012, -0x0011, 
    +0x0014, -0x001b, -0x001e, +0x0016, -0x0041, -0x000e, +0x002f, -0x000a, 
    -0x0005, +0x0014, -0x0021, +0x0015, +0x0025, +0x0014, +0x004f, +0x000a, 
    +0x0030, -0x0014, +0x0004, +0x0007, -0x001a, -0x0012, +0x0018, +0x0018, 
    -0x0043, +0x0009, +0x002f, -0x0021, +0x0042, -0x0009, +0x003e, +0x0019, 
    +0x0045, -0x0053, -0x0019, -0x001e, -0x000d, +0x0034, +0x0025, +0x003b, 
    +0x0015, +0x002b, +0x0056, -0x000c, +0x0024, -0x002c, +0x0010, +0x001a, 
    +0x0043, -0x0038, -0x0034, -0x0003, -0x0006, +0x0043, +0x0027, +0x001f, 
    +0x0011, +0x0034, -0x0002, +0x0020, +0x0044, +0x000e, +0x002f, -0x0008, 
    +0x0026, +0x003d, +0x001f, +0x001a, -0x0060, +0x0010, -0x0019, -0x0022, 
    +0x000e, -0x0026, -0x004a, +0x0019, -0x001a, +0x0009, -0x000b, +0x002a, 
    +0x001e, +0x001f, +0x0051, -0x0005, -0x004e, +0x0019, +0x0023, +0x0011, 
    -0x002a, -0x0005, -0x0007, +0x000c, +0x0031, -0x0013, -0x0034, -0x0004, 
    -0x000a, -0x0018, +0x000d, -0x000e, -0x0010, -0x0008, +0x0028, +0x001c, 
    -0x0007, -0x0023, -0x0044, -0x0011, +0x001b, -0x001b, -0x002b, +0x0026, 
    +0x002e, +0x0023, -0x0007, +0x0011, +0x0000, -0x0004, +0x000d, -0x0010, 
    -0x005f, -0x0016, -0x002a, -0x001e, -0x001f, +0x001c, -0x0013, +0x0027, 
    -0x0011, +0x0019, +0x001b, -0x0009, -0x0042, -0x0028, -0x0011, +0x002d, 
    -0x005e, +0x0007, +0x001f, +0x0000, +0x002a, -0x0024, -0x002e, -0x0033, 
    -0x001d, -0x0018, +0x0010, +0x0008, -0x0011, -0x0018, +0x0035, +0x0024, 
    -0x003e, -0x000f, -0x0042, +0x0009, +0x0014, +0x0010, -0x0018, -0x0038, 
    -0x002f, -0x000d, -0x0048, +0x002b, +0x0026, -0x002b, +0x0006, -0x0018, 
    +0x0011, -0x0016, -0x0048, +0x0007, -0x002b, +0x003a, +0x0030, +0x004c, 
    -0x0021, +0x000a, +0x0014, +0x002d, +0x001e, -0x003e, -0x002c, +0x0006, 
    +0x0007, +0x0007, +0x0000, +0x0006, -0x0012, -0x0009, +0x0022, -0x0005, 
    -0x001e, +0x001c, -0x0028, +0x0019, +0x0014, -0x0010, +0x0025, +0x0028, 
    +0x001a, -0x0012, -0x007e, +0x0007, +0x000d, +0x002e, +0x0013, -0x001b, 
    -0x0011, -0x0008, +0x0056, -0x0032, +0x0008, +0x0004, -0x0022, -0x0008, 
    +0x004d, +0x0020, +0x0052, +0x000c, +0x0038, +0x0018, +0x0062, -0x0017, 
    +0x0005, -0x0016, +0x0014, -0x002d, -0x002e, -0x0004, +0x0024, -0x002d, 
    +0x002d, +0x0023, +0x0018, +0x000e, +0x0039, +0x0001, +0x0000, -0x0005, 
    +0x0001, +0x0003, -0x0029, -0x002e, +0x001d, +0x003a, +0x001f, -0x0026, 
    +0x001b, -0x0002, +0x000f, -0x0019, +0x0005, -0x000c, -0x000c, -0x001b, 
    +0x0017, -0x0006, +0x0016, +0x0016, +0x0005, -0x0019, -0x002e, +0x0019, 
    +0x003f, +0x000b, +0x0004, -0x000f, +0x002b, +0x0026, -0x0022, -0x0005, 
    -0x001d, -0x001a, +0x001e, +0x000e, +0x001c, -0x003a, +0x0018, +0x0020, 
    +0x0040, +0x003f, -0x0014, +0x0028, +0x000a, -0x0008, -0x0044, +0x0008, 
    -0x0049, +0x0007, -0x002e, -0x0004, +0x0031, -0x0012, -0x0018, +0x0028, 
    +0x0006, -0x0001, -0x0017, +0x0006, -0x001a, +0x0022, -0x0005, +0x002e, 
    +0x003d, +0x002f, +0x0044, +0x0034, -0x0022, +0x0029, -0x000f, +0x0025, 
    +0x0016, -0x0040, -0x004b, -0x0036, +0x0055, +0x001d, +0x0005, +0x0007, 
    +0x0008, +0x0015, +0x0058, +0x003b, -0x0018, -0x001c, +0x0005, +0x0030, 
    +0x0008, +0x0008, -0x0043, -0x0004, +0x003a, +0x0020, +0x002e, +0x003f, 
    -0x0002, +0x001a, +0x0001, +0x002f, +0x0020, +0x0004, -0x0028, +0x0033, 
    -0x000d, -0x000b, -0x0018, -0x0002, +0x002e, +0x0006, -0x0012, +0x0021, 
    +0x007c, -0x0017, -0x0015, -0x0016, +0x0067, +0x0030, +0x0048, +0x0030, 
    -0x0009, +0x0029, -0x003d, +0x0042, -0x0023, -0x0004, -0x0016, +0x0030, 
    +0x0047, +0x000b, -0x0041, -0x0010, +0x0028, +0x0027, +0x0017, -0x0014, 
    +0x000a, -0x0016, -0x002d, -0x0018, +0x001e, +0x0021, -0x0045, +0x0030, 
    +0x000d, -0x000e, +0x0004, +0x000f, +0x0012, +0x004e, +0x0037, +0x0009, 
    +0x000d, -0x0047, -0x0047, -0x000d, +0x0000, -0x0029, -0x0021, -0x0007, 
    +0x0006, +0x001e, -0x0022, -0x000f, +0x0041, +0x0010, +0x0022, +0x0027, 
    +0x000c, -0x0014, -0x0013, +0x0034, -0x0015, +0x0028, +0x0001, +0x0014, 
    -0x004d, +0x0036, -0x0036, -0x000c, +0x0034, +0x0008, +0x0006, -0x0015, 
    -0x0006, -0x0044, -0x0018, -0x0015, -0x001d, -0x000e, -0x001a, -0x0021, 
    -0x0008, +0x0007, -0x0045, -0x001e, +0x0024, +0x002d, +0x0018, +0x0029, 
    +0x0018, -0x002f, -0x004e, -0x0004, +0x002a, -0x0027, -0x0024, -0x0018, 
    -0x0001, +0x0006, +0x0013, +0x0006, +0x0007, -0x0004, +0x0004, +0x0036, 
    +0x0002, -0x0021, -0x001b, +0x0030, +0x000b, +0x001b, +0x000b, -0x0025, 
    -0x0011, +0x0013, -0x0035, -0x000c, -0x0017, +0x0010, +0x0002, +0x0009, 
    +0x0028, -0x0015, +0x0018, -0x0019, -0x005c, +0x0023, +0x0006, +0x000e, 
    +0x0028, +0x0027, +0x0004, -0x0020, -0x000c, +0x0018, -0x0031, +0x0026, 
    +0x002e, +0x0021, -0x000e, +0x0016, -0x0022, -0x0043, -0x0044, -0x002b, 
    -0x0006, -0x003c, -0x003c, +0x0005, -0x0021, +0x0018, -0x002c, +0x0028, 
    +0x0018, -0x001b, +0x0010, -0x0040, +0x0004, +0x0009, +0x002d, +0x001e, 
    +0x0000, +0x0008, +0x000d, +0x0010, -0x0004, +0x0005, +0x001a, +0x0022, 
    +0x0003, +0x0026, +0x0001, -0x0015, +0x001f, -0x000c, +0x0004, +0x004a, 
    +0x0013, +0x000f, +0x0010, +0x0040, +0x0000, +0x0009, +0x0024, +0x0016, 
    +0x0031, +0x0030, +0x0013, +0x0016, +0x0030, +0x0002, +0x000f, -0x0007, 
    +0x0007, -0x0024, -0x0031, -0x0006, -0x0016, -0x001c, +0x0001, -0x0003, 
    +0x0009, -0x0028, -0x0018, +0x000a, +0x002e, -0x0008, -0x0007, -0x0008, 
    -0x000c, +0x000a, -0x0020, -0x002b, -0x0005, -0x0060, +0x0040, +0x0010, 
    -0x0024, +0x0042, -0x0008, -0x0001, +0x000b, +0x001b, +0x0004, +0x001b, 
    -0x000c, +0x0010, -0x0006, +0x0018, -0x002c, +0x001d, -0x0011, +0x000f, 
    -0x0031, +0x0026, -0x002d, +0x0014, +0x0046, -0x002a, -0x0003, -0x001e, 
    +0x0004, +0x0039, -0x0017, +0x000a, -0x000a, +0x002d, +0x0052, -0x0030, 
    +0x001b, -0x000b, +0x0013, +0x0006, +0x0024, +0x0028, -0x0004, -0x0020, 
    -0x0006, -0x0005, -0x0046, -0x0017, -0x0015, -0x0061, +0x0060, -0x002c, 
    +0x001c, +0x0015, +0x0023, +0x0030, -0x0006, +0x0000, +0x0014, -0x000c, 
    -0x0016, -0x002a, -0x004a, +0x0006, -0x0005, +0x000f, +0x0012, +0x0006, 
    -0x001d, -0x0014, +0x0006, +0x004d, +0x002a, +0x0009, -0x0003, +0x0008, 
    -0x002c, -0x0017, -0x0053, -0x0009, -0x001a, -0x0047, -0x0017, -0x0022, 
    +0x0038, +0x0012, +0x004d, -0x0011, -0x003d, +0x0050, -0x003b, +0x0028, 
    -0x005a, -0x0040, -0x0069, -0x0011, -0x0008, -0x000e, -0x0022, +0x0005, 
    -0x0039, +0x002b, +0x0040, +0x0029, +0x000c, +0x000f, -0x001d, -0x0018, 
    -0x005d, -0x0033, -0x0047, -0x000c, +0x0002, +0x0029, +0x0049, +0x000c, 
    -0x0020, +0x0015, -0x0012, -0x0007, +0x000c, -0x003d, +0x0005, -0x0021, 
    -0x0028, -0x0029, +0x000d, -0x0001, +0x0022, -0x002c, -0x001b, -0x0016, 
    -0x0010, -0x000a, +0x0012, -0x0004, +0x0002, +0x001b, -0x001d, +0x0005, 
    -0x0014, -0x0019, +0x000b, +0x0008, +0x0010, -0x0001, -0x0001, -0x0007, 
    -0x0002, +0x001f, +0x0039, +0x0006, -0x0026, +0x004f, +0x001f, -0x000f, 
    -0x0029, -0x0022, -0x001e, +0x0017, -0x001a, +0x0038, +0x001c, -0x001a, 
    -0x0023, +0x0003, -0x0031, -0x0019, +0x0023, -0x0041, +0x0004, -0x000e, 
    +0x003c, +0x0008, +0x0050, -0x000e, +0x0050, -0x0032, -0x0011, +0x000d, 
    -0x0017, +0x0007, +0x0004, -0x0028, +0x0034, +0x000c, -0x0014, -0x0003, 
    +0x004f, +0x0042, +0x003d, +0x0003, -0x001a, -0x0004, -0x0010, -0x000d, 
    +0x003c, -0x0007, +0x0013, -0x0018, +0x0000, +0x0046, +0x0015, +0x0002, 
    +0x001c, +0x0020, +0x0044, +0x000a, +0x0008, +0x001f, -0x0004, -0x0016, 
    -0x001a, -0x0018, -0x002a, -0x0012, -0x0006, -0x000c, -0x002a, +0x0012, 
    +0x0011, +0x0022, +0x0036, +0x0001, +0x002e, -0x0013, +0x0004, +0x0007, 
    -0x002a, -0x0023, -0x0006, +0x0003, -0x0066, -0x0026, +0x0039, -0x0006, 
    +0x0027, +0x002f, +0x003a, -0x0013, +0x000f, -0x0010, +0x0024, +0x0007, 
    -0x0045, +0x001d, +0x001d, -0x0006, -0x0063, -0x0009, -0x000f, -0x001f, 
    -0x0037, +0x0022, -0x0012, +0x0015, -0x0019, -0x001c, -0x001a, -0x0003, 
    -0x000e, +0x0041, +0x0019, -0x0006, -0x0010, +0x0054, -0x0062, -0x000c, 
    -0x0006, +0x0011, +0x001b, -0x0004, -0x0006, +0x0000, -0x002e, -0x0007, 
    -0x0030, -0x0022, +0x001b, +0x0013, -0x0041, -0x0013, +0x0010, -0x0020, 
    -0x0005, +0x0028, +0x0017, -0x0021, +0x000d, +0x0003, -0x0031, +0x0009, 
    +0x0008, +0x001f, +0x002c, -0x0012, -0x0036, -0x000f, +0x002a, -0x0036, 
    -0x0034, +0x000d, -0x0022, -0x001a, -0x001b, -0x0007, -0x0003, -0x0013, 
    -0x0035, +0x0047, +0x0028, +0x002c, +0x0002, +0x003c, -0x0008, -0x0040, 
    -0x0010, +0x0026, +0x0009, -0x0015, -0x0012, -0x0006, +0x0018, -0x0021, 
    -0x000b, +0x000e, -0x0024, -0x000b, -0x001c, -0x0019, -0x0037, -0x0003, 
    +0x003e, -0x0015, +0x002b, -0x0010, -0x0010, -0x0016, +0x0012, -0x0013, 
    +0x0048, +0x000c, -0x0019, -0x0008, -0x0020, -0x0027, +0x002b, +0x0002, 
    +0x0025, -0x0001, +0x000e, -0x0003, +0x001b, -0x000d, +0x0001, -0x000f, 
    +0x0019, -0x0002, -0x0027, +0x0006, +0x0024, -0x001f, +0x002f, -0x0026, 
    -0x0021, +0x0009, -0x0021, -0x0011, +0x001c, -0x0044, +0x0009, +0x001a, 
    +0x0079, +0x002f, +0x0003, +0x0037, +0x0017, +0x0026, -0x0020, -0x000e, 
    +0x000a, -0x0037, +0x001b, -0x0014, -0x003a, -0x000f, +0x0003, -0x0009, 
    -0x0013, -0x001b, +0x000a, +0x000f, -0x0001, -0x002d, +0x0045, -0x0013, 
    +0x0043, +0x001d, -0x0002, +0x0014, +0x0007, -0x0033, +0x0017, +0x001c, 
    -0x001e, -0x0020, -0x0017, +0x0001, +0x0025, -0x0037, +0x000a, +0x0001, 
    +0x0004, -0x001c, +0x000e, -0x0004, -0x001f, -0x000a, -0x003f, +0x0026, 
    +0x0042, +0x0028, +0x0005, -0x000c, +0x0023, -0x0028, +0x0007, -0x0021, 
    +0x0007, -0x0012, +0x0062, +0x0014, -0x002b, +0x0019, +0x0014, +0x0023, 
    +0x002d, -0x000b, -0x000c, -0x0008, -0x001f, -0x0042, +0x0006, +0x0024, 
    +0x0006, -0x000b, +0x0023, +0x0012, +0x0014, +0x000d, +0x0013, +0x0035, 
    +0x0014, -0x000b, +0x0026, -0x0009, -0x000d, -0x0060, -0x0036, +0x0025, 
    -0x000e, -0x0005, -0x0004, +0x0037, -0x001c, +0x0005, -0x0010, +0x0034, 
    +0x0002, +0x003d, +0x0052, -0x0010, +0x003b, -0x0035, +0x0003, -0x0030, 
    +0x0026, +0x0011, +0x001f, +0x0031, +0x0037, +0x001b, +0x0012, +0x002d, 
    +0x001d, -0x0009, +0x003f, -0x000a, -0x001d, -0x0021, -0x0009, -0x000e, 
    +0x0008, -0x0020, -0x0016, -0x0005, +0x0026, -0x0016, +0x004b, +0x002a, 
    -0x0004, -0x0031, -0x0017, +0x0019, -0x000d, -0x0006, -0x0018, +0x0019, 
    +0x002a, -0x0011, +0x0033, -0x000f, -0x002e, -0x0007, -0x004d, -0x0006, 
    -0x0037, -0x0009, +0x001b, +0x0002, -0x0028, -0x000f, -0x000e, -0x000c, 
    -0x002c, +0x000a, +0x0041, -0x0037, -0x0047, +0x0011, -0x0037, +0x000b, 
    -0x0038, -0x0015, +0x0023, +0x000a, -0x0013, +0x001f, +0x0020, -0x0009, 
    -0x0010, +0x001c, +0x0008, +0x0018, -0x002d, -0x0019, -0x0029, -0x0018, 
    -0x0019, -0x003b, +0x0035, -0x001d, +0x0042, +0x002b, +0x0021, -0x0015, 
    -0x0033, +0x0000, -0x001c, +0x0002, -0x0009, +0x0005, +0x0016, +0x0006, 
    +0x000b, -0x0032, +0x0030, +0x000c, -0x004b, -0x0006, -0x000e, -0x0028, 
    -0x005a, +0x001f, -0x0049, -0x001e, +0x0008, -0x0006, +0x002c, +0x0019, 
    -0x0025, +0x0007, +0x001f, +0x001b, -0x002b, +0x000f, -0x002d, -0x0007, 
    -0x001b, -0x0020, -0x0057, +0x0013, -0x000a, -0x0003, -0x002a, +0x000d, 
    -0x0023, -0x001c, -0x0009, -0x0022, -0x0008, +0x0035, +0x003b, -0x001b, 
    +0x003d, -0x000d, -0x000e, -0x0008, +0x0024, -0x0029, -0x0007, -0x0024, 
    +0x0011, +0x0000, +0x0023, -0x000d, -0x0012, +0x001d, -0x0019, -0x001e, 
    +0x0012, -0x001f, -0x0026, -0x0028, -0x0008, -0x0015, +0x0001, +0x001d, 
    +0x0003, +0x0009, +0x0053, -0x001b, +0x000e, +0x007f, -0x0035, +0x001b, 
    +0x0036, -0x000a, -0x002c, -0x001f, +0x0015, -0x0002, -0x0004, +0x0002, 
    +0x0014, +0x0011, -0x0021, -0x0019, +0x001f, +0x002b, -0x002e, +0x0014, 
    +0x001e, -0x0002, -0x0030, -0x0023, +0x005b, -0x0012, +0x0038, -0x0002, 
    -0x0008, -0x0003, -0x0020, -0x0003, -0x0028, -0x0045, -0x0042, +0x0029, 
    -0x0026, -0x0018, +0x0012, -0x000d, +0x001b, +0x000f, +0x0032, +0x0030, 
    -0x0004, +0x0028, +0x001f, +0x0018, -0x0046, -0x0021, -0x0075, +0x0001, 
    +0x0009, -0x003c, -0x0045, -0x0022, -0x001c, -0x0006, +0x005b, +0x0015, 
    -0x0007, -0x000f, +0x0017, +0x000c, -0x0036, -0x0002, -0x002b, -0x0012, 
    +0x0026, -0x0009, -0x0032, +0x000a, +0x0067, -0x003a, +0x001a, +0x001b, 
    -0x002a, -0x0008, +0x0009, -0x002b, +0x0006, +0x0005, +0x0041, -0x0011, 
    -0x0013, -0x0004, +0x0005, -0x000e, +0x003a, +0x002a, +0x0024, +0x000e, 
    -0x001a, +0x0025, -0x0001, +0x0001, -0x000a, +0x0010, +0x0017, -0x002e, 
    +0x0003, -0x003b, -0x0044, +0x0001, +0x003f, +0x000e, +0x003a, +0x0011, 
    -0x0005, +0x003a, +0x0028, -0x001b, -0x004e, +0x0026, -0x0012, -0x0003, 
    -0x0025, -0x0017, -0x0040, +0x000b, +0x002b, -0x0042, -0x000f, -0x0010, 
    -0x0023, -0x0016, -0x0015, -0x002a, +0x002e, +0x0035, -0x0021, -0x0001, 
    -0x000f, +0x0000, -0x002d, -0x0019, +0x0027, -0x0006, +0x004e, -0x0016, 
    -0x0036, -0x0004, -0x0026, -0x0022, -0x000b, -0x0017, +0x0024, -0x0028, 
    -0x0012, -0x0015, -0x003a, -0x0001, +0x0019, -0x0016, -0x0037, -0x000e, 
    +0x0006, +0x0046, +0x0020, -0x0016, -0x0039, +0x000f, -0x001a, -0x000b, 
    -0x0023, -0x0036, -0x0011, +0x0001, +0x0011, -0x0022, -0x0053, +0x001f, 
    -0x0033, -0x000d, +0x000f, -0x000e, +0x0001, -0x001d, -0x0041, -0x0002, 
    -0x0006, +0x000f, -0x001e, +0x0018, +0x0011, +0x0031, -0x002e, -0x0004, 
    +0x0031, +0x0043, -0x0018, +0x0001, +0x0011, -0x001b, -0x0028, +0x0028, 
    +0x0019, -0x001d, +0x0007, +0x0023, +0x003a, +0x003c, +0x0026, +0x0013, 
    -0x0006, +0x0059, +0x0012, +0x000f, -0x0046, -0x0028, -0x0049, +0x0007, 
    -0x0024, +0x0008, -0x0025, +0x0022, +0x003e, -0x0021, -0x001b, +0x0019, 
    -0x0078, -0x0056, +0x0017, +0x0000, +0x000e, +0x000a, -0x0028, -0x001a, 
    +0x0007, +0x0003, -0x0058, -0x0001, +0x0007, -0x0003, +0x0019, -0x001b, 
    -0x0022, +0x0058, +0x003b, +0x001d, +0x0030, +0x001f, -0x0026, +0x0002, 
    -0x001c, +0x003c, -0x0023, +0x0038, -0x000d, +0x0002, +0x0022, -0x0004, 
    -0x0031, +0x0027, +0x001d, +0x001e, -0x001b, +0x000b, +0x0046, -0x0020, 
    -0x0028, +0x0012, -0x001d, +0x0013, +0x0028, -0x0002, +0x004d, +0x001b, 
    -0x004d, -0x0071, +0x0008, -0x000b, +0x0022, -0x000e, +0x0024, +0x0008, 
    -0x000f, -0x001a, -0x0020, +0x0002, -0x002b, -0x0039, +0x0058, -0x0012, 
    -0x0045, -0x000a, -0x0001, -0x000a, -0x0011, +0x0018, +0x001f, -0x000c, 
    -0x0051, -0x001b, -0x0039, -0x000e, -0x0034, +0x0007, +0x0038, -0x001a, 
    -0x0024, -0x000f, +0x0023, -0x000d, +0x0004, +0x004e, +0x000a, -0x0022, 
    -0x0012, +0x0001, -0x0031, -0x001f, -0x0023, +0x0034, +0x0050, -0x0004, 
    -0x0009, -0x0004, -0x000c, -0x003b, +0x000b, +0x0006, +0x005c, +0x0040, 
    -0x0026, -0x0012, -0x0032, -0x0020, -0x0027, -0x000e, +0x0029, -0x0024, 
    -0x006d, +0x000b, -0x0033, -0x0021, -0x0010, -0x0001, +0x000a, +0x0034, 
    -0x003e, -0x0026, +0x0003, -0x0021, -0x000e, +0x002d, +0x003f, +0x0005, 
    -0x0028, -0x0014, -0x000a, -0x004e, -0x002c, -0x0010, +0x0021, +0x0008, 
    +0x0056, +0x001c, +0x0035, -0x0003, -0x0049, +0x0017, +0x003d, -0x0002, 
    -0x0002, +0x005c, +0x0042, -0x0026, -0x000a, -0x000e, +0x0006, +0x0008, 
    +0x001f, -0x0012, -0x0022, -0x000f, -0x0002, +0x0015, +0x000a, -0x002c, 
    -0x002b, +0x0006, +0x001f, -0x0002, -0x0005, -0x000d, -0x0023, +0x0022, 
    -0x002c, +0x0014, +0x000f, +0x0015, +0x001e, +0x000e, +0x002f, -0x000c, 
    +0x0031, +0x0022, +0x003a, +0x0009, -0x0025, +0x000b, -0x002e, +0x000d, 
    +0x0028, +0x0023, +0x001f, -0x000d, +0x000d, +0x0017, -0x0025, -0x0009, 
    +0x0011, -0x001f, +0x0069, +0x0000, -0x0034, -0x0034, -0x003c, +0x0003, 
    +0x0022, -0x001d, +0x0023, +0x0003, +0x0023, +0x0016, +0x0007, -0x0014, 
    +0x0019, +0x000f, -0x0029, +0x002b, -0x000c, +0x002a, -0x0020, -0x000c, 
    -0x001b, +0x0007, -0x0014, +0x0003, -0x0007, +0x000c, +0x0025, +0x0033, 
    +0x0015, -0x0006, +0x002d, +0x000a, +0x0002, +0x002b, -0x0051, +0x0003, 
    -0x000e, +0x0008, -0x0021, -0x0008, +0x0029, -0x000d, -0x0041, +0x0002, 
    -0x0014, +0x0020, -0x0029, -0x000e, +0x000a, +0x000e, +0x0037, +0x001c, 
    -0x0004, -0x003e, -0x0057, +0x000f, +0x000e, -0x0024, -0x0042, +0x0045, 
    +0x0009, -0x0012, -0x0024, -0x001d, +0x0014, -0x004c, -0x004b, +0x0004, 
    -0x001d, -0x002a, -0x0041, -0x0010, -0x0018, -0x0041, +0x0000, +0x005e, 
    -0x001b, +0x0019, -0x0045, +0x0004, -0x000f, -0x0048, -0x001d, +0x001c, 
    +0x0001, +0x001a, -0x001f, +0x000f, +0x0029, -0x0020, -0x0011, +0x0017, 
    -0x0022, -0x000e, -0x0002, -0x000a, -0x0005, -0x0002, +0x000d, -0x0012, 
    +0x002e, -0x001e, -0x0005, +0x0009, +0x0051, -0x001e, +0x0023, -0x000f, 
    +0x0005, -0x0022, +0x0014, -0x000c, +0x0009, +0x0021, -0x0014, +0x000f, 
    -0x0039, -0x0042, +0x0002, -0x0021, +0x0031, +0x0013, +0x002a, +0x0036, 
    +0x0003, -0x001e, -0x0012, -0x0006, -0x001e, +0x0020, -0x0027, +0x001c, 
    -0x0002, +0x0066, -0x0022, +0x0014, -0x0077, -0x0011, +0x0006, +0x000e, 
    -0x0020, -0x000d, +0x0001, -0x0009, -0x002a, +0x000e, -0x0003, -0x004f, 
    -0x0014, +0x0020, +0x005d, -0x0024, -0x0021, -0x002a, +0x001b, -0x001c, 
    -0x0024, +0x0006, +0x0006, -0x000c, -0x001b, +0x0044, +0x0014, -0x000e, 
    -0x0014, +0x0013, +0x0018, -0x002f, +0x000b, +0x0018, +0x003b, +0x000d, 
    -0x0024, -0x0014, +0x0023, -0x0013, +0x0007, +0x0019, +0x0010, -0x0009, 
    +0x0003, +0x000d, -0x001b, -0x0013, +0x0023, -0x0019, -0x0046, -0x0022, 
    -0x0012, -0x003d, +0x0018, +0x0027, +0x004f, +0x000a, +0x0030, -0x001a, 
    -0x001e, -0x0009, +0x0037, +0x003a, -0x001a, +0x0013, -0x0018, -0x0009, 
    +0x0005, -0x0015, -0x0004, +0x003c, +0x0023, +0x000f, +0x001f, -0x001d, 
    +0x0008, -0x000f, +0x002f, -0x001e, +0x0003, -0x0005, -0x003b, -0x0024, 
    +0x0023, -0x0005, -0x0031, +0x0039, -0x0005, -0x0004, +0x0025, +0x0012, 
    -0x0002, -0x0008, -0x0003, +0x0042, -0x0036, -0x0011, -0x0023, -0x000b, 
    +0x0027, -0x0005, +0x0013, +0x0024, -0x0008, -0x001b, +0x0002, -0x0011, 
    -0x001a, +0x0032, +0x0007, +0x007f, -0x0032, -0x0012, -0x004a, +0x0007, 
    +0x0008, +0x0010, +0x0007, +0x0024, +0x000e, -0x0001, +0x000b, +0x0018, 
    -0x0042, +0x002c, +0x0002, +0x0010, -0x000a, +0x0009, -0x0033, -0x0022, 
    +0x000d, +0x000e, -0x0031, +0x003d, -0x0014, +0x0006, -0x002a, +0x000a, 
    +0x003e, -0x0019, +0x003a, -0x000b, -0x0033, -0x002e, +0x0010, -0x0009, 
    -0x0006, +0x000c, +0x0002, +0x0007, -0x0024, -0x003b, +0x0032, +0x0005, 
    +0x004b, +0x0018, +0x0008, +0x0036, +0x0016, -0x001b, -0x0015, +0x000b, 
    -0x0027, -0x0009, -0x0008, +0x0026, -0x003d, +0x0005, +0x000d, -0x0007, 
    -0x0021, +0x0030, +0x0002, +0x0005, +0x002e, -0x0024, -0x003d, -0x001a, 
    -0x002f, +0x000c, -0x0002, +0x0028, +0x0008, -0x002b, +0x0010, -0x0006, 
    +0x0037, -0x0031, +0x0019, +0x001e, +0x0017, +0x0020, +0x0045, -0x0027, 
    -0x0027, -0x0011, -0x000b, -0x0016, +0x001d, -0x001d, +0x0012, +0x0019, 
    +0x000f, -0x000a, -0x0055, +0x000a, -0x001e, +0x0037, +0x0018, -0x0053, 
    +0x0020, +0x0006, +0x002a, -0x0009, +0x000e, -0x001a, -0x0018, +0x0007, 
    +0x0051, -0x0005, -0x000a, +0x002c, +0x0018, +0x003c, -0x0013, -0x001d, 
    +0x0019, +0x001e, +0x0054, +0x000b, +0x0030, +0x0016, +0x001e, -0x0012, 
    -0x0012, -0x003f, -0x0026, -0x001f, -0x0025, +0x0015, -0x0009, -0x000c, 
    -0x000e, -0x000c, +0x0007, +0x0019, +0x0010, -0x0009, +0x0025, +0x002a, 
    -0x0050, +0x0001, -0x003b, +0x000a, -0x007f, +0x0038, -0x002c, -0x0024, 
    +0x003e, -0x000e, +0x0031, +0x001e, +0x002e, +0x0026, -0x0004, -0x0005, 
    -0x002c, -0x0013, -0x0002, +0x002d, -0x003e, +0x0007, -0x003b, -0x0037, 
    +0x0011, +0x0040, +0x003a, -0x0005, +0x0007, +0x0013, -0x0023, +0x0005, 
    +0x0003, -0x0018, +0x0037, -0x000b, -0x001f, -0x000e, -0x002e, -0x0017, 
    -0x0014, +0x0000, -0x0002, +0x001a, -0x000b, +0x0012, +0x0046, -0x0001, 
    -0x0010, -0x0040, +0x0057, -0x000c, -0x002a, -0x000e, -0x0024, -0x0014, 
    -0x0009, +0x0014, -0x000d, +0x0050, -0x000b, +0x0013, +0x002a, +0x0003, 
    -0x006e, -0x0073, +0x0016, -0x0011, -0x001b, -0x001f, -0x0033, -0x002c, 
    -0x000e, +0x0020, -0x0018, +0x0015, -0x0066, +0x0008, -0x001c, -0x0023, 
    +0x003c, -0x0007, -0x003b, -0x003e, +0x0037, -0x001c, +0x000c, +0x0018, 
    -0x0035, +0x003c, -0x0011, +0x0027, +0x0011, -0x0016, -0x0019, -0x004c, 
    +0x006d, +0x0007, -0x0028, -0x0028, +0x002a, -0x0008, -0x000f, -0x0014, 
    -0x001e, -0x0008, -0x0028, +0x000f, +0x0003, -0x0021, -0x0033, -0x0023, 
    +0x0057, +0x0002, -0x000b, +0x0015, +0x0028, +0x0045, +0x0006, +0x0006, 
    -0x0014, -0x000b, +0x001e, +0x0002, -0x0034, -0x0029, -0x0011, -0x0059, 
    -0x001f, +0x001c, +0x001d, -0x0020, -0x0004, -0x0016, +0x0007, -0x0001, 
    +0x002b, -0x000d, -0x0041, +0x000f, +0x000c, -0x000d, -0x0023, +0x003a, 
    -0x0020, +0x0032, +0x0028, +0x0014, -0x003b, +0x0003, -0x0025, -0x0039, 
    +0x004e, -0x001d, -0x004c, +0x0019, -0x0015, -0x001b, -0x003d, +0x002f, 
    -0x0005, +0x000a, +0x0064, -0x0016, -0x0066, +0x000b, -0x0003, -0x0001, 
    +0x0016, -0x002f, -0x0021, +0x000f, -0x0030, -0x0011, -0x0014, +0x001d, 
    -0x0025, -0x0001, -0x0030, +0x001f, -0x000a, -0x005c, +0x0034, +0x0021, 
    -0x0001, -0x000a, +0x000f, -0x0011, +0x0003, -0x000b, +0x0025, +0x0074, 
    -0x0063, +0x0038, -0x0005, +0x0050, -0x0065, -0x002d, -0x0014, -0x0025, 
    -0x002d, -0x0022, -0x0011, -0x0034, +0x000a, +0x0008, +0x001e, +0x005c, 
    -0x000b, +0x0011, -0x001a, +0x000d, -0x0072, -0x001e, +0x0001, +0x001a, 
    -0x0001, -0x000c, +0x000b, -0x001f, -0x0011, -0x0002, +0x0004, +0x0049, 
    -0x0031, +0x003f, -0x0017, -0x0015, -0x0031, -0x005e, -0x000a, -0x001b, 
    -0x0016, +0x001f, -0x0046, -0x0018, +0x0003, +0x0008, -0x0018, -0x0033, 
    -0x001b, +0x001c, +0x0002, +0x0009, +0x0010, -0x0034, +0x0003, -0x0015, 
    +0x003c, +0x0017, -0x0026, +0x002c, +0x0002, -0x0014, +0x0016, -0x001c, 
    -0x0033, +0x000c, +0x0005, -0x0004, +0x001c, +0x0027, +0x0033, +0x0024, 
    -0x0001, +0x0012, +0x0012, -0x0004, +0x001a, -0x0039, -0x000a, +0x000d, 
    -0x000c, +0x0007, +0x0006, -0x0016, -0x0003, -0x003a, -0x001e, -0x000b, 
    -0x0046, +0x0009, -0x002e, +0x000f, +0x007f, -0x000f, -0x0022, -0x001c, 
    +0x0007, +0x002d, +0x001f, -0x003b, +0x003a, -0x001c, +0x0010, -0x0017, 
    +0x0016, +0x001a, -0x0019, +0x0035, +0x0004, -0x0025, +0x0008, -0x001a, 
    -0x0026, -0x0003, +0x0023, -0x0015, +0x0005, +0x000c, +0x0026, +0x0012, 
    -0x0015, +0x003e, -0x0018, -0x0007, +0x001d, -0x0015, -0x001f, +0x000f, 
    -0x000e, -0x0028, +0x0020, -0x0010, -0x000e, +0x0041, +0x0005, -0x000c, 
    -0x0013, -0x0021, -0x002c, -0x0022, +0x0028, -0x0035, -0x0002, -0x0002, 
    +0x0073, +0x0015, -0x0006, -0x0037, -0x0017, +0x0002, +0x0026, -0x001c, 
    -0x0031, +0x0008, -0x0003, +0x001e, +0x005b, -0x0005, +0x000b, +0x000e, 
    +0x0007, +0x0046, -0x0004, -0x002d, -0x0017, -0x0004, +0x001d, +0x0018, 
    -0x0011, +0x0035, +0x0000, +0x0006, +0x002d, +0x002e, -0x000b, +0x0024, 
    -0x0009, -0x0016, -0x0013, -0x002e, -0x000a, +0x0028, +0x0000, -0x0014, 
    -0x000a, +0x0017, -0x002d, -0x000a, -0x0041, -0x000e, -0x000c, -0x0046, 
    +0x0037, -0x002c, +0x0031, -0x0004, -0x000a, +0x001d, -0x0013, -0x0016, 
    -0x0032, -0x0024, +0x0001, -0x0020, +0x0003, +0x001e, +0x0030, -0x0018, 
    +0x0014, +0x0021, -0x002c, -0x0029, -0x000b, +0x0006, +0x0010, +0x000f, 
    -0x001d, -0x002e, -0x0002, -0x0028, -0x0024, +0x000e, +0x000f, -0x000b, 
    -0x001c, -0x0016, +0x003c, -0x001b, +0x001f, -0x0014, +0x0021, -0x0027, 
    -0x0006, -0x002d, -0x001f, +0x000c, -0x0022, +0x0024, +0x001d, -0x0015, 
    +0x0005, -0x0030, -0x0009, -0x0001, +0x0006, +0x0003, -0x0008, -0x0022, 
    -0x0015, -0x0030, -0x0037, -0x0015, +0x001d, +0x0002, +0x0038, -0x001e, 
    +0x0000, -0x0021, -0x000f, -0x0046, -0x0003, -0x0004, +0x0002, -0x0014, 
    -0x002e, -0x000c, -0x004e, -0x0009, +0x0006, +0x002d, -0x0011, -0x000d, 
    -0x000f, -0x0036, +0x0016, -0x0005, -0x0007, -0x0005, +0x0016, -0x0039, 
    -0x0030, +0x0018, +0x001b, -0x0039, +0x0036, +0x0008, +0x0011, -0x0053, 
    +0x0005, -0x0011, -0x0008, +0x0000, +0x0038, -0x0017, +0x0005, -0x0030, 
    -0x0018, -0x001d, -0x0023, -0x002d, +0x0002, -0x001d, +0x0009, -0x000c, 
    -0x0022, -0x0013, -0x000a, -0x000f, +0x0027, -0x000e, +0x0011, -0x0033, 
    -0x0011, -0x002a, -0x0007, -0x001f, +0x0021, -0x002e, +0x0007, -0x000b, 
    +0x0033, +0x0014, +0x0007, +0x0018, -0x001d, +0x0000, +0x0031, -0x0030, 
    +0x002f, -0x000d, +0x000e, +0x0040, -0x0010, -0x0015, -0x002d, -0x0015, 
    +0x0008, +0x000e, +0x000f, +0x000b, -0x0015, +0x0029, -0x0003, +0x0014, 
    +0x0033, +0x000f, +0x000a, +0x0016, +0x0012, -0x0008, -0x0050, -0x003c, 
    +0x004b, -0x0025, -0x0002, +0x0032, +0x004c, +0x0011, -0x0008, -0x0027, 
    -0x0023, +0x0039, -0x0019, +0x000f, -0x001f, +0x0023, -0x0021, -0x003b, 
    +0x002c, -0x0015, +0x0013, +0x001c, +0x0028, +0x0021, +0x0040, -0x0035, 
    -0x000a, -0x0026, -0x0010, -0x0002, +0x002d, -0x0011, +0x000b, -0x0006, 
    -0x004b, +0x0036, +0x0014, +0x0007, +0x000d, +0x002a, +0x0002, +0x0021, 
    -0x003f, +0x000d, +0x000c, +0x0014, +0x000f, +0x0003, +0x0005, +0x000d, 
    -0x0015, +0x0021, +0x000c, -0x0012, +0x0009, -0x0003, +0x0011, +0x0009, 
    -0x002f, +0x001b, +0x0016, +0x002b, -0x000b, -0x0004, +0x0040, +0x000a, 
    +0x001f, -0x0022, +0x0012, +0x000f, -0x002e, +0x003a, +0x0016, +0x001f, 
    -0x0026, -0x002d, -0x002f, -0x0004, +0x003f, +0x0037, +0x0007, -0x0031, 
    -0x004e, -0x0026, +0x0012, -0x0003, -0x0027, +0x001b, +0x0029, +0x004c, 
    -0x001d, -0x0019, -0x000d, +0x0022, +0x001a, +0x000a, +0x0015, +0x000c, 
    -0x0016, -0x0016, +0x0040, +0x0016, -0x0019, -0x003e, -0x0009, +0x0030, 
    +0x0005, -0x0013, -0x0007, +0x0046, +0x0032, +0x0030, +0x003f, +0x0000, 
    +0x002e, +0x0037, -0x001d, +0x0046, -0x0020, +0x0017, +0x0011, +0x0022, 
    +0x0012, -0x0022, -0x002e, -0x0011, +0x0003, +0x002a, -0x0003, -0x000f, 
    -0x0021, +0x0024, -0x0006, +0x001c, -0x001e, -0x0009, -0x000b, +0x0018, 
    +0x0015, +0x000c, -0x001c, +0x0006, +0x0018, +0x002d, +0x0023, +0x0019, 
    -0x000e, -0x002c, -0x001e, +0x0031, +0x001c, -0x0016, -0x0015, +0x0019, 
    -0x0005, +0x004f, +0x0012, -0x0003, +0x0021, +0x0009, +0x0021, -0x0028, 
    -0x0040, -0x0019, -0x0010, +0x0027, -0x000a, -0x0005, +0x0005, +0x0001, 
    -0x0002, -0x0015, +0x000c, -0x0039, +0x002a, +0x001e, +0x003a, +0x0005, 
    -0x0030, +0x0004, -0x0007, +0x0036, -0x0056, -0x0021, +0x000c, +0x0012, 
    -0x0021, +0x000d, +0x0003, -0x0027, +0x0000, +0x0005, +0x0014, -0x0019, 
    -0x0018, -0x0039, +0x0015, -0x000e, -0x0014, -0x002c, +0x000d, -0x0031, 
    +0x0017, +0x0026, +0x002b, -0x0009, -0x0018, -0x0026, +0x0015, -0x000e, 
    +0x0009, -0x0003, +0x0003, +0x001a, +0x005c, +0x000b, -0x0035, -0x0025, 
    -0x0016, -0x001f, +0x0022, -0x0024, +0x0011, +0x000c, +0x000a, +0x0008, 
    -0x0039, +0x002f, +0x0052, +0x0024, +0x004d, -0x000c, -0x001f, -0x0028, 
    +0x0023, +0x0006, +0x0011, -0x0025, -0x0004, +0x0015, +0x0004, -0x0026, 
    -0x0044, -0x003b, +0x0053, -0x0007, +0x0045, +0x0001, -0x0032, -0x0035, 
    +0x0017, +0x001a, -0x0008, -0x0033, -0x0006, -0x0064, -0x0025, -0x002f, 
    -0x0045, -0x0027, -0x000f, -0x003b, +0x0014, -0x000a, -0x0023, +0x0037, 
    -0x003b, +0x004a, +0x0010, +0x0052, -0x0021, +0x0021, +0x000c, +0x0006, 
    -0x0016, -0x0012, +0x001f, -0x0044, +0x0009, -0x000d, +0x001e, +0x0031, 
    +0x000f, +0x0020, +0x001d, +0x001e, -0x0005, -0x000d, +0x000d, +0x0003, 
    +0x0028, +0x0016, -0x0035, +0x005a, +0x0034, -0x0008, -0x002e, +0x0001, 
    -0x0034, +0x0006, -0x0002, +0x0071, -0x0003, -0x001c, +0x0015, -0x003a, 
    -0x0014, -0x0022, -0x000b, -0x0002, +0x002b, -0x002b, -0x000f, +0x0016, 
    -0x0028, +0x0050, +0x001d, +0x0012, -0x0021, -0x000d, -0x0024, +0x000b, 
    -0x004d, -0x001b, -0x000b, -0x0017, +0x001a, -0x0014, +0x0018, +0x0007, 
    -0x0006, +0x0013, +0x0011, -0x002c, -0x0033, -0x0004, -0x0034, -0x000e, 
    +0x001f, +0x000d, -0x000e, +0x0008, +0x000f, +0x002f, -0x0041, -0x003e, 
    +0x0006, -0x000a, -0x0006, +0x001a, -0x000e, +0x0008, +0x0006, -0x0005, 
    +0x0027, -0x0035, +0x0036, -0x0053, +0x000b, -0x0026, +0x0029, -0x0010, 
    +0x0002, +0x0015, +0x003e, +0x002b, -0x0003, -0x000d, -0x001e, +0x0028, 
    +0x0020, +0x002b, +0x0003, -0x001a, +0x0069, +0x0012, +0x0000, -0x0016, 
    -0x003c, -0x0021, +0x0002, -0x0034, -0x0038, +0x0018, -0x0021, +0x000f, 
    -0x0023, +0x0025, -0x0022, -0x002c, -0x0038, +0x0051, -0x0007, -0x0048, 
    +0x0012, -0x000d, -0x0060, -0x0012, +0x0013, +0x0025, +0x000f, +0x0019, 
    -0x001e, +0x0023, +0x0013, -0x0027, -0x0025, +0x0008, +0x0031, -0x0016, 
    -0x000b, -0x002d, -0x001f, -0x0033, +0x0019, +0x0006, +0x0021, +0x004c, 
    -0x0020, +0x0017, -0x0001, -0x007f, -0x0009, +0x000f, +0x0032, +0x0024, 
    +0x001e, -0x0019, -0x001f, -0x0016, -0x004d, +0x0006, +0x000d, +0x0013, 
    +0x002b, -0x003b, +0x002e, -0x002a, +0x003a, +0x000b, +0x0049, +0x0039, 
    +0x0008, +0x000b, +0x0013, -0x0002, -0x004b, +0x0036, +0x0024, -0x0031, 
    -0x0031, +0x0031, -0x0013, -0x000f, -0x0022, +0x0009, +0x0021, +0x0027, 
    +0x0010, +0x0009, -0x0001, -0x001e, +0x003e, +0x000b, +0x0009, -0x0011, 
    -0x0038, -0x0001, -0x0029, -0x0014, -0x0004, -0x0018, +0x001c, +0x0006, 
    +0x0036, -0x0007, -0x001a, -0x0009, -0x0012, -0x0016, +0x0000, -0x001f, 
    -0x000c, -0x002f, -0x0036, -0x000f, +0x0007, +0x000f, -0x0007, +0x001c, 
    -0x0009, -0x000e, +0x0011, +0x0005, -0x0032, -0x0017, +0x001b, -0x0009, 
    +0x0011, +0x0040, +0x0012, +0x0036, -0x0015, +0x000e, -0x0018, +0x001d, 
    +0x000d, +0x0022, -0x0023, -0x0001, +0x001d, +0x0008, +0x0003, -0x0021, 
    -0x000f, +0x0006, +0x001c, +0x001e, -0x0002, -0x0008, -0x0023, +0x0006, 
    +0x001a, +0x0026, -0x003c, +0x0004, -0x0007, -0x000b, +0x002d, -0x0030, 
    -0x0019, -0x0051, +0x0019, +0x005a, +0x0017, +0x0017, -0x0038, -0x0038, 
    +0x000c, +0x0015, -0x0013, -0x0001, -0x0007, -0x0050, +0x001d, -0x0008, 
    -0x0019, -0x001b, +0x0015, -0x001d, +0x0001, +0x0000, +0x0014, -0x0002, 
    -0x004d, +0x0014, +0x0003, -0x0032, -0x0018, +0x0035, -0x0011, -0x0041, 
    -0x000b, -0x0051, +0x0035, -0x000d, +0x0018, -0x0020, +0x001e, +0x001c, 
    -0x0013, +0x0042, +0x0026, -0x0034, -0x0034, -0x0005, +0x0025, -0x002b, 
    -0x003e, -0x0035, +0x003c, -0x0038, +0x001d, -0x0029, -0x0011, +0x0011, 
    -0x0062, +0x0016, +0x0056, -0x0036, -0x0033, -0x002e, +0x001b, -0x0023, 
    -0x0002, -0x0025, +0x000c, -0x000f, -0x001c, -0x001b, -0x0008, -0x001a, 
    +0x001d, +0x000f, -0x000b, -0x0001, -0x002c, +0x0016, -0x0005, -0x0026, 
    +0x002c, +0x0007, -0x0020, -0x0011, -0x0020, -0x0054, +0x000b, +0x000b, 
    +0x002f, -0x0005, +0x0019, -0x0020, -0x0040, -0x0019, -0x0004, -0x0012, 
    +0x0014, +0x0004, -0x000e, +0x002e, +0x0019, -0x0028, -0x0019, +0x000d, 
    +0x0014, +0x0011, +0x000e, -0x000c, -0x004b, -0x0005, +0x0005, -0x001e, 
    +0x0013, -0x0046, +0x0023, -0x0037, +0x0002, -0x003a, -0x0005, -0x0041, 
    -0x0008, -0x002b, -0x0046, +0x001c, +0x0026, -0x0008, -0x0038, -0x001e, 
    +0x0017, -0x0007, -0x0002, +0x0029, +0x001d, -0x0015, -0x0006, -0x001e, 
    +0x001c, -0x0005, -0x001e, -0x0019, +0x0050, -0x0029, -0x0050, -0x0009, 
    -0x000c, -0x000a, +0x000d, -0x0021, +0x0001, +0x0033, +0x000c, -0x0026, 
    +0x0038, +0x0019, -0x0021, -0x000f, -0x0035, +0x0018, -0x001d, +0x000a, 
    +0x0022, -0x003e, +0x0016, -0x000c, -0x000c, +0x0008, -0x002b, -0x0007, 
    -0x000e, -0x0009, +0x0045, -0x0017, -0x0037, +0x000a, +0x0022, -0x001b, 
    -0x0018, -0x0012, +0x0027, +0x002c, -0x0020, +0x001c, -0x003b, -0x0017, 
    +0x000e, +0x0010, +0x0026, -0x000c, +0x0004, +0x0008, +0x0017, +0x0001, 
    +0x003d, +0x0028, +0x0010, +0x0017, -0x0005, -0x0024, -0x003a, -0x0013, 
    +0x0017, +0x0036, +0x0006, +0x0009, +0x0000, -0x000b, -0x0009, +0x001b, 
    -0x0013, -0x0056, +0x0026, -0x0042, +0x0011, -0x004f, -0x000e, -0x0011, 
    +0x0012, -0x000b, +0x0033, -0x0001, -0x000e, +0x0051, +0x0031, +0x0026, 
    +0x002c, +0x001e, +0x0054, +0x0018, -0x0018, +0x000e, -0x002d, -0x0009, 
    +0x000c, +0x000d, +0x0009, -0x002b, -0x0011, +0x001b, -0x001b, -0x0001, 
    +0x0022, +0x000c, +0x0016, -0x0024, -0x0022, +0x0018, -0x0026, -0x001a, 
    +0x003e, +0x002b, +0x0014, -0x0009, +0x0042, +0x0019, -0x0027, +0x0028, 
    -0x0005, +0x0015, -0x0038, -0x0037, -0x001e, -0x0019, +0x0027, +0x0007, 
    +0x0019, -0x0039, -0x0003, -0x0017, +0x0005, +0x0031, -0x0014, +0x000e, 
    -0x0035, +0x0038, -0x002f, -0x0023, -0x0033, -0x0001, +0x0025, -0x0020, 
    -0x002e, -0x0010, -0x0025, -0x001c, +0x0001, +0x0046, -0x0003, +0x0002, 
    -0x0030, -0x0027, -0x0032, -0x004f, -0x0029, -0x0045, +0x001b, -0x0017, 
    +0x0016, +0x0017, -0x0009, -0x000a, -0x0006, +0x001c, -0x000a, +0x0008, 
    -0x004e, -0x003e, +0x0029, -0x001c, -0x0009, -0x0019, -0x0006, +0x000b, 
    -0x0014, +0x0022, -0x0010, -0x0010, -0x0055, -0x001f, +0x0004, -0x000a, 
    -0x005b, -0x000e, -0x000d, +0x0010, -0x0010, -0x000a, -0x0014, -0x0017, 
    -0x0021, -0x000a, -0x0020, -0x0035, -0x0037, -0x0025, -0x000b, +0x0008, 
    -0x0046, -0x0024, -0x001e, -0x0025, +0x0007, +0x0006, -0x0005, +0x0007, 
    -0x0021, -0x002c, -0x002b, -0x0016, +0x003c, -0x000a, -0x001b, -0x0029, 
    -0x0020, +0x000e, +0x007f, +0x0034, +0x0005, -0x0026, +0x0019, +0x0027, 
    +0x002d, +0x000e, -0x001e, -0x001e, -0x0038, +0x0027, -0x0017, -0x0002, 
    +0x0018, -0x0029, +0x0008, +0x0018, -0x000d, -0x0006, +0x006b, +0x0036, 
    +0x0005, +0x0012, -0x0040, -0x0058, -0x004f, -0x0024, +0x0011, +0x001e, 
    +0x0009, -0x0025, +0x0009, -0x0022, -0x0015, -0x0013, +0x0026, +0x001e, 
    +0x0002, -0x003e, -0x0017, -0x001e, +0x0013, -0x0011, -0x0011, -0x0020, 
    +0x0002, +0x0047, +0x0016, +0x0032, +0x0014, +0x0006, +0x0014, -0x0010, 
    +0x0005, -0x0022, +0x001b, -0x0024, -0x001f, +0x0017, +0x001b, +0x000a, 
    +0x0041, +0x0016, -0x0035, -0x000f, -0x0031, -0x000b, +0x000f, +0x002c, 
    +0x0030, -0x001e, -0x0018, -0x0011, +0x0001, +0x0012, +0x003b, +0x000f, 
    +0x001c, -0x0015, -0x0034, -0x0003, -0x0033, -0x000d, +0x0002, +0x0024, 
    +0x003f, -0x002e, -0x001c, -0x001f, -0x0009, +0x0023, +0x0005, -0x0021, 
    +0x0000, -0x0008, +0x0030, -0x0017, -0x001e, +0x0002, -0x0048, -0x0003, 
    -0x003d, -0x0019, +0x0014, +0x0007, +0x0018, +0x004a, -0x002a, -0x0005, 
    -0x0014, +0x0012, +0x000f, +0x0003, +0x001a, -0x0025, -0x0020, -0x0006, 
    +0x0011, -0x001e, -0x0030, +0x0003, +0x0023, -0x0003, +0x0001, -0x000d, 
    -0x0020, -0x0004, +0x000a, -0x000c, +0x0012, -0x0001, -0x0017, +0x001b, 
    -0x0015, -0x0001, -0x0019, -0x000d, +0x0016, -0x0028, +0x002e, +0x002b, 
    -0x0005, -0x0010, +0x002f, -0x000d, -0x0040, +0x0045, -0x0019, +0x0013, 
    -0x0020, -0x001b, +0x000c, -0x000f, +0x0043, -0x0001, +0x001c, -0x0018, 
    -0x0029, -0x0011, +0x0000, -0x0020, -0x006b, -0x0020, +0x0008, +0x000e, 
    +0x000a, -0x002d, +0x0006, -0x0015, +0x0028, -0x0049, +0x0015, -0x0020, 
    -0x003d, +0x002f, -0x0006, -0x0028, -0x0044, -0x0020, -0x0021, +0x0021, 
    +0x0034, -0x0015, -0x000a, -0x001f, +0x0006, -0x0001, -0x001e, +0x0033, 
    -0x003c, +0x0026, +0x000b, -0x0007, -0x0019, +0x007f, -0x0009, -0x0007, 
    +0x000a, +0x0001, +0x0014, -0x0010, -0x0061, -0x0042, +0x0045, +0x0000, 
    -0x0023, -0x002b, -0x0047, -0x0015, -0x000c, +0x001b, -0x000b, +0x0003, 
    -0x000a, -0x001a, +0x0009, -0x0029, +0x000c, -0x0050, +0x003b, -0x002c, 
    +0x000b, +0x0031, -0x0012, -0x0017, -0x001e, -0x0057, -0x0022, +0x001e, 
    +0x0028, -0x0004, +0x0016, -0x0010, +0x0015, +0x002c, -0x001a, -0x000b, 
    -0x0012, +0x000b, -0x001b, -0x000d, +0x0009, +0x0004, +0x0013, +0x0018, 
    -0x0020, +0x0040, +0x000f, +0x0011, -0x0030, +0x002d, +0x002a, +0x000d, 
    -0x0031, +0x0032, -0x0039, -0x0013, -0x002e, +0x001f, +0x0009, +0x0041, 
    -0x0001, +0x0036, +0x0033, +0x0022, -0x0047, +0x0016, -0x000c, +0x0001, 
    +0x0013, -0x000c, -0x0005, -0x0006, -0x0036, +0x0002, +0x000a, -0x0014, 
    +0x0023, +0x0021, +0x003b, +0x0006, -0x0008, -0x0033, -0x001f, +0x000a, 
    +0x0021, -0x0019, +0x000a, +0x0016, -0x0025, -0x0017, +0x0027, +0x0025, 
    -0x0011, +0x000d, -0x0021, -0x0013, -0x000a, +0x0006, -0x0010, +0x0010, 
    +0x0040, -0x0004, +0x0000, -0x0004, -0x0035, +0x0043, -0x0011, +0x001e, 
    +0x0005, +0x000f, +0x000e, -0x001d, -0x0022, -0x0018, -0x0022, +0x000f, 
    +0x003e, -0x0018, +0x0022, +0x0013, -0x0008, +0x0052, -0x002d, -0x000a, 
    +0x0017, +0x0009, +0x001e, -0x0001, +0x0061, -0x000c, +0x0007, +0x001e, 
    -0x000a, -0x003c, -0x0027, +0x0023, +0x0012, -0x0044, -0x0010, -0x001b, 
    +0x000b, +0x0013, +0x0005, -0x001b, -0x0034, -0x0013, +0x002b, -0x0022, 
    -0x0017, -0x0002, +0x0000, +0x0038, +0x0066, -0x0012, -0x0045, +0x0027, 
    +0x0000, -0x000b, -0x0020, -0x0018, -0x001f, -0x0017, +0x0026, +0x0004, 
    -0x0028, +0x003a, +0x0033, +0x0033, +0x0049, +0x006c, -0x0041, +0x0026, 
    -0x0023, -0x000f, +0x000e, -0x0029, +0x0009, -0x0017, +0x0032, +0x0017, 
    +0x000a, +0x000c, -0x0021, +0x000a, +0x000d, +0x0010, +0x002c, +0x0006, 
    +0x0003, -0x001e, -0x004c, -0x0021, -0x0043, +0x0016, -0x0012, +0x002f, 
    -0x0015, -0x0030, +0x0005, +0x0015, +0x003f, -0x0012, +0x0004, -0x000e, 
    -0x0002, +0x0015, -0x0039, +0x004b, -0x0044, -0x0012, -0x0004, -0x0009, 
    +0x0027, -0x004c, -0x000d, -0x0028, +0x0049, -0x0015, +0x000b, +0x0014, 
    -0x0031, +0x0042, -0x0030, +0x000d, -0x0032, -0x0028, -0x002c, +0x0001, 
    +0x0007, -0x0005, -0x0014, -0x0015, +0x0042, -0x000a, +0x0043, +0x0037, 
    -0x000a, +0x0004, -0x0022, -0x0020, -0x000e, -0x000c, -0x0002, +0x0012, 
    -0x003b, +0x000a, +0x000d, -0x0017, +0x0033, -0x0007, +0x001d, +0x000f, 
    +0x0018, +0x000e, -0x0026, +0x0021, +0x001a, -0x0004, -0x000a, -0x001c, 
    -0x002d, -0x0006, +0x0022, -0x001c, +0x0053, +0x0017, +0x0023, -0x0025, 
    -0x0044, -0x0008, -0x0029, +0x0012, -0x0008, +0x0021, -0x0019, -0x000b, 
    -0x0011, -0x0029, -0x004e, -0x0029, -0x002a, +0x0001, -0x001b, +0x0047, 
    -0x0014, +0x0031, -0x0028, -0x0001, +0x0016, +0x0005, -0x000f, -0x0007, 
    -0x0039, +0x0017, -0x002c, -0x0018, +0x0006, +0x000b, -0x000b, +0x0022, 
    -0x0018, -0x000d, -0x0011, +0x0049, +0x004b, +0x001e, -0x001b, -0x000b, 
    -0x0047, +0x0018, +0x000c, +0x0012, +0x0029, +0x0011, -0x0015, -0x0007, 
    -0x0042, -0x005a, +0x000b, +0x0014, +0x0002, +0x0037, -0x0013, -0x0019, 
    +0x0034, -0x0013, -0x0029, -0x0007, -0x0041, -0x001b, -0x0007, +0x0002, 
    -0x003e, -0x0002, +0x0043, +0x0004, +0x000f, +0x0001, -0x0027, +0x0017, 
    -0x003b, +0x0010, -0x0033, +0x000d, -0x0043, -0x0043, -0x0026, +0x0030, 
    +0x0017, +0x0022, +0x003b, +0x0007, -0x0018, -0x0010, -0x000c, -0x001e, 
    -0x0019, +0x0015, +0x0018, -0x0010, -0x0028, -0x0018, -0x0048, +0x0038, 
    -0x0025, +0x0032, -0x000c, +0x0018, -0x005b, -0x0029, +0x0015, -0x0027, 
    +0x0014, +0x0031, -0x001d, +0x001e, +0x000b, +0x0020, +0x001a, -0x0003, 
    -0x000a, +0x0013, +0x002c, +0x0033, +0x0028, -0x000c, -0x0027, +0x002f, 
    -0x0036, +0x000e, -0x0006, -0x001a, -0x0006, -0x000e, +0x0010, +0x000d, 
    -0x0014, +0x0037, +0x001d, +0x0025, -0x0030, -0x003c, +0x0022, +0x0007, 
    -0x0031, +0x0000, +0x002d, -0x0014, +0x0015, +0x005d, -0x001c, +0x0041, 
    -0x0009, +0x003f, +0x0025, +0x001c, -0x0054, +0x0001, +0x000a, +0x0015, 
    -0x0017, -0x0035, -0x0008, +0x0027, -0x000e, -0x001c, -0x001e, -0x0022, 
    +0x0024, +0x0048, +0x004e, +0x0043, +0x0030, -0x0018, -0x0014, +0x0027, 
    -0x0015, -0x001f, +0x0000, +0x0005, -0x0012, +0x0001, +0x0009, -0x0008, 
    +0x0006, +0x0014, +0x002c, +0x0038, +0x0000, -0x000c, +0x003c, -0x0020, 
    +0x000b, +0x0012, +0x000d, -0x0027, +0x0002, +0x0054, +0x001f, +0x003b, 
    +0x000d, -0x0005, +0x0025, +0x001a, +0x000b, +0x0023, +0x0011, -0x0026, 
    +0x0002, -0x0014, -0x0022, -0x0010, +0x002e, +0x000f, +0x0011, +0x0005, 
    -0x0004, -0x0008, -0x001f, -0x0034, -0x0002, +0x0019, +0x001c, -0x0008, 
    -0x0004, -0x002a, -0x0049, +0x000b, +0x006d, -0x0002, -0x0005, -0x0015, 
    -0x0001, +0x000d, -0x002b, -0x002f, +0x0020, +0x0023, -0x0008, +0x0015, 
    +0x0021, -0x001d, +0x000c, -0x0026, +0x003c, -0x0019, -0x002c, +0x0007, 
    -0x0034, +0x0016, -0x001d, -0x0005, -0x002b, -0x0003, +0x0006, +0x000b, 
    +0x0026, -0x0029, +0x000e, +0x0005, +0x0064, +0x0054, -0x0007, +0x0002, 
    +0x001c, +0x000f, -0x0033, -0x003b, -0x0033, -0x000c, +0x0029, -0x0038, 
    -0x0018, -0x0045, +0x001e, +0x003d, +0x002d, +0x0011, -0x0004, -0x0030, 
    +0x001b, -0x001e, +0x0001, -0x001d, +0x0004, +0x002b, -0x0019, -0x0003, 
    +0x002b, -0x0010, +0x000e, +0x000e, +0x0000, -0x002d, +0x0008, +0x0005, 
    +0x0022, -0x0005, -0x0011, +0x002d, -0x0013, +0x0027, +0x0011, -0x000c, 
    -0x0012, -0x0024, -0x0030, -0x0009, +0x0020, +0x0009, -0x0030, +0x000f, 
    +0x0009, -0x000e, -0x0040, -0x000b, -0x0027, -0x000d, -0x0003, -0x001a, 
    -0x0020, +0x0009, +0x001f, -0x0009, -0x0006, +0x001d, -0x001f, -0x0028, 
    -0x0039, -0x000e, -0x002c, -0x0011, -0x000c, +0x0006, -0x0006, +0x0024, 
    +0x000d, +0x000a, +0x0003, -0x000c, +0x0031, +0x0020, -0x0012, +0x0008, 
    -0x0040, +0x0020, -0x0017, +0x001c, -0x0028, +0x0010, +0x0029, -0x0006, 
    -0x0038, -0x0050, -0x0020, -0x003d, +0x0012, +0x002a, -0x000f, -0x000d, 
    -0x003c, -0x0032, -0x0011, +0x0010, -0x003b, -0x001a, -0x004a, +0x0016, 
    +0x0044, -0x001c, -0x0048, +0x000f, -0x0016, -0x0019, +0x0003, +0x0026, 
    +0x0015, -0x0011, -0x0016, -0x0015, -0x002f, -0x0039, -0x000a, -0x0002, 
    +0x0030, -0x0001, -0x0011, -0x002f, -0x003c, -0x001a, -0x002a, -0x000f, 
    -0x002a, -0x000b, -0x002c, -0x0002, -0x0003, +0x0005, -0x0053, +0x0005, 
    -0x0069, -0x001e, -0x005f, +0x0008, +0x0057, -0x000d, +0x0016, -0x0015, 
    -0x005f, -0x0012, -0x0006, +0x0000, -0x003b, -0x0019, -0x0024, +0x0028, 
    +0x0071, -0x000a, -0x002d, -0x002a, +0x0004, -0x0027, +0x0002, +0x0021, 
    +0x0028, +0x000e, +0x0043, -0x0035, -0x0011, -0x002f, +0x003c, +0x0018, 
    +0x0019, +0x000a, -0x001e, -0x0012, +0x0033, -0x003f, +0x0046, -0x0012, 
    +0x002f, +0x0055, +0x000f, -0x0041, +0x000a, +0x002b, +0x0016, -0x0002, 
    -0x006b, -0x0008, +0x000d, +0x003a, +0x0027, -0x0001, -0x0022, +0x0012, 
    -0x002f, -0x0030, -0x000d, +0x001b, +0x0007, +0x000d, -0x0004, +0x0066, 
    +0x003f, +0x0027, +0x0000, +0x0035, +0x0007, +0x0003, -0x0014, +0x003b, 
    +0x000a, +0x0003, +0x0056, -0x001c, -0x000c, -0x001e, +0x0003, +0x0064, 
    -0x000c, -0x0020, -0x001f, +0x003a, -0x000c, +0x0004, +0x0014, +0x0019, 
    +0x0005, -0x0015, +0x0006, -0x0025, +0x0013, +0x0008, +0x000b, +0x0045, 
    -0x0023, -0x0003, +0x0008, -0x003c, -0x0013, -0x000f, -0x0021, +0x0029, 
    +0x002f, +0x0000, -0x001f, +0x0017, +0x0056, -0x003d, +0x0019, +0x0039, 
    +0x000f, +0x000d, -0x000f, -0x007f, +0x0038, +0x005e, +0x0002, -0x0005, 
    -0x002c, -0x0013, -0x0050, +0x0001, -0x0005, -0x0030, +0x002c, +0x001e, 
    +0x0025, +0x0015, -0x0018, -0x004f, -0x000a, +0x0038, +0x0024, +0x001a, 
    -0x0009, +0x0005, -0x0029, +0x0014, +0x0051, -0x002d, -0x001f, +0x0021, 
    -0x0027, -0x0020, +0x0003, -0x004a, -0x0017, -0x000f, +0x0005, +0x0007, 
    +0x0001, -0x001a, -0x0005, -0x000b, +0x004f, -0x0004, +0x000f, +0x0029, 
    +0x0004, -0x0012, -0x002c, -0x0057, -0x0029, +0x0008, -0x005f, -0x0022, 
    -0x0007, -0x001f, -0x0025, -0x0018, +0x0024, -0x0009, -0x0007, +0x0010, 
    +0x005e, +0x002b, -0x0019, -0x003b, +0x0006, +0x0003, -0x001e, +0x0002, 
    +0x0010, -0x0014, -0x000e, -0x0031, +0x0033, -0x0005, -0x0020, +0x0023, 
    +0x000e, +0x0008, -0x0018, -0x001f, +0x0041, +0x001d, +0x000d, -0x0037, 
    -0x003f, -0x0034, -0x003f, +0x000f, -0x000e, +0x0039, +0x0051, +0x0019, 
    +0x001b, +0x0000, -0x0024, -0x0004, +0x0010, -0x001e, -0x000b, -0x0045, 
    -0x0005, -0x0028, -0x0027, +0x0004, +0x0021, -0x0011, +0x001c, -0x0008, 
    +0x0052, +0x003a, +0x0005, -0x0023, +0x0003, +0x0007, +0x0024, -0x0017, 
    -0x003d, -0x0028, -0x0041, +0x0008, -0x001a, +0x001f, -0x0012, -0x0009, 
    -0x001d, -0x0019, +0x001d, +0x0008, +0x0013, -0x0014, -0x0032, -0x001c, 
    +0x000f, -0x0008, +0x0018, +0x0009, +0x0004, -0x0002, -0x0004, +0x0018, 
    -0x002c, -0x000c, -0x0007, +0x0004, +0x0002, +0x0027, -0x0020, +0x0038, 
    +0x0024, -0x0044, +0x000a, +0x0035, -0x000a, -0x0004, +0x0017, -0x004a, 
    -0x005c, -0x0010, -0x0008, +0x0000, -0x0010, -0x0009, -0x0004, +0x004b, 
    -0x001c, -0x0019, -0x0006, -0x0012, -0x0047, -0x0001, -0x0024, -0x0014, 
    -0x001a, -0x0010, +0x000a, -0x000e, -0x0036, -0x0035, +0x001d, -0x0038, 
    +0x000e, -0x0022, +0x0025, -0x0020, +0x004b, -0x0016, -0x0023, +0x000d, 
    -0x0026, +0x0032, +0x0002, -0x002a, -0x0020, +0x0010, +0x0027, +0x0006, 
    +0x000b, -0x003e, +0x000e, -0x002d, +0x000d, +0x000f, -0x000b, -0x0057, 
    -0x0017, -0x0001, -0x0016, -0x001e, -0x0004, -0x0020, -0x0008, +0x0063, 
    -0x0003, -0x0003, +0x000f, -0x0003, -0x0019, +0x002f, -0x0027, -0x001f, 
    +0x0003, -0x0007, +0x0029, -0x0024, +0x0015, -0x0006, +0x0015, -0x0031, 
    +0x0025, -0x0006, +0x0018, +0x0003, +0x004f, +0x0022, -0x0009, -0x0032, 
    -0x001d, -0x0006, -0x003f, -0x0021, +0x0003, -0x003b, +0x001d, +0x0004, 
    +0x0009, -0x0023, +0x0039, +0x0006, +0x0045, +0x0020, +0x0007, -0x0026, 
    +0x0005, -0x000b, +0x000f, -0x0006, +0x002c, -0x000c, -0x0043, +0x000d, 
    -0x0018, +0x000d, +0x000d, +0x0043, +0x0027, +0x0000, +0x0003, -0x0033, 
    +0x0023, -0x000e, +0x000d, +0x000a, -0x002a, +0x0004, +0x0002, -0x0012, 
    -0x0022, +0x003a, -0x000a, +0x000b, +0x0001, -0x000a, +0x0002, +0x0006, 
    +0x0010, -0x0003, +0x0019, -0x002d, -0x0027, -0x0003, +0x001d, -0x0025, 
    +0x0007, +0x0059, -0x002e, +0x004c, +0x0037, -0x007f, -0x0004, +0x0005, 
    +0x001a, +0x0004, +0x000a, +0x000e, -0x003f, -0x0027, +0x0004, +0x0003, 
    +0x0007, +0x001c, -0x0010, -0x001a, +0x004d, -0x0048, -0x0037, -0x002e, 
    +0x0031, -0x0006, +0x0034, +0x0008, +0x0029, -0x0001, +0x0004, +0x0000, 
    -0x001c, +0x000d, -0x003b, -0x0014, -0x0001, -0x0016, -0x0017, -0x003b, 
    +0x0059, -0x0010, +0x004b, -0x0007, -0x0043, -0x001b, -0x000a, +0x0007, 
    -0x0016, -0x0037, -0x0025, -0x0037, -0x000d, +0x0008, +0x000c, -0x0002, 
    +0x0025, -0x0007, +0x0037, +0x0029, -0x003a, -0x0006, +0x0023, +0x0004, 
    +0x0000, +0x0019, -0x0014, -0x0024, -0x0023, +0x002e, -0x0012, +0x0009, 
    +0x001e, +0x003a, +0x004b, +0x000e, +0x002b, +0x0032, -0x0019, -0x0006, 
    -0x0032, +0x0021, -0x0006, -0x000d, -0x0054, -0x0031, -0x0016, -0x0064, 
    +0x0017, -0x0014, +0x002b, +0x0015, +0x0000, +0x0035, +0x001c, -0x0031, 
    -0x0008, -0x001d, -0x0014, +0x0009, -0x0029, +0x0015, -0x002d, -0x0006, 
    +0x0008, -0x0001, +0x0008, +0x000f, +0x0012, +0x000d, -0x0048, -0x002f, 
    -0x0028, +0x0003, -0x0001, -0x000c, +0x0006, +0x003a, -0x0054, -0x0003, 
    -0x004f, +0x0015, -0x002d, +0x0069, -0x002b, +0x0026, +0x0047, -0x0003, 
    +0x005b, +0x0008, -0x001d, -0x003a, -0x0021, -0x001e, +0x0005, -0x0010, 
    -0x000f, +0x0034, -0x002e, +0x001d, -0x002b, -0x002a, +0x0046, +0x0016, 
    +0x0027, -0x0022, -0x0009, -0x001e, -0x001f, +0x0019, +0x007f, -0x003b, 
    -0x0071, +0x001b, -0x001e, +0x002f, +0x0015, +0x000d, +0x0014, -0x003e, 
    +0x003d, -0x001f, +0x0031, -0x000e, -0x001a, +0x0014, +0x0005, -0x002d, 
    +0x0030, -0x0003, +0x0026, +0x004f, -0x0020, -0x0002, -0x0038, -0x0038, 
    +0x0011, +0x002e, -0x0031, -0x0003, -0x002c, -0x002d, -0x000e, +0x0011, 
    -0x0003, +0x003d, -0x0022, +0x0034, +0x001f, -0x000f, -0x000e, +0x0006, 
    +0x0028, -0x0003, +0x0008, +0x0008, -0x000f, -0x0022, +0x0030, -0x0004, 
    +0x0023, +0x007e, -0x0029, +0x0043, +0x0031, -0x0012, -0x0004, -0x0007, 
    -0x0004, +0x0017, +0x001a, -0x0001, +0x0010, -0x0014, +0x0021, +0x001b, 
    +0x0066, +0x0004, +0x0047, -0x002f, +0x0013, -0x002a, +0x0000, +0x001d, 
    -0x0008, +0x0004, +0x0014, -0x0020, -0x003b, +0x0043, -0x000c, -0x0008, 
    +0x0060, -0x0005, +0x002b, -0x0033, +0x003e, +0x0011, +0x0013, +0x0042, 
    +0x000d, +0x0019, +0x0010, +0x0003, -0x0069, -0x0012, +0x0019, +0x000e, 
    +0x002b, +0x0002, -0x001f, -0x001c, -0x0020, +0x003a, -0x000d, +0x0008, 
    -0x001c, +0x0005, +0x0022, -0x001a, -0x001f, -0x0010, +0x0022, +0x000c, 
    -0x0011, +0x001e, +0x003d, -0x0020, +0x0013, +0x0030, +0x001a, -0x001d, 
    +0x0016, +0x0001, -0x0056, +0x002e, -0x002a, +0x000e, -0x0025, -0x0050, 
    +0x0027, -0x000f, -0x0002, +0x0004, +0x0019, +0x002c, +0x0006, -0x0032, 
    -0x004d, +0x000d, -0x0010, +0x0008, -0x003d, +0x0026, -0x0005, -0x0051, 
    +0x0038, -0x0011, +0x0014, -0x003c, +0x0008, +0x0010, -0x000e, -0x0057, 
    +0x0012, +0x0002, -0x0025, -0x0002, -0x002f, +0x0003, -0x0021, +0x0036, 
    -0x002e, +0x0005, +0x001b, -0x0035, -0x0045, -0x0009, -0x0004, +0x0027, 
    -0x0029, -0x0036, +0x000d, +0x002c, +0x0033, -0x0010, -0x0013, -0x0056, 
    -0x001a, -0x001b, +0x0016, +0x0027, +0x0003, +0x0035, -0x002e, +0x0015, 
    -0x0031, -0x0037, +0x0042, -0x002b, +0x0000, +0x0000, -0x000a, -0x0042, 
    +0x0040, -0x002c, +0x001f, +0x0007, -0x0027, +0x0007, -0x0024, +0x0002, 
    -0x000d, -0x002e, +0x001a, -0x000e, -0x0038, -0x0026, -0x0040, -0x000c, 
    +0x000c, +0x0025, +0x0016, +0x001a, -0x000c, +0x0017, -0x003d, -0x0003, 
    -0x001a, -0x000a, +0x0018, -0x0004, -0x0007, -0x004f, -0x001b, -0x002b, 
    -0x0014, -0x0012, +0x0034, +0x007b, -0x001e, +0x0045, -0x0056, -0x0016, 
    -0x0025, +0x000f, +0x0029, -0x0023, -0x0023, +0x001c, -0x001b, -0x0016, 
    +0x0031, -0x0032, +0x004d, +0x0044, -0x003a, -0x0019, -0x0035, -0x0034, 
    -0x0030, -0x0012, +0x001a, -0x0023, -0x0040, -0x0018, +0x0008, -0x0005, 
    +0x001e, +0x0007, +0x001f, +0x0025, -0x002b, +0x0021, -0x0017, +0x0007, 
    -0x000e, -0x002a, +0x0012, +0x003b, -0x0001, +0x001f, -0x0051, +0x0025, 
    +0x000c, -0x0032, +0x0038, +0x0027, +0x0023, -0x0003, +0x000c, +0x0034, 
    -0x003a, -0x002d, -0x0026, +0x0045, +0x002a, -0x0034, -0x001b, +0x004a, 
    +0x0021, -0x0005, -0x0042, +0x0014, -0x002a, +0x0011, +0x0017, +0x0010, 
    -0x0023, +0x000a, +0x0053, +0x0036, +0x0027, -0x000b, -0x0038, -0x0008, 
    +0x0068, +0x0049, -0x003a, +0x0035, -0x000e, +0x001f, -0x0017, -0x002a, 
    +0x0041, -0x002c, +0x0032, +0x0058, -0x0024, +0x0030, -0x000e, -0x0016, 
    +0x001f, +0x002a, -0x0040, -0x0050, +0x001f, +0x0003, +0x0014, +0x0031, 
    -0x0033, -0x0034, -0x0032, +0x0018, +0x001d, -0x000b, +0x0029, +0x0051, 
    +0x0024, +0x001b, -0x002a, -0x0030, -0x0021, +0x0036, +0x001a, -0x000f, 
    +0x002a, -0x0007, +0x0034, +0x004d, +0x0024, +0x000f, -0x001d, +0x000e, 
    -0x0022, -0x000d, -0x0036, +0x0045, -0x0022, -0x0019, +0x0011, +0x0008, 
    +0x0053, +0x0014, +0x0030, +0x0016, +0x0011, -0x000b, +0x001e, -0x002f, 
    -0x0029, -0x0001, -0x0026, -0x0011, -0x0035, -0x0006, +0x0004, +0x0071, 
    +0x0043, +0x0024, -0x0008, +0x0016, +0x0007, +0x0023, +0x0020, +0x0025, 
    -0x004e, +0x0006, +0x0009, -0x001e, -0x0042, +0x0008, -0x001c, +0x0007, 
    +0x0022, -0x000c, +0x003c, +0x005c, -0x000a, +0x0004, -0x0019, -0x0016, 
    +0x0014, -0x0058, +0x0013, -0x001f, +0x0027, +0x001c, -0x0030, +0x002f, 
    -0x0058, +0x0019, +0x0000, +0x0014, -0x0015, +0x000f, +0x000b, +0x0005, 
    +0x0023, -0x0013, -0x0038, +0x001d, +0x001c, +0x0039, -0x0004, +0x0018, 
    -0x0021, +0x0012, -0x0031, +0x0047, +0x0000, +0x000c, +0x0035, -0x0009, 
    -0x001e, +0x0040, +0x000d, -0x0007, +0x0029, +0x001a, +0x0013, -0x0034, 
    -0x0045, +0x0025, -0x0012, +0x0035, -0x0022, -0x0054, -0x0005, +0x0017, 
    +0x0004, -0x0038, -0x0002, -0x0016, -0x0003, -0x0016, -0x001d, +0x0004, 
    +0x0034, -0x0014, +0x0044, +0x000e, +0x0031, +0x0076, -0x002e, -0x000d, 
    -0x0022, -0x0029, -0x0056, +0x0004, -0x0002, +0x001f, -0x0009, -0x0017, 
    +0x0007, +0x0011, +0x001a, +0x001b, -0x0018, +0x0017, -0x0040, +0x0007, 
    -0x0025, +0x0029, +0x0010, -0x0025, -0x001c, -0x0011, +0x0022, -0x000c, 
    +0x0024, +0x0018, +0x0044, +0x0020, -0x0010, -0x004a, -0x0045, +0x0034, 
    +0x003d, -0x000c, +0x000c, +0x001a, +0x002d, -0x003a, -0x000f, +0x0005, 
    -0x003b, -0x0046, +0x0008, -0x0027, +0x0016, +0x001c, -0x0027, -0x0025, 
    +0x0025, +0x0015, -0x0016, -0x0004, +0x0010, -0x0023, -0x0010, -0x0013, 
    -0x002b, -0x003b, -0x0015, -0x000c, +0x0009, -0x0015, -0x001a, +0x0023, 
    +0x0038, +0x002b, -0x001a, -0x0026, -0x0012, -0x001b, +0x002c, +0x0002, 
    +0x0008, -0x0013, +0x001c, -0x000f, -0x000a, -0x0044, +0x000f, +0x002a, 
    -0x0019, +0x002a, -0x002c, +0x003c, -0x004d, -0x001e, -0x001a, +0x0039, 
    -0x0020, -0x0007, -0x002c, -0x000b, -0x005d, -0x0011, -0x002b, +0x0003, 
    -0x0017, +0x002e, -0x0003, -0x0005, -0x005e, -0x0021, +0x0003, +0x002d, 
    +0x0009, -0x000c, -0x000c, +0x002d, -0x003e, -0x003e, -0x0017, -0x0013, 
    -0x003d, +0x001e, -0x000a, +0x0012, -0x0056, +0x0005, -0x0015, +0x003a, 
    -0x0005, -0x0003, -0x0005, +0x0039, -0x003e, -0x0032, -0x003a, +0x0031, 
    -0x002a, +0x0015, +0x000f, +0x0015, -0x0021, -0x000f, +0x0023, -0x0002, 
    +0x0000, -0x002c, -0x0015, +0x0029, -0x0028, -0x000e, -0x003e, -0x002b, 
    -0x0002, -0x0013, +0x0026, -0x0003, -0x001e, -0x0035, -0x003a, -0x000b, 
    +0x002d, -0x005a, -0x004a, +0x000a, -0x0010, -0x0049, -0x000b, -0x003d, 
    -0x002f, -0x0029, -0x0002, +0x0017, -0x001d, +0x001d, -0x003c, +0x0008, 
    +0x0039, -0x001c, -0x0010, +0x002c, +0x0024, -0x0028, -0x000f, -0x0025, 
    +0x0039, -0x0028, -0x001c, -0x0009, -0x0031, +0x000d, +0x0029, +0x0009, 
    -0x0006, +0x0016, +0x0039, +0x001c, -0x003f, +0x002b, -0x0019, +0x0034, 
    +0x0026, -0x0033, -0x0021, -0x0002, -0x0016, -0x0001, -0x0021, +0x0012, 
    -0x0004, -0x0035, -0x0017, -0x0018, +0x000e, -0x0009, +0x0001, -0x0011, 
    +0x003c, -0x000a, +0x0004, -0x0012, -0x000e, +0x0018, +0x0032, +0x0005, 
    -0x001e, +0x0010, +0x0023, +0x0053, +0x001b, -0x001b, +0x0014, -0x0054, 
    -0x001b, +0x000d, -0x0003, +0x001b, +0x002a, +0x0004, +0x0019, -0x000c, 
    +0x0012, -0x000a, +0x000b, -0x000e, -0x0020, -0x0008, -0x0003, -0x0039, 
    -0x0010, +0x001d, +0x0004, -0x0009, +0x003a, -0x0026, -0x0002, -0x0047, 
    -0x0020, -0x001d, -0x0012, +0x0020, +0x0017, -0x0046, -0x0033, -0x0035, 
    +0x001e, +0x0019, +0x000b, +0x002e, -0x0034, +0x000b, +0x0037, -0x0004, 
    -0x000b, +0x0001, -0x002a, +0x0002, +0x000f, -0x000e, -0x0035, -0x002f, 
    -0x0011, -0x0012, +0x0007, +0x0003, +0x0045, -0x0036, +0x0020, -0x0016, 
    +0x0036, +0x001d, -0x0035, -0x0006, +0x0031, +0x0021, -0x000c, -0x001c, 
    -0x0021, +0x000a, +0x0018, -0x0004, +0x0024, -0x0051, +0x0025, +0x000d, 
    -0x0024, -0x0047, -0x0011, +0x0000, +0x001c, -0x004f, -0x0018, +0x0011, 
    +0x003d, +0x0015, +0x0047, +0x000c, -0x0012, -0x0077, -0x0018, +0x0029, 
    -0x0026, -0x0043, -0x0036, -0x0038, -0x0014, +0x0007, -0x0039, +0x000e, 
    +0x0021, -0x0023, +0x0022, +0x0045, +0x000e, +0x001d, +0x0015, -0x0017, 
    +0x003f, +0x0003, -0x002a, +0x001f, +0x000b, +0x003d, +0x0036, +0x0039, 
    -0x0004, -0x001b, +0x003d, +0x0073, -0x0012, -0x0009, +0x000a, +0x0030, 
    +0x0009, -0x0014, +0x0010, +0x0019, -0x0044, -0x000c, -0x0012, +0x0058, 
    +0x0018, +0x0021, +0x003b, +0x0033, +0x000b, +0x0016, -0x001f, +0x0032, 
    -0x0033, -0x004d, -0x0018, -0x0004, -0x0038, +0x0010, -0x0001, +0x0050, 
    +0x000f, -0x0024, +0x0029, -0x000d, +0x003a, +0x002a, -0x001b, -0x0036, 
    -0x004d, -0x000a, -0x0017, -0x002a, +0x0022, -0x002d, -0x0005, +0x001e, 
    -0x001b, +0x0010, -0x0007, -0x000c, +0x002b, -0x0019, +0x0021, +0x003f, 
    -0x004f, -0x0024, +0x0029, +0x0009, +0x003a, -0x0059, -0x0022, -0x0014, 
    +0x0006, +0x0045, +0x0011, -0x005c, +0x0010, -0x002d, -0x0034, -0x0051, 
    -0x0039, +0x001c, +0x003e, +0x0006, +0x0022, -0x0017, -0x003f, +0x0000, 
    -0x000e, -0x0023, -0x0003, +0x001b, -0x0009, -0x0004, -0x0038, +0x001d, 
    +0x0012, -0x0011, +0x0019, -0x0030, -0x0009, +0x0036, +0x001b, +0x0007, 
    -0x001e, -0x003f, +0x0047, +0x0035, -0x000b, -0x000c, -0x002f, +0x003d, 
    -0x001f, -0x0035, +0x0050, -0x0021, +0x0009, -0x000d, +0x0003, -0x0024, 
    -0x001e, -0x0023, -0x0004, +0x000b, -0x000a, +0x001d, -0x003f, -0x0049, 
    -0x0057, +0x001d, +0x0014, -0x001e, -0x0016, +0x0005, -0x0014, +0x0017, 
    +0x0044, +0x0009, +0x0012, -0x001c, +0x000c, -0x005e, -0x001c, -0x002f, 
    +0x003f, -0x001f, +0x0013, -0x002c, -0x003a, +0x000f, +0x003a, +0x001f, 
    +0x0031, +0x0001, +0x002a, -0x0006, -0x0005, -0x0011, +0x0005, -0x0004, 
    +0x002f, +0x0005, +0x0016, +0x0013, -0x0031, -0x000f, +0x0034, +0x0015, 
    -0x0009, -0x0023, -0x0006, -0x000d, +0x0003, +0x0034, -0x001d, -0x0022, 
    +0x002b, +0x0015, +0x0014, +0x0013, -0x0011, +0x0001, +0x001b, +0x001f, 
    -0x0009, +0x0009, +0x0015, +0x0018, -0x0047, -0x001b, +0x000f, +0x005a, 
    -0x0020, -0x0028, -0x000b, -0x0057, +0x0029, -0x0011, +0x0034, +0x005c, 
    +0x0003, +0x0001, +0x0010, -0x001e, -0x002f, -0x0016, +0x0034, +0x0005, 
    -0x0006, +0x0020, +0x001f, -0x0026, +0x0032, -0x0022, +0x0023, +0x001d, 
    +0x000f, +0x000b, -0x0040, -0x0003, -0x002e, +0x0018, -0x000c, +0x0007, 
    +0x000c, +0x0072, -0x000a, -0x0051, +0x001d, -0x0002, -0x0009, -0x003c, 
    -0x0045, +0x0018, -0x0001, -0x0013, -0x0045, +0x0013, +0x0025, +0x0041, 
    +0x0020, +0x0033, -0x0022, -0x0023, +0x003a, -0x000f, +0x0050, +0x0036, 
    -0x000b, +0x000b, +0x0000, -0x0040, -0x002f, -0x0044, -0x0027, -0x0007, 
    +0x0008, +0x0019, +0x0022, +0x0008, +0x0036, +0x0004, +0x0012, -0x0008, 
    +0x000f, +0x0031, -0x004d, -0x0005, -0x0014, +0x0022, -0x0008, +0x002b, 
    +0x003f, +0x0059, -0x0020, +0x0005, +0x0004, -0x001f, +0x0014, -0x001c, 
    -0x0024, +0x0029, -0x000a, +0x0027, -0x000d, +0x0019, +0x0010, -0x0009, 
    +0x004e, -0x0027, -0x0008, -0x0034, +0x0014, -0x0013, -0x001c, -0x005e, 
    +0x0018, +0x0005, +0x0007, +0x0008, -0x0013, -0x0057, -0x002c, -0x0014, 
    +0x0026, -0x0040, +0x0017, -0x002c, +0x0019, +0x0001, -0x0019, -0x0047, 
    +0x0015, +0x000b, +0x0036, +0x000d, -0x0002, +0x002f, -0x000e, +0x0019, 
    +0x0010, +0x0013, -0x001f, -0x0037, -0x0001, -0x000d, +0x0009, -0x0040, 
    -0x0002, -0x0005, +0x0003, +0x0023, -0x000d, -0x0020, -0x003e, +0x001d, 
    -0x0028, +0x001c, +0x0006, -0x0033, -0x000e, +0x0010, +0x0015, -0x0025, 
    +0x000f, +0x0023, +0x0005, -0x0019, +0x004b, -0x0048, -0x0014, +0x0014, 
    -0x0036, +0x0006, -0x001c, +0x002e, +0x005c, -0x0008, +0x0017, -0x000a, 
    -0x001e, -0x001d, +0x0001, -0x0029, +0x0043, +0x001a, -0x0031, -0x0048, 
    -0x0022, -0x0026, -0x000b, +0x001d, +0x001a, -0x0020, +0x0047, -0x000c, 
    +0x0035, +0x0002, -0x000f, +0x0065, -0x0005, +0x001b, -0x0002, -0x0022, 
    -0x003d, +0x0003, +0x0021, +0x0002, +0x000c, -0x001c, +0x0027, +0x0014, 
    +0x0040, +0x004c, -0x001d, +0x001d, +0x0013, +0x000b, -0x0012, -0x0014, 
    +0x000e, -0x0013, +0x002f, +0x0024, +0x0038, +0x0000, +0x001c, -0x000b, 
    +0x0012, +0x0035, -0x0007, +0x0023, +0x0005, +0x003e, -0x001a, -0x000e, 
    -0x0014, -0x0068, +0x0053, -0x0003, +0x0025, -0x0001, +0x0020, +0x0024, 
    -0x001d, -0x0026, -0x0027, +0x000e, -0x002d, -0x0002, -0x0043, +0x0035, 
    +0x0002, -0x0038, +0x0014, +0x0017, +0x004f, +0x000c, -0x0012, -0x001b, 
    +0x0018, +0x0017, -0x0011, -0x001a, -0x0016, +0x0020, -0x002e, +0x001c, 
    +0x0011, -0x0029, -0x000c, -0x001c, +0x002e, +0x0010, -0x0025, -0x0021, 
    -0x0013, +0x000b, -0x002b, -0x000b, +0x0004, +0x001a, -0x0051, +0x0004, 
    +0x001b, -0x0030, +0x000b, -0x000e, +0x004b, -0x0008, -0x0021, +0x0002, 
    -0x0011, +0x0017, -0x0021, -0x0016, -0x003c, -0x001c, +0x001e, -0x001c, 
    +0x001b, -0x003f, -0x004a, +0x002b, +0x0029, +0x0001, -0x0028, -0x000e, 
    -0x0026, +0x000d, -0x0002, -0x001c, -0x0013, +0x0012, -0x001b, -0x001e, 
    +0x0032, -0x0037, -0x0024, -0x005a, +0x001a, -0x000f, -0x0045, -0x0002, 
    -0x0015, +0x0036, -0x001d, -0x0038, -0x0022, +0x0019, +0x0011, -0x001d, 
    +0x0047, +0x0011, -0x0051, -0x0029, +0x0014, +0x0047, -0x0013, -0x0017, 
    +0x002f, +0x0008, -0x0037, +0x0025, -0x000b, -0x0021, +0x0010, -0x000f, 
    -0x0044, +0x0005, -0x000e, +0x0027, +0x002e, +0x0027, -0x0003, -0x0017, 
    +0x000a, -0x001b, -0x0002, +0x0019, -0x000a, +0x002d, -0x0006, -0x001a, 
    -0x007f, +0x0019, -0x001c, -0x0013, +0x001a, -0x0031, -0x0028, -0x0013, 
    +0x0020, +0x0028, +0x002a, -0x0015, -0x0022, +0x0014, +0x0029, -0x003c, 
    +0x0002, +0x002f, -0x0014, +0x0009, -0x001e, -0x001c, -0x0021, -0x0001, 
    +0x002a, -0x0013, -0x0023, -0x000a, +0x001c, -0x001d, +0x0005, -0x0012, 
    -0x000c, -0x0007, -0x0001, -0x001e, +0x0028, +0x0035, -0x0030, -0x000a, 
    +0x0021, -0x002b, -0x0012, -0x0005, -0x0009, -0x0012, -0x0015, +0x001f, 
    -0x000f, -0x0016, +0x0014, -0x0003, +0x0013, +0x000c, -0x000b, +0x002a, 
    +0x0034, -0x0032, -0x000d, +0x003d, -0x0021, +0x0004, -0x0009, +0x0011, 
    -0x0003, -0x0004, +0x0002, -0x0032, -0x0038, -0x0008, -0x004e, +0x003c, 
    +0x0024, +0x0016, -0x000d, -0x0037, +0x0009, -0x003b, +0x002d, -0x0034, 
    +0x001a, +0x0005, +0x0054, +0x001b, +0x0046, -0x0074, -0x000c, +0x000e, 
    -0x0001, +0x001d, -0x000c, -0x0016, +0x0002, -0x0074, +0x0023, +0x005f, 
    +0x001d, +0x0040, +0x0037, +0x0032, +0x005d, -0x005f, +0x0026, +0x0006, 
    +0x0014, +0x0034, +0x0030, -0x001f, -0x0023, -0x0055, -0x003e, +0x0050, 
    +0x0021, +0x0013, +0x0019, +0x003f, +0x0029, -0x0010, +0x001c, -0x0025, 
    +0x004f, +0x000f, -0x0040, -0x002b, +0x0032, +0x0018, -0x0018, +0x000e, 
    -0x0005, -0x0025, +0x0024, +0x001d, -0x0002, -0x0065, +0x0039, +0x0046, 
    +0x0039, +0x0074, -0x0021, +0x0001, +0x0048, +0x0002, +0x001d, +0x0022, 
    +0x001f, -0x0024, +0x0006, +0x002a, +0x0026, -0x0059, -0x000b, -0x000b, 
    +0x001e, +0x0024, +0x000d, +0x0016, +0x0000, -0x0025, +0x0015, +0x0012, 
    +0x001e, -0x004c, +0x0008, +0x003b, +0x002d, +0x0008, -0x0006, -0x002e, 
    +0x000c, -0x0034, -0x0020, -0x000f, +0x001d, +0x000e, +0x001d, +0x002b, 
    +0x0027, -0x0015, -0x0006, +0x0037, -0x0026, +0x000b, -0x0012, +0x001d, 
    -0x000b, -0x0006, -0x0039, +0x0027, +0x000e, +0x0053, -0x002a, -0x003d, 
    -0x001a, -0x000d, +0x0011, +0x0045, -0x001a, +0x0003, +0x0002, -0x0038, 
    -0x000c, -0x0018, -0x0030, +0x0003, -0x0045, +0x0060, -0x006a, -0x0005, 
    +0x0006, -0x0018, +0x003c, +0x0038, +0x0012, +0x0011, -0x0027, -0x002c, 
    +0x0039, -0x0019, -0x0026, -0x0010, -0x000b, -0x000a, +0x0020, -0x0025, 
    +0x0035, -0x000f, +0x000f, +0x0046, +0x0042, -0x004e, -0x004a, +0x0067, 
    +0x0014, +0x001b, -0x0026, +0x0033, +0x0036, +0x0053, +0x000a, +0x0005, 
    +0x0020, -0x001a, +0x000f, +0x0040, +0x001f, -0x003a, -0x0040, +0x000b, 
    +0x0017, -0x0006, +0x0004, +0x003c, -0x0003, +0x003f, +0x0015, -0x0023, 
    -0x002d, -0x0003, -0x0009, -0x0019, +0x000b, -0x001b, -0x0045, +0x0042, 
    +0x0005, -0x0024, +0x0042, -0x001d, -0x000f, -0x0002, +0x0018, -0x0016, 
    +0x002f, +0x0026, -0x0013, +0x0042, -0x0019, +0x002d, +0x001f, +0x000c, 
    -0x0012, +0x0013, +0x0040, +0x0002, -0x0024, +0x0015, -0x0009, +0x000b, 
    +0x0023, +0x0006, +0x0016, +0x0020, -0x0024, +0x0040, +0x0001, -0x0012, 
    -0x0011, -0x000c, +0x0019, +0x004c, -0x0028, +0x0005, +0x002c, -0x000c, 
    -0x000a, +0x004f, -0x0013, -0x0039, -0x0045, +0x0069, +0x002b, +0x0008, 
    -0x0017, -0x002f, +0x003f, -0x0039, -0x0004, -0x0005, -0x0023, +0x0023, 
    -0x0036, -0x0001, -0x000a, +0x0042, -0x000f, -0x0027, +0x003f, +0x001b, 
    +0x0018, +0x000b, +0x0067, -0x0011, -0x0038, -0x0025, -0x0044, +0x0001, 
    -0x0002, -0x0025, -0x0015, +0x0021, -0x000e, -0x001c, +0x006f, +0x001e, 
    -0x000e, -0x000f, +0x002f, +0x0004, -0x004e, +0x0000, -0x000d, -0x000e, 
    +0x000c, +0x0021, -0x000f, -0x0023, -0x0001, +0x0019, -0x0013, +0x0014, 
    +0x003a, +0x000c, -0x001c, -0x003c, +0x000b, +0x000e, -0x0022, +0x0006, 
    +0x0005, -0x0004, -0x0036, +0x0015, -0x0034, -0x0003, +0x0014, +0x0064, 
    +0x0013, -0x0052, -0x000b, +0x0039, -0x002c, -0x001a, -0x0001, -0x0053, 
    -0x001f, -0x0040, -0x000b, +0x000b, -0x004a, +0x001a, +0x000e, +0x005c, 
    -0x0009, +0x001b, -0x000b, -0x002b, -0x002b, +0x0004, -0x002b, -0x001b, 
    +0x0023, -0x001a, -0x0009, -0x001e, -0x0033, -0x0002, +0x002f, +0x0070, 
    -0x0023, +0x0015, +0x0006, -0x0019, +0x001c, -0x000e, -0x0001, +0x002b, 
    +0x0018, +0x002a, +0x0023, +0x0025, +0x0024, -0x002d, +0x001d, +0x002b, 
    -0x000b, -0x004d, -0x0010, +0x004a, -0x001c, +0x0000, -0x0027, +0x001e, 
    -0x0024, -0x0027, +0x001d, +0x0009, +0x001e, -0x0031, +0x0013, -0x0019, 
    -0x0018, +0x002c, +0x0008, +0x0004, +0x0001, -0x000a, -0x0003, -0x0010, 
    +0x0010, -0x0020, -0x0011, +0x0002, +0x0001, -0x0015, +0x000d, +0x001d, 
    -0x002f, +0x0005, -0x002c, +0x0024, -0x002a, -0x004c, +0x0033, -0x0034, 
    -0x001d, +0x0032, +0x003b, -0x002d, +0x002b, +0x0001, -0x0009, -0x000c, 
    -0x0020, -0x0039, -0x0011, +0x0073, +0x0010, +0x0012, +0x0003, -0x0031, 
    -0x005f, +0x003c, +0x0023, -0x0019, -0x0009, -0x0030, -0x001d, -0x001c, 
    -0x0029, +0x003d, +0x0010, +0x0037, -0x0007, -0x0003, +0x0038, -0x0042, 
    -0x0075, +0x004c, -0x0006, +0x000e, +0x0026, -0x0021, +0x0013, +0x0004, 
    +0x001c, +0x003a, +0x0000, +0x0046, -0x0014, +0x0008, -0x001a, -0x0028, 
    +0x000f, -0x0007, -0x000f, -0x000b, +0x0002, -0x0008, -0x0002, -0x0007, 
    -0x000e, +0x002e, +0x0036, +0x0010, -0x000d, -0x000a, -0x0017, -0x001b, 
    -0x0029, +0x000f, -0x0003, -0x0016, +0x002b, -0x0012, +0x0030, -0x000e, 
    -0x0004, +0x002d, +0x002a, +0x0034, -0x0011, -0x000d, -0x000f, -0x000b, 
    +0x000a, +0x0016, -0x001b, +0x0029, -0x001f, -0x0006, +0x005f, +0x000e, 
    +0x0033, +0x000c, -0x002c, +0x0014, -0x000a, +0x0023, +0x0022, +0x001a, 
    +0x0033, +0x0003, -0x0028, -0x0014, +0x0011, -0x0024, +0x0006, -0x0006, 
    -0x001d, -0x0006, -0x0021, -0x001d, -0x000e, +0x001f, +0x0031, -0x002f, 
    +0x0019, -0x0001, -0x0013, +0x0003, -0x0011, -0x0018, -0x0005, +0x001a, 
    -0x0012, +0x0019, +0x000e, +0x000d, +0x0009, +0x002f, +0x0057, +0x0022, 
    +0x0023, +0x0001, -0x0015, -0x0012, -0x0026, +0x0001, +0x0030, -0x0012, 
    -0x001b, +0x0008, +0x0001, +0x0016, -0x0020, +0x0039, -0x0014, +0x0069, 
    +0x0016, -0x0009, -0x0010, +0x0006, +0x0031, +0x002a, -0x002d, +0x0030, 
    -0x0043, -0x0025, -0x0025, +0x0021, -0x0035, +0x002c, +0x0021, -0x0011, 
    -0x0002, -0x0015, +0x001d, +0x003d, -0x0015, +0x0003, -0x003d, +0x0041, 
    -0x0069, +0x000c, +0x0030, +0x002e, -0x001b, +0x003a, +0x003f, +0x0024, 
    +0x001d, -0x000e, +0x003a, +0x0005, +0x000e, +0x0018, -0x004a, -0x0008, 
    -0x0018, -0x001e, -0x000b, -0x0025, +0x0007, +0x0011, -0x001b, +0x0003, 
    -0x0012, -0x001d, +0x0026, +0x0000, +0x000c, -0x0030, +0x005e, -0x0010, 
    -0x0005, -0x001c, -0x0035, -0x0025, -0x0044, +0x0006, +0x0006, +0x0025, 
    -0x000a, +0x0010, +0x0020, +0x0048, +0x000b, -0x0014, -0x0022, -0x0006, 
    -0x000a, -0x0031, -0x0039, +0x0016, -0x002a, +0x0004, -0x001d, +0x000a, 
    -0x000e, +0x001e, +0x0000, +0x001b, +0x002e, -0x003d, -0x0013, +0x000b, 
    +0x002a, -0x000a, -0x000b, -0x002e, -0x0033, -0x0012, +0x0017, +0x0047, 
    +0x001e, +0x0002, -0x0007, +0x0025, -0x003c, -0x000a, +0x002c, +0x001d, 
    +0x000d, +0x0057, -0x000e, +0x0001, -0x0051, -0x0030, +0x0032, +0x0039, 
    +0x0025, +0x0016, -0x000f, +0x002a, -0x003d, +0x0033, -0x0012, +0x003a, 
    +0x0025, +0x0011, -0x001d, +0x0001, -0x0024, -0x0038, +0x000c, +0x0007, 
    +0x001d, +0x0007, -0x0013, +0x000d, -0x0004, +0x0008, -0x0010, +0x0038, 
    +0x000b, +0x0009, +0x0002, -0x000e, -0x0008, -0x0048, +0x003a, -0x000e, 
    +0x0046, -0x0008, -0x0012, +0x0046, -0x0004, +0x0005, +0x0076, +0x0016, 
    -0x0001, +0x0045, -0x003d, -0x0008, -0x0035, -0x001b, +0x004b, +0x0015, 
    +0x000a, -0x000a, -0x001f, +0x000e, +0x0009, +0x0021, +0x000f, +0x0015, 
    +0x0014, +0x003c, +0x001f, -0x0009, -0x002a, -0x0041, +0x0007, -0x0026, 
    +0x000f, +0x0001, +0x003a, -0x000e, +0x0015, +0x001a, +0x0003, +0x0002, 
    +0x0053, +0x0023, -0x0022, +0x0074, -0x002d, +0x0021, -0x0025, -0x001e, 
    -0x003c, -0x0004, -0x0025, -0x001a, +0x0037, +0x003d, -0x000c, -0x001a, 
    +0x006d, -0x000c, +0x0028, +0x0066, -0x0022, -0x000a, -0x0036, -0x0029, 
    +0x0013, -0x0007, -0x0013, +0x000b, +0x0002, +0x001c, +0x0002, -0x0041, 
    +0x005a, +0x000b, +0x0050, +0x0037, +0x0016, +0x0010, -0x0004, -0x0008, 
    +0x000c, -0x0010, -0x0023, -0x0030, -0x0006, +0x0015, -0x0020, -0x0050, 
    +0x0004, +0x0047, -0x0017, +0x002f, -0x0010, -0x0014, -0x001c, +0x0003, 
    -0x000a, +0x000a, +0x003a, +0x0000, +0x0016, +0x0033, +0x0026, -0x000d, 
    +0x0026, +0x001d, -0x0038, +0x0046, +0x0031, -0x002d, -0x002d, +0x000e, 
    +0x0028, -0x0001, +0x004a, -0x0001, -0x0003, -0x0019, +0x005b, +0x001d, 
    -0x0013, +0x002a, +0x000f, -0x000e, +0x000a, -0x0029, +0x0022, +0x0040, 
    +0x0015, -0x000b, +0x0013, +0x0011, -0x000d, +0x0019, +0x0017, -0x0007, 
    -0x0025, +0x001e, -0x001b, +0x0004, +0x0012, +0x0000, +0x0033, +0x0015, 
    -0x0001, -0x0050, -0x000e, -0x0026, +0x0034, +0x0003, +0x002d, -0x000f, 
    -0x0006, +0x001e, -0x0049, +0x002d, +0x001e, -0x0024, +0x0038, +0x002f, 
    +0x0042, -0x004a, +0x0003, -0x0026, -0x001d, -0x0025, +0x0068, +0x0005, 
    -0x0016, +0x0009, -0x0029, -0x000c, +0x0006, -0x0009, -0x0018, +0x0020, 
    -0x000d, -0x003b, -0x003d, -0x001f, -0x000b, -0x002b, -0x0017, -0x0030, 
    -0x0039, -0x0011, +0x0016, -0x0012, +0x0031, +0x0005, -0x0018, -0x004c, 
    -0x003d, +0x0010, +0x0034, -0x001a, -0x0029, -0x001e, +0x000e, +0x0025, 
    -0x0018, -0x0022, -0x0005, -0x0026, +0x0012, -0x0013, +0x000f, -0x0047, 
    -0x0024, -0x0004, +0x004b, -0x003a, -0x003e, +0x0002, -0x0007, +0x003d, 
    -0x0035, -0x000a, +0x0043, -0x0015, -0x001d, +0x001d, -0x0028, +0x0006, 
    +0x0008, +0x0000, -0x0015, -0x0048, -0x0026, +0x0013, +0x0000, +0x004a, 
    +0x0001, +0x0009, -0x000f, +0x0000, +0x0014, -0x0010, +0x0007, +0x0001, 
    -0x000e, +0x0015, -0x0047, -0x0045, +0x000a, -0x0019, +0x000a, +0x0010, 
    +0x004c, +0x0039, +0x001e, -0x0045, +0x0038, +0x000f, +0x0013, +0x0039, 
    -0x0013, -0x0003, -0x002f, -0x0011, -0x001d, +0x0020, -0x0015, +0x0026, 
    +0x0016, +0x003f, +0x0051, -0x0005, +0x0023, +0x001a, -0x001a, +0x0023, 
    +0x0003, +0x0015, -0x0038, -0x0021, -0x0005, -0x0013, +0x001a, +0x0040, 
    +0x0008, +0x0006, -0x003e, +0x007f, +0x0019, +0x0024, +0x0017, +0x0037, 
    -0x000f, +0x0040, -0x0035, +0x001c, +0x000c, +0x0006, +0x000c, +0x0019, 
    +0x0042, +0x0048, -0x0025, +0x0043, +0x0004, +0x0026, -0x0032, -0x0002, 
    -0x0062, +0x0036, -0x0044, +0x0031, -0x0006, +0x004e, -0x000c, -0x002d, 
    +0x001a, +0x0036, -0x0018, +0x0028, +0x000c, +0x000a, -0x0030, -0x0068, 
    -0x001e, +0x0025, -0x0043, +0x0028, -0x0027, +0x0020, +0x004f, +0x0010, 
    +0x000d, -0x0009, -0x0032, -0x0029, +0x003f, +0x0021, -0x0009, +0x0010, 
    +0x0008, -0x001c, -0x0024, +0x003a, -0x000b, +0x0007, -0x0027, -0x0001, 
    -0x0033, +0x000a, -0x0005, +0x001f, +0x002f, -0x001b, -0x0005, +0x0008, 
    +0x004d, -0x0013, -0x001f, -0x0006, +0x0009, -0x0016, +0x001e, -0x0043, 
    +0x000f, -0x001c, -0x000e, -0x0018, +0x0009, -0x000a, -0x0010, +0x001c, 
    +0x0005, -0x0007, -0x0030, +0x0050, -0x0020, -0x0013, -0x0016, -0x0029, 
    +0x0028, -0x000f, -0x0060, -0x0003, +0x003b, +0x0017, +0x0028, -0x0029, 
    +0x0020, -0x001b, +0x0013, -0x0019, +0x0002, -0x001e, -0x001a, +0x001f, 
    -0x0024, +0x0001, -0x001b, -0x001e, +0x0035, -0x0028, -0x0025, -0x0011, 
    -0x0016, -0x0041, +0x000b, -0x0021, -0x0023, -0x0033, +0x000a, -0x003b, 
    +0x0004, -0x000d, -0x0007, -0x0039, +0x0003, -0x000a, +0x0015, +0x0039, 
    +0x0000, -0x0007, -0x000a, +0x0007, -0x0027, +0x0008, +0x001e, +0x0001, 
    +0x0049, -0x0017, -0x0051, +0x0016, +0x002f, -0x0003, +0x001f, -0x0033, 
    +0x0009, +0x0028, -0x0030, +0x001f, +0x0009, -0x000f, -0x0009, +0x0009, 
    +0x002b, -0x0016, -0x0019, +0x0038, -0x0013, -0x0010, -0x0012, -0x000e, 
    -0x002b, +0x0031, -0x0023, +0x006a, -0x000f, -0x0024, -0x0025, +0x0010, 
    -0x0010, -0x000f, -0x0003, +0x001d, +0x002a, -0x0007, +0x0006, -0x0035, 
    -0x0025, +0x004c, +0x0006, -0x0007, +0x0009, -0x002f, -0x0022, -0x0011, 
    +0x0021, -0x0036, +0x000e, +0x0019, +0x000d, +0x0013, -0x0032, -0x0009, 
    +0x0052, -0x0003, +0x0047, +0x001d, -0x000c, +0x0024, -0x0013, -0x0042, 
    -0x001b, -0x0031, -0x0027, -0x002e, -0x002d, +0x0003, -0x002a, +0x0019, 
    +0x004b, -0x000b, +0x0066, +0x0004, +0x001d, +0x007f, +0x0002, -0x0067, 
    -0x0016, -0x0033, -0x0010, -0x0003, -0x0001, +0x0006, -0x003f, +0x003d, 
    +0x000f, -0x0007, -0x0026, -0x0003, +0x002b, -0x002e, -0x000b, -0x002d, 
    +0x0034, -0x0039, -0x0010, -0x0018, -0x0016, +0x0000, -0x0051, -0x0007, 
    +0x0009, +0x0003, -0x0008, -0x000c, -0x0028, +0x000c, -0x0020, +0x004e, 
    -0x000b, -0x0006, -0x0031, -0x0066, -0x003d, -0x000d, -0x0077, +0x001d, 
    -0x000b, +0x002e, +0x0066, +0x0031, +0x0005, +0x0037, -0x0007, +0x0036, 
    +0x0029, +0x0007, -0x0018, -0x0025, +0x0037, -0x000c, -0x0037, -0x0006, 
    +0x000b, +0x002a, -0x0012, +0x002b, -0x0023, +0x000f, +0x0012, -0x0006, 
    -0x0029, -0x0021, +0x0019, -0x0012, +0x0017, -0x0005, +0x0017, -0x0017, 
    +0x0006, -0x0021, -0x0012, +0x0019, +0x001f, +0x0004, +0x0008, +0x002f, 
    -0x0029, +0x001a, +0x0003, -0x0027, -0x0008, -0x000f, -0x0028, +0x0059, 
    -0x0004, +0x0002, +0x0043, +0x001c, +0x001f, -0x0016, +0x0018, +0x0033, 
    -0x0010, +0x001e, -0x000e, -0x000b, +0x0031, +0x0016, +0x000a, +0x003d, 
    -0x001e, +0x000d, -0x0038, +0x0015, -0x0002, -0x0014, -0x0017, -0x0017, 
    -0x0007, -0x0016, -0x003e, -0x0059, +0x0025, -0x000d, +0x002e, +0x0029, 
    -0x0023, -0x000b, -0x0024, -0x001c, -0x001f, -0x000e, -0x0031, -0x0029, 
    -0x0053, -0x0023, -0x0016, -0x0054, -0x0014, +0x0008, -0x0007, -0x0023, 
    -0x0003, +0x0000, +0x000d, +0x002b, -0x0014, -0x001b, +0x000e, -0x002d, 
    -0x001e, -0x002b, -0x0008, -0x002b, -0x0005, +0x000f, +0x0003, -0x000c, 
    -0x000b, -0x0003, +0x0036, -0x0031, +0x0019, -0x001f, -0x0011, -0x0049, 
    -0x0005, -0x0014, +0x000b, +0x0014, -0x0011, -0x0032, +0x0001, +0x0023, 
    +0x001c, -0x000b, -0x0014, +0x0015, +0x0004, +0x0003, -0x0016, +0x000a, 
    -0x000e, -0x0017, +0x001c, +0x0011, -0x0007, -0x0026, +0x000e, -0x0009, 
    +0x0010, +0x000c, +0x000b, +0x0054, +0x000c, +0x0005, +0x002e, -0x003e, 
    +0x000d, -0x0046, -0x0025, +0x0012, +0x0004, +0x0029, +0x0001, +0x0012, 
    -0x0019, -0x0002, +0x0033, -0x000a, +0x0018, -0x0037, -0x000c, -0x0012, 
    +0x001c, +0x000e, -0x0026, +0x000b, +0x0029, +0x0000, +0x000e, +0x0002, 
    +0x0022, -0x0033, -0x001d, +0x006d, -0x000e, +0x001a, -0x001a, -0x0047, 
    +0x001d, +0x0003, -0x0006, -0x0029, -0x0002, -0x0020, +0x002d, -0x0004, 
    -0x0002, +0x001e, +0x0016, +0x0054, +0x0015, +0x001e, +0x002e, +0x000e, 
    +0x000e, -0x002c, -0x0012, +0x0010, +0x0012, +0x0008, +0x000c, -0x006c, 
    +0x0028, -0x002d, +0x002f, +0x0035, +0x0019, -0x0018, +0x0000, +0x001e, 
    -0x0001, +0x0004, -0x000a, +0x000d, +0x001a, -0x001a, -0x0027, +0x002f, 
    -0x000b, -0x0010, +0x0053, -0x002a, -0x0005, -0x000c, -0x001d, +0x0001, 
    -0x004f, -0x0025, -0x0012, +0x0047, -0x0021, +0x0002, -0x0025, -0x0009, 
    -0x0014, -0x0007, +0x002f, +0x000c, +0x000d, +0x000e, +0x0002, +0x0011, 
    -0x0009, -0x0011, -0x0035, -0x000d, -0x0015, -0x000e, -0x000f, +0x0004, 
    +0x0007, -0x0008, +0x0046, -0x0036, +0x002e, -0x0017, -0x0024, -0x0024, 
    -0x002f, +0x000e, -0x0012, +0x000b, +0x0019, -0x0017, +0x0007, -0x0015, 
    -0x0012, +0x0027, +0x000e, +0x0010, -0x0010, +0x0021, -0x0015, -0x0029, 
    -0x007f, -0x000f, -0x0019, -0x000c, -0x0028, +0x0013, -0x0024, -0x002c, 
    -0x001a, +0x0038, -0x0003, +0x0004, -0x0050, -0x0009, -0x000b, +0x0028, 
    -0x002e, -0x0036, -0x0048, -0x0006, -0x0025, -0x000c, -0x0010, -0x0037, 
    -0x0006, -0x0009, +0x0018, -0x000a, -0x0041, -0x0009, +0x0008, -0x004c, 
    +0x0009, -0x0011, -0x0059, +0x0013, +0x0016, -0x0035, +0x004b, +0x0022, 
    +0x0000, -0x0003, -0x0035, +0x0027, -0x0031, +0x000b, -0x0004, -0x004d, 
    -0x0020, -0x003f, -0x003f, +0x0006, +0x0009, -0x0005, +0x002b, +0x003d, 
    -0x001b, +0x0005, -0x0014, +0x000d, -0x0029, -0x000d, +0x0010, -0x0031, 
    +0x0007, -0x001c, -0x004b, +0x0017, -0x0015, -0x001c, +0x0025, -0x0009, 
    -0x0025, +0x0007, -0x001e, +0x005b, -0x004e, -0x000f, -0x0040, -0x0035, 
    -0x004c, -0x0005, -0x0002, +0x0037, +0x0045, -0x0027, -0x0027, +0x0004, 
    -0x0029, -0x0003, +0x0057, -0x0013, +0x0008, -0x000b, +0x0007, -0x001e, 
    -0x002f, -0x001c, +0x0014, +0x0034, +0x0016, -0x0027, -0x007f, +0x001c, 
    +0x000e, +0x0018, +0x0008, +0x0006, +0x0003, -0x0014, +0x0018, -0x0024, 
    -0x0026, -0x002b, +0x0002, +0x0071, +0x0004, -0x000d, -0x0070, +0x001f, 
    +0x0025, -0x0018, -0x003f, +0x0022, -0x0003, +0x000a, -0x0014, +0x003a, 
    -0x0015, -0x0008, -0x0012, -0x0024, +0x0020, +0x0002, -0x0002, +0x000a, 
    -0x0038, -0x001e, +0x0020, -0x0019, +0x0014, +0x0013, -0x001c, -0x0012, 
    -0x0038, -0x0025, +0x0020, -0x003c, -0x0033, +0x0017, -0x0026, +0x0003, 
    -0x0011, +0x0009, +0x0026, -0x001d, -0x001b, -0x0001, -0x0005, -0x0006, 
    -0x001e, -0x0027, -0x0016, +0x0010, -0x000d, +0x000d, -0x0011, -0x0002, 
    +0x0007, +0x0006, +0x0017, -0x0008, -0x0006, +0x0018, -0x0009, +0x000e, 
    +0x0015, -0x0011, -0x0032, +0x0000, +0x0003, -0x0019, +0x0013, +0x000d, 
    -0x002a, -0x0008, +0x0046, -0x0038, +0x0032, +0x0010, -0x0016, -0x0030, 
    -0x0009, -0x0016, -0x0027, +0x0022, -0x002d, -0x0006, -0x0002, -0x0005, 
    -0x0026, -0x0001, +0x003d, -0x003d, +0x0015, +0x003b, -0x0013, +0x0005, 
    -0x0009, +0x0004, -0x0072, +0x0010, -0x0008, -0x0030, -0x0013, -0x0013, 
    -0x0004, +0x000c, +0x000e, -0x0005, -0x0019, +0x0001, -0x000c, +0x0004, 
    +0x0047, +0x0003, -0x0056, +0x0029, -0x001e, -0x000f, -0x001f, +0x0021, 
    -0x0027, -0x001c, -0x000c, +0x000b, -0x0034, +0x0002, +0x0004, +0x002a, 
    +0x003b, -0x001c, +0x0017, +0x0022, +0x0037, -0x0025, -0x0024, +0x0025, 
    -0x000f, -0x0005, -0x0006, +0x000b, -0x0015, +0x000d, +0x0050, +0x0058, 
    +0x0034, -0x000a, -0x0012, -0x0005, -0x0002, -0x0001, -0x0026, +0x000d, 
    -0x0006, -0x0006, -0x000d, -0x000f, +0x0039, +0x0011, +0x0002, +0x0049, 
    +0x0024, +0x0011, -0x002b, -0x000f, -0x0014, -0x0006, -0x0006, +0x002f, 
    -0x0039, +0x000b, +0x003e, -0x0006, +0x0014, -0x0012, +0x0012, +0x0002, 
    +0x0007, -0x0035, -0x0014, -0x000b, +0x003a, -0x0010, -0x0015, +0x0026, 
    +0x0006, +0x001f, +0x0023, +0x0014, -0x0006, -0x0005, +0x001e, +0x001d, 
    +0x0018, -0x000e, -0x000f, -0x0027, +0x0013, -0x0019, -0x0023, +0x001e, 
    -0x0017, +0x0034, -0x0014, +0x0020, +0x0014, -0x0017, +0x0000, -0x0006, 
    +0x0018, -0x0021, -0x000b, +0x0014, -0x0017, -0x0003, +0x0009, +0x0020, 
    -0x0019, -0x0003, +0x0022, +0x001a, +0x0014, +0x0014, -0x0033, -0x0043, 
    +0x000d, -0x003e, -0x000f, +0x0003, +0x003e, -0x0006, +0x000b, +0x0006, 
    -0x0038, -0x000d, +0x001a, -0x0004, +0x0011, +0x0012, -0x001a, -0x0056, 
    +0x0020, -0x0028, +0x0005, -0x003a, -0x000f, -0x0024, -0x0042, +0x0006, 
    +0x0011, +0x0018, +0x0001, -0x001f, +0x0012, -0x0011, +0x000a, -0x0031, 
    +0x000c, +0x000c, -0x003d, +0x0005, -0x0017, -0x0021, -0x005d, +0x0004, 
    -0x0005, +0x0007, -0x0048, -0x0033, +0x002a, -0x000c, -0x0007, -0x0015, 
    +0x002d, +0x0011, -0x0020, +0x0015, -0x0033, +0x0007, -0x005d, +0x001a, 
    +0x0043, +0x0051, +0x0012, -0x003e, -0x000c, -0x0004, -0x002c, -0x0020, 
    -0x0003, +0x0003, +0x0001, -0x002b, -0x002c, -0x0009, -0x0045, +0x0018, 
    +0x0057, +0x0025, +0x001c, -0x000a, -0x001c, -0x000c, -0x001c, -0x0003, 
    +0x0023, +0x0023, -0x0014, +0x003b, +0x000b, -0x003e, -0x0023, -0x000c, 
    +0x0010, -0x0021, -0x005a, -0x001e, -0x0005, -0x0015, +0x007a, +0x0013, 
    +0x0016, +0x0013, -0x0007, +0x0036, +0x0008, -0x000c, -0x002d, -0x0001, 
    +0x0019, -0x0012, -0x003b, +0x0011, -0x0047, -0x0016, +0x005b, -0x0020, 
    +0x001c, -0x002b, -0x0004, +0x0020, +0x000c, -0x0028, +0x000d, +0x0011, 
    -0x0004, -0x000f, +0x0005, +0x000f, +0x0016, +0x0036, +0x0012, -0x004a, 
    -0x001a, +0x0007, -0x000a, -0x0042, +0x0026, -0x0016, +0x0026, -0x0031, 
    -0x0016, -0x0018, -0x0039, -0x0040, +0x0019, -0x0010, +0x0002, +0x0031, 
    -0x000a, +0x0039, +0x0026, -0x0043, +0x0007, -0x0005, -0x001e, -0x0048, 
    +0x000a, -0x003a, -0x0038, -0x003f, -0x003b, +0x0006, -0x0019, +0x000d, 
    +0x0025, -0x001c, +0x0011, -0x001e, +0x000b, -0x000d, -0x0035, -0x0007, 
    -0x0017, -0x0008, +0x0005, -0x0065, +0x003c, +0x0032, -0x0024, +0x0043, 
    +0x0017, +0x000d, -0x0034, +0x0011, +0x003a, -0x000f, +0x0026, +0x000a, 
    +0x0003, +0x0018, +0x0047, -0x0005, +0x002a, -0x000c, -0x0020, -0x002f, 
    +0x0009, -0x0021, +0x0006, -0x0023, +0x0030, +0x0018, -0x001a, -0x0016, 
    -0x0026, +0x0016, +0x0001, +0x001f, +0x003a, -0x0026, +0x005d, -0x003a, 
    +0x0017, -0x0024, +0x0007, -0x0015, +0x0047, -0x0022, +0x0005, +0x0000, 
    -0x001f, -0x0009, +0x0019, -0x0003, +0x0002, -0x0020, +0x0022, -0x002a, 
    +0x0015, +0x0007, +0x001c, -0x0046, +0x0006, -0x000a, +0x002a, -0x002d, 
    -0x0031, +0x000f, +0x001d, -0x0014, -0x0001, +0x001b, -0x0013, +0x000b, 
    +0x001c, -0x0012, -0x0004, -0x003a, -0x0020, +0x0019, +0x002a, -0x0035, 
    -0x0021, +0x001d, -0x0006, +0x0022, +0x002c, +0x001e, -0x0040, +0x0004, 
    +0x0000, +0x0017, -0x000c, -0x0018, +0x0001, -0x0017, +0x000f, -0x0034, 
    -0x0017, +0x0007, -0x0029, +0x0003, +0x001e, +0x000c, -0x0042, +0x002b, 
    +0x0003, -0x000b, +0x0021, +0x0008, -0x000b, +0x0036, -0x002d, -0x0008, 
    -0x0016, -0x0016, -0x0029, +0x0006, -0x0031, +0x000d, -0x0036, -0x0002, 
    -0x0021, -0x0019, +0x000a, +0x001e, +0x0010, +0x0023, -0x000c, -0x0028, 
    -0x0013, +0x0028, -0x002b, +0x0026, -0x0006, +0x0022, -0x0029, +0x0037, 
    -0x0022, +0x000c, +0x0005, +0x0022, +0x001f, +0x002e, +0x000a, -0x0005, 
    -0x0007, +0x000c, -0x0025, -0x001e, +0x000c, +0x0024, +0x000c, +0x003d, 
    -0x0007, -0x001d, -0x005b, -0x0006, -0x003a, +0x0008, +0x001b, -0x0007, 
    -0x0022, +0x002d, +0x0026, +0x000f, +0x000c, +0x0003, +0x0004, +0x005c, 
    -0x000b, -0x0009, -0x0044, -0x0043, +0x0003, +0x0005, +0x000d, +0x000b, 
    -0x0024, +0x000a, +0x0053, -0x0028, +0x003b, -0x0006, -0x0011, +0x0033, 
    -0x0014, -0x0002, +0x002d, -0x0039, +0x0007, -0x0002, -0x0009, +0x001e, 
    -0x0020, +0x003e, +0x003f, +0x0006, +0x0005, -0x0026, -0x0017, +0x0024, 
    -0x0017, +0x000f, -0x0007, -0x0003, -0x0027, -0x0019, -0x0015, -0x000d, 
    -0x001e, -0x0006, -0x001b, +0x0018, +0x0003, -0x0003, +0x0021, +0x0030, 
    +0x0000, +0x0011, -0x001a, +0x0001, -0x002a, -0x001c, +0x0000, -0x0018, 
    +0x0004, -0x0014, -0x0019, +0x0007, +0x0023, -0x0043, -0x004b, -0x001c, 
    +0x0014, +0x0005, +0x001d, -0x0003, -0x002d, +0x0010, -0x000d, -0x0032, 
    +0x002e, +0x001d, +0x001c, -0x0001, -0x0005, -0x0028, -0x004e, -0x0002, 
    -0x0015, +0x002d, +0x0044, +0x000e, -0x003d, -0x0037, +0x0033, +0x004d, 
    -0x000c, +0x0008, -0x0002, -0x0014, +0x0004, -0x000e, -0x0018, -0x0007, 
    +0x0015, +0x001b, +0x002f, +0x003f, -0x002d, -0x0011, +0x0016, +0x0034, 
    +0x000d, -0x003d, -0x0013, -0x001a, +0x0011, -0x001d, +0x0005, -0x0025, 
    -0x0011, +0x0018, +0x0011, -0x0002, -0x0028, +0x0006, -0x0009, +0x000b, 
    +0x0009, +0x0005, +0x0004, -0x0073, -0x0029, +0x0011, -0x0033, +0x000f, 
    -0x001e, +0x000b, +0x0007, +0x0000, -0x0024, +0x0006, +0x002a, +0x0004, 
    +0x002f, +0x000d, +0x0023, +0x0028, +0x0047, +0x003b, +0x0026, -0x0006, 
    -0x0001, -0x001a, -0x000b, -0x0034, +0x002f, -0x0003, -0x0024, +0x0015, 
    +0x0011, -0x001d, -0x0018, +0x0014, -0x0009, +0x0078, +0x0053, -0x0016, 
    -0x0006, -0x0009, +0x0024, +0x0000, +0x004c, +0x0017, -0x0025, +0x001d, 
    -0x0012, +0x0006, -0x0058, +0x0001, -0x0024, +0x004a, +0x0032, +0x001e, 
    -0x000c, +0x0020, +0x001c, +0x0025, -0x0017, -0x0008, -0x0008, -0x001b, 
    +0x001f, +0x0020, -0x0024, +0x0055, -0x0011, +0x001a, +0x0034, -0x0003, 
    +0x0000, -0x000a, +0x0008, +0x0002, -0x0011, -0x0018, +0x0007, -0x0028, 
    +0x0007, +0x000a, +0x002c, +0x0002, -0x0003, +0x0016, +0x0005, +0x0039, 
    -0x0014, -0x0024, +0x0012, +0x0005, +0x0051, -0x000c, -0x0013, -0x001e, 
    +0x002a, +0x000c, +0x0001, +0x0033, -0x0008, +0x0023, +0x0016, +0x0040, 
    +0x0016, +0x0019, +0x001a, +0x0016, -0x0015, +0x0023, +0x006e, +0x0020, 
    +0x0017, +0x002d, -0x0010, +0x0017, +0x0011, -0x0024, -0x001b, +0x0034, 
    +0x0013, +0x002b, +0x0016, +0x0038, -0x0008, -0x0022, +0x0020, -0x002a, 
    +0x0017, +0x0027, +0x0029, -0x0038, +0x0015, +0x0015, -0x003c, +0x0012, 
    -0x0019, -0x000b, +0x001e, +0x0017, -0x0006, +0x0049, +0x0020, -0x0030, 
    +0x0025, -0x0009, -0x001d, -0x000d, -0x0001, -0x0019, -0x0038, +0x0023, 
    +0x001f, -0x0010, -0x0002, -0x0010, +0x0004, +0x000c, +0x0025, -0x001d, 
    +0x002e, -0x0004, +0x001d, +0x003b, +0x0013, +0x000a, -0x0005, -0x0019, 
    -0x0004, +0x000b, -0x0011, +0x000f, +0x0003, +0x0034, +0x0003, +0x000b, 
    +0x0014, +0x0010, -0x0006, -0x0029, +0x0000, +0x0010, +0x0042, -0x000a, 
    +0x0017, +0x0002, +0x0044, +0x0029, +0x0033, +0x0006, +0x0036, +0x0009, 
    +0x0029, +0x000c, -0x0030, -0x0011, -0x0014, +0x0004, +0x0028, +0x0003, 
    +0x0011, +0x002e, -0x003a, -0x0032, -0x0006, -0x0009, +0x0033, -0x0030, 
    +0x0017, -0x002f, -0x0009, -0x0013, -0x0010, +0x0007, +0x0016, -0x000d, 
    +0x0015, +0x0015, -0x0005, -0x0011, -0x0022, -0x0026, +0x0018, -0x0021, 
    -0x0004, -0x0013, -0x000d, -0x005f, -0x0013, +0x001e, +0x0020, +0x0009, 
    -0x0010, -0x0010, +0x004d, +0x003b, +0x0006, -0x0017, +0x0007, -0x0024, 
    +0x0011, +0x0021, +0x0023, -0x001a, +0x0006, +0x0006, +0x0017, +0x000f, 
    +0x0015, -0x0003, -0x001d, -0x0037, -0x0027, -0x001b, +0x001a, -0x003e, 
    -0x0009, -0x002f, -0x003d, -0x000f, -0x0021, -0x0018, +0x0047, -0x000e, 
    +0x003b, -0x0032, +0x0005, +0x003c, -0x002e, -0x003f, +0x0002, -0x0033, 
    -0x001f, -0x001f, -0x0023, +0x0002, -0x001b, +0x0003, +0x0043, -0x0013, 
    +0x0006, -0x0025, -0x0003, +0x0064, -0x001e, -0x001c, -0x001c, -0x0045, 
    -0x000f, -0x001a, -0x001e, +0x0005, -0x001a, -0x0014, +0x000a, +0x003c, 
    +0x0009, -0x0036, -0x000e, -0x0005, -0x0022, +0x0003, -0x002d, -0x001e, 
    +0x0040, +0x0016, -0x002f, -0x003d, +0x001c, +0x0009, +0x0024, +0x001f, 
    +0x0002, +0x0004, -0x000c, -0x0030, +0x0011, -0x0002, +0x0028, +0x0001, 
    +0x0000, -0x001c, -0x0043, -0x000f, -0x0021, +0x0018, -0x0034, -0x0003, 
    -0x000a, -0x001b, +0x0039, -0x003e, -0x0012, +0x0014, -0x000d, -0x0008, 
    -0x0063, -0x000e, -0x000b, -0x0001, -0x000e, -0x000b, +0x0008, -0x002b, 
    -0x0036, -0x0016, -0x0032, -0x0042, +0x001b, +0x000e, -0x000f, +0x0010, 
    -0x0018, +0x0021, -0x001a, -0x004b, -0x000b, +0x0005, +0x001e, +0x0033, 
    -0x000b, +0x0005, -0x0001, -0x0025, +0x000a, -0x0027, +0x0029, +0x0023, 
    -0x0025, +0x000a, +0x000f, -0x0003, -0x0055, +0x0006, -0x000a, +0x0049, 
    -0x0006, +0x000a, +0x0038, -0x0012, +0x0003, +0x0004, +0x0002, +0x0032, 
    -0x005f, +0x0028, +0x001a, -0x0014, -0x003e, +0x0015, -0x000e, +0x0036, 
    +0x0014, -0x0014, +0x000b, -0x0025, +0x0044, +0x000b, -0x004d, +0x0006, 
    -0x0026, +0x0025, +0x0038, -0x0037, -0x001d, +0x003b, +0x001c, +0x0003, 
    +0x0035, +0x0020, +0x0031, +0x0009, +0x0048, -0x0026, -0x0002, +0x0024, 
    -0x0010, +0x0012, +0x0028, -0x0027, +0x000a, +0x001e, +0x0020, +0x003d, 
    +0x0047, -0x000c, +0x001a, -0x0011, +0x0038, -0x0027, -0x002b, -0x0002, 
    +0x0003, -0x000e, +0x0019, -0x0035, -0x000c, +0x003d, +0x0012, +0x0027, 
    +0x0041, -0x0041, +0x0035, +0x0013, +0x0008, -0x0002, +0x001e, +0x0002, 
    -0x000c, +0x0008, -0x003e, -0x0058, -0x001f, +0x0033, +0x0005, -0x0049, 
    +0x0006, -0x0001, -0x000d, -0x001f, -0x0003, +0x000b, -0x001a, -0x0009, 
    +0x0003, +0x0012, -0x0031, -0x0028, -0x001c, +0x0005, -0x003a, -0x0022, 
    +0x000e, +0x001c, -0x0001, +0x003d, +0x0001, +0x0009, -0x0003, +0x000c, 
    -0x0030, +0x003d, -0x002b, -0x003c, -0x0029, +0x000e, -0x0037, +0x0015, 
    +0x0015, -0x0017, +0x007c, -0x001b, +0x002d, +0x0015, -0x0007, -0x0039, 
    +0x0015, +0x0017, -0x0019, -0x0006, -0x001c, +0x002f, +0x0045, +0x001c, 
    -0x0056, +0x0012, +0x0034, -0x0011, -0x002e, +0x000f, -0x0003, -0x0040, 
    +0x002a, +0x004f, -0x001b, -0x000f, +0x0015, +0x0015, +0x0026, +0x000d, 
    -0x0015, +0x0048, +0x000e, +0x0010, -0x0045, +0x001d, -0x0015, -0x0054, 
    -0x0027, +0x0015, -0x005d, -0x0007, +0x0007, +0x0021, +0x002a, +0x000a, 
    +0x0032, -0x002f, -0x0001, -0x0014, +0x0049, -0x0003, -0x000d, -0x002d, 
    -0x0010, +0x0006, +0x000b, +0x0007, -0x0002, -0x001a, +0x0020, +0x002c, 
    +0x0007, -0x000b, +0x0025, -0x0042, -0x002c, +0x0007, +0x0005, +0x0001, 
    -0x0009, +0x0019, -0x000a, +0x000b, -0x0033, -0x0010, +0x000b, +0x0014, 
    -0x0005, -0x0006, -0x000a, +0x0010, -0x0012, -0x0014, -0x002d, -0x001d, 
    -0x002b, +0x0015, -0x000f, -0x0007, -0x0001, -0x0012, +0x0001, +0x0016, 
    -0x001a, -0x0007, +0x0001, +0x001c, -0x0013, -0x0033, +0x002a, +0x0013, 
    +0x0014, -0x000b, +0x0021, +0x001b, -0x0037, +0x0010, -0x000f, +0x0013, 
    -0x0026, -0x0002, +0x0031, +0x0028, -0x0022, -0x0010, +0x0000, +0x0001, 
    +0x0052, -0x000f, +0x000c, +0x0013, +0x0009, +0x0011, -0x001a, -0x000f, 
    -0x000a, -0x0008, -0x0031, -0x0017, +0x000b, +0x0029, -0x0002, -0x000a, 
    +0x003c, +0x003f, -0x000c, +0x002c, +0x001c, +0x003e, +0x000f, -0x0018, 
    -0x000f, +0x0019, -0x0011, -0x0028, -0x0010, +0x0004, +0x0028, -0x000a, 
    +0x0046, -0x001b, +0x0029, -0x000b, -0x0026, -0x0001, -0x0019, -0x001f, 
    -0x000b, -0x0017, +0x0024, -0x000e, -0x0004, +0x0009, -0x000e, +0x003a, 
    +0x000a, -0x0039, +0x0016, +0x000a, +0x0012, -0x0004, -0x0022, -0x0005, 
    -0x0015, +0x0007, -0x0020, -0x0026, +0x0002, +0x000f, -0x0004, +0x0027, 
    +0x001d, -0x0010, +0x0007, +0x0012, -0x0003, +0x002a, +0x0004, -0x0015, 
    +0x0001, +0x0003, -0x0025, -0x0036, -0x0015, -0x0005, +0x0016, -0x002b, 
    +0x0022, -0x0003, +0x001e, -0x0001, -0x0010, -0x001e, -0x000b, -0x0015, 
    -0x0030, -0x002e, -0x0012, -0x000a, +0x0001, +0x0003, -0x002b, +0x002b, 
    -0x0023, -0x0017, +0x000c, +0x000a, -0x0009, -0x0006, -0x001a, +0x0022, 
    -0x0035, +0x001a, -0x001d, -0x0001, +0x0010, -0x000b, -0x0027, -0x0017, 
    -0x004a, +0x0007, +0x0019, -0x0001, -0x0033, -0x000e, -0x000b, -0x0012, 
    +0x0002, +0x000b, -0x0034, -0x0021, +0x0013, -0x0017, -0x0034, +0x0032, 
    -0x002e, -0x0060, -0x0020, +0x0024, +0x002f, -0x0014, -0x000b, +0x003a, 
    +0x002d, +0x000a, -0x002e, -0x000e, +0x0009, -0x0006, -0x0022, +0x003c, 
    +0x0021, -0x0031, +0x0009, -0x001d, +0x0000, +0x0017, +0x000d, +0x0003, 
    +0x0043, -0x0026, -0x0044, -0x0020, -0x000a, -0x000b, -0x0027, +0x0048, 
    +0x0028, +0x002a, -0x001d, -0x001c, +0x000f, -0x0008, -0x0011, +0x000c, 
    -0x0010, +0x003f, -0x0004, +0x0008, +0x0002, -0x003b, +0x0019, +0x0048, 
    -0x0029, -0x0027, -0x0017, +0x0013, +0x0000, -0x0016, -0x000f, +0x001b, 
    +0x0014, +0x0019, -0x0014, +0x0009, -0x0025, -0x0029, -0x0001, +0x003d, 
    -0x0027, -0x0028, -0x002a, -0x0006, -0x0004, +0x0011, +0x0036, +0x0003, 
    -0x001e, +0x0005, -0x000b, -0x0010, -0x0018, +0x001e, +0x000b, +0x0058, 
    -0x002a, -0x0035, -0x000a, +0x0013, +0x001f, -0x0011, +0x0021, +0x000e, 
    +0x0001, +0x0018, +0x001d, -0x0011, -0x0050, -0x002a, +0x003f, -0x002f, 
    -0x003e, +0x0008, -0x0012, +0x0009, -0x003e, +0x0019, -0x0013, -0x000e, 
    +0x001b, +0x0026, +0x003c, +0x0044, -0x0033, -0x003c, +0x0027, +0x000c, 
    -0x0049, -0x000e, -0x0019, -0x0004, +0x0015, +0x0007, +0x000d, +0x000f, 
    -0x0011, +0x0004, +0x000d, +0x0040, -0x0019, +0x0012, +0x0051, +0x0011, 
    -0x0033, +0x000a, +0x002c, -0x0025, +0x0017, +0x0032, -0x0003, -0x0002, 
    -0x0044, +0x0018, -0x0058, -0x0021, -0x004a, -0x0017, +0x0035, +0x001d, 
    +0x0038, -0x0020, -0x0015, -0x0020, +0x0019, +0x000a, +0x0059, -0x0013, 
    +0x0009, -0x001e, -0x0021, -0x005a, -0x0015, +0x0021, +0x0043, -0x0002, 
    -0x0016, -0x0014, +0x002b, -0x0014, -0x000f, -0x0003, +0x0010, -0x0003, 
    +0x0017, +0x0012, +0x0048, -0x000c, -0x001e, +0x0009, +0x0020, +0x0006, 
    -0x0034, +0x0005, +0x0046, -0x000b, -0x001d, +0x001c, +0x0030, +0x0032, 
    -0x0016, -0x0019, -0x0031, +0x002a, -0x004c, -0x0015, +0x0027, +0x0003, 
    +0x005f, +0x0010, -0x0007, -0x001c, -0x001a, -0x0008, +0x0066, +0x002a, 
    +0x0027, -0x001f, +0x0002, +0x003e, +0x0019, +0x0047, +0x0023, -0x0010, 
    +0x0024, -0x000e, +0x0040, +0x0007, -0x002b, +0x0028, +0x0039, +0x001d, 
    -0x0006, -0x0039, +0x0036, +0x000c, -0x0005, +0x0023, +0x0034, +0x0008, 
    -0x0021, +0x0004, +0x0023, +0x0021, -0x0011, +0x0042, -0x000b, +0x0027, 
    +0x0001, -0x0070, -0x0010, +0x000e, -0x000a, +0x0008, +0x000c, +0x004e, 
    +0x001e, -0x0006, +0x0022, -0x000a, +0x0000, +0x0046, -0x000c, +0x000a, 
    +0x000c, -0x0011, +0x0020, +0x0004, +0x002a, +0x001c, -0x0021, +0x003b, 
    +0x0044, -0x000d, +0x002d, -0x0009, -0x0026, +0x0058, +0x000d, +0x0018, 
    +0x000e, +0x0001, +0x0039, +0x0018, +0x0016, +0x001a, -0x0022, +0x0010, 
    +0x0021, -0x0003, +0x0012, +0x000f, -0x0029, +0x0025, -0x000b, +0x000a, 
    -0x001b, -0x0004, -0x003f, -0x000a, +0x0018, +0x0007, +0x001f, +0x0011, 
    +0x0001, -0x0024, +0x0012, +0x0001, +0x0011, +0x0046, -0x000f, +0x0006, 
    -0x0021, +0x000c, -0x0044, -0x0022, +0x003c, -0x0029, -0x0016, +0x0016, 
    -0x0026, -0x000e, -0x0003, -0x000a, -0x000b, +0x000d, -0x003d, -0x002d, 
    -0x0055, -0x001a, +0x0001, -0x0034, +0x0028, -0x0002, -0x0033, +0x0054, 
    -0x003a, -0x000d, -0x0050, +0x0056, -0x002a, +0x0034, -0x0048, -0x0013, 
    +0x0025, -0x0009, -0x0035, -0x001e, +0x0000, -0x0026, +0x0015, +0x005c, 
    +0x001e, -0x000e, -0x0001, -0x0019, +0x0029, -0x002b, -0x0020, +0x0037, 
    +0x0031, +0x0001, -0x0042, -0x0010, -0x001b, -0x0030, +0x0005, +0x003a, 
    -0x0005, +0x0006, -0x001b, -0x000b, -0x0024, -0x0002, -0x000b, -0x0003, 
    +0x0043, -0x0006, -0x0050, -0x0061, +0x001c, +0x0017, -0x0010, +0x0053, 
    -0x0012, +0x0014, -0x0065, +0x000f, -0x0004, +0x0033, -0x0026, -0x0033, 
    +0x0043, -0x0015, +0x0029, -0x000e, -0x0036, +0x0043, +0x0010, +0x002e, 
    +0x002f, +0x001c, +0x000f, -0x0047, +0x001e, +0x0001, -0x0016, +0x0029, 
    +0x0056, -0x001a, +0x0040, -0x0008, -0x0066, +0x0000, +0x000c, +0x0033, 
    +0x004a, +0x0014, +0x0007, -0x0028, -0x001e, +0x003b, -0x0012, +0x0046, 
    +0x0062, +0x0011, -0x0037, -0x003a, +0x0001, -0x001d, -0x001f, +0x0030, 
    +0x003e, +0x0012, -0x0025, -0x001d, -0x0032, -0x001b, -0x000d, +0x0004, 
    -0x0005, -0x0047, +0x0006, +0x0008, +0x0000, -0x001f, -0x000e, -0x002c, 
    -0x0030, -0x0002, -0x0026, -0x0004, -0x004e, +0x0073, -0x0044, +0x0004, 
    +0x0040, -0x0007, -0x0001, -0x0022, +0x0023, -0x000e, +0x0004, -0x0028, 
    -0x0023, -0x0005, +0x0000, +0x0026, +0x0006, +0x001d, -0x0004, +0x0017, 
    +0x001e, +0x0023, +0x000e, -0x0017, -0x0001, +0x002c, +0x002a, -0x0057, 
    -0x0036, +0x0008, -0x0015, +0x0016, -0x0013, -0x001a, +0x0021, -0x0002, 
    +0x0018, -0x0048, -0x0020, -0x0016, -0x001e, +0x003b, +0x000d, +0x0030, 
    -0x0017, +0x002e, +0x000a, -0x0006, -0x0016, +0x000e, +0x0002, -0x0069, 
    -0x0004, +0x002a, -0x003d, -0x002b, +0x0013, +0x0043, +0x000e, +0x006f, 
    +0x0017, -0x0010, +0x0027, -0x002a, +0x0010, -0x000c, -0x0009, -0x001e, 
    +0x0012, -0x0016, -0x0022, -0x0015, +0x0018, +0x0035, +0x0011, -0x0023, 
    -0x000e, -0x002a, -0x0007, +0x000b, +0x0006, +0x0016, -0x000b, -0x003b, 
    +0x0012, -0x0018, +0x0015, -0x000c, -0x001f, +0x0055, -0x0009, +0x0021, 
    -0x0017, -0x0010, +0x001c, +0x0013, +0x000d, -0x0010, -0x000c, -0x004a, 
    +0x0017, +0x0011, +0x000f, -0x0022, +0x0028, -0x000d, -0x0029, +0x002d, 
    +0x003f, -0x0011, +0x0027, -0x0007, +0x0008, +0x0001, +0x0002, -0x001b, 
    -0x003e, +0x0016, -0x0048, +0x0006, +0x0048, -0x0004, -0x000a, -0x001a, 
    +0x0023, +0x0032, +0x0005, -0x0020, +0x0040, -0x0036, +0x000b, -0x0016, 
    -0x000e, -0x003b, -0x0007, +0x0046, -0x0041, +0x0020, +0x001c, -0x001d, 
    +0x0038, +0x001e, -0x0052, -0x000f, -0x0010, -0x0031, -0x001e, +0x0051, 
    -0x0006, -0x000e, +0x001b, +0x003a, -0x0016, +0x0047, +0x000d, -0x0018, 
    +0x0039, -0x0015, -0x003d, -0x0033, -0x0008, -0x002f, -0x0019, -0x0011, 
    +0x0038, +0x0024, +0x001c, +0x005b, +0x002a, +0x0013, -0x0005, -0x003f, 
    +0x0018, -0x001e, +0x002b, -0x0006, +0x002a, -0x000d, +0x000c, +0x001b, 
    -0x000a, -0x0007, -0x0014, -0x000f, +0x0014, +0x0022, +0x000b, -0x000c, 
    -0x000e, -0x000c, +0x000c, -0x000e, -0x003e, +0x0029, -0x0058, +0x0011, 
    +0x0004, +0x0024, +0x000a, +0x001a, -0x0011, +0x0015, -0x001f, +0x0027, 
    +0x0037, -0x0003, +0x000c, -0x0038, +0x0000, -0x0013, -0x001b, -0x0034, 
    -0x0018, +0x0006, +0x003f, +0x000a, +0x0030, -0x0037, -0x002c, -0x0013, 
    +0x000f, -0x001c, -0x000a, -0x0016, -0x0009, +0x002e, -0x0017, -0x000d, 
    +0x0025, +0x002a, -0x000b, -0x0018, +0x001a, -0x0047, -0x0013, -0x0040, 
    -0x0043, +0x0017, -0x0004, +0x0014, -0x004c, +0x0001, -0x004d, +0x0034, 
    +0x0010, +0x0008, +0x0012, -0x0001, +0x0007, +0x0010, +0x0001, +0x0007, 
    +0x0004, -0x0009, +0x0010, +0x0003, -0x001f, +0x0008, -0x0020, -0x001b, 
    +0x001c, -0x0023, +0x003d, +0x000b, +0x0055, +0x0006, -0x0002, +0x0006, 
    -0x0007, +0x002d, -0x0001, -0x0015, -0x0026, +0x0019, -0x001c, -0x0028, 
    +0x0007, +0x0051, +0x0029, +0x0020, -0x005c, -0x0024, -0x0008, +0x0010, 
    +0x0000, -0x0017, +0x0009, +0x0002, +0x001d, -0x000d, +0x0014, +0x002b, 
    +0x0051, +0x0014, -0x002d, -0x0014, +0x0011, -0x004a, +0x001c, +0x0011, 
    +0x003f, -0x0016, +0x0001, -0x001f, -0x001a, -0x0049, -0x0007, +0x0009, 
    +0x0033, -0x001d, -0x0002, -0x0005, +0x004d, +0x0010, +0x0009, +0x0000, 
    -0x0009, -0x0006, -0x0010, -0x0024, -0x001c, -0x001c, -0x001c, +0x0004, 
    -0x0028, -0x0004, +0x0007, -0x000d, -0x0060, -0x0010, +0x000d, +0x0006, 
    +0x0013, +0x000b, +0x002f, -0x0026, +0x0044, -0x002d, +0x0029, +0x0044, 
    +0x0051, +0x0007, +0x0010, -0x004b, +0x002e, -0x0023, +0x0008, +0x0015, 
    +0x0028, -0x0034, +0x0006, -0x002e, -0x0017, +0x0041, +0x0008, +0x002e, 
    +0x002e, +0x0004, -0x0027, -0x000b, +0x000f, -0x0018, +0x0030, +0x0005, 
    +0x0011, -0x000b, +0x002a, +0x000f, -0x002a, +0x001e, +0x0027, +0x000e, 
    -0x0001, +0x0022, +0x0023, +0x001c, -0x0034, -0x0014, -0x000d, +0x0011, 
    +0x000f, -0x0037, +0x0031, +0x0001, +0x0013, -0x0003, +0x0014, -0x0037, 
    -0x0002, +0x0004, +0x0009, -0x000d, -0x0013, -0x001f, +0x0005, -0x000a, 
    -0x0020, -0x0014, +0x0012, -0x0012, -0x0041, +0x0011, -0x004d, +0x0000, 
    +0x0041, +0x0023, +0x001a, -0x0012, +0x0019, +0x0021, +0x003c, +0x0027, 
    -0x0027, +0x0003, +0x002c, +0x0018, -0x0006, -0x0015, +0x001a, -0x002b, 
    +0x0023, +0x0018, -0x0030, -0x0020, -0x0001, +0x0002, -0x0021, +0x0018, 
    -0x0046, -0x0030, -0x001c, -0x0009, -0x0009, -0x001a, +0x0019, -0x0002, 
    -0x0002, +0x001f, -0x002a, -0x0053, +0x0005, -0x0006, -0x004e, -0x000d, 
    -0x0054, -0x000c, +0x000b, -0x000d, -0x002f, +0x0060, +0x0015, +0x0038, 
    +0x004a, +0x0000, -0x0014, -0x0014, +0x0005, -0x0003, -0x0021, +0x0037, 
    +0x0001, -0x001f, +0x002e, +0x0029, +0x000b, +0x0038, -0x001a, +0x0040, 
    -0x0002, -0x002e, +0x0002, +0x000a, -0x0016, -0x003c, -0x001e, -0x0028, 
    -0x0036, -0x0010, -0x0019, -0x000c, -0x0008, -0x000f, +0x001f, -0x0003, 
    +0x005a, -0x0023, -0x0038, +0x0020, -0x000e, -0x0050, -0x0035, -0x002e, 
    -0x0010, +0x000d, +0x001d, -0x000e, -0x0031, -0x0004, +0x000c, -0x002e, 
    +0x001f, -0x004e, -0x0017, +0x000a, +0x001b, -0x001c, -0x002e, +0x0006, 
    +0x000d, +0x0027, +0x002e, +0x0009, -0x0045, +0x001f, +0x001b, -0x0003, 
    -0x0031, -0x000d, +0x0046, +0x0052, -0x0002, -0x0008, -0x004b, +0x0024, 
    -0x001e, +0x0017, -0x0009, +0x002d, +0x0026, -0x0005, -0x0024, +0x0045, 
    +0x002b, +0x0046, +0x002f, +0x007f, -0x000c, -0x0026, -0x0004, -0x0017, 
    +0x001b, +0x000e, +0x000e, -0x0011, +0x002b, -0x0045, +0x0010, -0x000b, 
    -0x0018, +0x000b, +0x003e, +0x005a, +0x0017, -0x0041, -0x0004, +0x000a, 
    +0x000e, +0x0000, -0x0010, -0x000a, +0x0006, -0x000a, -0x000f, -0x0024, 
    +0x0010, -0x000b, -0x0021, -0x004c, -0x0016, -0x0012, -0x001c, +0x0023, 
    -0x000d, -0x0008, +0x0015, +0x005f, -0x0002, -0x002d, -0x0003, -0x001d, 
    +0x0035, +0x0052, -0x0003, -0x004f, -0x001c, -0x0046, +0x0000, +0x0045, 
    -0x004a, +0x000d, +0x000f, +0x0023, -0x0006, +0x0016, +0x003f, -0x0021, 
    +0x0029, -0x0022, +0x000f, -0x0009, -0x002d, -0x000d, -0x0022, +0x0012, 
    -0x0023, -0x0031, +0x001e, +0x0009, -0x0031, +0x0012, +0x0078, -0x0005, 
    -0x001c, +0x001a, -0x000a, -0x000a, -0x002a, -0x0026, -0x000f, -0x001b, 
    +0x000b, -0x0024, -0x001e, +0x0010, +0x002e, -0x001a, +0x0009, -0x0005, 
    -0x001f, -0x0015, -0x0008, -0x0041, -0x0020, -0x000a, +0x000b, +0x001a, 
    +0x0017, -0x0029, +0x0023, +0x0015, +0x0028, -0x0005, +0x0026, -0x0015, 
    +0x0032, -0x006b, -0x0008, -0x0023, -0x0017, -0x0031, +0x0000, -0x0020, 
    +0x0021, -0x0010, +0x0054, -0x0019, -0x001d, -0x001e, +0x001c, -0x0001, 
    -0x0029, -0x001a, -0x0051, +0x0028, +0x0025, +0x0009, -0x000d, -0x0036, 
    -0x000c, -0x002e, -0x0003, -0x000d, +0x003b, +0x001c, +0x001c, +0x004f, 
    -0x000f, +0x0003, -0x0013, -0x0017, +0x0002, +0x001e, -0x0010, -0x0027, 
    +0x001a, +0x0008, -0x0003, +0x0002, -0x0016, -0x001a, +0x0024, +0x002b, 
    +0x0034, +0x0048, +0x000b, +0x0030, -0x0027, -0x0022, +0x0027, -0x000e, 
    +0x0020, -0x001b, +0x0000, -0x0003, -0x0019, -0x0016, +0x0000, +0x0001, 
    +0x0042, +0x0008, -0x002c, -0x0009, -0x0063, -0x001d, -0x001c, +0x001b, 
    +0x0017, +0x001a, +0x0020, +0x0021, -0x0025, +0x0011, -0x0024, -0x002f, 
    +0x003b, +0x0019, +0x0023, +0x0009, -0x000a, -0x0017, -0x0042, -0x002d, 
    -0x000b, +0x0037, +0x005b, -0x0013, -0x0026, -0x0009, -0x0023, -0x0026, 
    +0x0066, -0x001a, -0x0043, +0x0031, -0x000f, +0x0011, -0x0026, -0x0012, 
    +0x0021, +0x003c, +0x0017, -0x0002, -0x0018, +0x001a, +0x0002, -0x0002, 
    +0x003e, +0x0024, -0x0017, -0x0007, +0x0005, +0x0005, -0x0004, +0x0030, 
    +0x0042, +0x0015, +0x0021, -0x0014, +0x0017, +0x000b, -0x0007, -0x0029, 
    +0x0019, -0x000d, +0x0042, -0x001f, +0x000b, -0x0019, -0x0011, -0x000c, 
    -0x001d, +0x0008, +0x0045, -0x0017, +0x0012, -0x0017, -0x0033, -0x003b, 
    +0x0023, -0x000c, +0x0020, +0x002e, -0x0031, -0x0016, +0x000a, +0x0016, 
    -0x0009, +0x001b, +0x0019, -0x0014, +0x0009, +0x0019, -0x0037, -0x0011, 
    -0x000f, +0x0018, +0x0000, -0x000b, -0x0015, -0x0032, -0x0032, +0x001e, 
    +0x0012, -0x000d, -0x0015, -0x0001, -0x003e, +0x000c, +0x004e, -0x0028, 
    -0x003b, -0x0014, -0x0007, +0x001b, -0x0026, -0x0026, -0x0026, -0x0016, 
    +0x0011, +0x000f, -0x0008, +0x0006, -0x0046, +0x0056, +0x0036, -0x0025, 
    -0x0063, +0x0004, +0x0025, +0x0031, -0x002d, -0x0067, -0x0022, -0x003a, 
    +0x0016, +0x0015, +0x0003, -0x0028, -0x0022, +0x0015, -0x000c, +0x0019, 
    +0x0000, +0x0011, -0x0004, -0x0050, -0x000c, +0x0004, -0x001a, -0x0017, 
    +0x001b, -0x0011, -0x002a, +0x000e, -0x0022, +0x0027, +0x001e, +0x0010, 
    +0x0020, -0x0006, -0x0032, -0x001e, +0x0037, +0x0003, +0x0003, -0x0029, 
    +0x0011, +0x0009, -0x0018, +0x002c, -0x002f, +0x0015, +0x0021, -0x0008, 
    +0x0016, +0x000e, +0x0029, -0x0004, +0x0037, +0x0019, +0x0050, +0x001b, 
    -0x0032, -0x0004, +0x0015, +0x0017, -0x001a, -0x0033, +0x0000, -0x004b, 
    +0x001b, +0x0026, -0x001b, -0x0044, -0x0007, -0x0027, -0x0003, +0x000b, 
    +0x0009, +0x0038, -0x0017, +0x0000, +0x0010, +0x001a, -0x0015, -0x0021, 
    +0x0003, +0x0005, -0x0032, +0x000c, -0x000e, -0x0026, +0x000e, -0x001a, 
    +0x0017, +0x0021, -0x0004, -0x0009, -0x0019, +0x0050, -0x003a, -0x0031, 
    +0x0032, -0x0021, -0x0010, -0x001c, +0x0036, +0x0014, +0x0007, +0x0004, 
    -0x0025, -0x0017, -0x001a, +0x0011, -0x0013, +0x006e, +0x0013, -0x0026, 
    -0x0002, +0x003d, -0x000a, -0x003c, -0x003d, -0x0027, +0x001c, -0x0033, 
    +0x0024, -0x0029, +0x000f, +0x0018, +0x0002, -0x0014, +0x0000, -0x0009, 
    +0x0007, -0x0016, -0x0009, -0x002c, -0x0037, -0x0045, -0x003a, -0x000e, 
    -0x0001, -0x0039, +0x003c, +0x001c, -0x001f, +0x002d, -0x003a, -0x0026, 
    +0x0005, -0x0044, -0x002c, -0x0005, +0x0022, +0x0019, -0x004a, -0x0006, 
    -0x0065, -0x0011, +0x0039, -0x001d, +0x002c, +0x0021, +0x0006, -0x0033, 
    -0x0017, +0x0039, -0x000e, +0x0020, +0x0007, +0x0022, -0x000c, +0x0001, 
    +0x0009, +0x0004, +0x003b, -0x0046, +0x000d, +0x000e, -0x0017, -0x0006, 
    -0x0010, +0x0011, -0x002c, -0x002d, -0x0024, -0x001e, -0x001f, -0x0021, 
    -0x0017, +0x0007, +0x0014, -0x003d, +0x0012, -0x001b, +0x000c, +0x0008, 
    +0x0011, +0x0032, -0x0026, -0x0066, -0x0008, +0x0005, -0x0033, -0x000a, 
    +0x000b, +0x003b, +0x003e, -0x005d, +0x0024, -0x000b, +0x0038, +0x0016, 
    +0x0033, -0x0017, -0x0029, -0x001d, +0x0004, -0x0037, +0x0004, +0x0007, 
    +0x0057, +0x0001, -0x0003, +0x001c, -0x0024, -0x001e, -0x003b, +0x0003, 
    +0x001e, -0x001a, -0x0004, +0x0007, -0x0017, -0x0015, -0x001b, -0x0006, 
    +0x001e, +0x001c, -0x0036, +0x002f, +0x0019, -0x0018, -0x002f, -0x001c, 
    +0x0040, +0x0044, +0x001e, -0x001c, +0x001c, +0x0017, -0x0008, -0x0005, 
    +0x0001, -0x0003, -0x0024, +0x0008, -0x001b, -0x0016, -0x004d, +0x003f, 
    -0x0015, +0x0058, +0x0010, -0x0020, +0x0004, -0x0005, -0x001d, +0x0002, 
    +0x0053, +0x0019, -0x001d, -0x0027, -0x001f, -0x0025, -0x0017, +0x0006, 
    +0x0019, +0x004b, -0x0040, +0x0002, +0x002c, +0x002e, -0x000e, +0x0031, 
    +0x001b, +0x0012, -0x003b, -0x002a, +0x001f, -0x0009, -0x0015, -0x0026, 
    +0x0016, +0x002e, -0x0014, +0x000b, +0x0038, +0x0025, +0x0007, -0x000b, 
    -0x0007, -0x0047, -0x000e, -0x0023, -0x000d, +0x0023, -0x0048, +0x0015, 
    -0x0019, +0x006a, -0x000a, -0x0033, +0x0008, +0x002a, +0x0000, -0x001f, 
    +0x0029, -0x0015, +0x0023, -0x0038, +0x001b, -0x0002, -0x001d, +0x002a, 
    -0x0003, -0x000b, -0x001c, -0x000f, +0x002c, +0x0017, -0x000b, -0x0005, 
    -0x0019, -0x0022, -0x0003, -0x0049, +0x0012, -0x003f, -0x000d, -0x001e, 
    +0x001a, +0x000c, +0x001a, -0x000a, +0x001a, +0x001c, -0x002f, +0x0030, 
    -0x000d, -0x0011, +0x0007, -0x0039, +0x0000, +0x0035, -0x0003, -0x0020, 
    -0x000a, +0x000a, +0x002b, -0x000d, -0x006d, +0x000b, -0x003d, -0x0004, 
    +0x0022, -0x0026, +0x0019, +0x002b, +0x0031, +0x0006, +0x000b, +0x0031, 
    +0x0031, -0x001b, +0x0043, +0x0016, -0x0009, -0x0007, -0x002d, -0x0011, 
    -0x003e, -0x0020, +0x0001, +0x0005, -0x0009, +0x000c, +0x002a, -0x0005, 
    +0x001a, +0x002c, +0x000c, -0x0026, +0x0006, -0x0034, -0x003e, +0x002d, 
    -0x002a, +0x0010, +0x0028, +0x0038, -0x0037, +0x000d, +0x000f, +0x000d, 
    -0x0013, +0x0018, +0x0029, +0x0003, -0x0022, -0x0007, -0x004a, +0x0000, 
    -0x0015, +0x001e, -0x000f, +0x0000, +0x0030, +0x0030, -0x0010, +0x0013, 
    +0x0003, +0x0038, -0x000e, -0x001e, +0x000a, +0x0012, -0x004e, +0x0007, 
    -0x002e, -0x0027, -0x0003, +0x003f, +0x0020, +0x002e, +0x0014, -0x0006, 
    +0x002f, +0x0015, +0x0033, -0x0033, +0x0008, +0x000a, -0x002c, +0x002a, 
    -0x0030, -0x0024, -0x0003, +0x000a, -0x0009, +0x0012, +0x0012, +0x000f, 
    -0x0024, +0x001e, -0x0006, -0x0019, +0x0039, +0x000f, +0x002d, +0x003b, 
    +0x0009, -0x0052, +0x0032, -0x0022, +0x0007, +0x001b, +0x0042, +0x0032, 
    +0x0003, +0x0000, -0x0008, -0x0028, -0x001b, -0x0014, +0x0043, +0x0073, 
    +0x0027, -0x0026, -0x000c, -0x003f, -0x000b, +0x0000, +0x003a, +0x0024, 
    -0x0023, -0x0028, +0x0001, -0x0073, -0x0022, -0x0020, +0x0028, +0x0042, 
    -0x0008, -0x0043, +0x0012, -0x0022, -0x000e, -0x0005, +0x003d, +0x001b, 
    +0x0001, -0x0011, -0x0022, -0x001c, +0x0018, +0x0024, +0x000c, +0x001b, 
    +0x0032, -0x0004, -0x0020, +0x0011, -0x0031, +0x002d, +0x0003, +0x0023, 
    +0x003a, -0x0029, -0x0017, +0x0065, +0x000c, +0x001d, +0x0026, -0x0021, 
    +0x0015, -0x0024, -0x0015, +0x0034, -0x0029, -0x0028, +0x001f, -0x0019, 
    +0x0013, -0x002e, -0x0013, +0x0000, +0x0007, -0x0018, +0x0003, +0x001f, 
    -0x002e, -0x0014, +0x000d, +0x003d, -0x0067, -0x0042, +0x0033, -0x001a, 
    +0x001f, -0x0008, +0x000a, -0x0061, +0x0025, -0x0015, -0x0037, +0x001e, 
    +0x002a, +0x0028, -0x0020, +0x000a, +0x0016, -0x0016, -0x004d, +0x0030, 
    +0x005c, +0x002d, -0x0003, +0x004f, +0x0008, +0x000f, -0x000b, +0x0033, 
    +0x0010, -0x0005, -0x0009, +0x0011, -0x0008, -0x003a, -0x0057, +0x000d, 
    +0x0017, +0x0017, -0x0001, +0x003b, -0x0001, +0x0025, +0x0003, +0x0022, 
    +0x0008, -0x0016, +0x0009, +0x001d, -0x0024, +0x000f, -0x0055, +0x0003, 
    -0x0006, -0x004d, +0x0005, +0x0020, +0x000a, +0x0013, -0x003b, -0x0011, 
    -0x000e, -0x0001, +0x006b, -0x006c, -0x0027, +0x003f, -0x002f, +0x0031, 
    -0x0030, -0x002b, -0x0055, +0x001d, -0x0007, -0x0002, +0x001c, -0x0040, 
    +0x0010, -0x0012, -0x0008, -0x0008, -0x000b, +0x0025, +0x0004, +0x0014, 
    -0x0046, -0x006f, -0x0050, +0x0000, +0x000a, -0x0012, -0x002c, -0x0044, 
    +0x002f, -0x0025, -0x0034, -0x0025, -0x0019, +0x0019, +0x001b, +0x0035, 
    -0x0015, -0x0031, +0x007f, -0x0041, -0x000f, +0x002e, +0x000a, +0x0007, 
    -0x0029, +0x0059, +0x0038, -0x0022, +0x0039, -0x0024, -0x0023, +0x0012, 
    -0x0006, -0x0034, +0x0046, -0x0015, -0x0001, +0x0000, +0x0037, -0x0012, 
    -0x002d, +0x0025, -0x001b, +0x0031, +0x0003, -0x0017, -0x0027, -0x0021, 
    -0x0013, -0x0056, +0x0000, -0x0018, -0x0002, -0x000e, -0x000c, -0x002c, 
    +0x002c, -0x000f, -0x0044, +0x004c, +0x000b, +0x0021, -0x0024, -0x0008, 
    -0x0020, -0x007f, +0x001a, +0x001c, -0x003f, -0x0026, +0x0018, +0x000b, 
    -0x0017, -0x0003, -0x002a, -0x0008, +0x0007, -0x000d, -0x003f, +0x0006, 
    +0x003c, -0x003a, +0x0021, +0x0029, -0x003c, -0x0010, +0x001c, +0x0009, 
    +0x0001, -0x0030, -0x001f, +0x0014, -0x0021, -0x0019, -0x0014, +0x001b, 
    +0x0038, -0x000f, -0x0010, +0x003d, -0x005f, -0x0019, -0x0003, -0x0003, 
    +0x007f, +0x0004, -0x004d, +0x0032, -0x0029, -0x002a, -0x0002, -0x0010, 
    -0x0072, +0x0041, -0x0026, -0x003e, -0x002c, +0x0000, +0x0005, +0x0004, 
    +0x0000, +0x002f, +0x000a, -0x0008, -0x002d, -0x0024, -0x0048, +0x000e, 
    +0x0024, +0x0039, +0x0008, +0x0039, -0x0041, -0x0013, +0x000b, +0x0004, 
    +0x0027, -0x0009, +0x002c, +0x0053, -0x0007, -0x0006, -0x000d, +0x0028, 
    +0x0014, +0x002b, -0x0041, +0x0003, -0x0034, -0x0027, +0x0007, -0x000c, 
    +0x0017, +0x000a, +0x002e, +0x001e, -0x0023, -0x0003, -0x000c, +0x0004, 
    -0x001b, -0x0018, +0x0010, -0x0033, -0x0033, +0x0032, +0x0002, -0x004a, 
    -0x0038, +0x0029, -0x0043, +0x0016, -0x0029, -0x0002, -0x0025, -0x0022, 
    +0x0027, -0x0015, +0x0013, +0x002a, -0x007f, +0x001d, -0x0013, -0x0015, 
    -0x0009, +0x0027, -0x006f, +0x0028, -0x000e, -0x0013, +0x0001, -0x000d, 
    +0x0014, -0x001d, -0x0031, -0x002f, -0x0026, +0x000e, -0x000f, +0x0008, 
    +0x0023, +0x001b, -0x0036, +0x003f, -0x001e, +0x0005, +0x000a, -0x0022, 
    +0x000a, +0x0039, +0x0038, +0x005e, +0x000a, +0x0021, -0x0013, -0x0031, 
    +0x0030, -0x0012, -0x0008, -0x0014, +0x0015, +0x001a, +0x0007, -0x0026, 
    +0x0001, +0x0055, +0x0015, +0x0059, -0x0051, +0x0054, -0x002e, -0x0013, 
    -0x0011, -0x0016, -0x0055, +0x0034, -0x0013, +0x002a, -0x0006, -0x0037, 
    -0x0019, +0x0025, -0x001e, +0x0054, -0x0025, +0x004a, +0x0022, +0x001f, 
    +0x0014, -0x001c, -0x0018, +0x001f, +0x0005, +0x0015, -0x0017, -0x003e, 
    +0x000d, +0x000e, +0x002c, +0x0001, +0x0029, +0x0008, +0x0005, -0x001f, 
    -0x002a, +0x0009, -0x0029, -0x0030, +0x002c, -0x0022, -0x0014, +0x0010, 
    -0x0026, +0x0029, +0x001e, +0x000a, +0x002c, -0x0009, +0x002a, -0x003a, 
    -0x0021, +0x000f, -0x0009, -0x003b, +0x001e, -0x0004, -0x0016, -0x0013, 
    +0x001d, +0x0016, +0x0030, -0x0002, +0x0021, +0x0007, +0x0014, -0x0049, 
    -0x001c, +0x0010, +0x000a, -0x003a, +0x001d, -0x0018, -0x0015, -0x0005, 
    -0x001f, -0x000b, +0x0006, +0x002d, -0x0020, +0x000d, -0x001d, -0x0030, 
    +0x0009, -0x0007, -0x0011, -0x002d, +0x002a, -0x0039, -0x001d, -0x001c, 
    -0x001e, +0x0011, -0x0017, +0x000d, +0x0024, +0x0003, -0x002a, +0x0037, 
    -0x001e, -0x001a, -0x001a, -0x0003, +0x000e, +0x0010, -0x001c, +0x0000, 
    +0x0029, -0x0021, -0x000a, +0x0021, +0x001e, +0x0023, -0x000f, -0x0023, 
    +0x0018, -0x0008, -0x0013, -0x0003, -0x0003, +0x0012, -0x0010, +0x0003, 
    -0x0017, +0x0017, -0x0004, +0x0008, -0x004d, -0x001f, -0x0011, -0x0024, 
    +0x002e, +0x0032, +0x002c, -0x000f, -0x000c, +0x000a, -0x0010, +0x0007, 
    -0x007d, +0x0018, +0x0006, +0x0016, +0x0003, +0x000e, -0x001a, +0x001d, 
    +0x0006, -0x0005, +0x0032, +0x002a, +0x0032, -0x0016, -0x0026, +0x0011, 
    +0x0011, +0x0007, +0x0014, -0x000d, +0x0007, -0x0003, -0x000a, -0x0003, 
    +0x000f, -0x000c, -0x0002, +0x0020, +0x004a, -0x004a, +0x001d, +0x001d, 
    +0x0012, -0x0026, +0x0021, +0x0007, -0x000a, +0x0010, +0x0027, -0x000b, 
    -0x000f, +0x0004, -0x0039, -0x0025, -0x005b, +0x0009, +0x002e, -0x0004, 
    +0x0008, +0x0019, +0x001e, +0x0049, -0x0008, +0x0015, +0x0027, +0x0004, 
    -0x0027, -0x0001, -0x003a, -0x0019, +0x0021, -0x0023, -0x0015, -0x002d, 
    +0x0035, -0x0003, -0x001f, +0x0004, +0x001e, +0x001d, +0x0026, +0x0014, 
    -0x0002, -0x001b, -0x0021, +0x001d, +0x0019, -0x0024, -0x004e, -0x001a, 
    -0x0007, +0x0006, +0x0051, -0x003a, +0x0003, -0x000c, -0x0016, +0x0000, 
    -0x0003, -0x0007, -0x003a, -0x0013, -0x001d, -0x0006, +0x0021, +0x003b, 
    +0x0030, +0x0008, +0x0056, +0x0009, -0x0026, -0x000b, -0x0033, -0x004d, 
    +0x001e, -0x000a, -0x000b, -0x000f, -0x001b, +0x002b, +0x0009, +0x0013, 
    +0x0013, -0x0007, +0x001a, +0x0016, -0x001f, -0x0008, +0x0017, -0x0001, 
    -0x0017, -0x0024, -0x0014, -0x0005, +0x0015, +0x0018, -0x0011, -0x0018, 
    -0x0001, -0x0028, +0x0009, -0x001b, -0x0008, +0x0013, -0x004b, -0x0026, 
    -0x0004, +0x0001, -0x001f, -0x000f, +0x0032, -0x0010, -0x0015, +0x0009, 
    +0x003a, -0x0059, +0x0034, +0x000b, -0x0003, -0x0055, -0x0035, -0x0033, 
    -0x002e, +0x0003, -0x0011, -0x002b, -0x0007, +0x007f, -0x0042, +0x000f, 
    -0x0006, -0x001b, +0x0001, -0x000c, -0x0007, +0x0026, +0x0021, -0x0017, 
    +0x000e, +0x0005, -0x000e, +0x0002, -0x000b, -0x0014, +0x0007, +0x000e, 
    -0x0006, +0x0000, -0x0028, +0x000f, -0x0012, +0x0035, -0x001c, +0x0011, 
    +0x001b, +0x0007, +0x0015, +0x0033, -0x0044, -0x0014, +0x0036, -0x002e, 
    -0x003b, +0x0010, +0x001f, +0x0000, +0x0009, +0x0011, +0x0012, +0x0015, 
    +0x0026, +0x0001, -0x0011, +0x002f, +0x001a, -0x0007, +0x000b, -0x0021, 
    -0x0034, -0x0014, +0x0058, +0x0044, -0x001e, -0x0012, -0x000e, -0x0003, 
    +0x000e, +0x000c, -0x001d, -0x001e, -0x0009, +0x0013, -0x0019, -0x000d, 
    -0x001c, -0x000a, -0x003d, -0x0004, -0x0013, +0x001f, +0x0002, -0x000d, 
    +0x0022, -0x0002, +0x0014, +0x0037, +0x000c, -0x0014, +0x0024, -0x002e, 
    -0x0015, -0x004a, +0x002b, +0x0028, -0x001e, +0x0023, +0x0010, -0x004b, 
    -0x0002, -0x0004, +0x000e, +0x0047, -0x001c, +0x0004, -0x000c, -0x0010, 
    -0x0001, +0x0000, +0x001f, +0x0018, +0x0008, -0x0011, +0x0020, +0x0006, 
    -0x0026, -0x000c, -0x002d, +0x0012, -0x0009, -0x0019, +0x0007, -0x000c, 
    -0x0017, -0x0020, -0x001e, -0x001c, +0x0009, +0x0006, +0x0025, +0x0002, 
    -0x0042, +0x000f, -0x0029, -0x0019, +0x003e, +0x001f, -0x0004, -0x0029, 
    +0x000b, -0x0028, +0x0023, +0x000b, +0x000a, +0x0026, +0x000e, -0x0048, 
    -0x0026, -0x0001, -0x002e, -0x0013, -0x000d, +0x0020, -0x0018, +0x002c, 
    +0x001d, +0x0008, +0x0025, -0x0024, +0x0067, +0x0015, +0x0027, -0x000a, 
    -0x0001, +0x0007, -0x0022, -0x0002, -0x0030, +0x002b, +0x0044, +0x0016, 
    -0x0021, +0x000b, +0x000e, -0x0008, +0x000e, +0x0009, +0x0049, +0x0017, 
    -0x001e, -0x0009, +0x000a, -0x0029, +0x0009, -0x0001, -0x001b, +0x0041, 
    -0x0005, -0x0019, +0x000f, +0x0022, +0x0002, +0x0036, +0x0046, -0x0001, 
    +0x0007, -0x0015, +0x0022, +0x000d, -0x0004, -0x0010, -0x0042, +0x002c, 
    +0x0020, +0x0004, +0x000b, -0x000e, +0x0007, +0x0006, +0x0038, +0x001a, 
    -0x0008, +0x0004, -0x0013, -0x0034, +0x0007, -0x0007, -0x000f, -0x0016, 
    -0x002c, -0x000e, -0x0043, -0x0004, +0x0010, -0x0019, +0x0030, -0x0047, 
    +0x001c, +0x0010, -0x0005, -0x002a, +0x002a, -0x0004, +0x003d, +0x002b, 
    +0x0018, +0x000d, +0x0017, +0x000c, -0x002e, -0x0016, -0x0003, -0x004a, 
    +0x002a, +0x0007, -0x0033, +0x000c, -0x0006, -0x000c, -0x0007, +0x0003, 
    +0x0011, +0x0010, -0x0040, +0x0038, +0x0013, -0x000a, +0x0036, -0x001c, 
    -0x000a, +0x000a, -0x004e, +0x0048, -0x0006, +0x001c, +0x001c, -0x002a, 
    -0x0048, -0x0004, -0x000b, +0x0000, +0x002f, +0x0002, +0x0033, -0x0030, 
    +0x0011, +0x000b, -0x001e, -0x0032, +0x0004, +0x000b, +0x0026, +0x0035, 
    -0x0022, +0x0014, +0x002e, +0x0019, -0x000e, -0x0021, +0x0008, -0x0006, 
    -0x0026, -0x0004, -0x001b, +0x0002, -0x0032, -0x0009, -0x0004, -0x0010, 
    -0x0003, -0x000f, -0x0037, +0x004a, +0x000f, -0x0011, -0x000b, -0x0022, 
    -0x002e, -0x0013, -0x0017, +0x002f, -0x003d, +0x0011, -0x003e, -0x000e, 
    -0x0052, +0x0001, -0x0010, -0x0024, +0x0013, +0x000b, +0x002a, +0x0065, 
    +0x0016, -0x000c, +0x001e, -0x0008, +0x001c, -0x0026, +0x0012, +0x000a, 
    +0x001a, -0x0021, -0x001a, +0x0029, -0x0009, -0x0002, +0x001c, +0x0022, 
    +0x000a, -0x003a, -0x0003, -0x0031, -0x0026, -0x003e, +0x0016, -0x0012, 
    +0x001d, +0x0004, +0x0005, +0x0007, +0x0004, +0x0001, +0x001e, +0x003a, 
    -0x0036, -0x0022, +0x0043, -0x000c, -0x0050, -0x0020, +0x0006, -0x0044, 
    -0x0049, -0x001a, +0x0025, -0x0002, -0x001d, -0x0020, -0x0033, +0x007f, 
    +0x0025, -0x000b, -0x0016, +0x0010, +0x0017, -0x0020, -0x0031, -0x000e, 
    -0x0013, -0x0024, +0x0015, -0x000b, -0x0002, -0x0025, +0x0016, -0x0022, 
    +0x0000, -0x003e, -0x0029, -0x0052, -0x0028, -0x0007, +0x0006, +0x0031, 
    -0x000b, -0x0009, +0x000f, -0x0009, -0x0002, -0x0030, -0x0007, -0x0005, 
    -0x000c, -0x002b, +0x0018, -0x0063, -0x0034, +0x0002, -0x0019, -0x000d, 
    -0x0022, +0x002e, +0x003f, -0x0007, -0x000b, +0x000d, +0x0006, +0x003a, 
    -0x0025, +0x002a, -0x0029, +0x0025, -0x001d, +0x0015, -0x0040, -0x0026, 
    -0x0003, +0x0013, +0x0024, +0x001e, +0x0055, -0x0029, +0x0005, +0x0016, 
    -0x003a, +0x001b, +0x0011, -0x003e, -0x0020, +0x0040, +0x001a, -0x0022, 
    +0x0002, -0x001c, -0x000c, +0x0001, +0x0036, -0x0008, -0x0017, -0x0016, 
    -0x001a, -0x0016, -0x0015, -0x003f, -0x0018, -0x0006, -0x0023, -0x001d, 
    -0x0047, -0x002e, +0x0004, -0x0023, -0x0014, -0x0003, -0x0035, -0x001c, 
    +0x0008, +0x0007, -0x001a, +0x001a, +0x002d, -0x001c, -0x0021, +0x0043, 
    -0x0033, +0x0007, -0x000d, -0x0038, -0x000d, -0x0003, -0x002a, +0x0024, 
    -0x000a, +0x0033, -0x002f, +0x003b, +0x0000, -0x000d, -0x001b, +0x005e, 
    -0x0037, -0x0018, -0x0037, -0x0007, +0x0006, -0x0007, -0x0001, -0x000e, 
    +0x005d, -0x001c, -0x0047, +0x0045, -0x0025, -0x0040, -0x0030, -0x0017, 
    -0x001b, -0x0015, -0x000d, -0x000b, -0x0013, -0x0014, -0x001f, -0x0004, 
    -0x0007, +0x0037, -0x000f, +0x001c, +0x0057, +0x0001, -0x0006, +0x002e, 
    -0x0010, -0x0001, +0x0015, +0x0039, -0x002f, +0x0006, -0x002b, -0x0013, 
    -0x0015, +0x0034, +0x0000, +0x0028, +0x0010, +0x0005, +0x0018, +0x0001, 
    -0x0020, -0x0010, -0x000b, +0x001b, -0x001a, -0x0018, -0x000c, -0x0019, 
    +0x004b, +0x001a, -0x0044, +0x0018, +0x0003, +0x0035, -0x0028, -0x0009, 
    +0x0034, +0x0014, +0x0012, -0x0042, -0x0005, -0x0022, -0x000a, +0x0021, 
    +0x001c, -0x000b, +0x0011, -0x000f, +0x0050, -0x0006, +0x0037, +0x000a, 
    +0x0005, +0x001c, +0x0030, +0x0013, -0x0007, +0x0017, -0x0005, +0x003b, 
    +0x000c, -0x0004, +0x0022, +0x000e, +0x002b, +0x0001, +0x002b, +0x0004, 
    +0x002a, +0x0000, +0x0031, +0x001d, -0x0003, -0x003f, -0x0009, -0x0010, 
    +0x002a, +0x0007, -0x0006, -0x000d, -0x0004, +0x000e, +0x0020, +0x001b, 
    -0x0018, +0x0001, +0x0014, +0x0009, +0x003c, -0x0033, +0x0051, +0x0036, 
    -0x0014, +0x0014, -0x0057, -0x001a, -0x0003, -0x000a, +0x0038, -0x0019, 
    +0x000b, -0x0002, +0x001c, +0x000e, -0x000b, -0x0035, +0x0013, +0x0049, 
    -0x002b, +0x0012, +0x0017, +0x002f, -0x0009, -0x0019, +0x0034, +0x003a, 
    -0x0007, -0x001a, +0x0010, +0x0000, +0x0018, -0x0001, +0x0046, +0x0058, 
    -0x002e, -0x0005, -0x0046, +0x0004, -0x0057, +0x0014, +0x0017, +0x0006, 
    +0x001c, -0x0002, +0x001c, +0x0033, -0x0004, +0x0012, -0x0029, +0x0006, 
    -0x001d, -0x001b, -0x0037, +0x0019, -0x0016, +0x001c, +0x0000, -0x0011, 
    +0x0023, -0x001e, +0x0014, -0x001f, -0x000d, -0x000e, -0x0030, -0x0012, 
    -0x000f, +0x0008, +0x0018, +0x0027, +0x000c, +0x0003, +0x0004, +0x001c, 
    +0x001f, -0x0010, +0x0018, +0x002f, -0x0010, -0x0012, +0x000f, -0x0011, 
    -0x0009, +0x0011, +0x0003, +0x000c, -0x002e, -0x000b, -0x000e, -0x002e, 
    +0x0016, +0x0018, +0x0008, +0x0008, -0x0034, -0x000c, -0x0033, +0x0017, 
    -0x0014, -0x0011, +0x000e, +0x0002, -0x0019, +0x0010, -0x000b, +0x0008, 
    -0x000b, -0x0009, +0x0015, -0x000a, +0x0016, -0x0039, -0x003f, -0x003b, 
    -0x0006, -0x000e, +0x000d, -0x0018, +0x0038, +0x0003, +0x0012, -0x0004, 
    +0x0003, -0x000b, +0x0025, +0x001b, -0x0021, -0x0023, -0x0015, -0x002a, 
    +0x0000, -0x0011, -0x0008, -0x0019, +0x0015, -0x0020, -0x0003, -0x0022, 
    -0x000e, -0x0015, -0x0002, -0x0045, -0x0033, +0x0012, +0x0023, -0x0016, 
    +0x004f, -0x0047, +0x001c, +0x0015, -0x0024, +0x0018, +0x000c, +0x001b, 
    -0x0016, -0x0016, +0x003c, -0x0017, -0x000f, -0x0022, +0x0025, +0x0017, 
    +0x0056, -0x0015, -0x000a, -0x0013, +0x0017, +0x0027, +0x0001, +0x0044, 
    -0x000a, -0x0009, +0x0004, -0x004f, +0x0020, +0x0015, +0x002c, -0x001b, 
    +0x0001, +0x001e, -0x0034, +0x0001, +0x001b, +0x000f, -0x000e, -0x000b, 
    +0x002a, -0x002e, +0x0000, -0x002d, -0x0001, -0x0019, -0x000a, -0x000a, 
    +0x0041, +0x0044, +0x0018, +0x0003, +0x0013, -0x001c, +0x0009, +0x0015, 
    +0x0020, -0x0027, +0x004f, -0x0017, +0x0002, -0x0049, +0x0001, -0x0010, 
    +0x0001, +0x002a, +0x0010, -0x0024, +0x0004, +0x0012, -0x0015, -0x0029, 
    +0x002f, +0x0008, +0x0010, -0x002a, +0x0011, -0x0006, -0x000e, -0x000b, 
    -0x0023, -0x0016, -0x0002, -0x0025, +0x0015, -0x0007, +0x000d, -0x0023, 
    -0x0013, +0x001a, -0x0032, -0x0009, +0x0022, -0x0042, -0x0005, -0x0028, 
    +0x001f, +0x004a, -0x0005, -0x000a, +0x004e, +0x0043, +0x0000, +0x0016, 
    +0x000c, +0x0016, +0x0028, -0x001a, +0x0036, -0x0017, -0x0020, +0x001b, 
    -0x0002, +0x0023, -0x0016, -0x002e, +0x0008, +0x0035, -0x000a, +0x001b, 
    +0x002b, -0x003e, -0x004f, +0x0007, +0x002c, -0x000d, +0x0005, -0x000d, 
    -0x000f, -0x002c, +0x0015, +0x0000, -0x0029, -0x001d, -0x0021, +0x001f, 
    -0x001b, +0x004c, +0x0011, +0x0015, -0x001c, +0x0005, -0x001c, -0x0034, 
    -0x0035, +0x000b, +0x0019, +0x0001, -0x0003, -0x0029, -0x0021, -0x0029, 
    -0x002b, +0x0042, -0x0016, +0x002f, -0x0008, +0x0004, +0x0024, -0x000a, 
    -0x000c, -0x000a, +0x0020, -0x0025, -0x001b, -0x0022, -0x0006, +0x0010, 
    -0x0011, +0x0020, -0x002c, +0x0005, +0x0008, +0x0023, +0x0018, -0x0018, 
    +0x0012, -0x001d, +0x0025, -0x0013, -0x001e, -0x001b, -0x0009, -0x0053, 
    +0x002e, -0x000e, +0x000f, -0x0003, -0x000a, +0x0022, -0x0017, -0x0017, 
    -0x0009, -0x0009, -0x0013, -0x000f, +0x0005, -0x000f, -0x0056, +0x0021, 
    -0x001e, -0x0023, -0x0020, -0x0040, -0x0005, +0x000c, +0x0021, -0x000a, 
    +0x0039, -0x001d, +0x001c, -0x0066, +0x001d, -0x001e, -0x000d, +0x000a, 
    -0x0016, -0x0012, +0x0009, -0x0024, +0x0009, +0x0004, -0x0003, -0x0005, 
    +0x003f, -0x0003, +0x002c, -0x0010, +0x0041, -0x0016, +0x0034, -0x0050, 
    -0x0003, -0x0015, -0x001b, -0x001b, +0x0057, +0x0022, -0x0015, -0x0013, 
    -0x002f, +0x000d, +0x0020, +0x003f, +0x0034, +0x0019, +0x0000, -0x0028, 
    +0x002c, -0x000e, +0x0022, -0x0032, +0x0004, +0x0028, +0x0012, -0x0068, 
    +0x000c, -0x000e, +0x0012, +0x0049, -0x0005, -0x001a, -0x0020, +0x0003, 
    +0x003a, -0x0017, +0x0005, -0x000b, -0x000a, +0x000c, +0x0006, -0x000f, 
    +0x0022, -0x0021, +0x000d, +0x0001, +0x000e, +0x000a, +0x0022, -0x005d, 
    -0x002d, -0x000e, +0x0019, -0x000c, +0x0031, -0x0002, +0x0021, +0x0040, 
    -0x0041, +0x0028, -0x0011, -0x0014, -0x0013, -0x0010, -0x0038, -0x0013, 
    -0x0009, -0x000c, +0x0020, +0x0001, +0x0056, +0x0010, -0x0006, +0x0010, 
    -0x0004, +0x003c, +0x0008, +0x0014, -0x002e, -0x0004, -0x0033, +0x0009, 
    -0x0021, -0x0004, -0x0023, +0x0004, +0x0032, +0x000f, +0x000b, +0x0034, 
    +0x0001, +0x0027, +0x0003, -0x0019, +0x001c, +0x0003, -0x0006, +0x001e, 
    +0x000f, +0x0007, -0x0008, +0x000b, +0x000c, -0x0020, +0x0032, +0x0005, 
    -0x0024, +0x0015, -0x0020, -0x0029, -0x0001, +0x0011, +0x0023, -0x003d, 
    +0x0011, +0x0000, -0x0001, -0x000d, +0x003a, -0x000a, +0x0015, +0x0016, 
    -0x0017, +0x0028, -0x0017, -0x0034, -0x0023, +0x0032, -0x0011, -0x0041, 
    +0x0002, +0x0010, -0x0016, -0x001a, +0x0029, -0x000a, +0x003f, -0x0001, 
    -0x0003, +0x0007, -0x0002, -0x0022, +0x000e, +0x0020, -0x0003, +0x000d, 
    +0x0004, -0x001c, -0x000c, -0x003f, -0x0029, +0x0009, -0x000b, +0x0030, 
    -0x0009, -0x0003, -0x000d, -0x0004, +0x000b, +0x000c, +0x0019, -0x0033, 
    -0x0019, -0x0001, -0x0032, -0x001a, +0x0002, -0x0019, +0x0019, -0x0042, 
    +0x000f, -0x001a, -0x000d, +0x001d, -0x0050, -0x0027, -0x0039, +0x0018, 
    -0x0037, +0x0013, -0x002e, -0x001d, +0x0003, -0x002f, +0x0014, +0x0013, 
    -0x0008, -0x0036, -0x0011, +0x0012, +0x0015, -0x0028, -0x0036, +0x0022, 
    +0x0007, -0x0016, -0x0011, +0x000b, +0x0029, -0x0029, -0x0026, -0x0022, 
    +0x0007, -0x001b, -0x000f, -0x001b, +0x0029, +0x0002, -0x0020, -0x0025, 
    +0x0033, -0x002c, -0x002a, +0x001d, +0x002a, -0x000e, +0x0035, +0x000a, 
    +0x0029, -0x0009, +0x0014, +0x004c, -0x0012, -0x0015, -0x0042, -0x0021, 
    +0x0034, -0x0008, +0x000b, -0x0015, +0x0017, +0x000b, -0x000a, +0x0010, 
    -0x0001, +0x0020, +0x000b, +0x006c, -0x0013, -0x0013, -0x0064, -0x0004, 
    -0x0002, +0x0009, -0x0020, -0x0017, -0x0013, -0x001c, -0x003e, -0x0038, 
    -0x0004, -0x0014, -0x0002, -0x0007, +0x001e, -0x002a, +0x000f, -0x000d, 
    +0x0041, +0x0004, -0x0018, -0x000e, -0x0006, -0x0007, +0x0014, -0x0015, 
    +0x0027, -0x0021, -0x0025, +0x0048, +0x0006, +0x000a, -0x0016, -0x002a, 
    +0x0016, +0x0018, -0x000f, -0x0002, +0x000d, +0x0018, -0x0027, +0x0022, 
    +0x000d, +0x001d, -0x000f, +0x0060, -0x0020, +0x0010, -0x0013, -0x0028, 
    +0x000b, +0x002e, +0x001e, -0x001c, -0x0012, -0x000e, -0x0006, -0x002d, 
    -0x0021, -0x0018, +0x000d, -0x0037, +0x0018, +0x000b, +0x002d, +0x0023, 
    +0x003a, +0x000c, +0x0025, -0x0009, -0x0031, +0x0003, +0x0004, +0x0040, 
    +0x0029, -0x0035, -0x000d, -0x0062, +0x0011, +0x0002, -0x0016, +0x003f, 
    +0x0012, +0x000d, +0x0003, -0x003e, -0x0022, +0x0001, -0x0020, +0x0046, 
    -0x0004, +0x0002, -0x001e, -0x002f, -0x001b, +0x000e, +0x000d, +0x0002, 
    +0x001a, -0x000c, -0x0009, -0x002b, +0x0032, +0x0032, +0x0008, -0x002f, 
    -0x004d, +0x0022, -0x0008, -0x0015, +0x0002, -0x0035, -0x0015, +0x0003, 
    +0x0004, -0x0025, -0x001c, -0x002f, +0x003e, +0x0035, -0x0005, +0x0008, 
    -0x000e, +0x0057, -0x002b, -0x001c, -0x0003, -0x0017, -0x001d, +0x0000, 
    -0x0016, +0x0002, -0x001b, -0x0015, +0x001b, +0x0008, +0x0004, -0x0015, 
    -0x001a, +0x0051, -0x000f, -0x0040, +0x0040, +0x000e, -0x0018, -0x0011, 
    -0x000d, +0x0013, +0x0030, -0x000f, +0x0011, +0x0033, +0x0015, -0x000c, 
    +0x0006, -0x002c, +0x001b, +0x0012, +0x0003, +0x0029, -0x0016, -0x000c, 
    +0x004e, +0x0002, -0x0015, -0x0041, +0x002a, +0x0042, -0x0002, -0x000d, 
    +0x0009, +0x0014, +0x001f, -0x002d, -0x001b, +0x0014, +0x000f, -0x0018, 
    +0x002b, +0x0003, +0x000b, +0x000c, -0x0015, -0x000e, +0x0035, +0x000c, 
    -0x0016, -0x0030, -0x0033, -0x0017, +0x000a, +0x002a, -0x000d, -0x000a, 
    -0x0029, -0x0011, +0x0021, -0x0018, +0x000f, -0x0012, -0x0013, +0x0028, 
    +0x001b, +0x000d, +0x001c, +0x0010, +0x004b, +0x001a, +0x000f, +0x002a, 
    -0x0010, +0x0009, -0x002f, -0x0028, -0x001d, -0x002a, -0x0026, +0x0030, 
    +0x0003, +0x0024, +0x0005, -0x001f, +0x000e, -0x0002, +0x0001, +0x0067, 
    +0x0011, +0x0028, -0x0007, +0x0002, -0x0045, +0x0002, -0x000b, +0x0031, 
    -0x0016, -0x0026, -0x0025, -0x0001, -0x0002, -0x002d, -0x0004, +0x0010, 
    +0x0014, -0x0017, -0x0017, +0x0037, +0x002d, -0x0043, -0x003c, -0x0043, 
    -0x0012, +0x0020, +0x001a, +0x0034, +0x0026, -0x0001, -0x0020, -0x0022, 
    +0x001c, -0x0051, -0x0001, -0x004d, +0x0019, -0x0032, -0x0054, -0x004b, 
    +0x000c, +0x0004, -0x0019, +0x0030, +0x0038, +0x002d, -0x001a, -0x006b, 
    -0x000e, -0x0027, -0x0013, +0x0007, -0x0008, -0x0012, -0x002a, -0x0018, 
    +0x0019, +0x001b, -0x0015, +0x003c, -0x0002, +0x0029, -0x001a, -0x0053, 
    +0x0031, +0x000a, -0x0014, +0x0032, +0x0030, +0x0017, +0x0003, -0x001a, 
    -0x0001, -0x001b, +0x0020, -0x0008, +0x0049, +0x0003, +0x001c, +0x0008, 
    +0x0039, -0x0009, -0x0027, +0x000d, +0x0042, +0x0010, +0x003d, +0x000d, 
    +0x002b, -0x000b, -0x0011, +0x0030, +0x001d, +0x0031, -0x0007, +0x001e, 
    +0x000f, +0x0019, -0x003c, +0x0014, +0x0052, +0x0041, +0x0042, +0x0026, 
    +0x0014, +0x000f, -0x0009, +0x001f, +0x0005, -0x0005, +0x000d, +0x002f, 
    +0x0017, -0x0003, -0x001c, +0x000e, -0x0026, -0x000a, +0x000a, +0x0031, 
    +0x0012, +0x000b, -0x001e, +0x001f, +0x0044, +0x0019, +0x0019, -0x0009, 
    +0x0002, +0x0016, +0x0027, +0x0012, -0x002f, -0x0026, +0x0058, -0x001b, 
    +0x002a, +0x0001, -0x001d, +0x0021, +0x000e, -0x000f, +0x0017, +0x0056, 
    +0x0048, -0x0003, +0x001a, -0x002e, -0x004a, +0x0010, +0x0047, +0x0005, 
    +0x0020, +0x0012, -0x0024, +0x003c, -0x0007, -0x0032, +0x0010, +0x0020, 
    -0x0004, -0x0006, -0x0006, +0x000f, -0x001f, +0x000a, +0x0007, -0x002b, 
    +0x0014, +0x0015, +0x000c, +0x002d, +0x0038, -0x0031, +0x0006, -0x0027, 
    +0x000d, -0x000f, -0x0020, +0x002a, -0x000b, +0x000b, +0x002d, -0x0022, 
    -0x0004, +0x000d, +0x0019, +0x002e, +0x000e, -0x0014, -0x000e, +0x0017, 
    -0x0003, +0x0007, -0x0005, +0x0041, +0x0040, -0x000c, +0x0017, -0x0018, 
    -0x0029, -0x0009, -0x0025, +0x0023, -0x0019, -0x0004, -0x0010, +0x0024, 
    -0x0009, -0x0041, +0x000d, -0x0006, -0x0010, +0x0034, +0x000c, -0x0011, 
    -0x0001, +0x002a, +0x000c, +0x0023, +0x0008, -0x0033, -0x0024, -0x0020, 
    +0x002a, +0x0004, +0x0025, +0x006d, -0x002c, +0x0031, +0x0005, -0x0025, 
    +0x0010, +0x0034, +0x0015, +0x0021, -0x0014, +0x000b, -0x0030, +0x0025, 
    +0x000e, +0x0005, -0x0010, -0x002d, -0x000f, +0x000c, +0x001c, -0x0028, 
    +0x0014, -0x001f, +0x0022, +0x0041, +0x0014, +0x0001, -0x0011, +0x0016, 
    +0x0001, -0x0009, -0x001f, -0x0024, +0x0001, +0x0012, +0x0003, -0x000a, 
    +0x0012, -0x0001, -0x000a, -0x000b, -0x0016, -0x000e, -0x0004, -0x0043, 
    -0x0016, -0x0010, -0x0010, +0x0037, -0x003e, +0x002b, -0x0026, -0x0033, 
    +0x0021, +0x000f, -0x002b, -0x0027, +0x0002, -0x0025, -0x000a, -0x0004, 
    -0x0010, -0x0006, -0x0031, +0x0008, +0x0003, +0x0014, -0x0022, -0x0018, 
    +0x002d, -0x0020, +0x001a, -0x0030, +0x0055, -0x0005, -0x0008, -0x0020, 
    +0x0001, -0x0018, -0x0054, +0x0005, -0x000d, -0x0004, +0x000e, -0x0012, 
    +0x002c, -0x0038, -0x0008, -0x001b, +0x001c, -0x0011, -0x0004, +0x0053, 
    -0x0041, -0x001f, -0x0046, +0x002d, +0x0005, -0x0029, -0x0009, -0x0012, 
    -0x000d, -0x0025, +0x0022, +0x0023, +0x002c, -0x001c, +0x0001, +0x0006, 
    +0x0023, +0x0012, +0x000c, +0x0003, +0x0031, -0x0004, -0x002f, -0x0027, 
    +0x0000, -0x001a, +0x0034, +0x0013, +0x0009, -0x0015, +0x0012, +0x0043, 
    +0x0015, -0x001c, -0x0045, -0x0031, -0x0028, +0x0035, +0x0028, +0x0004, 
    +0x0027, -0x000f, -0x000a, -0x0005, -0x002e, +0x0005, +0x0022, -0x0014, 
    -0x0013, -0x002b, -0x001c, +0x0000, -0x003b, +0x0017, +0x0032, -0x0010, 
    +0x0029, +0x000f, -0x0001, +0x0023, +0x0010, -0x0034, +0x0019, -0x0053, 
    -0x0031, +0x000e, +0x0033, -0x0015, -0x0022, +0x0000, -0x003e, -0x0002, 
    +0x0046, +0x001b, +0x007f, +0x0023, -0x0006, +0x0000, +0x0031, -0x0048, 
    -0x001a, -0x0008, +0x0001, -0x0035, +0x0027, +0x000b, +0x000e, +0x0004, 
    -0x0034, +0x000f, -0x0029, +0x000c, -0x0037, +0x0008, +0x0022, -0x000c, 
    -0x0078, +0x0006, +0x001d, -0x000b, +0x000e, +0x0005, +0x0013, -0x0016, 
    -0x0025, +0x0003, -0x0033, -0x0021, +0x0015, -0x0010, +0x001c, -0x0028, 
    -0x006a, +0x0004, +0x0027, -0x002a, +0x0025, +0x002c, -0x001d, -0x0031, 
    +0x005f, +0x0008, +0x0022, -0x000a, +0x0036, +0x001a, +0x0000, -0x0008, 
    +0x0039, +0x000e, -0x002b, -0x001e, +0x0010, +0x0025, -0x002f, +0x001f, 
    +0x0009, +0x001c, +0x001f, -0x001f, +0x000b, +0x0003, +0x0022, +0x000c, 
    +0x0021, -0x000f, -0x000d, +0x0000, -0x0007, -0x0021, -0x004e, -0x0004, 
    +0x0004, -0x001a, +0x0045, +0x0000, +0x0007, +0x0001, +0x0013, -0x0002, 
    -0x0015, +0x0027, -0x0039, +0x0049, +0x001e, -0x000d, -0x0040, +0x0030, 
    -0x0037, -0x0004, +0x0004, +0x0010, +0x0000, -0x001f, +0x0010, -0x000d, 
    -0x001d, -0x0025, -0x0006, -0x0013, +0x0014, +0x0028, -0x003e, +0x0015, 
    -0x002b, -0x000e, -0x000e, -0x0011, +0x0015, +0x001b, -0x001a, +0x0003, 
    -0x001c, -0x0015, +0x000c, -0x0045, -0x0020, +0x0014, -0x0031, -0x0006, 
    -0x0012, -0x000e, +0x000c, -0x004e, +0x000b, +0x0017, +0x0016, -0x0027, 
    +0x000a, -0x001e, -0x0014, +0x000a, +0x0019, +0x0008, -0x0047, +0x0034, 
    -0x0018, -0x001a, +0x0006, +0x0003, +0x0002, +0x0004, +0x0000, +0x0019, 
    -0x000a, -0x0031, +0x0000, +0x0017, +0x0007, -0x0026, -0x0045, +0x0024, 
    -0x0037, -0x003e, -0x0004, -0x0009, -0x0018, -0x0038, -0x003d, -0x0039, 
    -0x0018, -0x0022, -0x0013, -0x0029, -0x0009, +0x0009, -0x0057, -0x0008, 
    -0x003c, -0x0045, +0x001c, -0x0034, -0x000b, -0x0014, -0x0015, -0x001c, 
    +0x0021, -0x001d, -0x0016, -0x001a, +0x0031, -0x0007, -0x0026, -0x0016, 
    -0x0002, -0x0020, +0x0000, +0x0016, -0x001a, +0x0014, +0x0002, -0x0038, 
    +0x0003, +0x0012, -0x0009, -0x0028, +0x0039, +0x0005, +0x0057, -0x000b, 
    +0x0005, +0x001d, -0x003e, +0x0055, -0x0004, -0x0004, +0x0030, -0x0022, 
    +0x0014, -0x002e, -0x0003, -0x002c, -0x0001, -0x000b, +0x004c, -0x003a, 
    +0x0027, -0x002f, -0x0018, +0x0015, -0x0010, -0x0012, +0x0015, -0x000a, 
    -0x0010, -0x001a, +0x0014, +0x0019, -0x0009, +0x001d, +0x0020, -0x0010, 
    +0x0010, +0x0033, +0x0009, +0x0054, -0x0012, +0x0010, +0x0027, -0x0032, 
    +0x0021, -0x001c, -0x0026, +0x0039, +0x001d, +0x001b, +0x0032, -0x0025, 
    -0x0022, +0x0036, -0x0031, +0x003b, -0x0022, -0x0017, +0x001e, -0x0019, 
    +0x003e, -0x0025, +0x0013, -0x0014, -0x000c, -0x000b, -0x0002, -0x0031, 
    -0x0029, +0x0048, -0x0018, +0x0003, -0x0013, -0x0011, +0x0013, -0x0011, 
    +0x001c, -0x0019, +0x0018, +0x002e, -0x000a, -0x0005, -0x0014, -0x001f, 
    +0x0005, +0x004f, -0x0012, +0x004d, +0x0005, +0x0001, +0x0002, -0x000b, 
    +0x0003, -0x0038, +0x004b, +0x0031, -0x000a, +0x000f, -0x0003, +0x0004, 
    -0x0006, +0x0033, -0x000b, +0x0053, -0x0036, -0x0014, +0x000d, -0x0051, 
    +0x0017, -0x0009, +0x0019, -0x0027, -0x000f, +0x001b, -0x001a, -0x0004, 
    -0x0010, +0x0059, -0x000d, +0x0067, -0x001b, +0x001e, +0x0016, +0x000c, 
    -0x000f, +0x0003, +0x0047, +0x0034, -0x0003, -0x0021, +0x0019, +0x001a, 
    -0x0002, +0x001d, +0x000c, +0x004f, +0x0025, +0x004f, -0x0016, +0x0005, 
    +0x0002, +0x0018, +0x0048, -0x001c, +0x000f, +0x0017, -0x000a, +0x0035, 
    -0x001c, +0x0018, -0x0028, -0x003b, -0x0013, -0x002d, -0x001b, +0x0010, 
    +0x0008, +0x0044, -0x0004, -0x001a, +0x000c, +0x0014, -0x0012, +0x002f, 
    -0x0019, -0x001e, -0x003b, -0x0040, -0x000f, +0x0016, -0x0050, -0x0027, 
    +0x0002, +0x0003, +0x001c, -0x0022, +0x0019, +0x001c, -0x0025, +0x0024, 
    -0x004b, +0x0017, +0x000b, -0x002e, +0x0009, +0x0027, -0x0010, -0x0005, 
    -0x0028, +0x002f, -0x0027, -0x0010, -0x001b, -0x000a, -0x0006, -0x0054, 
    -0x0012, -0x005e, -0x0030, -0x0067, +0x0014, -0x0020, +0x0011, +0x0042, 
    -0x0015, +0x0005, -0x0021, -0x0025, -0x0003, -0x0028, -0x0009, -0x001a, 
    -0x0004, -0x0064, -0x002b, -0x004a, +0x0006, +0x000d, -0x0058, +0x001a, 
    -0x0010, +0x001a, -0x0001, -0x0060, -0x0012, +0x000a, +0x0012, +0x0009, 
    -0x0025, -0x0024, -0x001d, -0x001f, +0x0005, +0x0002, +0x0011, +0x0010, 
    -0x0009, -0x000d, -0x001c, +0x0020, -0x0021, +0x0012, -0x0002, +0x0014, 
    -0x0004, -0x0002, -0x0068, -0x003e, +0x001b, +0x002d, +0x0042, +0x003b, 
    -0x0027, -0x0030, +0x0004, +0x0014, -0x0001, -0x0034, -0x000a, -0x0006, 
    -0x0010, -0x0020, -0x002a, -0x003b, +0x0010, +0x001c, +0x002d, +0x0012, 
    -0x002c, -0x0032, -0x0018, -0x001d, +0x0014, -0x000b, +0x0018, +0x0015, 
    -0x0001, -0x0065, -0x0030, -0x0034, +0x0033, -0x0001, +0x0020, +0x001d, 
    +0x0036, +0x0005, +0x001b, -0x0026, +0x0000, -0x000d, -0x0007, -0x001e, 
    +0x0044, +0x007b, +0x0007, -0x000f, -0x001a, +0x0006, -0x0018, +0x0039, 
    +0x004e, -0x0017, +0x007f, +0x0044, +0x001e, -0x0012, -0x0038, -0x0024, 
    +0x001d, +0x0007, -0x0025, -0x0045, -0x0009, -0x0009, -0x000a, -0x0015, 
    +0x007f, -0x000d, +0x0036, -0x0014, +0x0028, -0x0029, -0x0008, -0x0021, 
    +0x0001, -0x0015, -0x0007, +0x0000, -0x0032, -0x0012, -0x000c, +0x0021, 
    -0x0005, +0x0007, +0x0020, -0x001c, -0x0016, -0x001b, -0x0007, -0x0004, 
    +0x002c, +0x001b, +0x0014, -0x0010, +0x0023, -0x0018, +0x0001, -0x001d, 
    +0x001c, -0x0025, +0x0056, +0x001b, -0x0024, -0x0008, -0x000d, -0x0029, 
    +0x002a, -0x002f, -0x0043, -0x0015, +0x0027, +0x0009, +0x0008, -0x0021, 
    +0x0039, +0x000f, +0x0050, -0x0030, +0x0032, -0x0040, -0x0009, +0x0004, 
    -0x0008, -0x0034, -0x0028, +0x002c, +0x0002, -0x0005, -0x0015, +0x0020, 
    -0x002a, +0x0008, +0x0015, +0x0012, -0x0008, -0x0030, -0x000e, +0x0027, 
    +0x0008, -0x001d, +0x0019, -0x001f, +0x001d, -0x0037, -0x003c, -0x001e, 
    +0x001a, -0x001c, +0x0009, -0x0010, -0x000e, -0x0018, +0x0016, -0x0009, 
    +0x0005, -0x0064, +0x0008, -0x0016, +0x0017, +0x0001, +0x0001, +0x002c, 
    +0x0028, -0x0007, +0x001b, +0x0037, +0x000c, +0x000c, -0x000e, +0x000c, 
    -0x002e, -0x003c, +0x000c, -0x0010, +0x0003, +0x0000, -0x0022, +0x0019, 
    +0x003d, +0x0003, +0x0014, +0x0003, -0x0032, -0x0008, -0x0017, -0x001b, 
    -0x0039, -0x0026, -0x000a, +0x001f, -0x0018, -0x0006, -0x001a, +0x0048, 
    +0x000c, -0x0015, +0x0034, +0x0022, -0x0030, -0x0025, -0x004d, -0x0001, 
    -0x0033, +0x0027, -0x0013, +0x0008, -0x002d, -0x0018, +0x0001, -0x004d, 
    +0x001a, +0x0013, +0x001b, +0x001e, -0x0034, +0x0012, -0x001a, +0x001f, 
    -0x003a, -0x0015, -0x0032, -0x001f, +0x0005, -0x0001, -0x0016, -0x004f, 
    -0x0005, +0x005e, -0x0021, -0x0022, -0x000b, +0x002b, -0x0040, +0x002d, 
    -0x001b, +0x0001, -0x002b, +0x001a, -0x000a, +0x0031, +0x0025, +0x0016, 
    +0x001a, +0x0012, -0x0032, -0x0057, -0x0030, +0x0029, -0x0045, +0x0000, 
    -0x002d, +0x0048, -0x0035, +0x0008, -0x0008, -0x001a, -0x003a, -0x004a, 
    -0x0028, +0x0044, -0x0030, +0x0012, -0x0012, +0x0043, -0x0027, +0x003f, 
    -0x0027, -0x0017, -0x0023, -0x003b, -0x0029, -0x0009, -0x0020, -0x0068, 
    -0x0047, +0x0020, -0x0022, -0x004f, +0x003c, +0x0015, +0x000b, +0x000f, 
    -0x001a, -0x001a, +0x000f, -0x0006, +0x0024, -0x0025, -0x0012, -0x0005, 
    -0x004a, +0x003b, -0x000d, -0x0059, +0x0004, +0x0025, +0x0021, -0x0044, 
    -0x006f, +0x0010, -0x001f, -0x0018, +0x001a, -0x0013, -0x001c, -0x000d, 
    -0x0046, +0x000d, +0x0012, -0x0010, +0x0002, +0x0003, +0x001e, -0x0007, 
    -0x0026, +0x0032, -0x0009, -0x0006, -0x0020, -0x0013, -0x000d, -0x001f, 
    -0x0020, +0x003e, -0x001e, -0x0012, -0x0001, +0x0043, +0x0022, +0x001b, 
    -0x000f, -0x002d, +0x0000, +0x003e, +0x0017, +0x0041, +0x000b, -0x004c, 
    -0x005c, +0x0028, -0x004b, -0x004b, +0x0001, +0x0019, +0x001e, -0x0004, 
    +0x003a, -0x0008, +0x000a, +0x0040, +0x0020, +0x003d, +0x0047, -0x0023, 
    -0x0009, +0x005c, -0x002d, -0x0033, +0x002b, +0x0007, +0x0053, +0x0061, 
    -0x001a, -0x0015, +0x001f, +0x0026, -0x0005, +0x0032, -0x0027, -0x0028, 
    -0x0012, -0x0055, -0x0009, +0x000b, -0x0001, +0x000b, -0x001c, +0x000b, 
    -0x0027, +0x0016, -0x0020, +0x0002, +0x002f, -0x0006, +0x0019, +0x0025, 
    -0x0013, -0x0024, -0x0036, -0x0042, -0x0002, -0x000a, -0x0032, +0x0002, 
    -0x0006, +0x0029, +0x0008, -0x0027, +0x001d, +0x000b, -0x0001, -0x000d, 
    +0x0014, +0x0004, +0x0017, -0x0023, +0x001b, -0x000e, +0x0017, +0x0035, 
    -0x0026, -0x0022, +0x0020, +0x0000, -0x001c, -0x005e, -0x001e, -0x000d, 
    +0x0019, -0x0023, +0x0018, +0x0016, -0x0006, +0x001d, -0x002b, +0x0036, 
    -0x002f, -0x003b, -0x0002, +0x002d, -0x000a, -0x0028, +0x0038, +0x0049, 
    +0x0005, -0x000f, -0x0011, -0x0020, +0x0010, +0x0029, -0x0023, +0x0042, 
    -0x0024, -0x003f, +0x0002, +0x0003, -0x000b, -0x0005, -0x0001, +0x0051, 
    -0x000a, -0x000f, +0x0019, +0x000e, -0x0004, +0x003c, +0x0003, +0x0010, 
    +0x0017, -0x0036, +0x001a, -0x0014, +0x0000, -0x0030, +0x002b, +0x0029, 
    -0x002c, -0x0005, -0x000c, -0x0027, -0x002d, +0x0016, -0x002e, -0x0016, 
    +0x0004, +0x0002, -0x000e, +0x0026, -0x000e, +0x003f, +0x0011, -0x0018, 
    -0x0014, -0x0016, -0x0024, -0x0054, +0x001f, -0x0007, -0x0023, -0x0004, 
    -0x0002, +0x0016, -0x0014, +0x0012, -0x0035, +0x0026, -0x002e, -0x001d, 
    -0x002c, -0x0027, -0x0026, -0x0017, +0x0021, +0x0023, +0x002d, -0x001a, 
    -0x0036, +0x0030, +0x0007, +0x0011, -0x0025, +0x0045, -0x000c, +0x000c, 
    -0x0003, +0x0011, +0x002e, -0x0041, -0x002b, -0x002c, -0x0001, -0x0001, 
    -0x002a, -0x0012, +0x0007, -0x0028, -0x0014, -0x0041, +0x0016, -0x0049, 
    -0x001c, +0x001e, +0x0029, -0x005e, +0x000f, +0x0033, +0x000d, +0x0007, 
    -0x001d, +0x004d, +0x0015, -0x0002, -0x0032, -0x001b, +0x000d, -0x001c, 
    -0x003b, -0x002a, +0x000b, -0x0046, +0x002f, +0x0054, -0x0008, -0x001c, 
    +0x000b, +0x0051, -0x0013, +0x0003, -0x002e, +0x0021, -0x0035, +0x0019, 
    +0x001f, +0x0002, +0x0037, -0x0011, -0x0033, +0x0014, -0x0002, +0x0000, 
    -0x0031, +0x0035, -0x0013, -0x0029, +0x0014, +0x000d, +0x0022, -0x0007, 
    +0x000b, +0x001a, +0x0024, -0x002e, -0x002d, +0x0016, -0x0007, -0x0021, 
    -0x0019, +0x0038, -0x0018, -0x0009, -0x0005, +0x0004, +0x0028, -0x000b, 
    -0x0015, -0x0009, +0x0012, +0x0019, -0x0002, +0x000d, +0x0017, -0x002b, 
    -0x0002, +0x0018, -0x0016, -0x001d, -0x001c, +0x003a, +0x0004, +0x0049, 
    -0x0031, +0x002a, +0x0004, +0x0016, +0x0010, +0x0003, +0x000d, -0x0043, 
    -0x0022, -0x0011, +0x001f, +0x0001, -0x0023, +0x0012, +0x0021, -0x005e, 
    -0x0025, +0x000f, -0x0004, +0x0001, -0x000d, +0x0008, -0x0018, -0x001e, 
    -0x001a, -0x0034, +0x0004, +0x0000, -0x0036, -0x000d, -0x0001, -0x0018, 
    -0x0018, +0x0023, -0x0019, +0x0007, -0x0005, -0x000f, -0x0007, -0x0036, 
    -0x003c, -0x0003, +0x001c, -0x0026, +0x0023, -0x000a, -0x0028, -0x001a, 
    -0x0023, +0x0034, +0x0028, +0x0009, -0x0016, +0x0020, -0x0025, -0x003b, 
    +0x0016, +0x003e, +0x0010, +0x0013, -0x0014, +0x0018, +0x001a, +0x000e, 
    -0x001d, +0x0010, +0x003d, -0x0027, -0x003a, +0x000d, -0x0005, -0x0039, 
    +0x002a, +0x0000, +0x000e, +0x0005, -0x0028, -0x0029, -0x0047, -0x0010, 
    -0x0016, +0x002d, +0x002e, +0x000b, +0x001e, -0x002b, -0x0027, -0x0057, 
    +0x000a, +0x0029, +0x0009, +0x0008, +0x0003, -0x000e, -0x0004, -0x0047, 
    -0x001e, -0x0025, +0x0014, -0x001b, +0x000d, +0x0005, -0x0027, -0x001d, 
    +0x0011, -0x0027, -0x0001, +0x002c, +0x001a, -0x000b, +0x0000, +0x000c, 
    -0x0009, -0x0018, -0x0004, +0x001b, -0x0011, +0x0006, -0x0030, -0x000d, 
    -0x0002, -0x001b, -0x0008, +0x0055, +0x0017, -0x0002, -0x0020, -0x0006, 
    +0x0007, +0x000b, -0x000b, -0x0003, -0x0007, -0x0002, -0x002c, -0x001b, 
    -0x0003, +0x0025, -0x0018, +0x001b, -0x0027, +0x0009, -0x0030, -0x0017, 
    +0x004f, -0x0002, +0x0004, -0x002e, -0x0002, +0x0025, +0x001a, -0x001c, 
    -0x0005, -0x0007, +0x0001, +0x002b, -0x001c, +0x0002, -0x000c, -0x0049, 
    +0x001c, +0x0018, +0x0069, +0x0030, -0x000c, +0x000e, +0x001c, +0x0022, 
    +0x0005, -0x0042, -0x001b, +0x0013, -0x002b, -0x0007, -0x000a, -0x0062, 
    +0x002c, +0x002d, +0x0021, -0x0044, +0x0009, +0x0042, +0x0021, +0x0020, 
    -0x0034, -0x007f, +0x0029, +0x0018, -0x0009, -0x003f, +0x004e, -0x005e, 
    -0x0038, +0x0016, +0x0012, -0x0014, +0x001a, +0x0017, +0x0005, +0x001e, 
    +0x0039, +0x0009, -0x0043, +0x0016, -0x000e, +0x0026, -0x002a, +0x000a, 
    -0x004e, -0x0038, -0x0011, +0x0019, -0x0007, +0x001e, +0x0000, -0x000e, 
    +0x0027, -0x0009, +0x0024, -0x0019, +0x0017, -0x0009, +0x0005, +0x001c, 
    -0x003f, -0x000d, -0x0003, +0x0003, -0x0003, +0x001c, -0x0024, -0x0017, 
    -0x0028, -0x0014, +0x0037, +0x0005, -0x0004, +0x000b, +0x002e, -0x0009, 
    -0x0022, +0x003c, -0x0050, -0x0011, +0x001b, -0x0013, +0x001b, -0x0040, 
    +0x0041, -0x001a, +0x0061, +0x0028, +0x0031, -0x0011, +0x000a, -0x000a, 
    -0x0017, -0x001b, -0x0035, -0x001d, +0x0016, +0x001a, -0x0005, -0x0016, 
    +0x0005, -0x000c, +0x002f, +0x0017, +0x003a, -0x0013, +0x0039, +0x000b, 
    -0x000e, -0x0033, -0x004c, +0x000c, +0x001e, -0x0016, +0x0011, -0x005c, 
    -0x0017, -0x0007, -0x000b, -0x001a, +0x0004, -0x0014, +0x0030, +0x0036, 
    +0x0027, +0x0008, +0x0006, +0x001e, -0x0013, -0x0007, -0x0011, -0x0023, 
    +0x0022, -0x0047, -0x0016, -0x0007, -0x000e, +0x0055, -0x0010, -0x000c, 
    +0x0048, +0x0048, -0x000b, +0x0036, -0x0018, -0x0013, -0x000b, +0x0002, 
    +0x0027, +0x0008, +0x0026, +0x0004, +0x0009, +0x001e, -0x0024, -0x001e, 
    -0x001c, +0x0047, -0x0029, +0x000a, +0x0005, +0x0015, +0x0021, -0x0014, 
    +0x000e, +0x0016, -0x0026, +0x0006, +0x0014, +0x0030, -0x0019, +0x0031, 
    +0x000b, +0x0002, +0x0009, -0x0007, -0x000d, -0x0012, -0x001a, +0x0000, 
    +0x0012, -0x0007, -0x0003, -0x000e, -0x0019, +0x001a, -0x0022, -0x002b, 
    +0x004a, +0x0028, +0x0039, -0x0007, -0x002e, -0x0026, -0x0030, -0x0003, 
    +0x002b, +0x002f, +0x003b, -0x0016, +0x0007, -0x0027, -0x0001, -0x005d, 
    +0x0000, +0x0043, +0x000e, -0x001b, +0x0003, -0x0020, -0x0015, -0x0011, 
    +0x0028, -0x0012, +0x0010, -0x0008, +0x0017, +0x000b, +0x000d, +0x0013, 
    -0x003e, -0x000d, +0x000f, +0x0050, +0x0033, +0x0001, -0x002c, -0x005a, 
    +0x0003, -0x0020, -0x0026, +0x000a, -0x000e, -0x000c, +0x001b, +0x001c, 
    -0x002c, -0x003c, -0x002a, +0x000e, +0x0020, -0x0027, -0x0032, +0x0001, 
    +0x0002, -0x001f, -0x0034, -0x000d, +0x000f, +0x0009, +0x0000, -0x0003, 
    -0x003d, -0x0007, +0x0016, +0x0032, +0x000a, +0x0001, -0x000a, -0x0006, 
    -0x0010, -0x0012, +0x002a, +0x000e, +0x0039, +0x000b, +0x0032, -0x0017, 
    -0x002d, +0x0008, +0x0001, +0x0007, -0x001a, +0x0009, +0x000f, -0x0014, 
    +0x0009, +0x0016, -0x0027, +0x002a, +0x000c, +0x002f, -0x003b, -0x002d, 
    +0x0010, -0x0018, -0x0021, -0x0026, -0x0006, -0x000e, +0x0027, -0x001c, 
    +0x002c, -0x001b, -0x001a, +0x0039, +0x001a, -0x0018, -0x003d, -0x002e, 
    -0x002c, -0x000c, -0x0020, -0x0001, -0x0016, +0x0023, +0x0014, -0x001e, 
    +0x0023, -0x0008, -0x0018, +0x0031, +0x001a, -0x000d, -0x0016, -0x001a, 
    -0x0023, +0x002d, -0x0034, -0x0001, -0x001c, -0x0012, -0x0011, -0x001a, 
    -0x0004, -0x0004, -0x002d, +0x003b, -0x0013, +0x0027, -0x0026, -0x0041, 
    -0x0012, +0x0043, -0x0003, -0x0017, +0x0001, -0x0009, +0x000c, -0x0029, 
    +0x0012, -0x0009, +0x0054, +0x0068, -0x000c, +0x000c, -0x005d, -0x000a, 
    -0x0025, +0x0038, -0x0033, +0x000a, +0x0018, +0x0002, +0x000c, -0x0022, 
    -0x0003, -0x000d, -0x001c, +0x0007, +0x0020, +0x0007, +0x0007, -0x000d, 
    -0x002b, +0x002d, -0x002e, -0x003b, -0x003e, +0x0029, +0x0008, -0x0024, 
    +0x0028, +0x000a, -0x0008, +0x000a, -0x0041, +0x0001, -0x002d, -0x000e, 
    -0x0028, +0x0019, +0x000d, -0x003f, -0x0028, -0x0017, +0x0034, -0x0028, 
    +0x0019, -0x001a, -0x0005, -0x0003, -0x0010, -0x0006, -0x001a, +0x002a, 
    +0x0010, -0x0031, -0x0022, -0x003e, -0x0021, +0x0006, +0x001a, -0x0011, 
    +0x000b, +0x0021, +0x0018, -0x0018, -0x0004, -0x0013, +0x0008, +0x001e, 
    +0x001a, +0x001c, +0x0017, -0x0019, -0x0008, +0x0045, -0x0010, -0x0045, 
    +0x001b, +0x000a, +0x0001, -0x000c, +0x0007, -0x0015, -0x002a, -0x0012, 
    -0x0001, -0x0008, -0x0002, -0x0018, -0x000e, +0x0015, -0x002e, -0x0024, 
    +0x0019, +0x0019, -0x0028, -0x003a, -0x0008, +0x0015, -0x0052, -0x002b, 
    +0x0015, -0x0040, -0x000a, -0x0001, +0x0010, +0x000b, +0x0016, +0x001b, 
    +0x001b, +0x002a, +0x0020, -0x0005, -0x0038, +0x0018, -0x0056, +0x000b, 
    +0x000a, +0x001e, +0x0031, -0x0021, -0x0026, -0x000f, +0x0006, +0x0007, 
    -0x001c, -0x000e, +0x002a, -0x0012, +0x0016, -0x003b, +0x0003, -0x000e, 
    -0x0017, -0x0018, +0x0057, -0x0021, -0x0027, -0x000a, -0x003c, +0x000d, 
    +0x000c, -0x0010, -0x0023, -0x003d, +0x0006, +0x0015, +0x000f, +0x0001, 
    -0x0010, -0x0045, +0x0015, -0x0031, -0x0024, +0x0001, +0x0014, +0x0034, 
    +0x0003, -0x0015, +0x0019, -0x0022, -0x0001, +0x0061, +0x0006, +0x001b, 
    -0x0039, -0x0009, -0x0009, +0x0005, -0x0024, -0x002e, +0x0022, +0x004b, 
    -0x0025, -0x0002, +0x0024, +0x001c, +0x000e, -0x0039, -0x000d, +0x0011, 
    -0x002e, -0x0014, -0x0001, -0x0004, +0x0013, -0x0031, +0x000f, -0x0021, 
    +0x002d, -0x0041, -0x0010, +0x0013, -0x0010, +0x0007, -0x0012, -0x000f, 
    +0x0037, -0x0060, +0x0046, -0x003c, -0x0020, -0x0002, +0x0043, +0x0026, 
    +0x001c, -0x0018, +0x0010, +0x0026, +0x0025, +0x0029, -0x0002, -0x001d, 
    +0x000d, -0x0002, +0x002d, +0x002b, +0x0040, -0x0005, +0x003d, +0x0031, 
    +0x0030, -0x0050, +0x0037, +0x0044, -0x002f, -0x0022, -0x0019, -0x0012, 
    -0x0003, +0x0022, +0x0038, +0x001f, +0x0051, +0x0014, +0x0032, +0x0057, 
    -0x000c, -0x0045, +0x0010, +0x002e, -0x0007, +0x0007, +0x0000, +0x0006, 
    -0x0005, -0x0002, +0x0047, -0x002a, +0x0033, +0x000f, +0x0019, +0x0025, 
    -0x0005, -0x0023, +0x0028, +0x0008, +0x0019, -0x0019, -0x0009, -0x001f, 
    +0x0033, +0x0019, +0x0009, +0x003b, +0x0009, +0x0031, +0x001b, -0x0004, 
    +0x0029, +0x0021, +0x0035, +0x002c, -0x0027, +0x0016, +0x0002, -0x0031, 
    -0x0007, +0x000b, +0x0004, +0x0009, +0x0018, -0x0014, +0x0037, +0x0010, 
    -0x001f, -0x0021, -0x0025, -0x0005, -0x002e, +0x0029, +0x0003, -0x0008, 
    -0x0002, +0x0018, -0x0004, +0x0018, +0x0025, +0x0005, -0x0003, +0x000d, 
    +0x001b, -0x0029, +0x0031, -0x0015, +0x000f, +0x0013, -0x0001, -0x003c, 
    +0x003a, +0x002e, -0x0015, +0x0012, -0x0002, +0x0022, -0x0030, -0x002b, 
    +0x0051, +0x002a, -0x000d, +0x0028, -0x0018, -0x0045, +0x001c, -0x0030, 
    +0x0020, -0x0012, -0x0026, -0x0013, +0x0015, +0x0003, +0x000e, -0x000c, 
    +0x0035, +0x003a, -0x0018, +0x0009, +0x0012, -0x0056, +0x0026, -0x002b, 
    -0x0004, +0x0021, -0x004a, +0x0029, +0x0014, -0x001c, -0x000b, +0x0022, 
    +0x003e, -0x0018, +0x000c, -0x0001, +0x0007, -0x002e, +0x0022, -0x0039, 
    +0x0044, +0x0026, +0x000e, -0x001b, -0x001b, -0x0009, -0x0009, -0x0028, 
    +0x0020, -0x002a, +0x000f, -0x0025, +0x003c, +0x0011, -0x0007, -0x0021, 
    +0x0006, +0x001c, +0x0014, +0x0013, -0x003c, +0x0016, +0x002b, -0x0027, 
    -0x001b, +0x001f, -0x0034, -0x0031, +0x002c, +0x001e, -0x000e, -0x002a, 
    -0x001b, -0x000b, -0x0004, +0x0023, -0x0018, +0x0022, +0x0020, +0x0003, 
    -0x0026, -0x0024, +0x0029, -0x0003, -0x0013, -0x001f, -0x004b, +0x0004, 
    +0x0021, -0x0002, +0x0000, +0x003a, -0x0019, -0x0016, +0x0005, +0x000d, 
    -0x0005, -0x000a, +0x0005, +0x0019, +0x0017, -0x0008, -0x0024, -0x0039, 
    -0x0016, +0x0001, -0x000f, +0x0031, -0x0015, -0x0028, -0x0035, +0x0018, 
    -0x000a, +0x0029, -0x001e, +0x0022, +0x0011, -0x001f, -0x0008, +0x0008, 
    -0x002d, -0x001d, -0x000a, +0x0033, +0x001f, -0x0023, +0x001b, +0x0023, 
    +0x0000, -0x001c, +0x003c, +0x0011, +0x001d, -0x000b, +0x002c, +0x0021, 
    -0x000b, +0x0014, -0x000d, +0x0001, +0x0012, -0x0014, +0x000d, -0x0001, 
    +0x002e, -0x0008, -0x0023, +0x0014, -0x0009, -0x0016, -0x0005, +0x0012, 
    -0x0034, +0x001b, -0x003d, -0x001e, -0x0023, -0x0010, -0x002d, -0x000d, 
    +0x0035, +0x0013, +0x0009, +0x000b, +0x000d, -0x0003, +0x0038, +0x0062, 
    +0x0027, +0x000b, -0x0013, +0x0028, -0x000c, -0x003c, -0x0004, -0x0037, 
    +0x0021, -0x0008, -0x000b, -0x0005, +0x000a, -0x0026, +0x002b, +0x007f, 
    +0x003e, +0x0000, -0x000f, +0x0017, +0x0016, -0x0024, +0x0026, +0x0020, 
    -0x0006, -0x0017, +0x000e, -0x001f, +0x0015, +0x0030, +0x0008, +0x002a, 
    +0x000d, -0x000a, +0x0037, +0x000f, +0x001f, -0x0021, +0x002f, +0x0031, 
    -0x0038, -0x0036, +0x001f, -0x0011, +0x0005, +0x0029, +0x0011, +0x0013, 
    -0x0016, +0x0000, +0x001f, -0x0018, +0x0018, +0x0013, +0x000a, +0x005b, 
    -0x0004, -0x001d, +0x000a, -0x0046, +0x0014, +0x0009, +0x000d, +0x0000, 
    +0x002a, -0x0015, +0x0005, -0x0008, +0x000f, -0x0028, +0x0023, -0x0011, 
    +0x0009, -0x0039, +0x0013, -0x0036, +0x0007, +0x003d, +0x0031, +0x004c, 
    +0x0011, -0x0005, +0x0020, +0x0002, +0x001e, -0x0003, +0x0030, +0x0010, 
    +0x0007, -0x005d, +0x0004, -0x0015, +0x0003, +0x0017, +0x001b, +0x0043, 
    -0x0008, +0x0013, -0x000d, +0x0009, +0x0023, -0x0007, -0x0021, -0x002e, 
    +0x0017, -0x0032, +0x0035, -0x0035, +0x0017, -0x0012, +0x0001, -0x0009, 
    +0x0010, -0x0021, +0x0006, +0x0009, +0x003c, +0x0057, -0x000b, -0x0058, 
    +0x0010, -0x0021, -0x0016, -0x0024, -0x000d, +0x0036, -0x002d, -0x0007, 
    -0x003c, +0x0014, +0x002f, -0x0045, +0x0027, +0x005b, +0x000d, -0x002b, 
    -0x0001, -0x000c, +0x0006, -0x0009, -0x0001, +0x003a, -0x0039, -0x0015, 
    -0x0018, +0x0017, -0x0001, +0x000e, +0x0017, +0x0041, -0x0016, -0x0048, 
    +0x000a, -0x000f, -0x0008, +0x0047, -0x0006, +0x0022, -0x000b, -0x0011, 
    +0x001f, -0x002b, -0x000e, +0x000f, +0x0014, +0x000c, -0x0001, -0x0024, 
    -0x0019, +0x002a, +0x0017, -0x000a, +0x0003, +0x002a, -0x0004, +0x0015, 
    -0x0010, -0x001e, -0x0035, +0x0003, +0x000e, -0x0007, -0x000f, +0x0007, 
    -0x0016, +0x0063, +0x0033, +0x0028, +0x0016, +0x0019, +0x0035, +0x002a, 
    -0x0020, +0x0002, +0x0015, -0x003f, +0x0021, -0x002d, +0x000c, -0x000e, 
    +0x0024, +0x000b, +0x002c, +0x0031, +0x0027, +0x001a, +0x000d, +0x0011, 
    -0x0034, -0x003b, -0x0003, +0x001f, +0x000c, +0x0005, -0x0023, -0x0027, 
    +0x000f, -0x002c, -0x0027, -0x0008, +0x0017, +0x001e, -0x0012, +0x0001, 
    -0x0024, -0x005a, -0x0047, -0x0002, +0x000c, +0x0033, -0x001c, -0x0022, 
    +0x000e, +0x0018, -0x0043, +0x0033, -0x0009, -0x000c, -0x0016, +0x0013, 
    -0x002a, -0x0008, -0x0008, -0x000f, -0x0009, -0x000a, -0x0020, -0x002b, 
    +0x0033, +0x0042, -0x0018, +0x0057, +0x002a, -0x000b, -0x001c, +0x0011, 
    -0x0039, -0x0016, +0x0013, +0x0013, +0x0023, -0x0026, +0x0035, +0x0014, 
    -0x0008, -0x003c, -0x0021, -0x002d, -0x0018, -0x0015, -0x0002, +0x000b, 
    +0x001c, -0x001b, -0x0059, +0x0027, -0x001b, +0x0023, +0x003c, -0x0026, 
    +0x0000, -0x001a, -0x003e, -0x0015, -0x0009, -0x0009, -0x0020, -0x0001, 
    -0x0005, +0x000a, +0x000d, +0x003b, +0x001d, +0x0055, +0x001c, -0x002d, 
    -0x002e, +0x0016, +0x0006, +0x0001, +0x0007, -0x0007, -0x0025, -0x0026, 
    +0x0006, +0x0034, -0x000d, -0x003e, +0x0009, +0x0014, +0x0037, +0x002c, 
    +0x002f, +0x0003, +0x002d, -0x0016, -0x0002, -0x0030, +0x0017, -0x0016, 
    +0x000e, +0x0040, -0x0052, -0x0038, +0x0040, +0x001d, +0x0029, +0x0019, 
    +0x0001, +0x0010, +0x0017, -0x0012, -0x000e, -0x0026, -0x0006, -0x000c, 
    -0x0006, +0x0002, -0x0033, -0x0032, +0x002d, -0x0007, +0x001f, +0x0021, 
    -0x0025, +0x0020, +0x0007, +0x0018, -0x0017, -0x0061, +0x0000, +0x0009, 
    -0x0011, -0x0003, +0x004d, -0x0027, -0x0006, +0x0035, +0x0023, +0x0024, 
    +0x001b, +0x0017, +0x0047, -0x0006, -0x0001, -0x0004, +0x001d, +0x002e, 
    -0x0018, +0x0027, +0x0012, -0x0041, -0x0001, +0x0031, -0x0002, -0x0008, 
    +0x000a, +0x0008, +0x000b, -0x0003, -0x0001, +0x002d, -0x0012, +0x001c, 
    +0x000c, +0x0022, -0x0003, -0x0002, +0x001b, +0x0017, +0x0011, +0x001d, 
    -0x004d, -0x000f, -0x0012, -0x0004, -0x000c, -0x001a, -0x0021, +0x0014, 
    +0x001a, -0x000c, +0x0008, +0x0002, +0x001d, +0x0019, +0x0049, +0x001e, 
    +0x0015, -0x000f, -0x0011, +0x0019, -0x003c, +0x004b, +0x0003, -0x0014, 
    -0x001c, +0x002b, +0x0001, -0x0019, +0x003c, -0x0005, +0x0053, +0x0019, 
    -0x000b, -0x0011, -0x0017, +0x000d, -0x0023, +0x0062, +0x0009, -0x0041, 
    -0x0011, -0x0022, +0x0004, -0x002f, +0x0024, +0x001f, +0x0025, +0x0021, 
    -0x0025, -0x0037, -0x004d, +0x0013, -0x0018, +0x0049, +0x0000, -0x000f, 
    -0x0004, +0x0017, +0x0035, +0x0009, +0x0002, +0x0003, +0x0038, -0x0016, 
    +0x0010, -0x0014, +0x003e, -0x0015, -0x002e, -0x0017, -0x0022, -0x000a, 
    +0x0012, +0x0006, +0x0040, +0x0000, -0x003b, -0x000d, +0x004b, -0x0003, 
    +0x0020, -0x0004, +0x0060, +0x0020, -0x0035, -0x003b, -0x0024, -0x0019, 
    +0x0000, -0x000c, +0x0018, +0x000d, +0x0029, +0x003d, +0x0065, -0x0012, 
    +0x000c, -0x0023, +0x0037, +0x001d, -0x003e, -0x001d, +0x001f, -0x0015, 
    -0x000f, -0x000b, +0x0028, -0x0006, -0x0021, +0x0013, -0x001c, +0x0007, 
    -0x0020, -0x0008, -0x000c, +0x0008, +0x0001, -0x0040, -0x0062, +0x0005, 
    +0x0011, -0x0001, +0x003c, +0x0005, -0x001f, -0x0017, -0x001e, +0x0019, 
    -0x0008, -0x0010, +0x000d, +0x001e, +0x0022, -0x0007, -0x000e, +0x0003, 
    -0x0004, +0x0016, +0x0063, +0x0028, -0x0052, +0x0011, -0x0042, -0x0010, 
    -0x001a, -0x0024, +0x0013, +0x000b, +0x000e, +0x0009, -0x0006, -0x0015, 
    -0x0030, +0x0021, +0x0010, +0x0032, -0x0009, -0x0008, -0x0023, +0x0000, 
    -0x0007, -0x0021, -0x0050, +0x0015, +0x0015, +0x0000, -0x005b, -0x0018, 
    -0x001d, +0x000c, -0x0017, +0x0004, +0x0007, -0x0028, -0x0023, -0x000b, 
    +0x0007, -0x0028, -0x0022, +0x0037, +0x003c, -0x000f, -0x0018, +0x0011, 
    -0x0030, -0x0006, +0x0020, +0x001e, -0x0046, -0x0037, -0x0044, -0x0006, 
    -0x002b, -0x0026, -0x0020, +0x0038, +0x001b, -0x000e, -0x0040, +0x0007, 
    -0x001a, -0x001c, -0x0029, +0x0007, -0x003c, +0x002a, +0x001f, +0x0024, 
    -0x002d, +0x001c, +0x0013, -0x0010, -0x0019, +0x000a, -0x0015, -0x000f, 
    -0x000d, -0x0019, -0x0050, +0x000d, -0x002a, +0x0024, +0x002a, +0x0012, 
    -0x0044, -0x0005, -0x001b, +0x0016, -0x0025, +0x000c, +0x0078, -0x0020, 
    +0x0013, -0x0026, -0x0014, +0x0005, -0x0022, -0x0023, +0x0020, -0x001a, 
    -0x001f, +0x000e, +0x000a, -0x0035, -0x002a, -0x0009, +0x001c, -0x001e, 
    -0x002a, -0x002e, -0x0016, -0x0002, +0x0034, +0x0004, -0x0011, +0x0029, 
    -0x0027, +0x002c, +0x002b, -0x0012, -0x0023, +0x002b, -0x0036, +0x000b, 
    -0x000c, -0x0030, +0x000f, +0x003d, +0x0014, +0x001f, +0x001f, +0x0006, 
    -0x0024, -0x0002, -0x0009, +0x000e, +0x0016, +0x001b, +0x000c, +0x002c, 
    +0x0037, -0x004d, -0x002f, +0x0030, +0x000d, +0x0008, +0x0010, -0x002a, 
    -0x002f, -0x0006, +0x0039, -0x001e, +0x0016, +0x004b, -0x0022, +0x001a, 
    +0x0001, +0x0023, +0x001e, -0x0017, +0x0023, +0x0018, -0x0012, -0x0019, 
    -0x0040, +0x0006, +0x0016, -0x0016, -0x0018, +0x000e, -0x0015, +0x0038, 
    +0x0005, +0x0003, +0x0041, +0x0026, +0x000c, +0x0012, -0x002a, -0x0012, 
    -0x002b, -0x000b, -0x0015, +0x0003, -0x001d, -0x0004, -0x001a, +0x000f, 
    +0x000b, -0x0001, +0x0005, +0x002d, +0x0021, +0x0002, -0x004b, -0x000f, 
    -0x0039, -0x000c, +0x0030, -0x002b, +0x002f, +0x0007, -0x005f, +0x000f, 
    -0x0009, +0x0047, +0x0046, +0x000f, -0x0038, +0x0013, -0x0017, +0x0027, 
    +0x0021, -0x0001, -0x0015, -0x002b, +0x0021, -0x0017, -0x0005, -0x000d, 
    +0x0011, +0x0006, +0x002d, +0x0033, -0x0041, -0x0025, +0x004a, +0x0027, 
    -0x001b, +0x0010, -0x0029, -0x0027, +0x000a, +0x0001, -0x0003, +0x0016, 
    -0x0002, +0x0003, +0x001b, +0x0040, +0x000b, -0x000a, +0x0009, -0x000a, 
    -0x001a, -0x0012, +0x0021, +0x0009, -0x0007, -0x0035, +0x0024, +0x0029, 
    -0x002b, -0x0013, +0x0040, +0x0003, -0x0006, -0x0001, -0x002a, +0x0005, 
    +0x0025, +0x0004, +0x002b, -0x001b, -0x0007, +0x001a, +0x004e, -0x0024, 
    -0x0016, +0x0009, +0x0014, +0x0032, -0x0043, -0x0016, +0x0042, +0x0012, 
    +0x0015, +0x0007, -0x0018, +0x0006, +0x0018, +0x002e, +0x0047, +0x0004, 
    +0x0005, +0x0024, -0x001e, -0x0004, -0x0033, +0x0005, +0x0056, -0x0024, 
    -0x0021, +0x0057, +0x0005, +0x0015, -0x001c, +0x0045, +0x0014, +0x0006, 
    +0x001c, -0x0025, +0x002d, -0x0018, -0x0034, +0x0039, -0x001d, +0x002b, 
    +0x0002, -0x0013, -0x0002, +0x0004, -0x0022, -0x000b, -0x000e, +0x0008, 
    +0x000b, -0x0005, +0x004c, -0x0005, -0x004c, +0x0017, +0x0020, +0x0000, 
    -0x0012, -0x000b, +0x002a, -0x0008, +0x001d, +0x0005, -0x0005, +0x000d, 
    +0x0010, -0x0007, -0x0012, -0x0015, -0x0010, +0x0049, +0x001e, -0x0010, 
    -0x003f, -0x0010, -0x000c, +0x002a, -0x0036, +0x0039, -0x000f, +0x0034, 
    -0x0003, -0x0014, +0x0012, -0x002f, +0x000a, -0x000a, +0x0007, -0x000a, 
    +0x0017, +0x0004, -0x0015, +0x0005, -0x0018, -0x0011, -0x0005, +0x001b, 
    +0x002e, -0x0040, -0x004d, +0x0009, -0x0006, +0x0010, -0x0023, -0x0007, 
    +0x002d, -0x000e, +0x0006, +0x0005, -0x0064, +0x0032, +0x001d, +0x0014, 
    -0x0031, -0x0018, +0x0001, -0x0012, -0x000c, +0x0002, -0x001d, +0x0002, 
    +0x0032, +0x000d, -0x0030, -0x0015, -0x0030, +0x0014, -0x0020, +0x000f, 
    +0x0021, +0x0003, +0x0039, -0x0022, +0x002a, -0x000d, -0x004c, -0x0003, 
    -0x0033, -0x001b, -0x0030, +0x0008, +0x0003, +0x0026, -0x003a, +0x0000, 
    +0x0018, -0x000c, -0x0043, -0x000b, -0x0002, +0x000c, -0x0028, -0x000d, 
    -0x0016, -0x0022, -0x001a, -0x002f, -0x0023, +0x0038, -0x0013, -0x0008, 
    -0x000b, +0x0004, +0x001f, +0x0000, +0x0026, -0x003e, -0x0041, +0x000f, 
    -0x0017, +0x0005, -0x0059, +0x0004, +0x0017, -0x0025, -0x0010, -0x0016, 
    +0x0028, -0x000f, +0x0010, -0x0010, +0x0024, +0x0001, +0x0012, -0x0018, 
    -0x000e, +0x0029, +0x0002, +0x002b, -0x0018, +0x0034, -0x0027, -0x0012, 
    +0x0017, -0x000e, -0x005f, -0x0009, +0x0013, -0x000a, -0x000e, -0x000a, 
    -0x0029, -0x0001, -0x000e, +0x0021, +0x000a, +0x0015, -0x0022, +0x0008, 
    +0x0059, +0x000e, -0x0005, -0x0012, +0x0002, -0x0023, +0x0012, +0x0003, 
    -0x0033, +0x0020, +0x0014, +0x0033, +0x000b, -0x0010, -0x0040, -0x000c, 
    +0x0015, +0x0003, +0x0004, -0x0015, -0x0041, +0x0010, -0x000c, -0x0007, 
    +0x000e, +0x0013, -0x0020, +0x000e, +0x000a, +0x0004, +0x0014, +0x0036, 
    +0x001c, +0x000c, +0x0030, +0x0002, +0x0003, +0x0011, -0x002f, +0x004c, 
    +0x0049, +0x000c, -0x0029, +0x0047, +0x0019, +0x0044, -0x0019, +0x0019, 
    +0x001d, -0x0025, +0x003a, -0x0003, -0x0006, +0x0010, +0x0038, +0x0012, 
    +0x0052, +0x0037, -0x003f, -0x0012, +0x000e, +0x001d, +0x0002, +0x000f, 
    +0x001c, -0x0010, -0x001a, +0x000f, -0x0027, -0x001a, +0x005c, +0x001e, 
    +0x0011, -0x0021, -0x002a, -0x0033, -0x000c, +0x000b, +0x000a, +0x0020, 
    +0x0022, -0x000a, +0x001f, -0x0005, +0x0024, +0x0009, +0x000b, +0x0023, 
    +0x001d, -0x0024, +0x002f, -0x0012, +0x0020, +0x0003, -0x0029, +0x001b, 
    -0x0020, -0x0026, +0x000b, +0x0000, +0x0035, +0x0035, +0x003f, +0x000b, 
    +0x0025, -0x0039, +0x0014, -0x0035, +0x0005, +0x0009, -0x002b, +0x0037, 
    -0x0040, -0x0012, -0x000a, -0x001d, -0x0018, -0x000e, +0x0035, +0x001b, 
    -0x000c, -0x002f, -0x0035, -0x000c, -0x000e, +0x000d, -0x0036, -0x000d, 
    -0x0024, -0x0029, +0x001a, -0x0057, +0x0015, +0x001f, +0x000b, -0x0016, 
    -0x0001, -0x0039, -0x0051, -0x0014, +0x0018, +0x0006, -0x0058, -0x0007, 
    -0x000b, -0x0037, -0x0007, -0x0027, +0x0066, +0x001b, +0x0047, -0x0002, 
    -0x002c, -0x001f, +0x0042, -0x0022, +0x001d, +0x002a, -0x001b, +0x0004, 
    -0x0006, +0x000a, +0x0041, +0x0000, -0x0021, -0x000c, +0x0008, -0x003f, 
    -0x0028, -0x0027, +0x0001, +0x0031, +0x0043, +0x002a, +0x004f, +0x0000, 
    -0x003f, +0x003e, -0x0031, -0x0025, +0x0026, +0x0011, -0x001f, -0x001a, 
    -0x0001, -0x000d, +0x0076, +0x002e, -0x003d, +0x0048, +0x0007, -0x001d, 
    +0x0009, +0x000a, +0x002d, -0x0029, +0x0027, +0x000e, -0x0012, -0x0012, 
    +0x0025, -0x0016, +0x0001, +0x001a, -0x0034, -0x001f, -0x0047, -0x0001, 
    +0x0018, -0x0019, +0x0016, +0x0010, -0x0009, +0x0005, +0x0001, +0x000f, 
    +0x0005, -0x003c, +0x0038, +0x0007, +0x0045, -0x001c, +0x0000, -0x0026, 
    -0x001b, -0x0017, -0x0016, -0x0021, +0x0016, +0x0002, +0x001f, +0x0003, 
    -0x000f, -0x0032, +0x0071, +0x004a, -0x003a, +0x0038, -0x0011, -0x000f, 
    +0x0001, -0x0017, +0x003c, -0x0029, +0x0028, -0x0009, +0x0012, -0x0027, 
    +0x0026, -0x0015, +0x002c, -0x0001, -0x0016, +0x0018, -0x0044, +0x0007, 
    +0x0026, +0x002c, -0x0058, -0x0016, +0x0028, -0x001c, -0x001e, +0x0021, 
    -0x0029, -0x0008, +0x0022, +0x0007, -0x0007, -0x0039, +0x0029, -0x002c, 
    -0x0009, -0x0015, +0x0011, -0x0009, -0x0006, +0x000f, +0x000e, -0x000e, 
    -0x0023, -0x0025, +0x0027, +0x000f, -0x000d, -0x0014, +0x0042, -0x001f, 
    -0x002f, +0x0029, +0x0006, -0x000c, +0x0001, +0x0005, +0x000b, +0x0007, 
    -0x001f, -0x0017, -0x0034, +0x0008, +0x0003, +0x0021, +0x000e, -0x000e, 
    +0x000a, +0x000b, -0x002b, +0x000d, -0x0037, +0x000a, -0x003e, +0x0011, 
    -0x0013, -0x000e, +0x001e, -0x001e, -0x0005, -0x0019, +0x0006, -0x0033, 
    +0x0016, -0x003f, -0x001d, +0x0014, -0x0035, -0x0020, -0x0028, +0x001c, 
    -0x001b, -0x0003, -0x0017, +0x0002, +0x001d, +0x001b, -0x002a, +0x0012, 
    +0x0037, -0x0033, -0x0004, +0x0009, -0x0018, +0x0039, -0x0011, -0x0003, 
    +0x0010, +0x0025, +0x0031, -0x0015, +0x0003, -0x0017, -0x0009, +0x0013, 
    -0x0013, -0x001c, -0x0022, +0x0001, +0x0011, +0x0032, -0x0053, -0x0007, 
    +0x0006, +0x0012, +0x0042, -0x0009, -0x001e, -0x004e, +0x000d, -0x0002, 
    -0x000e, -0x003b, -0x0039, +0x0027, +0x0001, -0x0004, -0x0013, +0x000c, 
    +0x0020, -0x001a, +0x004f, -0x000a, -0x003d, +0x0000, -0x0054, +0x0038, 
    +0x0019, -0x001e, -0x002b, -0x0004, -0x0019, +0x0001, -0x0047, -0x0029, 
    -0x0005, -0x0007, +0x0021, -0x001c, +0x0000, -0x004a, +0x0017, +0x001f, 
    -0x0025, -0x003a, +0x0038, -0x0005, -0x0028, -0x0018, -0x0065, +0x000f, 
    -0x001b, +0x002f, -0x001d, +0x0033, -0x0031, -0x004e, -0x001d, -0x0065, 
    -0x0017, -0x003c, -0x003c, -0x000b, -0x0025, +0x0016, -0x000a, -0x001e, 
    +0x0027, -0x002e, +0x0013, +0x001e, -0x0030, -0x0028, -0x0018, -0x0053, 
    -0x0016, +0x0026, +0x0024, +0x000d, +0x002f, -0x0017, -0x0036, +0x000d, 
    -0x0012, +0x0004, -0x0013, -0x0033, -0x000e, -0x0040, +0x0013, -0x0027, 
    -0x001b, +0x0033, -0x0035, -0x0003, -0x000b, -0x0022, -0x003a, -0x0004, 
    +0x000b, -0x000e, +0x0030, -0x001e, +0x0021, +0x003c, -0x0025, +0x0016, 
    +0x0002, +0x0011, -0x001b, +0x0013, -0x0010, -0x0009, -0x0018, +0x0010, 
    -0x0011, -0x0012, +0x0046, -0x0023, -0x0015, +0x0020, +0x0028, -0x0012, 
    -0x001d, +0x0069, -0x001a, +0x0007, -0x005e, -0x0025, -0x001d, +0x0004, 
    -0x0004, -0x0008, +0x0035, -0x0026, +0x0030, -0x003f, +0x0067, +0x0005, 
    -0x0005, -0x001d, +0x000d, +0x0009, -0x0002, -0x0039, -0x001d, -0x0021, 
    +0x0002, +0x0012, +0x0005, +0x0015, -0x001b, +0x0014, -0x004b, -0x0019, 
    -0x0016, -0x0026, +0x0044, +0x0002, +0x0031, -0x0036, -0x001c, +0x0009, 
    +0x000d, +0x000d, +0x003f, +0x0015, -0x0038, -0x001f, -0x0021, -0x0028, 
    -0x0008, +0x0009, +0x001a, +0x0009, +0x002f, -0x0027, -0x0014, -0x0001, 
    +0x0023, -0x000e, +0x0014, +0x0008, -0x0008, -0x0017, +0x0017, -0x0050, 
    -0x0006, -0x0011, +0x0053, -0x001b, -0x0002, -0x0040, -0x0041, -0x003f, 
    -0x0038, -0x000c, -0x0012, +0x0018, -0x002f, -0x0011, -0x0024, -0x000b, 
    +0x001d, -0x0034, -0x001b, -0x001d, -0x0016, -0x0033, -0x0034, -0x0028, 
    +0x0014, +0x002b, +0x0048, +0x0023, -0x000f, -0x002e, +0x0038, -0x000c, 
    +0x001c, -0x0037, +0x002b, -0x0047, +0x000a, -0x002a, -0x0027, -0x0028, 
    -0x0001, -0x000a, +0x0003, +0x0041, -0x0019, +0x001e, +0x0032, +0x0014, 
    -0x0013, -0x0026, -0x0031, +0x0019, -0x0017, +0x0000, -0x001a, -0x000c, 
    -0x0027, -0x0015, +0x0019, +0x0003, +0x0008, -0x004a, +0x003e, -0x0009, 
    +0x000b, -0x002d, -0x0019, -0x0007, -0x0024, -0x0012, -0x001f, +0x0003, 
    -0x002b, -0x0012, -0x0017, -0x0001, -0x000e, -0x001b, +0x002f, -0x003e, 
    +0x0032, -0x000a, -0x000a, -0x0001, -0x000b, -0x0007, -0x0026, -0x0008, 
    +0x0015, +0x0008, -0x000e, -0x0025, -0x0002, +0x000c, +0x0034, -0x0013, 
    -0x0024, -0x0007, +0x0032, +0x0008, -0x003c, +0x001a, +0x0006, -0x0008, 
    -0x0017, +0x0000, -0x002e, +0x0007, +0x0016, -0x000e, -0x0007, -0x002e, 
    -0x0019, -0x0021, +0x0004, -0x0034, -0x0018, -0x0020, +0x000a, +0x0008, 
    -0x001b, +0x0015, -0x0039, -0x001c, -0x000c, -0x0011, -0x000c, -0x0026, 
    -0x0010, +0x0001, +0x0024, -0x0024, -0x0029, +0x0024, -0x000e, +0x0005, 
    +0x0023, +0x0001, +0x001d, -0x0026, -0x002b, -0x0018, -0x0026, +0x0004, 
    -0x002f, +0x0074, -0x001b, +0x0019, -0x0007, -0x0019, +0x0005, -0x000a, 
    -0x001b, -0x0007, -0x0026, +0x0022, +0x0057, +0x0023, -0x004f, -0x0024, 
    -0x0024, +0x0045, -0x0015, +0x0022, +0x001a, -0x003b, -0x000e, +0x0004, 
    +0x0002, -0x000e, -0x001f, +0x002a, +0x0013, -0x0015, -0x0023, -0x002f, 
    -0x002c, +0x0059, -0x001d, +0x001f, -0x004c, +0x001b, -0x002c, -0x000f, 
    -0x000e, -0x000a, +0x004e, +0x000e, -0x0017, -0x0030, -0x003b, -0x0026, 
    +0x0025, -0x0007, -0x001e, +0x0005, -0x0002, -0x0014, +0x0007, +0x0019, 
    +0x000d, +0x0024, -0x0018, +0x0027, -0x0054, +0x0004, -0x0031, +0x0029, 
    -0x0002, +0x000c, +0x0013, +0x001e, +0x0008, -0x001c, -0x0010, +0x000e, 
    -0x002a, +0x001f, +0x0020, +0x0001, -0x0020, -0x000d, -0x0013, +0x0010, 
    -0x0022, +0x0015, -0x001a, -0x001e, -0x0001, -0x003a, -0x004b, +0x000e, 
    -0x000e, -0x0018, +0x0026, +0x0017, -0x0049, +0x0034, +0x003b, -0x001d, 
    +0x001d, -0x0028, +0x0034, -0x002d, -0x0009, -0x0002, +0x002e, +0x0029, 
    +0x0015, +0x000a, -0x0029, -0x000c, -0x001f, +0x0016, -0x0044, +0x002f, 
    +0x000c, +0x000d, -0x0007, -0x0015, -0x000a, -0x0009, +0x0028, -0x001b, 
    +0x0004, +0x0005, +0x0021, -0x000f, +0x001c, -0x001d, -0x0057, +0x0063, 
    -0x0035, +0x0002, +0x0018, -0x002f, -0x0010, -0x0018, -0x0042, -0x0019, 
    -0x001c, -0x0001, +0x0026, -0x0019, -0x000f, -0x0013, +0x0014, +0x0017, 
    -0x0001, -0x001a, +0x0000, -0x0026, +0x0021, +0x0001, +0x0004, +0x000d, 
    +0x0010, +0x002c, -0x0026, +0x0005, +0x0006, -0x0003, -0x006b, -0x001e, 
    +0x0009, +0x001c, +0x0002, -0x0016, +0x000c, +0x0006, +0x0019, -0x0013, 
    +0x003d, +0x0023, -0x000f, +0x0009, +0x0000, -0x000d, -0x0017, -0x0008, 
    -0x0013, +0x0001, +0x000e, -0x0033, +0x001a, -0x0001, -0x0029, -0x0020, 
    -0x0013, +0x0018, -0x0015, +0x001f, -0x001a, -0x0028, +0x0001, -0x0018, 
    +0x000f, +0x000f, -0x0006, +0x000d, -0x0054, +0x001a, -0x000d, -0x0006, 
    +0x0040, +0x0007, -0x0041, -0x0002, -0x0031, -0x000e, +0x0011, -0x0028, 
    -0x0014, -0x0006, +0x0001, -0x0008, +0x0002, -0x000e, +0x0045, +0x0005, 
    +0x002a, -0x000c, -0x0020, +0x0007, -0x0024, -0x0028, +0x000b, -0x0037, 
    -0x001f, +0x0014, -0x001d, -0x0026, +0x001c, -0x0012, +0x000e, -0x000b, 
    +0x0020, -0x001e, -0x0038, -0x000b, -0x0003, -0x0006, -0x0012, +0x0004, 
    +0x0006, +0x000d, +0x0021, +0x0063, +0x000a, +0x000e, +0x0018, +0x0015, 
    +0x0052, -0x001b, -0x0034, +0x0023, +0x0000, +0x000e, -0x0020, +0x0004, 
    +0x0014, +0x0001, +0x0027, +0x001d, +0x0003, +0x001d, +0x002b, +0x0012, 
    +0x002c, -0x0004, -0x0028, +0x0009, -0x002b, +0x000b, -0x000f, +0x003e, 
    -0x0004, -0x000a, +0x0035, -0x0006, +0x000c, +0x001f, -0x0029, -0x0004, 
    -0x0016, -0x0009, -0x0018, +0x000e, +0x0007, +0x0020, -0x000d, +0x003f, 
    -0x0010, -0x0003, +0x0039, +0x002e, -0x0009, +0x002d, -0x0020, -0x000e, 
    +0x0037, -0x002a, +0x0018, -0x000a, +0x0016, -0x0006, -0x004f, +0x002e, 
    -0x003b, +0x0030, +0x0040, +0x0016, -0x0024, +0x0003, -0x0003, -0x0013, 
    +0x001c, -0x0014, +0x0033, +0x0011, -0x000c, -0x001d, +0x0000, +0x0004, 
    -0x0002, -0x0009, +0x0040, +0x0018, -0x001b, -0x0005, -0x0045, -0x0001, 
    -0x0014, -0x001c, +0x003a, +0x0003, +0x0002, +0x000f, -0x0064, +0x0016, 
    -0x0009, -0x0009, -0x0009, +0x0002, +0x0031, -0x0013, +0x0050, -0x0005, 
    -0x000f, -0x004b, -0x0016, +0x0002, +0x002b, +0x0030, -0x0016, +0x0010, 
    -0x0018, -0x0049, +0x0001, +0x000a, -0x000c, -0x0007, +0x0032, +0x0001, 
    +0x001a, -0x0021, +0x0010, -0x0024, +0x0004, +0x000e, +0x000a, -0x0006, 
    -0x0023, -0x0014, +0x0010, +0x0007, +0x0014, +0x0000, +0x0035, -0x0003, 
    -0x001a, +0x002d, +0x0015, -0x0026, -0x0017, +0x0026, -0x0022, -0x0003, 
    -0x0007, -0x0012, +0x0057, -0x000e, +0x0010, -0x000c, +0x004c, +0x000e, 
    -0x000f, -0x0060, -0x000d, +0x0034, -0x002d, -0x0017, +0x0010, -0x0022, 
    +0x000f, -0x0016, +0x0036, +0x0004, +0x0009, -0x0001, +0x003a, +0x0008, 
    -0x001a, -0x002a, -0x0026, +0x0017, -0x0040, +0x0005, +0x000d, -0x0025, 
    -0x000d, -0x0033, +0x0027, +0x0014, +0x0015, +0x0018, +0x0038, -0x000f, 
    -0x0009, -0x000c, -0x002c, +0x0001, -0x001e, +0x000c, -0x0008, -0x0015, 
    -0x000a, -0x0010, +0x002a, -0x000c, +0x0026, +0x0003, -0x001b, +0x0002, 
    +0x0003, -0x007f, +0x0033, +0x003d, -0x0029, -0x001d, +0x0019, +0x0004, 
    +0x0008, -0x0002, -0x0032, -0x0020, +0x0013, +0x000a, +0x0005, -0x0014, 
    -0x0019, -0x002a, +0x004e, +0x007f, -0x0030, -0x0001, -0x001a, -0x000e, 
    +0x001b, -0x0010, -0x0020, -0x0016, +0x0000, +0x0012, +0x0027, -0x0030, 
    -0x0008, -0x002d, +0x0050, +0x0026, -0x001a, -0x0015, -0x0012, -0x0007, 
    +0x001c, +0x0020, +0x0035, +0x000e, -0x000d, +0x0030, +0x0003, +0x003e, 
    +0x0046, -0x0008, -0x0023, +0x001e, -0x0013, +0x001e, +0x0039, -0x0013, 
    -0x000a, -0x0022, -0x0027, +0x0011, -0x001a, +0x002c, +0x005c, +0x0032, 
    +0x0024, +0x0012, -0x0027, +0x000a, -0x001f, +0x0018, -0x003c, +0x0046, 
    -0x002a, -0x0005, +0x0014, -0x0004, -0x0033, +0x0035, +0x0039, +0x0040, 
    +0x002b, +0x0015, -0x001f, +0x002a, -0x0014, -0x0003, +0x002c, +0x0027, 
    -0x0030, +0x0004, -0x0030, +0x0022, -0x0032, -0x0027, -0x0018, +0x0012, 
    +0x0024, +0x0034, -0x0006, +0x0004, -0x0002, +0x0019, -0x000d, -0x0007, 
    -0x000f, -0x000b, -0x0040, -0x0002, -0x000c, -0x000b, +0x002c, -0x000c, 
    -0x0014, +0x0034, +0x0009, +0x000c, -0x0026, +0x0002, -0x002c, +0x0002, 
    -0x000a, +0x0018, -0x0040, -0x0006, -0x0023, -0x000e, +0x0016, +0x0008, 
    -0x001f, +0x0027, -0x0001, -0x0017, -0x000e, -0x0006, -0x0020, -0x0002, 
    +0x000b, -0x0001, -0x0029, +0x0003, -0x0002, -0x000b, +0x001c, -0x0024, 
    +0x0011, +0x0038, -0x0047, -0x000d, +0x0015, +0x0005, -0x002c, -0x0008, 
    -0x0011, -0x0016, -0x0003, -0x0032, +0x0008, +0x0007, +0x0034, +0x000f, 
    +0x0004, +0x0016, -0x000b, -0x001b, +0x0010, +0x0015, -0x003d, -0x001e, 
    -0x0016, -0x0021, -0x000a, -0x0001, +0x000a, +0x0011, +0x0028, +0x0012, 
    +0x000e, +0x0043, -0x001d, -0x003e, +0x001e, -0x0013, -0x0039, +0x0010, 
    +0x001d, -0x0032, +0x0025, -0x000a, +0x0010, +0x001b, +0x004f, -0x000f, 
    -0x0012, -0x000e, +0x000b, -0x0005, +0x0026, +0x0028, -0x000b, +0x0008, 
    +0x0012, -0x001b, -0x0020, +0x001e, +0x003f, +0x0010, -0x0021, +0x002c, 
    -0x000c, +0x0001, +0x0043, +0x001a, +0x0004, +0x0021, +0x006b, +0x0024, 
    +0x0025, +0x001c, -0x0030, -0x0009, -0x0017, +0x0020, +0x0009, +0x0019, 
    -0x001b, -0x0018, +0x003b, +0x0003, -0x0029, -0x001e, -0x0045, -0x0003, 
    +0x001b, -0x0005, -0x000a, +0x0003, +0x0007, +0x0021, +0x0048, -0x002c, 
    +0x0026, -0x001c, -0x0002, -0x0006, +0x0008, -0x000c, -0x001e, -0x000b, 
    -0x002f, -0x0028, -0x002d, +0x001d, +0x0028, -0x0002, -0x0005, -0x000b, 
    +0x0039, +0x0008, -0x002b, +0x001f, -0x002f, +0x0016, -0x0003, -0x0020, 
    -0x0010, +0x000a, -0x002d, +0x0025, +0x000d, +0x0037, +0x003d, -0x0014, 
    -0x0006, +0x001b, +0x0022, +0x0029, -0x0029, -0x0004, -0x001c, +0x000a, 
    +0x0027, +0x0010, -0x0041, -0x0016, -0x0018, +0x0015, -0x000d, -0x0015, 
    +0x0000, -0x0003, +0x0005, -0x0005, -0x0012, -0x0001, +0x002a, -0x0006, 
    +0x0010, -0x0014, -0x001a, -0x001c, -0x0028, +0x0025, -0x0022, -0x001e, 
    +0x0016, +0x0027, -0x000a, +0x0018, -0x002b, -0x0028, -0x001b, -0x0028, 
    -0x0003, +0x0004, -0x000e, +0x003a, -0x004d, +0x000a, +0x0001, -0x0009, 
    -0x000b, +0x0038, +0x001f, +0x0025, -0x0008, -0x0005, +0x000e, +0x0005, 
    +0x0007, -0x0061, +0x0044, +0x0023, -0x0021, -0x000a, -0x003e, -0x0022, 
    -0x0022, -0x000e, +0x007f, +0x0013, -0x0014, -0x0006, -0x000a, +0x0028, 
    +0x0004, -0x0018, +0x0035, +0x0030, -0x0039, -0x0014, +0x002e, +0x0006, 
    +0x0003, -0x000e, +0x0008, -0x0020, +0x0035, +0x000f, -0x000b, +0x0002, 
    -0x0048, +0x0004, +0x0019, +0x0001, -0x003a, +0x000f, +0x0016, +0x0004, 
    -0x001c, +0x000e, -0x001e, -0x0001, +0x0024, +0x0018, -0x0036, +0x0012, 
    -0x002c, -0x0005, +0x0013, -0x002f, +0x0026, +0x0022, -0x000b, -0x0024, 
    -0x004b, +0x0008, +0x0063, +0x0011, -0x0016, -0x000b, -0x0006, +0x0006, 
    -0x004d, -0x0019, +0x001d, -0x0032, +0x000f, -0x0001, +0x0030, +0x0013, 
    +0x0014, +0x0005, +0x0053, +0x0020, -0x0019, -0x0017, +0x0009, -0x0006, 
    -0x0032, +0x000b, -0x0016, -0x001a, -0x0019, +0x002c, -0x001b, +0x0003, 
    +0x0060, -0x0027, -0x000a, -0x0012, +0x0001, -0x0022, -0x0001, -0x0017, 
    -0x007f, +0x002a, +0x002a, +0x0004, +0x002b, -0x0006, -0x0049, -0x0020, 
    -0x0004, -0x000d, +0x0010, +0x0019, -0x000f, +0x000a, +0x0023, -0x000c, 
    -0x005d, +0x001b, +0x001c, +0x0005, +0x0001, -0x002f, -0x0012, -0x0016, 
    -0x0004, +0x0005, +0x0024, +0x0023, -0x000a, +0x000c, +0x0054, +0x001e, 
    +0x0004, -0x0006, +0x0000, +0x0015, +0x000e, +0x0003, -0x0056, +0x0003, 
    +0x0026, -0x0005, +0x001d, +0x0008, +0x000c, +0x0029, -0x001c, +0x0010, 
    -0x0010, -0x0017, -0x000f, +0x0030, +0x0015, +0x0023, +0x0033, +0x0046, 
    +0x002b, +0x0013, -0x0020, +0x0017, -0x000c, -0x001d, -0x0005, -0x0066, 
    +0x003a, -0x0021, -0x004b, +0x001b, +0x000c, +0x002d, +0x0057, +0x0038, 
    +0x0010, +0x0015, -0x0023, -0x000c, +0x0017, +0x000e, -0x0003, -0x002f, 
    +0x003f, -0x001e, -0x007f, +0x0006, +0x0000, +0x0059, -0x002b, +0x003c, 
    +0x002a, +0x0007, -0x002a, +0x0018, +0x0031, +0x0032, +0x0023, -0x001a, 
    -0x0026, +0x0001, +0x003b, -0x000e, +0x0005, -0x0040, +0x0013, +0x005d, 
    +0x0014, -0x001d, -0x0015, -0x000d, -0x0012, +0x0020, +0x0019, -0x0056, 
    -0x001e, +0x0034, -0x0002, -0x0001, +0x0000, +0x0034, +0x002d, +0x002b, 
    -0x0018, -0x0003, -0x000c, -0x0017, +0x0011, +0x0002, +0x0001, -0x0062, 
    -0x000b, +0x0008, +0x003d, -0x0016, +0x0018, +0x004d, -0x0037, +0x0049, 
    -0x0030, -0x001f, -0x0018, -0x001f, -0x0004, +0x000b, +0x0021, -0x0043, 
    +0x0005, -0x000e, +0x001c, +0x0007, +0x0034, +0x000d, +0x0043, +0x0005, 
    -0x0013, -0x001e, +0x0004, -0x0006, +0x0005, +0x000b, -0x0001, -0x003f, 
    -0x001b, +0x0029, -0x0027, +0x0015, +0x0004, +0x0013, +0x002b, +0x0015, 
    -0x002b, +0x0008, -0x0021, -0x0007, +0x0021, -0x0004, -0x0005, -0x0043, 
    -0x0036, -0x0016, +0x0006, +0x0007, -0x000c, +0x000b, +0x0012, -0x0008, 
    -0x000d, -0x002a, +0x0013, -0x0022, +0x001a, +0x001d, -0x0025, -0x0044, 
    -0x0012, -0x001e, +0x0001, -0x0007, +0x0011, -0x003c, -0x002a, -0x002b, 
    +0x0025, -0x0014, -0x0031, +0x0027, -0x0002, +0x000a, +0x0017, +0x002d, 
    +0x000a, -0x0026, -0x0001, -0x0008, +0x0034, -0x0010, -0x0067, -0x0025, 
    -0x0006, +0x0046, -0x0022, -0x0016, -0x001c, -0x0034, +0x001c, -0x0022, 
    +0x0023, -0x0021, +0x0005, -0x0002, -0x0003, -0x0010, -0x0027, -0x0027, 
    -0x0023, -0x000b, -0x002b, +0x0038, -0x0043, +0x0034, -0x0003, -0x0010, 
    +0x0020, +0x0028, -0x0012, +0x001e, +0x0014, -0x000f, -0x001f, -0x0014, 
    +0x000c, +0x0006, -0x0015, +0x0023, +0x000b, -0x002b, +0x0027, -0x0002, 
    -0x000e, +0x000d, +0x0000, +0x0023, +0x0007, -0x0003, -0x002c, -0x0032, 
    +0x001c, +0x0015, +0x0021, -0x0017, -0x000c, -0x002b, +0x0001, -0x0029, 
    +0x0012, +0x0017, -0x000b, +0x001e, +0x0001, +0x0001, -0x003e, -0x0019, 
    -0x0011, -0x0036, -0x0001, +0x001f, +0x0008, +0x0011, -0x000f, -0x002f, 
    +0x0025, +0x0004, +0x0011, +0x0066, -0x0017, -0x0004, -0x000c, -0x0017, 
    -0x000f, +0x0031, -0x0016, +0x0032, +0x002b, +0x0031, +0x0029, +0x000f, 
    -0x000b, -0x003f, -0x0014, +0x0053, -0x002f, +0x0002, +0x000c, -0x0008, 
    +0x0024, +0x000c, +0x0004, -0x000f, -0x002d, +0x004e, +0x0034, +0x0025, 
    -0x0003, +0x000c, +0x000e, +0x0043, -0x001b, -0x0033, -0x000c, -0x0017, 
    +0x000f, +0x0010, -0x002b, +0x0016, +0x0003, +0x007b, +0x0010, +0x002a, 
    +0x0002, -0x0017, +0x002e, +0x0003, -0x000f, -0x0017, -0x0041, -0x002b, 
    -0x001a, -0x003b, +0x0001, -0x0006, -0x0022, +0x0001, -0x0035, +0x0035, 
    -0x0014, +0x001e, +0x0039, -0x002c, +0x0006, -0x0017, +0x0005, -0x0022, 
    -0x002d, -0x0021, +0x0007, -0x0027, +0x0003, +0x000e, +0x0000, -0x0017, 
    -0x001a, -0x0037, +0x002d, +0x0024, +0x001e, -0x0037, +0x0006, +0x0008, 
    -0x0008, -0x0023, +0x0001, -0x0016, +0x0008, -0x0016, +0x0077, +0x003f, 
    +0x0008, +0x0002, +0x0001, -0x002c, -0x0033, +0x0016, -0x0025, +0x0022, 
    +0x0006, -0x0007, -0x002f, -0x000f, +0x0015, +0x0002, +0x0039, +0x004d, 
    -0x0014, -0x0013, +0x002e, -0x0038, -0x0013, +0x000e, -0x0009, -0x000b, 
    -0x001a, -0x0014, -0x002d, -0x000d, -0x0024, -0x0028, +0x0025, +0x0026, 
    +0x000a, -0x0040, +0x0035, -0x000d, +0x0008, -0x0007, +0x0030, +0x0025, 
    -0x0011, -0x000a, -0x002e, +0x0009, -0x0024, +0x0006, +0x0032, +0x0025, 
    +0x000e, +0x000d, -0x000d, -0x0037, -0x002d, -0x0018, -0x0004, +0x004a, 
    -0x0015, -0x001b, +0x0022, -0x0029, +0x0000, +0x003c, +0x003b, +0x001f, 
    +0x0023, -0x000d, +0x0008, -0x003f, -0x0012, -0x0030, +0x0025, +0x0029, 
    -0x0005, -0x0027, -0x0008, -0x006c, -0x0015, -0x000c, -0x0003, -0x0006, 
    +0x0029, -0x0018, +0x003c, -0x0010, -0x0004, -0x0025, -0x0004, +0x0036, 
    -0x0006, -0x0040, -0x0003, -0x002a, -0x0009, +0x001c, -0x0025, -0x000c, 
    -0x0010, +0x0016, +0x003d, +0x001a, -0x0014, +0x000d, +0x001c, +0x000a, 
    +0x0017, +0x0008, -0x0034, +0x0035, +0x0028, -0x000d, -0x0009, -0x0007, 
    -0x0027, +0x0013, +0x001d, +0x004e, -0x0009, +0x000a, +0x0006, -0x0021, 
    +0x0001, +0x0065, +0x003b, +0x0021, +0x0002, +0x000d, +0x0028, -0x0040, 
    -0x001b, -0x001c, -0x0036, +0x0042, -0x002b, -0x000c, +0x0011, -0x0026, 
    -0x0002, -0x001b, +0x001d, +0x0000, +0x0002, -0x0040, -0x003d, -0x0046, 
    -0x000a, -0x001c, +0x0020, -0x0046, +0x0006, +0x000d, +0x0040, +0x0024, 
    -0x000a, +0x0014, +0x0004, +0x002f, +0x0002, +0x0012, -0x001c, -0x002a, 
    +0x0013, +0x0039, -0x002d, +0x0031, +0x0000, -0x0010, +0x0015, -0x002a, 
    -0x001f, -0x0008, +0x0033, +0x001c, -0x001c, +0x0049, -0x0005, -0x0035, 
    -0x000b, -0x0009, -0x005b, +0x0014, -0x000a, +0x0039, +0x0058, +0x001b, 
    +0x0005, -0x0038, +0x0022, +0x000b, +0x0001, +0x000f, -0x0004, -0x005d, 
    +0x0000, -0x0037, +0x0064, -0x0035, +0x0019, -0x0002, -0x0029, +0x0019, 
    -0x000b, +0x0003, +0x0019, +0x0012, -0x001f, -0x0005, -0x0015, +0x0012, 
    -0x0012, +0x0027, -0x0019, -0x0016, +0x0035, -0x0036, +0x000c, -0x0032, 
    -0x000b, -0x003a, +0x0018, +0x0003, -0x0001, -0x0008, -0x0003, +0x001b, 
    -0x0013, +0x0007, -0x0025, -0x001e, +0x0031, +0x0031, +0x002d, +0x000f, 
    -0x000c, -0x002e, +0x001a, -0x0022, +0x0013, -0x0010, +0x0010, -0x0042, 
    -0x000a, +0x0008, +0x002d, +0x0022, -0x000c, +0x000c, -0x0002, -0x0036, 
    -0x0025, +0x0004, -0x005a, -0x0023, +0x0022, +0x0029, -0x0013, +0x0044, 
    -0x0011, +0x0041, +0x0043, -0x001a, +0x0001, -0x0002, +0x0022, -0x0017, 
    -0x0008, -0x0024, -0x0028, +0x0009, -0x000e, -0x000a, -0x0036, -0x000d, 
    +0x0035, +0x0031, +0x000e, -0x0014, +0x0007, +0x0004, +0x0037, -0x0005, 
    -0x0010, -0x001f, -0x0026, -0x0064, -0x000e, -0x004a, -0x0005, +0x0032, 
    -0x0005, -0x000b, +0x0062, +0x0025, +0x000a, +0x0008, -0x0022, +0x0009, 
    -0x002a, -0x000a, +0x0016, +0x0014, -0x0022, -0x0019, +0x0009, -0x0018, 
    -0x0005, -0x0005, +0x003b, -0x000f, -0x0007, +0x000b, +0x0013, +0x0030, 
    -0x000e, -0x0032, +0x0027, +0x002e, -0x0028, -0x0023, -0x0016, -0x0018, 
    +0x0014, -0x002b, +0x007f, -0x002b, -0x002b, +0x000b, -0x002c, +0x0028, 
    -0x0016, -0x002a, +0x0012, +0x002f, -0x005f, -0x000c, -0x0027, +0x0010, 
    -0x000f, -0x0007, +0x001f, +0x003b, -0x0012, +0x001a, -0x0031, +0x0056, 
    -0x001d, +0x001c, +0x0075, +0x0002, -0x0006, -0x001d, -0x0007, -0x0030, 
    -0x0019, -0x000a, -0x0050, +0x0016, -0x0026, -0x0019, +0x0004, +0x0079, 
    +0x0023, +0x000f, +0x0068, +0x0020, -0x0006, -0x0005, +0x0002, -0x000e, 
    -0x003b, -0x0040, +0x0021, +0x0002, -0x0027, +0x0011, -0x0020, +0x007f, 
    +0x003f, +0x000b, +0x0019, +0x002e, -0x002e, -0x0019, -0x0040, +0x002a, 
    +0x0022, -0x001d, -0x0014, -0x001a, +0x0007, +0x0012, +0x000d, -0x0008, 
    -0x0035, +0x0021, -0x0011, -0x001d, +0x000c, -0x0030, +0x003e, +0x0043, 
    +0x0008, +0x002d, +0x0069, -0x002d, +0x000e, +0x005d, +0x002d, +0x0015, 
    -0x0037, +0x0002, -0x0027, +0x006c, -0x0014, +0x000d, -0x001a, +0x0022, 
    -0x0004, +0x0024, +0x0023, +0x0002, +0x001b, +0x0051, -0x001d, -0x0010, 
    -0x0024, -0x0019, -0x0003, -0x001d, -0x0011, -0x0020, -0x0020, -0x0006, 
    +0x0019, +0x000b, -0x000e, -0x002b, +0x0013, +0x0006, +0x0008, -0x000f, 
    -0x0007, +0x0022, +0x000a, -0x0032, -0x000e, -0x0033, -0x0002, +0x0017, 
    +0x0016, +0x0021, +0x0008, -0x0008, +0x000d, -0x000f, +0x0039, -0x0038, 
    -0x0012, -0x005f, -0x0018, +0x0017, -0x000e, +0x0005, -0x000b, -0x0023, 
    +0x0007, +0x003c, -0x002f, -0x000a, +0x0019, +0x0013, -0x0021, -0x001f, 
    -0x001d, -0x0022, +0x0036, -0x002e, -0x0002, -0x0030, -0x0003, -0x0018, 
    -0x002a, -0x004c, +0x001f, -0x0007, +0x000d, +0x000d, -0x0034, -0x0025, 
    +0x000e, +0x0015, +0x000f, -0x000d, -0x0004, -0x001a, +0x0046, -0x001d, 
    +0x001d, +0x000f, -0x0004, -0x0004, +0x0005, +0x0008, +0x0018, +0x0010, 
    +0x0006, -0x001d, +0x0009, +0x002d, -0x0029, +0x0019, +0x0012, -0x0032, 
    -0x0012, +0x004a, -0x000c, +0x0010, -0x0015, -0x0008, -0x001f, -0x0012, 
    +0x0031, -0x0040, -0x0002, -0x001b, -0x0010, -0x0023, -0x0017, -0x0030, 
    +0x000c, +0x001d, -0x0019, -0x003c, -0x000a, -0x0051, +0x002a, -0x0031, 
    -0x003a, +0x002c, +0x004a, +0x0041, -0x0017, +0x0030, +0x003e, -0x0049, 
    -0x0027, -0x004a, -0x0045, -0x0021, -0x0001, -0x002d, +0x002d, +0x001b, 
    -0x0014, +0x0025, -0x0005, +0x002e, -0x0003, +0x0012, +0x0007, +0x000d, 
    +0x0003, -0x0018, -0x0026, -0x0034, -0x0030, +0x002d, +0x0030, +0x0010, 
    -0x0011, -0x003c, -0x0007, +0x0029, +0x0020, -0x0075, -0x001c, -0x0019, 
    -0x001d, +0x000c, -0x003f, -0x0050, +0x0018, -0x0012, -0x0007, +0x000d, 
    -0x0033, +0x0017, +0x0066, +0x0009, -0x0018, +0x0016, +0x003e, +0x0009, 
    -0x0032, -0x003f, +0x0010, -0x001d, +0x0002, -0x0014, +0x0002, +0x002c, 
    -0x001d, -0x0011, -0x002b, -0x0013, +0x000d, -0x0001, +0x002c, -0x0012, 
    -0x000f, -0x000b, -0x002d, -0x001c, -0x0008, -0x0010, +0x0022, -0x0012, 
    -0x0021, +0x0010, +0x000d, +0x0010, +0x0020, -0x0050, +0x0003, +0x0005, 
    +0x0016, +0x0008, -0x005f, -0x001e, +0x003f, -0x0018, +0x0028, +0x0017, 
    -0x0019, -0x001c, +0x0039, -0x0015, +0x0040, -0x003b, +0x000b, +0x0026, 
    +0x000a, -0x0005, -0x005b, -0x001e, +0x0016, -0x000b, -0x001c, -0x0019, 
    -0x000c, -0x0020, +0x000f, +0x000b, +0x0020, +0x0008, -0x0014, +0x0006, 
    +0x0004, -0x0011, -0x003e, -0x0013, +0x0005, +0x0013, -0x0009, -0x0018, 
    -0x001c, -0x0029, +0x0016, -0x0023, -0x0016, +0x000e, -0x0010, -0x0018, 
    -0x0018, -0x0006, +0x003b, -0x0026, -0x0026, +0x0005, +0x002c, -0x0020, 
    -0x002a, +0x000c, -0x0007, -0x001b, -0x004a, -0x0033, +0x0050, +0x0000, 
    -0x0016, +0x0008, +0x0012, -0x0035, -0x0006, -0x005f, -0x0008, -0x000a, 
    -0x000a, -0x001b, -0x0030, -0x0019, -0x000c, -0x0033, +0x0045, +0x0015, 
    -0x000b, -0x000b, +0x0000, -0x0024, +0x0036, -0x003f, -0x002c, -0x0001, 
    -0x000e, -0x0016, +0x002a, +0x0000, -0x0020, -0x003f, -0x002c, +0x000b, 
    -0x0001, +0x0003, -0x0005, -0x0017, -0x000e, +0x0019, -0x0024, -0x0006, 
    +0x0009, +0x003f, -0x0028, +0x0005, -0x002e, +0x0056, +0x0044, -0x005e, 
    -0x000f, +0x000d, +0x0010, -0x001e, -0x0006, -0x004b, -0x0020, -0x002a, 
    +0x0004, +0x0053, -0x005f, +0x003b, -0x0021, +0x003f, +0x000c, +0x0010, 
    +0x0012, -0x0006, -0x0001, -0x0050, +0x0037, -0x0029, -0x0006, -0x0029, 
    +0x0019, +0x002a, -0x0028, +0x0008, -0x0008, +0x004f, +0x0007, +0x0001, 
    +0x0018, -0x001a, -0x002b, -0x001b, +0x0006, +0x0004, +0x0005, +0x0004, 
    +0x001c, +0x001e, +0x0025, -0x000e, -0x0017, -0x0022, -0x001e, -0x0012, 
    +0x001b, +0x0026, +0x001e, -0x0005, -0x0012, +0x0025, -0x002c, -0x0011, 
    +0x002c, +0x003c, +0x001a, +0x002c, -0x0009, -0x0005, +0x002e, +0x0040, 
    +0x0040, +0x000c, -0x002a, -0x0045, +0x0002, +0x0018, -0x002b, -0x0006, 
    +0x0005, +0x0020, +0x0019, +0x0039, +0x0013, -0x0009, +0x002c, -0x003a, 
    -0x0022, +0x0003, -0x0038, -0x005b, +0x001f, -0x0030, -0x003d, -0x0009, 
    +0x0019, +0x0013, +0x000d, +0x0033, -0x001c, -0x0017, -0x000b, -0x0066, 
    +0x0005, +0x0020, +0x0029, -0x0071, +0x0011, +0x002e, -0x0071, -0x001d, 
    -0x004a, +0x0059, +0x0016, +0x0042, -0x0002, +0x0001, -0x0017, +0x0024, 
    -0x0016, -0x0023, -0x0024, -0x0052, +0x0039, -0x0029, -0x0049, +0x0027, 
    -0x0010, -0x0012, -0x003e, +0x001f, -0x0022, +0x0027, +0x002e, +0x000c, 
    -0x0010, +0x002a, -0x0047, -0x0024, +0x0034, +0x0000, +0x0034, +0x0006, 
    -0x0006, -0x0002, +0x0018, +0x001e, -0x0007, -0x0030, +0x004c, -0x0019, 
    +0x0012, +0x000a, -0x0018, -0x0037, +0x0016, -0x001b, +0x002b, +0x0008, 
    -0x000c, +0x0012, +0x0007, +0x0057, -0x0019, -0x002a, +0x0032, +0x002e, 
    +0x0001, -0x002e, -0x0029, +0x001c, +0x0031, -0x004e, +0x0002, -0x000d, 
    +0x0014, -0x0013, +0x0015, +0x0028, -0x0011, +0x0032, +0x0006, +0x0001, 
    +0x000c, -0x000b, -0x0022, -0x0011, +0x002b, +0x0032, -0x0009, -0x0023, 
    -0x0001, +0x000f, -0x0009, -0x0015, -0x0005, -0x002e, +0x0039, +0x0016, 
    +0x000e, -0x003f, -0x0030, +0x000c, -0x0008, -0x0028, +0x000a, -0x0018, 
    +0x0022, -0x0004, +0x0042, -0x0008, -0x0008, -0x0024, -0x0005, +0x003f, 
    -0x000c, +0x0002, +0x0010, +0x0044, +0x0009, -0x0053, +0x0011, -0x0052, 
    -0x0004, +0x0013, -0x0005, +0x0011, -0x0020, -0x000a, -0x000b, +0x0023, 
    -0x003b, +0x0023, +0x001a, -0x0019, -0x0008, -0x0022, -0x000d, -0x0030, 
    -0x003c, -0x0011, +0x001c, +0x0031, +0x003a, +0x0035, +0x000a, -0x003c, 
    -0x007f, +0x001c, -0x0007, -0x001f, +0x0025, -0x0018, -0x003a, -0x0018, 
    -0x0003, -0x001a, +0x0043, +0x0037, +0x002c, -0x001f, +0x0056, -0x0027, 
    -0x0036, -0x0002, +0x0000, -0x002e, +0x0005, -0x0031, -0x001a, -0x003f, 
    +0x0006, -0x001f, +0x0032, +0x0037, +0x0014, +0x004e, -0x0018, -0x0005, 
    -0x0039, +0x005e, +0x0004, -0x0020, +0x000a, +0x0002, -0x0027, +0x000f, 
    -0x0014, +0x0015, +0x0024, +0x0007, -0x000e, +0x002c, +0x0006, -0x0040, 
    -0x0027, -0x003f, +0x000d, -0x0039, +0x0001, -0x002f, -0x001d, -0x000e, 
    +0x0014, +0x0026, -0x0023, +0x001c, -0x0016, +0x0018, +0x0023, -0x000c, 
    +0x0008, -0x0015, +0x0026, +0x0003, +0x0002, +0x001d, -0x0001, -0x004c, 
    -0x0022, +0x0006, +0x002c, +0x0016, -0x0016, -0x000c, -0x0047, -0x001e, 
    +0x001f, +0x0006, -0x0003, -0x0052, -0x0038, +0x0003, -0x0028, -0x001d, 
    +0x0011, -0x0007, -0x002e, +0x0000, +0x000f, +0x0043, -0x0006, +0x000a, 
    +0x004f, -0x002c, -0x001a, -0x0011, -0x000f, +0x003a, +0x0015, +0x0018, 
    +0x0052, +0x002e, -0x0044, +0x0009, -0x0006, +0x001d, -0x000e, +0x0024, 
    +0x003f, -0x0019, +0x0027, -0x0001, -0x002d, +0x0071, -0x000d, -0x0012, 
    +0x0023, -0x0005, +0x0006, -0x000f, -0x0016, +0x000e, -0x0016, +0x0015, 
    +0x0000, -0x001e, -0x003c, -0x0016, -0x0003, -0x0020, -0x0010, -0x002e, 
    +0x0020, +0x0027, +0x0021, +0x0017, +0x0033, -0x000c, +0x0030, +0x0042, 
    -0x001a, +0x0028, -0x0019, -0x000e, -0x002e, +0x002b, -0x0023, +0x000a, 
    -0x000a, +0x0024, -0x0020, -0x0004, -0x0003, -0x001c, -0x0038, -0x0007, 
    +0x0009, +0x0009, -0x0045, -0x0050, -0x0008, +0x0032, -0x000b, -0x000c, 
    +0x0025, -0x0020, +0x0027, +0x0046, +0x0016, +0x001f, +0x000b, -0x0012, 
    -0x001d, -0x0004, +0x000f, -0x000d, -0x001a, -0x002c, +0x007c, -0x0009, 
    +0x0019, -0x000b, -0x001e, +0x0001, +0x001b, +0x0009, -0x0040, +0x0011, 
    -0x0011, +0x001b, -0x0004, +0x0013, +0x0003, +0x001f, +0x003e, -0x001c, 
    +0x0021, -0x000a, -0x002d, +0x000f, -0x001b, -0x000f, -0x001f, -0x003a, 
    +0x0013, -0x0006, -0x0008, -0x0013, +0x000a, +0x0051, +0x0017, -0x002c, 
    +0x0010, -0x001b, +0x001d, +0x0012, -0x0006, +0x004b, -0x002d, -0x002a, 
    +0x0002, -0x0036, +0x002b, +0x000e, -0x000f, +0x0000, +0x001d, +0x0049, 
    +0x000c, -0x001a, +0x000f, -0x0006, +0x0016, +0x000c, -0x0069, -0x004b, 
    +0x000b, -0x0021, +0x003a, +0x0053, +0x004f, -0x0048, +0x0020, +0x0035, 
    -0x000a, +0x003b, +0x0024, +0x0020, +0x000a, +0x0053, -0x0004, -0x0033, 
    +0x0020, +0x0008, -0x0001, +0x0022, +0x000f, -0x0047, -0x0006, +0x0047, 
    +0x000b, +0x0009, +0x0003, +0x0008, -0x0023, +0x0061, +0x005c, +0x001d, 
    +0x000d, -0x001c, -0x0006, +0x0036, -0x0030, -0x0010, -0x002d, +0x002d, 
    +0x0004, +0x000b, +0x0026, +0x0010, -0x0016, -0x0010, +0x0010, -0x0003, 
    +0x001b, -0x0004, -0x000d, +0x000a, +0x0007, +0x0009, -0x001e, +0x0023, 
    +0x0020, +0x0009, +0x0036, -0x001d, +0x001e, +0x000a, +0x000f, +0x0014, 
    -0x0006, +0x0012, -0x000f, +0x003d, +0x0021, +0x000f, +0x0049, -0x0016, 
    +0x001d, -0x000d, +0x003e, +0x000b, -0x0001, -0x0015, +0x002d, +0x0015, 
    +0x0013, +0x0004, -0x001c, +0x002e, -0x0037, +0x0005, +0x002f, +0x0002, 
    +0x0004, -0x000b, +0x0001, +0x0047, +0x0023, +0x003b, -0x000a, -0x0007, 
    -0x0012, -0x0001, +0x0024, +0x0016, -0x000a, +0x001d, +0x003b, +0x001c, 
    +0x0008, -0x0006, +0x0023, +0x0028, +0x000c, +0x000b, +0x0011, -0x0001, 
    -0x001a, +0x0035, -0x0012, +0x001f, +0x002d, -0x0030, +0x006a, -0x0003, 
    -0x000e, -0x0001, +0x001d, +0x0056, +0x0000, -0x0013, +0x0025, +0x0026, 
    -0x0007, +0x001d, -0x0036, -0x004c, -0x002d, +0x0031, +0x0011, -0x001b, 
    +0x0016, -0x001f, +0x000c, -0x001d, -0x0001, +0x0038, +0x0017, +0x0003, 
    -0x000d, +0x0020, -0x003e, -0x0048, -0x0029, +0x0032, +0x0041, +0x0011, 
    +0x0022, +0x0015, +0x0033, -0x001f, -0x0007, +0x002e, -0x0009, -0x0011, 
    -0x0018, +0x0010, -0x001c, -0x001e, +0x000d, +0x0011, +0x001f, +0x0029, 
    -0x000b, -0x000a, +0x000a, -0x0003, -0x000a, +0x0034, +0x000c, -0x0024, 
    +0x0024, -0x0007, -0x0006, +0x0001, +0x003e, -0x003c, -0x0012, -0x0017, 
    +0x0009, -0x001c, -0x001b, +0x0007, +0x002a, -0x000c, -0x0048, -0x0033, 
    +0x0010, -0x0036, +0x001b, +0x001e, +0x002a, -0x0005, +0x0006, +0x0004, 
    +0x000f, -0x0043, -0x0039, +0x0006, +0x0010, +0x0007, -0x000c, +0x0062, 
    +0x0013, +0x002b, +0x0018, +0x0005, -0x0007, -0x0011, -0x0002, +0x0021, 
    +0x0027, -0x0057, -0x004f, -0x0049, +0x000b, -0x001c, +0x0007, +0x0011, 
    +0x0012, +0x0015, +0x0023, +0x0001, +0x0011, -0x000a, +0x000e, -0x001e, 
    -0x0011, +0x0018, +0x0018, +0x001e, +0x003f, -0x0006, -0x0036, -0x007b, 
    -0x001b, -0x0004, +0x0027, -0x0020, -0x0021, +0x002c, -0x001d, -0x0003, 
    -0x0013, -0x0011, -0x002b, +0x0028, -0x0024, -0x000f, -0x0050, +0x0018, 
    -0x001d, -0x0001, +0x0014, -0x002e, -0x000d, -0x0008, -0x0004, -0x001d, 
    +0x0024, +0x001e, -0x004e, -0x0005, +0x001f, -0x0044, -0x001e, -0x003d, 
    -0x002d, -0x000a, +0x000f, -0x0027, -0x002b, -0x0028, -0x0021, -0x001c, 
    -0x000d, +0x0037, -0x0030, -0x0014, +0x0020, +0x002b, -0x0032, -0x0070, 
    +0x0003, -0x003e, +0x001b, +0x0007, -0x001b, -0x0037, +0x0016, +0x0017, 
    -0x003b, +0x0021, -0x0030, -0x001a, -0x0026, +0x003b, -0x0035, +0x000b, 
    -0x0020, -0x0018, -0x0034, +0x002d, +0x0035, -0x002e, +0x0026, -0x0008, 
    -0x000e, +0x0052, -0x0028, -0x0018, -0x0004, +0x0015, -0x0066, -0x0057, 
    +0x0022, +0x0056, -0x0023, +0x0053, +0x0030, +0x000e, -0x002a, +0x000e, 
    -0x0014, +0x0025, -0x0007, -0x0012, -0x0007, +0x002d, -0x002c, -0x0021, 
    +0x0055, +0x000c, -0x0041, +0x000c, +0x0038, -0x000b, -0x001c, +0x0003, 
    -0x0011, -0x0007, -0x0015, +0x0000, -0x0032, +0x0023, -0x0009, +0x000d, 
    +0x0008, -0x001e, -0x0028, +0x001a, +0x0031, +0x0000, +0x000b, +0x0003, 
    -0x0004, +0x001e, +0x0003, +0x001b, -0x0020, +0x0003, +0x0012, -0x001a, 
    -0x000f, +0x002f, -0x0007, -0x0015, -0x0006, -0x0013, +0x0024, -0x000a, 
    +0x0000, +0x0012, +0x0007, -0x0008, -0x0027, -0x0035, -0x0015, -0x0011, 
    -0x0021, -0x001a, +0x0000, -0x0030, +0x0004, -0x001f, +0x0005, -0x0028, 
    -0x000b, -0x0029, -0x0014, +0x0022, +0x001d, -0x001b, -0x001d, -0x000d, 
    -0x0001, -0x0029, -0x000c, -0x0019, +0x0002, +0x000f, -0x0030, -0x0034, 
    +0x0004, -0x0026, -0x0023, +0x0011, +0x001d, +0x0021, +0x0046, +0x0030, 
    -0x000d, +0x0014, -0x0053, -0x0014, +0x0000, +0x0012, +0x0041, +0x0006, 
    -0x000b, +0x0019, +0x0047, +0x0012, -0x0016, -0x0039, +0x0009, -0x003b, 
    -0x0011, -0x0014, -0x000b, -0x002d, +0x0013, +0x002d, +0x0010, -0x003f, 
    +0x0007, -0x0022, -0x001a, +0x0014, +0x0036, -0x002e, +0x0013, -0x0017, 
    -0x0027, -0x0026, +0x000b, -0x0020, -0x002a, +0x0008, -0x0012, -0x0043, 
    +0x0017, -0x0004, -0x0005, -0x0001, +0x0037, +0x0001, +0x004b, +0x0006, 
    -0x0019, -0x0020, -0x0003, -0x0037, +0x0016, -0x000e, -0x000d, +0x000a, 
    +0x0018, +0x0019, -0x0001, -0x0017, +0x0031, -0x0001, +0x002b, +0x0008, 
    -0x000f, +0x0027, +0x0007, -0x0038, +0x002d, +0x0007, -0x002b, -0x002e, 
    +0x0031, -0x0028, -0x0009, +0x0009, +0x0020, +0x0023, +0x0056, -0x0024, 
    -0x0014, +0x0044, +0x0012, -0x0032, +0x003b, +0x000e, -0x0042, -0x002f, 
    +0x0046, -0x0038, +0x0005, -0x0003, +0x0019, +0x0006, +0x0011, +0x0028, 
    +0x000c, +0x0015, -0x0022, +0x000f, -0x0009, +0x0010, +0x001d, -0x001c, 
    +0x005d, +0x0017, +0x0008, -0x0010, -0x0017, -0x001b, +0x0040, +0x0005, 
    +0x000b, +0x0027, -0x001c, +0x0043, -0x0022, -0x0009, -0x001a, -0x002a, 
    +0x000a, -0x0023, +0x0036, -0x0005, -0x000b, +0x000e, +0x0018, -0x0011, 
    -0x0020, -0x000b, -0x0001, +0x0047, +0x0000, -0x0002, +0x0003, +0x000a, 
    +0x0019, +0x001d, -0x0002, -0x0007, +0x0002, -0x0019, +0x0017, +0x0002, 
    +0x0019, -0x003f, +0x0003, -0x002d, -0x000d, +0x007f, +0x000e, +0x0026, 
    +0x003f, +0x0027, -0x0004, +0x000b, -0x0047, -0x0059, +0x0008, +0x002b, 
    +0x0011, -0x0045, -0x0009, -0x0013, -0x000e, +0x001c, +0x0036, +0x0010, 
    +0x0013, +0x0006, +0x0007, +0x0026, +0x0002, -0x0034, -0x0019, +0x0005, 
    -0x002d, -0x001b, +0x002c, -0x000a, +0x0005, +0x0002, +0x000b, +0x0034, 
    -0x001a, +0x0033, -0x0034, -0x0003, +0x000f, -0x000d, -0x001c, -0x001b, 
    -0x000b, -0x0002, +0x001d, +0x002d, +0x001d, -0x001f, +0x0049, -0x0026, 
    -0x000c, -0x0049, -0x0038, +0x001b, -0x0003, +0x0022, +0x0025, -0x0020, 
    +0x0015, +0x002e, +0x0022, +0x0016, +0x000c, +0x0018, -0x0033, +0x0003, 
    +0x002b, +0x0020, -0x0001, +0x0018, +0x0015, -0x0019, +0x0012, -0x0035, 
    +0x002d, +0x0051, +0x0040, +0x0026, -0x0015, +0x0007, -0x001c, -0x0003, 
    +0x0039, +0x0057, -0x0010, +0x0016, +0x0013, -0x0022, -0x001f, +0x0028, 
    -0x001c, -0x0044, +0x0009, -0x002b, -0x0007, +0x0001, +0x001e, +0x0018, 
    +0x0018, -0x0022, +0x0010, +0x001b, +0x0002, -0x0032, -0x000d, -0x001b, 
    -0x003f, -0x0014, -0x0004, +0x0007, -0x0006, -0x0025, -0x002c, -0x001d, 
    +0x000b, -0x0013, -0x000f, +0x0024, +0x0026, -0x0024, +0x0023, +0x000f, 
    +0x0014, +0x0000, -0x003f, +0x0014, -0x0020, +0x0003, -0x002b, +0x0002, 
    -0x0001, +0x003c, -0x0002, -0x0016, -0x0027, -0x0031, -0x0022, +0x0043, 
    +0x0011, -0x0024, -0x0027, -0x0018, -0x0002, -0x000a, -0x0069, -0x0021, 
    +0x0000, +0x0015, +0x0006, +0x0000, +0x0009, -0x0022, +0x000b, -0x0035, 
    -0x000b, -0x003e, -0x0015, +0x0012, +0x0014, -0x0025, -0x0050, -0x0065, 
    -0x0022, -0x001b, +0x000f, +0x0026, +0x0010, -0x0002, -0x003a, -0x0022, 
    +0x0010, -0x0025, -0x0060, -0x000c, +0x0009, -0x004f, -0x0023, +0x0004, 
    -0x0034, -0x0031, +0x0036, -0x0009, -0x0018, +0x0027, -0x0034, -0x001f, 
    -0x0017, +0x0041, -0x0053, -0x0002, +0x0030, -0x0038, -0x006c, -0x0039, 
    -0x000c, +0x0010, +0x002a, +0x002c, -0x001b, +0x0044, +0x001b, +0x0007, 
    -0x0034, +0x0063, +0x000e, +0x0025, -0x0009, +0x002e, -0x0043, +0x001a, 
    -0x000f, +0x0002, +0x0024, -0x0021, +0x0005, +0x0042, +0x0016, -0x0022, 
    -0x002a, +0x002c, +0x0030, -0x0008, -0x0008, -0x0001, -0x003a, -0x0033, 
    +0x0009, -0x001a, +0x0017, -0x0002, +0x0012, +0x0024, +0x0007, -0x002d, 
    +0x0041, +0x000e, +0x0009, -0x0076, +0x0013, -0x000f, -0x0024, -0x0020, 
    -0x003e, +0x000a, -0x0023, +0x000e, -0x0009, -0x0018, -0x0018, +0x0023, 
    +0x0011, +0x0027, +0x0005, +0x0013, -0x0022, +0x0018, -0x001d, +0x007f, 
    -0x0044, -0x0005, -0x001e, +0x000e, -0x001f, -0x0032, -0x0002, -0x0012, 
    -0x000c, -0x002b, +0x0002, -0x0029, -0x0015, -0x000c, -0x002d, -0x0028, 
    -0x0015, -0x000d, +0x0019, +0x002f, +0x0034, -0x0019, -0x0001, +0x0011, 
    +0x0045, -0x0018, +0x001b, -0x0055, +0x0053, +0x0006, -0x000b, +0x0033, 
    +0x0037, -0x0010, -0x002d, +0x0036, +0x0021, +0x0010, -0x0020, -0x0013, 
    -0x0006, -0x000d, +0x0004, -0x0005, +0x0000, +0x0013, -0x0017, +0x0057, 
    +0x0026, +0x0022, -0x001c, +0x0051, -0x002c, -0x002a, +0x000a, -0x0002, 
    +0x0004, -0x0015, -0x0018, -0x0023, +0x0015, -0x002e, -0x003d, -0x001d, 
    +0x0006, -0x0041, -0x000f, -0x001f, -0x0015, -0x0044, +0x002f, +0x0019, 
    -0x0028, -0x0024, -0x001b, -0x0003, -0x002f, +0x0040, -0x001f, -0x000b, 
    +0x0017, -0x0028, +0x0010, +0x0016, -0x0031, +0x0032, -0x004a, -0x0019, 
    -0x0047, -0x0030, -0x0024, +0x0020, +0x0004, +0x000e, -0x0015, -0x0006, 
    +0x001b, -0x0004, +0x0031, +0x000f, -0x000a, +0x0046, -0x002e, -0x002c, 
    -0x000b, -0x0014, -0x0014, +0x0006, -0x0011, +0x000c, -0x0010, +0x0018, 
    +0x0019, -0x0029, +0x0001, -0x0010, -0x0021, +0x0002, +0x0003, +0x0042, 
    -0x000a, -0x0001, -0x001b, -0x002e, +0x0008, +0x0003, -0x000a, -0x000a, 
    +0x0011, -0x0013, -0x0006, +0x0008, -0x0010, +0x001b, -0x0019, +0x0006, 
    -0x0033, -0x0027, -0x0032, -0x0014, +0x000a, +0x0008, -0x000b, +0x0001, 
    +0x0004, +0x0006, -0x0021, +0x000e, +0x000a, +0x001f, -0x001f, -0x0014, 
    -0x0025, -0x000c, -0x0015, -0x002d, +0x001b, +0x0020, +0x0012, +0x0011, 
    +0x0035, -0x000d, -0x0001, -0x0002, +0x001a, +0x0017, +0x0005, +0x0037, 
    +0x0021, -0x0006, -0x0025, -0x0039, +0x000b, -0x001e, +0x0012, -0x0007, 
    -0x0030, +0x0031, -0x0027, +0x002f, -0x0008, -0x0035, +0x0005, -0x0018, 
    -0x0013, -0x0013, -0x0025, +0x0005, +0x002c, +0x0001, -0x0016, -0x001e, 
    -0x0011, +0x002e, -0x0012, +0x0014, +0x000d, -0x0056, -0x002e, -0x0048, 
    -0x0002, -0x000d, -0x0027, -0x0035, +0x0068, +0x0019, +0x000a, +0x0032, 
    -0x0022, +0x0009, +0x0013, +0x0019, +0x0031, +0x001d, +0x0000, -0x003b, 
    -0x0046, -0x0049, +0x0011, +0x0045, -0x0013, +0x0019, -0x0025, +0x0015, 
    -0x0018, -0x0009, -0x001a, -0x001e, -0x0016, +0x0013, -0x0010, +0x0019, 
    +0x003f, +0x0043, +0x001c, +0x0009, -0x0040, -0x002b, +0x0001, +0x001f, 
    -0x005e, -0x004f, -0x0013, -0x0039, -0x003d, -0x0011, -0x004a, -0x003a, 
    -0x001c, -0x0019, -0x0008, -0x001e, -0x003d, -0x000d, -0x0015, -0x001a, 
    -0x0026, -0x0009, -0x0034, +0x003a, +0x0008, -0x0023, -0x003e, -0x001a, 
    -0x000e, -0x0043, +0x0031, +0x0018, +0x0014, -0x000d, -0x0037, +0x001d, 
    -0x0005, -0x0035, -0x0014, +0x002a, -0x000e, +0x006d, +0x001d, +0x0056, 
    +0x002a, +0x001e, -0x0016, +0x001d, +0x0023, -0x0040, -0x001d, +0x0012, 
    -0x0055, -0x0036, -0x000c, +0x003d, +0x001a, +0x0014, -0x0015, -0x0020, 
    +0x0003, -0x0037, +0x0000, -0x0006, -0x0001, +0x0031, -0x0023, +0x000a, 
    -0x001d, -0x001e, -0x002c, +0x0000, +0x006c, -0x002c, -0x000b, +0x000a, 
    -0x0031, -0x0016, +0x0023, +0x0005, -0x0019, -0x0026, -0x000b, -0x0005, 
    +0x0016, -0x0026, +0x0001, -0x0037, -0x0015, -0x000b, +0x000e, +0x0037, 
    +0x0019, +0x0002, -0x0012, +0x0048, -0x0017, -0x001a, -0x0022, -0x0002, 
    +0x0006, -0x0044, +0x0016, -0x0022, -0x000b, -0x0038, +0x0004, -0x001a, 
    -0x003d, +0x0009, -0x002a, +0x0007, +0x000b, +0x002f, +0x001a, -0x0002, 
    -0x0006, -0x0021, -0x0028, -0x002d, +0x0027, -0x001f, +0x0046, -0x002c, 
    -0x0015, +0x003b, -0x0031, +0x0000, -0x0010, -0x000e, +0x0006, -0x0024, 
    +0x0011, +0x002f, -0x002c, +0x000f, -0x0014, -0x001c, -0x0002, +0x0039, 
    +0x0006, +0x002b, -0x000e, +0x0001, +0x004b, -0x002f, -0x001d, -0x001c, 
    -0x0020, +0x0039, -0x002b, -0x002f, -0x001a, -0x0001, -0x004a, +0x0001, 
    -0x0005, +0x0003, +0x001b, -0x0023, -0x0009, +0x0000, +0x0015, +0x0004, 
    -0x0040, -0x000b, -0x0006, -0x0019, +0x000d, -0x0008, -0x004c, +0x0035, 
    -0x0028, +0x0007, +0x000a, +0x0022, -0x0006, +0x0005, +0x000f, -0x0013, 
    -0x0022, +0x0041, -0x0009, -0x0015, -0x0035, +0x0007, +0x0013, -0x0004, 
    +0x002c, +0x0020, -0x004b, +0x0057, +0x0045, -0x003e, -0x0003, -0x0029, 
    -0x0036, +0x0010, -0x0042, -0x0036, -0x002e, +0x000f, -0x0019, -0x0013, 
    -0x0006, +0x001a, -0x002a, -0x0021, -0x0010, +0x0024, +0x002f, -0x0023, 
    -0x0013, +0x000d, -0x0004, +0x000a, +0x0004, -0x0006, -0x004b, -0x002d, 
    -0x002f, +0x002d, +0x000b, +0x0010, +0x0041, -0x0011, +0x0032, +0x001b, 
    -0x002e, +0x0023, -0x0001, +0x001b, -0x0004, +0x0012, +0x0017, -0x0003, 
    -0x001a, +0x0057, +0x0022, +0x0041, +0x001f, -0x0012, +0x0018, -0x000d, 
    +0x0005, +0x0001, +0x0004, +0x001b, -0x000b, -0x0028, +0x0000, +0x0002, 
    +0x000b, +0x0009, -0x0003, -0x0008, +0x001b, +0x0016, +0x004e, -0x000e, 
    -0x000e, -0x0030, +0x0006, +0x002a, -0x0016, +0x0006, +0x0012, -0x0018, 
    +0x000d, -0x0012, -0x0001, -0x000d, -0x0021, -0x0034, +0x0010, +0x0034, 
    +0x0015, -0x000d, +0x0014, +0x0018, +0x0043, -0x0006, -0x001b, -0x002a, 
    +0x0047, -0x000f, -0x000e, +0x001f, +0x0021, -0x0042, +0x004c, +0x0006, 
    -0x001e, -0x0014, +0x0004, +0x0011, -0x0009, -0x006d, +0x0010, -0x0069, 
    +0x0017, -0x0003, +0x0015, -0x004f, +0x002b, -0x000a, +0x0024, +0x001b, 
    +0x000c, +0x0024, +0x0002, +0x001c, +0x001c, -0x0060, +0x0060, -0x0050, 
    -0x003e, -0x0008, -0x0020, -0x002c, -0x0018, +0x001c, +0x000a, +0x003e, 
    +0x0005, +0x0007, -0x001d, +0x000c, +0x0053, +0x001c, -0x0026, +0x0039, 
    +0x002a, +0x0006, -0x0025, +0x0027, +0x0036, -0x0044, +0x0020, +0x0019, 
    -0x0033, -0x0005, -0x0035, -0x0037, +0x0012, -0x001d, -0x0017, +0x0006, 
    -0x0030, -0x0040, -0x0036, -0x0024, +0x0030, +0x001d, +0x0021, +0x000c, 
    +0x0013, +0x001d, -0x0012, +0x0024, -0x002e, +0x0005, -0x000e, -0x0024, 
    -0x0031, +0x002b, -0x0021, -0x0024, -0x0004, -0x0015, -0x0017, +0x000e, 
    -0x000b, -0x0011, -0x0002, -0x0011, +0x0015, +0x0024, -0x0019, +0x0020, 
    +0x000f, -0x0038, +0x0014, -0x0002, +0x0020, -0x007f, -0x0004, +0x0006, 
    -0x000f, -0x001f, -0x0002, -0x001b, +0x0020, -0x0010, -0x002a, +0x0000, 
    -0x0015, -0x0005, -0x0008, +0x0034, +0x0003, +0x000f, +0x001a, -0x002a, 
    +0x0031, -0x0015, +0x0009, -0x0016, +0x0000, -0x0009, -0x000f, -0x002e, 
    -0x0007, -0x0007, -0x000c, +0x0013, -0x0005, +0x0032, +0x0004, -0x000d, 
    +0x004e, -0x0010, -0x0005, -0x0014, -0x0054, -0x0032, -0x001f, +0x0034, 
    +0x0009, -0x000b, -0x0017, +0x0034, +0x0013, +0x0064, +0x001f, +0x001b, 
    +0x0017, +0x0025, -0x0016, -0x0001, -0x0029, -0x001d, -0x0002, -0x0008, 
    +0x0004, -0x0003, -0x0006, +0x002c, +0x0000, +0x0028, +0x002d, +0x0001, 
    +0x0015, -0x0011, -0x0014, -0x000c, -0x0014, +0x0000, +0x000e, -0x001b, 
    +0x0004, +0x0001, +0x000b, +0x0026, -0x0027, -0x0029, -0x001f, -0x0036, 
    +0x0007, -0x002e, +0x000b, +0x0022, -0x0035, -0x0026, -0x000b, -0x0006, 
    +0x0022, -0x002d, +0x001a, +0x0021, -0x0019, +0x0023, -0x0016, -0x0003, 
    +0x0022, -0x001d, +0x0008, -0x003e, -0x0009, -0x000c, +0x0002, +0x0002, 
    -0x0017, -0x0010, -0x002c, +0x0036, +0x000b, -0x000d, -0x001d, +0x0015, 
    +0x0001, -0x003a, -0x0017, +0x003a, -0x0052, +0x0002, -0x0040, -0x000b, 
    -0x000c, +0x002e, +0x0008, -0x001c, +0x001d, +0x001b, +0x0022, -0x003c, 
    +0x0020, -0x000f, +0x0016, -0x003a, +0x001e, -0x000f, +0x0032, +0x001b, 
    +0x000b, +0x0018, +0x0005, +0x0041, -0x0005, +0x004b, +0x0029, -0x002b, 
    +0x007f, +0x0014, +0x001b, -0x0013, +0x0008, +0x0013, +0x0028, +0x0015, 
    -0x0020, +0x0027, +0x003c, +0x0021, +0x0019, -0x001f, +0x001e, +0x003e, 
    +0x001d, +0x0017, -0x002f, +0x0046, -0x0027, +0x000b, +0x0016, -0x0006, 
    -0x0018, -0x0015, -0x0011, -0x0025, -0x0015, -0x0006, -0x0002, -0x0024, 
    -0x000f, -0x001f, -0x0007, +0x0027, -0x0003, -0x003f, -0x0050, +0x0013, 
    +0x0033, -0x003f, +0x0032, -0x002a, -0x001d, +0x0011, +0x0026, +0x0032, 
    -0x000a, -0x0041, +0x0022, +0x001f, -0x0047, -0x0012, -0x001a, +0x0005, 
    +0x002b, +0x0012, -0x0026, -0x001e, +0x0043, -0x0048, -0x001a, +0x004e, 
    -0x0016, -0x003f, -0x0049, +0x0011, +0x0031, +0x0003, +0x000f, +0x0020, 
    -0x0025, +0x001a, -0x000d, +0x000c, +0x002f, -0x001e, -0x0003, -0x003c, 
    -0x002d, +0x0008, -0x000e, +0x0036, -0x0022, +0x0019, +0x0023, +0x002f, 
    -0x002b, -0x000f, -0x0014, -0x0012, -0x005d, +0x0006, +0x0046, +0x0021, 
    +0x0018, +0x0017, +0x0028, -0x0007, -0x0034, -0x003b, +0x0004, -0x0029, 
    -0x000d, -0x0002, -0x0016, +0x0002, +0x000b, -0x0010, +0x0031, +0x0013, 
    +0x0027, +0x0021, -0x0038, -0x0012, +0x0011, +0x0003, -0x0015, -0x0012, 
    -0x0014, -0x0022, -0x0028, +0x0046, +0x003a, +0x0048, -0x002c, -0x002c, 
    -0x0016, +0x000c, -0x0014, -0x0001, +0x0045, +0x0011, +0x001e, +0x0036, 
    +0x0004, -0x000c, +0x0001, +0x0020, -0x000a, +0x005f, +0x0008, -0x002e, 
    +0x003d, +0x0029, +0x001b, +0x000d, +0x0009, +0x0032, -0x0029, -0x0028, 
    +0x0004, -0x002d, +0x0008, +0x000e, +0x0016, +0x0010, +0x004e, -0x0009, 
    +0x001f, -0x000a, +0x000c, +0x000c, +0x0035, +0x0009, +0x001a, +0x0011, 
    +0x0012, +0x0002, -0x002a, -0x000d, +0x0016, -0x0064, +0x001b, -0x0006, 
    -0x0008, +0x000f, -0x0028, +0x001b, -0x0068, -0x0039, +0x000c, +0x0015, 
    +0x000b, +0x0045, -0x0009, +0x0016, +0x0009, +0x0002, -0x001e, +0x0000, 
    +0x002f, -0x002b, -0x005f, -0x0001, -0x003b, -0x002a, +0x000c, +0x0010, 
    -0x0044, +0x002c, +0x0005, -0x0009, +0x001b, +0x0001, +0x001b, +0x003d, 
    +0x0007, -0x001c, -0x0027, +0x0033, -0x0005, -0x000b, +0x0042, -0x0029, 
    +0x0004, -0x0030, +0x001b, -0x001e, -0x004c, -0x006e, +0x0004, -0x0028, 
    +0x001c, +0x002a, -0x000f, +0x000d, -0x000e, -0x0010, -0x0006, -0x0023, 
    -0x000f, -0x0039, -0x0021, +0x0023, -0x0063, -0x0044, -0x002b, -0x0008, 
    +0x0032, +0x0013, -0x002f, -0x0034, +0x0033, -0x0028, -0x000e, -0x0010, 
    -0x0026, -0x002e, +0x0020, +0x002a, -0x000e, -0x0062, -0x0027, +0x0029, 
    -0x001a, -0x0024, -0x0019, -0x000a, +0x000a, -0x000d, +0x001a, -0x0008, 
    +0x0012, -0x0005, +0x0017, +0x0016, -0x0006, -0x0016, -0x0014, -0x0006, 
    -0x002f, +0x0048, -0x000b, +0x001f, -0x0010, -0x0013, +0x0009, +0x000a, 
    -0x000b, +0x000b, +0x0028, -0x0002, -0x000e, +0x000f, +0x0019, -0x0014, 
    -0x0007, +0x006e, -0x003b, +0x0006, +0x005c, +0x003d, -0x0020, -0x0020, 
    +0x0005, -0x001d, +0x0000, +0x000b, -0x0026, -0x0018, -0x0011, +0x001c, 
    -0x0032, +0x000a, -0x000b, +0x0004, +0x002c, +0x0014, -0x0036, -0x0032, 
    -0x0004, -0x0026, +0x0033, -0x0021, -0x0024, +0x0007, -0x0028, -0x000e, 
    -0x0010, -0x0046, +0x0034, -0x000b, +0x002c, -0x0037, +0x0006, -0x0007, 
    -0x0007, -0x0034, +0x001e, +0x000a, +0x001e, +0x003f, -0x0009, +0x000f, 
    -0x002e, -0x002e, +0x0032, +0x0015, -0x002f, -0x001c, +0x0025, -0x0004, 
    +0x0040, -0x0039, +0x001f, -0x0059, +0x0028, -0x0009, -0x0012, -0x0024, 
    +0x000b, +0x0023, +0x0018, -0x0016, -0x0002, +0x0055, -0x000b, +0x0003, 
    -0x0039, +0x0007, +0x0043, -0x0021, -0x0019, -0x0007, -0x002d, -0x0002, 
    -0x0023, +0x000b, +0x0018, -0x0034, +0x0025, +0x000b, -0x0015, -0x002a, 
    +0x0035, +0x0002, +0x0042, -0x0020, +0x0020, +0x0030, -0x0001, +0x0014, 
    +0x0003, -0x001a, -0x0001, +0x0021, +0x0031, -0x0033, +0x0012, -0x003f, 
    -0x000d, -0x000e, +0x001e, +0x0003, +0x000f, -0x0008, -0x001e, -0x0011, 
    +0x0021, +0x0001, +0x0017, +0x003b, +0x004a, +0x002e, -0x0015, -0x0007, 
    +0x0009, -0x000d, -0x0010, -0x001f, -0x0004, -0x002e, +0x0033, +0x0000, 
    +0x0037, -0x0004, +0x005f, -0x0017, +0x0009, +0x000b, +0x000a, -0x0011, 
    +0x000c, -0x0004, +0x000a, -0x0012, +0x0019, -0x000a, +0x0029, +0x0008, 
    -0x001b, -0x000c, -0x0022, +0x0008, +0x0001, -0x0024, +0x000c, -0x003e, 
    +0x0004, +0x0013, -0x0014, +0x000e, -0x002c, -0x004c, +0x0015, +0x0023, 
    -0x0011, +0x003a, -0x002a, -0x0012, +0x0002, -0x0047, +0x0024, -0x001c, 
    -0x0037, -0x0011, -0x0048, +0x0030, -0x001e, +0x000b, +0x0003, +0x0012, 
    +0x001a, +0x0002, -0x0003, -0x0006, +0x0036, -0x0032, -0x0015, +0x0010, 
    -0x002a, -0x0038, +0x001d, +0x003d, -0x002d, +0x0004, -0x0020, -0x0035, 
    +0x001c, -0x0018, +0x0009, +0x002d, +0x0004, +0x0034, +0x0005, +0x0003, 
    -0x0013, -0x0020, -0x0040, -0x0016, -0x004e, +0x000c, +0x0019, -0x002f, 
    -0x0018, -0x0025, +0x000b, +0x0007, +0x000e, +0x0044, +0x0020, -0x0021, 
    -0x000b, +0x0011, -0x0049, +0x000b, -0x0008, +0x0007, +0x0011, +0x000d, 
    -0x0028, +0x0028, -0x0005, -0x0008, +0x0015, -0x0009, -0x0034, -0x0017, 
    -0x0005, -0x0025, +0x0025, +0x0000, -0x000f, -0x0011, -0x0022, -0x001c, 
    +0x0033, +0x0013, +0x003e, +0x0015, +0x0002, +0x0012, -0x0014, -0x0043, 
    +0x0008, +0x001f, -0x0018, +0x0027, +0x0000, -0x0019, +0x002b, -0x001f, 
    -0x0014, -0x001f, +0x0007, +0x0002, +0x0042, +0x001d, +0x0039, -0x0008, 
    +0x005d, +0x0003, -0x0017, -0x000d, -0x0055, +0x0003, +0x000f, -0x0007, 
    -0x0036, +0x0007, +0x002e, +0x003f, -0x0020, -0x0021, -0x0050, -0x004a, 
    +0x0061, -0x0028, +0x0003, -0x002f, -0x000c, -0x0043, +0x0013, -0x0016, 
    -0x0013, -0x0014, +0x002a, +0x0050, +0x0015, -0x003f, -0x0007, -0x0054, 
    +0x000c, +0x0025, -0x0028, -0x0021, -0x0019, -0x0009, +0x0013, -0x002f, 
    -0x002b, -0x0024, +0x0003, -0x003e, +0x0002, -0x002b, +0x0026, +0x0008, 
    +0x005a, -0x0032, -0x000a, -0x001e, -0x0024, -0x0015, +0x0015, +0x0014, 
    -0x0006, +0x0011, +0x0048, -0x003b, -0x005e, +0x0016, -0x0026, -0x0034, 
    +0x0044, -0x0021, -0x0001, -0x000a, -0x000f, -0x0017, +0x000e, -0x0033, 
    +0x0008, +0x0010, +0x0034, +0x000a, -0x005b, -0x0033, +0x0016, -0x0016, 
    +0x0054, -0x005e, +0x0038, +0x0004, -0x0025, -0x0009, -0x000c, +0x0021, 
    +0x001c, +0x0015, +0x0017, -0x0048, -0x0002, -0x0023, +0x002f, +0x0005, 
    -0x0021, -0x0011, -0x0006, +0x0024, +0x002d, -0x000c, -0x0008, -0x000c, 
    -0x000a, -0x000f, +0x001a, +0x0010, +0x000e, -0x000c, -0x0017, +0x0011, 
    -0x0025, +0x0007, -0x0033, -0x0002, -0x0021, -0x0025, -0x001d, -0x0005, 
    +0x001b, -0x0024, +0x002f, +0x002c, +0x000f, -0x002f, +0x000a, +0x0030, 
    +0x0007, -0x0014, +0x001f, -0x001e, -0x0045, -0x0023, +0x000d, +0x0015, 
    +0x0003, +0x002f, +0x000d, -0x002f, +0x0028, -0x0007, -0x000e, -0x0017, 
    -0x002f, -0x0021, +0x0007, +0x0025, +0x001b, +0x0046, -0x0001, +0x0003, 
    +0x002a, -0x0013, -0x0036, +0x001c, +0x003d, +0x002a, +0x002e, +0x004e, 
    -0x0029, -0x000d, +0x000b, +0x0055, +0x0000, -0x0024, -0x0003, -0x0022, 
    +0x001f, -0x0017, -0x0046, +0x0036, +0x0033, +0x0040, +0x001a, +0x004b, 
    -0x0034, -0x0011, +0x0018, -0x0016, -0x0006, +0x0050, +0x002e, +0x002e, 
    +0x003a, +0x0002, -0x0018, +0x0016, +0x0029, +0x001b, -0x003a, -0x004b, 
    -0x0070, +0x0019, +0x000a, +0x0003, +0x0010, -0x0039, +0x0004, -0x0027, 
    -0x0041, +0x0021, +0x000e, -0x0010, +0x0030, -0x0019, +0x000a, -0x0042, 
    -0x0015, +0x0035, +0x0005, -0x001a, -0x0005, -0x0005, -0x003d, -0x0004, 
    -0x0014, +0x0009, +0x000e, -0x0058, -0x000a, -0x0009, -0x0039, -0x001c, 
    -0x0004, -0x003e, -0x0005, -0x001c, -0x0032, +0x0005, -0x003a, +0x004f, 
    +0x0004, -0x0022, +0x0016, -0x002c, -0x000e, -0x000d, -0x000c, -0x002f, 
    -0x000f, +0x0021, -0x0022, +0x007d, +0x0036, -0x0010, -0x0016, +0x000a, 
    +0x0006, +0x0011, +0x0015, +0x000b, -0x0006, +0x003f, -0x0022, -0x0038, 
    +0x000e, +0x001b, -0x0002, +0x001f, +0x003e, +0x0005, +0x000d, +0x0021, 
    +0x0003, +0x005b, +0x000b, -0x0041, -0x0005, -0x0005, -0x0019, -0x0023, 
    +0x0052, +0x0002, +0x001b, -0x0010, -0x0003, +0x0026, -0x0037, +0x0030, 
    +0x0002, +0x0010, -0x000c, -0x0019, +0x0001, -0x0005, -0x0015, +0x0019, 
    -0x001f, -0x0005, -0x0025, +0x003c, +0x0019, +0x0004, -0x0021, -0x0017, 
    -0x000f, -0x001c, +0x0025, +0x0000, +0x0000, +0x0001, -0x0035, +0x000a, 
    -0x0039, -0x0007, -0x0021, +0x0025, +0x0017, +0x0060, -0x000e, -0x0003, 
    -0x0008, +0x0013, -0x000d, -0x0019, -0x002b, -0x0007, +0x001a, +0x0031, 
    -0x0007, +0x005b, -0x0042, -0x0016, -0x0012, +0x0024, +0x0023, +0x002d, 
    -0x000b, -0x001b, +0x0005, -0x000d, -0x0013, -0x0002, -0x0015, +0x0040, 
    +0x001d, -0x000f, +0x0012, -0x0048, -0x000b, +0x0053, -0x001a, +0x0052, 
    -0x0038, +0x001a, +0x0011, -0x004b, +0x0016, -0x0023, +0x000b, +0x003b, 
    +0x004b, -0x0029, -0x0010, +0x0008, +0x0022, +0x0054, +0x0002, +0x0032, 
    -0x0048, -0x0021, +0x0022, +0x0003, -0x002a, +0x001a, -0x0029, +0x004c, 
    -0x0017, -0x0026, -0x0012, -0x0004, -0x0011, +0x000c, -0x000e, -0x0008, 
    +0x000e, +0x0011, -0x0004, -0x0031, -0x001a, -0x0024, +0x000e, +0x002e, 
    +0x001f, +0x002f, +0x0016, +0x0050, -0x0007, -0x000e, -0x0003, +0x002d, 
    -0x000b, +0x0008, +0x0007, -0x0017, +0x001e, +0x000f, +0x001e, +0x0030, 
    +0x0021, -0x0014, -0x0015, +0x000a, -0x0003, +0x000e, +0x0033, +0x002f, 
    +0x0019, -0x0028, +0x002e, +0x0001, -0x0032, +0x005b, +0x0001, -0x0006, 
    +0x000b, +0x0022, +0x0022, +0x0018, -0x0009, -0x0033, +0x000e, -0x0029, 
    +0x000e, +0x0018, +0x0010, -0x001f, -0x003e, +0x0005, -0x001e, +0x002b, 
    -0x000a, -0x0018, +0x0023, +0x001f, +0x001f, -0x0035, -0x0016, +0x003e, 
    -0x000b, -0x0019, -0x0021, -0x001d, +0x002a, +0x000b, +0x0008, +0x0062, 
    -0x0049, -0x0001, -0x002b, +0x0030, +0x0000, -0x000e, +0x0027, +0x002c, 
    +0x001e, -0x0026, +0x000b, -0x0015, -0x0023, +0x0012, +0x0010, -0x0027, 
    +0x0007, +0x000b, -0x0013, -0x0003, +0x0001, -0x0020, +0x0017, -0x0012, 
    +0x002b, +0x0003, -0x0037, -0x0023, -0x002b, -0x001b, -0x0020, +0x0003, 
    -0x0022, +0x0019, -0x001c, +0x0014, +0x003b, -0x0059, -0x0002, -0x001e, 
    -0x0003, +0x0027, -0x0029, +0x0025, -0x0027, +0x005a, +0x0014, -0x0025, 
    -0x0026, +0x0016, -0x0023, +0x0000, +0x0037, -0x0039, -0x001b, -0x0011, 
    -0x0011, +0x0054, -0x0036, +0x0041, -0x005d, -0x0018, -0x0008, -0x0058, 
    -0x005c, -0x0001, +0x000b, -0x0010, +0x002c, +0x0011, -0x001d, +0x001b, 
    -0x003b, +0x0004, -0x0016, +0x002c, -0x002a, -0x0048, +0x0008, -0x0031, 
    +0x0027, -0x0002, -0x001f, +0x003b, -0x0008, -0x0001, +0x0016, -0x0014, 
    +0x0042, +0x0047, +0x001a, +0x000f, +0x0023, +0x0036, +0x007f, +0x003b, 
    +0x003f, +0x0004, -0x0005, +0x0003, +0x000d, -0x0013, +0x001e, +0x002d, 
    +0x0031, +0x0077, -0x0014, -0x000d, +0x0005, +0x0020, +0x004f, +0x001b, 
    +0x0007, +0x000b, -0x0003, -0x000c, +0x0008, -0x0013, +0x0039, +0x0002, 
    +0x0035, +0x000d, -0x0010, -0x0006, +0x000d, +0x000f, +0x0018, -0x0007, 
    +0x001d, -0x000e, +0x0003, +0x0036, -0x002b, +0x0065, +0x0018, -0x002b, 
    +0x001f, -0x0034, +0x0013, -0x0006, +0x001d, -0x0007, +0x002d, +0x0008, 
    +0x001f, +0x0017, -0x0012, +0x0015, -0x0001, +0x0043, -0x0001, +0x0043, 
    -0x0009, -0x0030, +0x0002, -0x002b, -0x0005, +0x0026, +0x0015, +0x0024, 
    +0x0033, -0x0017, +0x0016, -0x002a, -0x007e, +0x000f, +0x004e, -0x001c, 
    +0x001f, -0x004e, +0x0024, -0x0009, +0x001c, +0x0014, +0x001d, +0x0025, 
    -0x0017, +0x000f, -0x0009, +0x0027, -0x0040, +0x0005, +0x002e, +0x000f, 
    -0x0015, +0x0015, -0x0007, +0x001c, +0x0012, -0x002c, -0x001b, +0x0038, 
    +0x005c, -0x0003, +0x0007, +0x0054, -0x0044, -0x0031, +0x0013, +0x0018, 
    +0x003a, -0x001d, -0x001d, -0x0025, +0x0008, +0x000a, +0x0046, +0x0020, 
    +0x0025, +0x002b, -0x0010, +0x0046, -0x0045, +0x001d, +0x0014, -0x0016, 
    +0x0052, +0x0036, -0x002d, -0x0010, +0x0007, -0x002d, +0x000d, -0x0019, 
    +0x0027, +0x0012, -0x0004, +0x000f, +0x0008, +0x0007, -0x0006, +0x001f, 
    -0x0020, -0x000d, -0x0009, -0x003b, -0x001d, -0x0029, +0x001c, -0x0014, 
    +0x0058, -0x002d, -0x0010, +0x0015, +0x0017, -0x003a, +0x001f, -0x0001, 
    -0x0007, -0x0026, +0x0016, -0x0007, +0x001c, -0x0012, +0x0004, -0x0004, 
    +0x0016, -0x000a, -0x0003, -0x0008, +0x0005, -0x001f, +0x000e, -0x0014, 
    +0x0034, +0x0036, +0x003c, -0x0003, -0x0013, -0x0006, +0x0011, -0x0016, 
    +0x0029, +0x0019, +0x000a, -0x0022, -0x0027, +0x0016, -0x002a, -0x0040, 
    -0x002e, -0x0013, +0x000a, +0x0015, -0x001f, -0x0042, +0x0014, -0x0045, 
    +0x0035, -0x0002, -0x0021, -0x001f, -0x000f, -0x0010, -0x0026, -0x000f, 
    -0x003c, +0x000a, +0x0008, +0x0050, +0x000e, -0x001d, -0x0002, -0x0018, 
    +0x004b, -0x0024, -0x0014, -0x0009, +0x0007, -0x000b, -0x0027, -0x0026, 
    +0x002c, -0x0012, +0x0020, +0x0059, -0x0007, +0x0001, -0x001a, -0x006d, 
    -0x0031, -0x0061, -0x0020, -0x003a, -0x0028, +0x0002, -0x003d, +0x0029, 
    +0x002c, -0x004c, -0x001c, -0x000a, -0x001d, +0x003d, -0x0017, -0x001e, 
    -0x0027, +0x000d, -0x001b, -0x001d, +0x0013, -0x0007, -0x0009, -0x000c, 
    +0x0057, +0x0011, -0x000d, +0x0054, -0x002f, -0x0016, -0x0024, +0x0010, 
    -0x0037, -0x001f, -0x0028, +0x000d, -0x0011, +0x0016, +0x0007, +0x003e, 
    +0x0002, +0x000b, +0x000c, +0x0014, -0x0042, +0x000a, -0x0009, +0x0032, 
    -0x001e, -0x0013, -0x002f, -0x001e, +0x0005, +0x004b, -0x0025, +0x000b, 
    +0x0009, -0x0014, -0x0041, -0x002b, +0x0053, +0x0001, +0x000a, -0x0026, 
    -0x0036, +0x0033, -0x0027, -0x0024, +0x003d, -0x0005, -0x0011, +0x0030, 
    +0x004b, +0x005c, -0x0008, -0x000f, +0x0047, -0x000f, -0x000b, +0x0019, 
    +0x000a, +0x002c, +0x0010, -0x0027, -0x0024, +0x0031, -0x003a, +0x001c, 
    +0x0037, +0x0047, -0x0006, -0x0019, +0x0032, +0x0035, -0x0012, +0x0011, 
    -0x000c, -0x0017, -0x0032, +0x003c, +0x0004, +0x0013, +0x0043, +0x0005, 
    -0x002d, -0x0077, +0x000d, -0x0012, -0x000f, +0x0005, +0x0034, -0x002c, 
    -0x0020, -0x0042, -0x002d, -0x0007, +0x0003, -0x002c, +0x0044, +0x0022, 
    -0x0046, +0x0008, +0x0003, -0x0022, -0x0008, -0x0001, +0x0011, +0x0000, 
    +0x0007, -0x004c, -0x000f, +0x0059, -0x000e, -0x000c, -0x0034, -0x0006, 
    -0x0038, -0x0006, +0x0032, -0x003e, +0x0005, +0x0020, +0x0047, +0x0009, 
    -0x0029, +0x0010, -0x0029, +0x002b, +0x0005, -0x0069, -0x001c, +0x000e, 
    -0x000e, -0x0032, -0x0026, +0x001e, -0x003f, +0x0008, +0x000b, +0x0025, 
    -0x0001, +0x001e, -0x0026, +0x0006, +0x0011, -0x005d, -0x002a, -0x000b, 
    +0x000c, -0x0017, -0x0008, -0x000b, -0x0035, +0x0020, +0x0029, -0x0017, 
    -0x000b, +0x000d, -0x0044, -0x0040, +0x001c, -0x001d, +0x0032, +0x0022, 
    -0x0003, +0x0005, -0x0025, -0x000b, -0x0037, +0x001a, +0x0029, +0x0016, 
    -0x0007, -0x0017, +0x000a, +0x0025, -0x000c, +0x0013, +0x000f, +0x0008, 
    -0x0015, +0x001f, +0x0001, +0x0023, -0x0003, -0x000e, -0x0041, -0x0006, 
    +0x000c, -0x0002, -0x0014, -0x0015, -0x0039, +0x0003, -0x002c, -0x0020, 
    +0x0015, +0x001e, +0x0021, -0x0019, +0x0028, -0x000e, -0x001b, +0x0000, 
    +0x0018, +0x0006, -0x002f, -0x0048, +0x0015, +0x0018, -0x000f, -0x0004, 
    +0x001c, +0x0029, -0x0006, -0x0028, +0x000e, +0x0011, -0x0026, -0x0029, 
    -0x0001, +0x000d, +0x003a, +0x0054, -0x0019, +0x0041, +0x000f, +0x0020, 
    +0x000f, +0x0012, -0x0045, +0x0020, +0x001f, -0x0027, +0x0004, -0x0027, 
    -0x0001, -0x0002, +0x0036, +0x0074, -0x000c, +0x0002, +0x0030, +0x0018, 
    -0x000c, -0x0016, -0x001c, -0x000e, +0x0035, -0x0008, -0x001d, +0x0015, 
    +0x0001, +0x0016, +0x004d, -0x000d, -0x0019, -0x0018, +0x001e, -0x000f, 
    -0x000e, +0x0007, +0x003d, -0x0009, +0x000d, -0x0005, -0x0017, -0x0024, 
    -0x000c, +0x0010, -0x001e, +0x0000, -0x0016, -0x003c, -0x0060, -0x0049, 
    -0x002f, -0x001c, -0x0025, -0x0069, +0x0029, +0x0030, -0x0011, -0x0016, 
    -0x001b, +0x003e, -0x0012, -0x0006, -0x000a, -0x0036, -0x0033, -0x0008, 
    -0x0005, -0x0024, -0x0011, -0x0007, +0x0024, +0x0043, +0x000a, +0x000f, 
    +0x0028, +0x0006, -0x004f, +0x0014, +0x001f, -0x0051, -0x0025, -0x0014, 
    -0x002b, +0x000e, -0x0031, +0x0011, +0x0034, +0x007f, +0x0049, +0x0008, 
    -0x000a, -0x0009, +0x0008, +0x0006, -0x0018, +0x0028, -0x006b, +0x0017, 
    -0x001a, -0x001f, +0x002d, +0x0022, -0x0003, -0x001b, +0x0047, -0x004c, 
    +0x0016, -0x0008, -0x0027, -0x000e, +0x0007, +0x000b, -0x003b, +0x0046, 
    +0x0022, -0x002e, +0x000b, +0x0038, +0x000b, +0x0033, +0x0007, -0x0024, 
    +0x0017, +0x003d, -0x0028, -0x0023, +0x000d, +0x003a, -0x001b, +0x0011, 
    -0x000e, -0x0001, -0x0022, +0x001d, +0x001a, +0x003a, +0x000b, +0x0036, 
    +0x0004, -0x0016, -0x0007, -0x001d, -0x0015, +0x0004, -0x0026, +0x002b, 
    +0x0008, +0x000f, +0x0044, +0x0035, -0x0029, -0x003f, +0x005f, -0x005c, 
    -0x000b, -0x0001, -0x0024, -0x000c, +0x0006, -0x0020, +0x0011, +0x002c, 
    +0x0028, -0x0021, +0x0016, +0x0014, -0x0044, -0x0019, +0x0000, -0x0033, 
    -0x0055, +0x0014, +0x000d, -0x0023, -0x0001, +0x000c, -0x0011, -0x0044, 
    +0x0010, +0x0000, +0x0015, +0x003e, +0x000f, +0x000b, -0x000a, +0x003a, 
    -0x0006, -0x000d, +0x0068, -0x0017, +0x000b, -0x000b, +0x0035, +0x0037, 
    -0x0011, -0x003a, -0x0010, -0x002e, +0x0006, -0x0004, -0x0027, +0x0049, 
    -0x000c, +0x0026, -0x0013, -0x002e, +0x0012, +0x0011, +0x0017, +0x0018, 
    -0x0014, -0x0023, +0x0028, +0x0000, -0x002c, -0x0001, -0x004e, +0x002d, 
    +0x0029, -0x0055, -0x001b, -0x0028, +0x000a, -0x0031, +0x0001, +0x0040, 
    +0x0016, -0x0040, -0x001d, -0x0011, -0x0019, -0x0017, -0x001c, +0x000f, 
    +0x0004, -0x000c, +0x0023, -0x0012, -0x000e, +0x0043, +0x0018, -0x001d, 
    -0x0014, -0x001e, -0x003f, -0x0038, +0x0024, +0x0020, +0x0051, +0x0049, 
    -0x0008, -0x0014, +0x0001, +0x000a, -0x000b, +0x0037, -0x0024, +0x002c, 
    -0x0011, -0x0008, -0x0007, -0x0008, -0x0016, +0x0028, +0x002e, +0x0012, 
    +0x0006, -0x0026, -0x0006, +0x001a, +0x0025, -0x0002, +0x0052, +0x0018, 
    -0x0007, +0x001e, -0x0002, -0x004c, -0x0010, +0x0039, -0x0003, +0x000f, 
    -0x0022, -0x000f, -0x000f, -0x0005, +0x003f, +0x005e, +0x0057, +0x0003, 
    -0x003b, -0x0029, -0x0012, +0x000f, -0x000f, +0x0005, +0x002a, +0x0023, 
    +0x0020, -0x0011, +0x002f, +0x0009, +0x0028, +0x005c, +0x0030, -0x0004, 
    -0x003b, -0x0052, -0x000c, -0x0020, +0x001c, +0x0002, -0x0007, -0x0027, 
    +0x0020, +0x0012, +0x002c, -0x000a, +0x000c, +0x002b, +0x003d, -0x0029, 
    -0x002e, +0x0013, +0x001d, -0x004e, +0x002d, -0x0023, -0x0028, -0x0012, 
    -0x0047, -0x000a, -0x000b, +0x000d, -0x001b, -0x0035, +0x0034, +0x000f, 
    +0x0017, +0x0003, +0x0019, -0x0033, +0x004c, -0x0037, +0x0002, +0x0016, 
    -0x0036, -0x0037, -0x0033, +0x0068, +0x0019, -0x0016, +0x000c, +0x0008, 
    -0x0037, -0x0026, +0x002b, -0x0022, +0x0025, +0x003c, +0x0017, -0x0049, 
    +0x0003, +0x0010, -0x000c, +0x0052, +0x0003, +0x0022, +0x0033, -0x0014, 
    -0x0043, -0x0020, -0x0016, -0x0011, +0x000f, -0x0001, -0x0015, -0x0007, 
    -0x004c, +0x0027, +0x0004, +0x0041, -0x000e, -0x0022, +0x003a, -0x0025, 
    -0x0038, -0x0031, +0x0029, -0x0013, +0x0007, -0x0020, -0x0014, -0x005d, 
    -0x0049, -0x0003, -0x0063, +0x0009, +0x0003, -0x000d, +0x000a, +0x0011, 
    -0x0039, -0x003b, +0x0019, -0x0035, -0x0005, +0x0030, +0x001e, -0x003f, 
    +0x0012, +0x0003, -0x001f, +0x001f, -0x0002, +0x0019, +0x0019, +0x0030, 
    -0x0005, -0x002e, +0x0029, -0x0025, -0x0007, +0x002c, -0x001c, +0x000e, 
    -0x002f, +0x0026, +0x0043, +0x0000, +0x0015, +0x0001, -0x0007, +0x000c, 
    +0x002a, -0x0035, +0x004d, -0x000d, +0x0000, +0x0007, -0x000a, -0x0051, 
    -0x004e, +0x0042, +0x0064, -0x000f, +0x0005, -0x0002, +0x000f, +0x0057, 
    -0x0016, -0x002b, +0x004b, -0x000d, +0x001a, +0x0013, +0x002f, -0x0039, 
    -0x0024, +0x0045, +0x002e, -0x0074, +0x0014, +0x0016, -0x001d, +0x000b, 
    +0x0028, -0x002d, +0x000f, -0x002c, -0x0009, +0x0036, -0x001b, -0x0015, 
    -0x0003, +0x0000, -0x002a, -0x0023, -0x0029, -0x000d, -0x0005, +0x001e, 
    -0x0002, -0x0033, +0x0000, +0x0003, -0x0001, +0x001d, +0x002c, +0x001d, 
    -0x002d, -0x0011, -0x003c, -0x0020, -0x001c, -0x0021, +0x0039, -0x0014, 
    -0x0022, -0x0003, -0x000b, -0x000a, +0x001b, +0x0029, +0x004c, -0x0009, 
    -0x000b, -0x001e, -0x000e, -0x001f, +0x0008, -0x0006, +0x0012, -0x001e, 
    -0x001f, -0x0032, +0x0022, +0x0000, +0x0015, -0x0025, -0x0043, -0x0035, 
    -0x0042, +0x0006, +0x0020, +0x0010, -0x002d, -0x0031, -0x0013, +0x0011, 
    +0x0007, -0x0015, -0x001c, -0x0001, -0x0019, +0x001e, -0x0025, +0x0028, 
    -0x0039, -0x0035, +0x0025, +0x0004, -0x0003, -0x0030, -0x0009, -0x0037, 
    -0x0011, +0x0018, -0x0015, +0x0028, +0x0016, +0x000b, -0x0021, +0x0017, 
    +0x000f, -0x002f, +0x007f, -0x000a, -0x001a, -0x001d, -0x000e, -0x002c, 
    -0x000a, +0x0002, -0x0024, +0x0034, +0x0002, -0x003f, +0x0016, -0x0020, 
    -0x0030, -0x0004, +0x005d, +0x001e, +0x0019, -0x0023, -0x0076, -0x0025, 
    +0x0032, -0x001f, -0x001d, +0x0046, -0x003d, +0x0008, -0x000a, -0x0016, 
    +0x0005, -0x0035, +0x0012, +0x002c, +0x0015, +0x0003, -0x0034, -0x0004, 
    +0x0011, -0x002a, -0x001b, +0x003a, +0x001d, +0x0023, -0x0027, -0x0004, 
    +0x0020, -0x0009, +0x002d, +0x0050, -0x000a, +0x0013, -0x0027, +0x0011, 
    +0x0003, +0x000d, -0x0036, +0x0043, +0x001d, +0x0004, -0x000a, +0x002f, 
    +0x0019, -0x000e, -0x0002, +0x0022, -0x0003, -0x0016, +0x0031, -0x0028, 
    -0x0028, +0x002a, -0x0009, -0x0036, -0x003c, +0x0005, +0x0039, -0x0001, 
    +0x0026, -0x000e, -0x002d, -0x000b, -0x0033, +0x0022, +0x0051, +0x0000, 
    -0x000f, +0x0038, +0x001b, +0x000e, -0x0033, -0x000b, -0x0004, -0x000a, 
    -0x000e, +0x0008, +0x000f, -0x004b, -0x0024, +0x002a, -0x0004, +0x0003, 
    +0x0006, +0x002d, +0x004a, +0x0022, -0x0015, +0x0012, -0x001b, -0x0044, 
    +0x0024, -0x002e, -0x0027, -0x0005, -0x0031, +0x0010, -0x0010, -0x0053, 
    -0x0024, -0x000c, +0x0025, -0x0056, +0x0007, +0x000f, -0x0005, -0x002c, 
    +0x0017, -0x001b, -0x001c, -0x0017, -0x002f, +0x0012, -0x0036, +0x0008, 
    +0x0003, +0x000e, +0x0016, -0x0001, +0x000e, -0x0008, -0x005e, -0x0034, 
    -0x000c, -0x0019, -0x001c, -0x0039, -0x001e, -0x0011, -0x0022, +0x001a, 
    +0x000e, +0x0024, +0x0011, +0x0001, -0x0015, -0x0026, -0x004d, -0x0016, 
    -0x001d, -0x001d, -0x0037, +0x0010, -0x003d, +0x001d, +0x0055, +0x001a, 
    -0x0010, -0x002a, -0x000f, -0x0017, +0x001a, -0x000b, -0x0004, -0x0010, 
    +0x0008, +0x000d, +0x0036, -0x0003, +0x001a, +0x001a, +0x0050, +0x0008, 
    +0x0018, -0x000a, +0x002f, +0x0015, +0x0013, -0x002c, -0x0029, +0x001c, 
    -0x000c, +0x002b, +0x0010, -0x0039, -0x0008, +0x000c, +0x0019, +0x002a, 
    +0x003b, +0x0030, +0x0012, +0x0015, -0x0027, -0x0026, -0x000f, -0x0001, 
    +0x001c, +0x0010, +0x0020, -0x003a, -0x000b, -0x0008, +0x0016, +0x000f, 
    -0x0039, -0x002e, +0x0022, +0x002d, -0x0031, -0x0001, +0x0002, +0x0013, 
    -0x0011, +0x0032, +0x0021, -0x0024, +0x0076, +0x000a, +0x0020, +0x000f, 
    -0x0022, +0x004e, -0x0014, +0x0063, +0x001b, +0x0014, -0x002e, -0x000f, 
    -0x0014, +0x0002, +0x0022, +0x0013, +0x0037, -0x0029, +0x0014, +0x0010, 
    +0x000b, -0x002f, -0x0018, +0x0035, +0x0001, -0x001f, -0x0017, -0x0003, 
    -0x0020, +0x0012, -0x0026, -0x0009, -0x001e, +0x001b, +0x0027, -0x0007, 
    -0x001e, -0x0029, -0x001c, +0x0001, +0x0011, +0x0001, -0x002f, +0x0030, 
    -0x0021, -0x0022, -0x0027, +0x001f, +0x006c, -0x0022, +0x0043, -0x0013, 
    -0x0028, +0x002a, -0x0040, +0x0036, +0x0010, -0x0019, -0x0023, -0x000f, 
    -0x0027, -0x0016, +0x0006, +0x003e, +0x005b, -0x001d, -0x000a, -0x000b, 
    -0x001e, +0x001d, -0x002d, +0x003b, -0x0020, -0x001c, +0x0032, +0x0027, 
    +0x0029, +0x0029, -0x000a, +0x0039, -0x0019, +0x0042, +0x000b, -0x0032, 
    +0x001b, +0x0021, -0x001f, -0x0003, -0x001a, +0x002d, -0x0068, +0x003c, 
    +0x001f, +0x0027, -0x0001, +0x0043, +0x0004, +0x001c, -0x0021, +0x0009, 
    +0x0002, +0x005f, -0x0005, +0x0021, -0x001f, +0x0003, +0x0009, -0x0003, 
    +0x0037, +0x0006, -0x0008, +0x006c, -0x0026, -0x0008, -0x0012, +0x000f, 
    +0x0013, +0x000c, -0x0014, -0x001a, -0x001b, -0x000c, +0x0003, -0x0011, 
    -0x0027, -0x0028, +0x0015, +0x0037, +0x0010, +0x0006, -0x000e, -0x0014, 
    +0x0000, +0x001e, -0x000f, -0x000d, +0x002f, +0x0030, +0x0027, +0x0054, 
    +0x000e, -0x0003, -0x0003, +0x0019, -0x000c, -0x0001, +0x0007, +0x0007, 
    -0x003c, +0x0002, +0x000a, -0x002c, -0x0015, +0x0023, +0x0017, -0x0014, 
    +0x0007, -0x0016, +0x0042, +0x0008, +0x0005, +0x0023, -0x0002, -0x0021, 
    +0x0018, +0x0025, +0x005b, -0x000b, +0x0004, -0x0026, +0x0042, +0x0021, 
    +0x0027, +0x0005, -0x0010, -0x0012, -0x0004, -0x001a, +0x0010, +0x0002, 
    +0x001e, -0x001a, -0x0041, +0x0002, -0x0068, -0x0042, -0x007e, +0x001f, 
    +0x0039, +0x000a, -0x002e, -0x000f, +0x0000, +0x0003, +0x0005, -0x0009, 
    +0x0017, -0x0023, -0x001d, -0x000e, -0x003e, +0x0012, +0x000e, +0x0009, 
    -0x0003, +0x0005, -0x002e, +0x0005, -0x000b, +0x0047, -0x0044, -0x0029, 
    +0x0015, -0x0023, -0x002f, -0x0030, +0x000a, -0x003f, -0x0006, -0x002b, 
    +0x000b, -0x0008, -0x000a, -0x0011, -0x000b, -0x0033, +0x000d, +0x0000, 
    -0x0009, +0x0029, -0x003d, +0x0027, -0x007d, -0x003a, -0x006e, -0x0039, 
    +0x0011, +0x0005, -0x0047, -0x000a, -0x0019, -0x0015, -0x0014, -0x0020, 
    -0x002f, +0x0017, -0x004d, +0x0021, -0x0030, -0x0011, -0x0014, -0x003f, 
    -0x0008, +0x0007, -0x004f, -0x0011, -0x000a, +0x000f, -0x000f, -0x0015, 
    -0x0012, +0x0022, -0x0052, +0x002f, -0x0008, -0x005c, -0x0048, -0x006b, 
    +0x002a, +0x003d, +0x0062, -0x0014, -0x0016, -0x003c, -0x001b, -0x0031, 
    +0x002b, -0x0011, +0x0002, +0x002d, +0x0031, +0x0016, +0x0026, -0x0002, 
    -0x0033, -0x000a, +0x0008, -0x0022, -0x000a, -0x0005, -0x0015, +0x0039, 
    -0x0001, +0x0017, -0x0035, +0x0014, -0x002a, +0x0031, -0x004d, -0x0036, 
    +0x0037, -0x0013, +0x0004, -0x005b, -0x0028, -0x0011, -0x0017, +0x002a, 
    -0x003f, -0x0028, -0x000b, -0x0012, +0x0002, +0x0029, +0x0002, -0x0001, 
    -0x0004, -0x0024, +0x0002, -0x0018, +0x001b, +0x0013, +0x0007, -0x003c, 
    +0x0027, -0x0008, +0x0014, +0x0021, +0x001b, -0x000f, +0x0003, -0x0037, 
    -0x0009, -0x003e, -0x0029, -0x0002, -0x0016, -0x000a, -0x0038, -0x001a, 
    -0x0006, +0x0012, +0x002e, +0x0029, -0x0032, +0x000a, +0x0002, -0x0069, 
    +0x0038, -0x001a, +0x0028, +0x000a, -0x002f, -0x0020, +0x0003, +0x0029, 
    -0x0003, -0x0007, +0x002d, +0x0007, -0x0024, +0x001a, -0x0019, -0x0039, 
    -0x0025, -0x0013, -0x0026, -0x0014, +0x0016, -0x0014, +0x0035, -0x0016, 
    -0x0042, -0x001a, -0x000c, +0x0036, -0x0005, +0x0018, -0x0019, +0x0003, 
    -0x000d, -0x0014, +0x0022, +0x0001, -0x0001, +0x0021, -0x0012, -0x003a, 
    -0x002a, +0x0017, +0x000e, +0x002f, +0x001b, -0x0006, +0x0008, -0x002e, 
    -0x0004, +0x0023, +0x002f, +0x002a, -0x0038, -0x0003, +0x0020, +0x0004, 
    -0x003d, +0x000a, -0x002c, +0x0019, -0x0011, +0x0021, -0x001b, -0x0031, 
    -0x0010, +0x0008, -0x0014, +0x002f, +0x0002, +0x003d, -0x0040, -0x004f, 
    -0x0008, -0x0037, +0x0015, -0x0015, +0x0037, -0x000d, +0x000f, -0x0002, 
    +0x0012, -0x002b, +0x0029, +0x0008, -0x002b, -0x0007, -0x0031, +0x0031, 
    -0x0021, -0x0006, +0x0027, +0x0052, +0x0046, +0x0018, +0x000b, -0x0073, 
    +0x0016, -0x0016, +0x0013, -0x0037, -0x000f, +0x0007, -0x0014, +0x0028, 
    -0x0002, -0x001f, -0x001a, +0x0035, +0x0031, +0x001a, +0x0032, -0x0026, 
    -0x0037, +0x0002, -0x0018, -0x0005, -0x0006, +0x0018, +0x001f, -0x0006, 
    -0x0022, -0x0041, +0x0002, -0x0020, -0x000f, -0x0053, +0x0019, -0x004a, 
    +0x0010, -0x0002, -0x0028, -0x001c, -0x0008, +0x0020, +0x0024, +0x0014, 
    -0x001d, +0x0012, +0x0028, -0x0018, -0x0021, -0x0017, -0x0003, -0x007f, 
    +0x000f, +0x001a, -0x003c, -0x0020, -0x0002, +0x001c, -0x000b, +0x001b, 
    +0x0021, -0x0005, +0x002e, +0x0020, -0x0021, -0x001d, -0x0017, -0x001e, 
    -0x0001, +0x0035, +0x0000, -0x002b, +0x0013, -0x0017, +0x001c, +0x0007, 
    -0x0012, -0x0015, +0x0016, -0x0057, -0x001e, -0x002d, -0x002d, -0x002a, 
    -0x001b, +0x0024, -0x002d, +0x0002, -0x0015, -0x0025, -0x0004, -0x0030, 
    +0x0046, -0x002a, +0x003b, -0x0028, -0x0025, +0x0005, -0x0034, -0x002f, 
    +0x000d, +0x000f, -0x0045, +0x0037, -0x0012, +0x0011, -0x0007, -0x0056, 
    +0x0014, +0x0003, +0x0073, -0x000e, -0x000a, +0x001a, -0x002b, +0x0035, 
    +0x0009, +0x002a, -0x0037, -0x0020, +0x0024, -0x0020, -0x0030, -0x001b, 
    +0x0015, +0x0005, -0x0007, -0x0013, +0x002f, +0x0008, +0x005e, +0x004a, 
    +0x000e, -0x002d, +0x001e, -0x0016, -0x0004, -0x002f, +0x0037, -0x002b, 
    +0x0012, -0x001a, +0x0055, +0x0011, +0x000c, +0x0002, +0x002a, +0x007d, 
    -0x0001, -0x0032, +0x003a, +0x0000, -0x000a, +0x0019, -0x0011, -0x000d, 
    -0x000b, -0x000d, +0x0027, +0x0017, -0x0026, -0x0003, -0x0033, -0x0045, 
    -0x0001, +0x001d, -0x0015, +0x0006, +0x001d, -0x0008, +0x001f, -0x0018, 
    +0x0000, +0x0000, +0x0062, -0x001a, +0x0069, +0x0018, +0x003f, -0x0035, 
    +0x001e, +0x0002, -0x002b, +0x0004, -0x0006, -0x0007, +0x004b, -0x003e, 
    +0x0001, -0x000b, +0x002d, +0x0018, +0x0033, -0x0013, -0x004b, -0x0017, 
    +0x001e, +0x0002, -0x002a, -0x0007, -0x0011, -0x0012, +0x001a, +0x0005, 
    -0x0024, -0x0021, +0x002b, +0x002d, -0x0016, +0x0007, +0x0013, -0x0003, 
    +0x0006, +0x0014, -0x0015, +0x0035, +0x0006, +0x0011, -0x003d, -0x0018, 
    +0x0008, +0x0007, +0x0019, +0x0003, -0x0008, -0x0042, +0x003b, +0x0023, 
    -0x0002, -0x0007, -0x001c, +0x0014, +0x0020, +0x0001, -0x001f, -0x0008, 
    -0x0005, +0x0025, +0x0006, -0x0001, -0x000d, -0x003f, +0x0019, -0x003e, 
    -0x001b, +0x0003, -0x0035, +0x0012, -0x0010, +0x0030, +0x000e, +0x002a, 
    +0x000e, -0x0010, +0x0004, +0x0014, +0x0007, +0x0021, +0x0050, -0x0037, 
    +0x0000, -0x0037, +0x004b, +0x001b, +0x0018, +0x0014, -0x0008, -0x0021, 
    -0x0004, +0x0031, +0x0014, +0x003a, -0x0013, -0x0020, -0x000c, +0x0009, 
    -0x0018, -0x0013, +0x0021, +0x0042, -0x0018, +0x0025, +0x0000, -0x0015, 
    +0x0027, +0x0009, -0x0031, +0x0033, -0x000d, -0x001f, -0x001b, +0x0002, 
    -0x0002, -0x0033, +0x000c, -0x004b, -0x0029, +0x0011, -0x0009, -0x0018, 
    +0x0013, -0x0009, -0x0013, -0x0001, -0x000f, +0x0009, +0x002c, -0x0020, 
    +0x003d, -0x0005, +0x0049, +0x000a, +0x0046, +0x0020, -0x000e, +0x001a, 
    +0x001a, +0x000b, -0x0001, +0x0028, +0x0026, +0x0022, +0x0042, +0x0011, 
    -0x0006, -0x0021, -0x001a, +0x000d, +0x0008, +0x003b, +0x0024, +0x0002, 
    +0x000f, +0x0007, +0x000f, -0x000b, +0x0031, +0x002e, -0x0008, +0x000d, 
    -0x0034, -0x006d, +0x000d, +0x003c, -0x000c, -0x000a, -0x000c, -0x0057, 
    -0x000e, -0x0006, +0x0020, -0x0034, +0x0037, +0x001a, +0x0015, -0x000e, 
    +0x002f, +0x001a, +0x0001, -0x0064, +0x0019, -0x0040, -0x003d, +0x0012, 
    +0x000d, -0x0008, +0x0048, +0x0043, +0x002d, +0x000d, +0x0047, -0x0026, 
    -0x0026, +0x0014, -0x0059, -0x002d, -0x0003, +0x0023, -0x000c, +0x0011, 
    +0x0013, -0x0009, -0x0001, +0x0005, +0x004a, +0x001a, +0x002a, -0x000d, 
    -0x0014, +0x0000, +0x000b, +0x0012, +0x0001, +0x0034, -0x003e, -0x0026, 
    +0x0032, -0x001f, +0x002e, -0x003f, +0x0020, +0x0013, +0x004f, -0x002b, 
    -0x001e, +0x003c, -0x0004, -0x0006, -0x003e, +0x0017, -0x0045, +0x0010, 
    -0x0020, +0x0035, -0x004c, -0x0008, -0x0007, -0x001e, -0x0022, -0x005c, 
    -0x001b, +0x002b, -0x0023, -0x0013, -0x001c, +0x0058, -0x0028, +0x0018, 
    -0x0012, +0x0030, -0x0039, -0x0001, +0x003f, -0x0051, -0x001a, -0x0036, 
    +0x001b, +0x0027, -0x0020, -0x000b, -0x0010, -0x002c, -0x0038, -0x0003, 
    -0x0007, +0x0008, -0x006b, -0x0036, +0x0013, -0x0021, +0x001c, +0x000d, 
    +0x0017, +0x003c, +0x0038, -0x0015, -0x0001, -0x0006, -0x001a, -0x001b, 
    +0x000a, +0x0008, +0x0008, +0x0011, -0x0017, -0x000c, +0x001d, -0x003d, 
    +0x004e, +0x0014, -0x0020, +0x0037, -0x0010, -0x0005, +0x0016, +0x0001, 
    -0x0005, -0x000b, +0x0023, -0x0015, -0x000a, -0x0048, -0x0015, +0x0008, 
    +0x0031, -0x0016, -0x0007, +0x0005, +0x0006, -0x0014, +0x0053, +0x0012, 
    +0x0002, -0x0005, -0x0026, +0x0035, -0x0005, +0x000a, -0x001e, +0x0015, 
    -0x0022, +0x002d, +0x0017, +0x005b, +0x002c, +0x0017, -0x0043, -0x003d, 
    -0x0009, -0x0012, -0x0015, -0x0003, +0x001a, +0x0001, -0x0005, -0x0001, 
    +0x0003, +0x0019, -0x0007, +0x0031, +0x002b, +0x0002, -0x0014, -0x0022, 
    -0x0014, -0x001d, +0x0012, -0x0003, -0x001a, -0x0011, +0x0033, -0x004b, 
    +0x0002, -0x002c, -0x001f, -0x0004, -0x0012, +0x0029, +0x001d, +0x0017, 
    +0x0002, -0x0014, +0x0007, +0x003d, +0x0000, +0x0005, +0x0036, -0x0033, 
    -0x0015, +0x0018, -0x0020, +0x0003, -0x0018, +0x0002, -0x0007, -0x0002, 
    -0x0002, +0x001f, -0x0010, +0x002a, -0x000a, -0x001a, -0x0039, +0x003a, 
    +0x0000, +0x001e, -0x0035, +0x0024, -0x0023, -0x0017, -0x0040, +0x0010, 
    -0x0019, +0x001c, -0x0011, +0x003c, +0x002a, -0x0048, +0x000b, +0x000b, 
    -0x0009, +0x0027, -0x003c, +0x000b, -0x0017, +0x0020, +0x002a, +0x000a, 
    +0x0044, +0x0010, -0x0001, +0x0006, -0x000c, -0x0017, +0x0061, +0x005e, 
    -0x000c, +0x002f, +0x0032, -0x0004, +0x0013, +0x003d, -0x0021, -0x0017, 
    -0x0008, +0x0026, +0x0000, +0x0007, -0x001a, +0x001f, -0x0053, -0x0008, 
    +0x0016, +0x0046, +0x0030, +0x002c, +0x0015, +0x002b, -0x0031, -0x0038, 
    -0x000c, +0x0021, +0x0030, -0x002e, +0x0022, -0x0017, -0x0003, -0x0032, 
    +0x0013, +0x002c, +0x0007, +0x001f, +0x0032, +0x0007, +0x0002, +0x0016, 
    +0x003a, +0x0016, -0x0021, -0x0033, -0x0023, -0x0017, +0x0060, -0x0012, 
    -0x0018, +0x0016, +0x0031, -0x004b, +0x000e, -0x000c, +0x0038, -0x0002, 
    -0x0013, +0x0012, -0x0053, -0x0026, +0x0006, -0x0030, +0x000d, -0x0017, 
    +0x0012, -0x001e, +0x0054, -0x005c, +0x002c, +0x0005, +0x0036, -0x000c, 
    +0x0014, +0x0031, +0x000f, +0x001b, +0x0001, -0x001e, +0x0039, -0x003c, 
    +0x000d, +0x0006, +0x0048, -0x002a, +0x0039, -0x001c, -0x0001, +0x0039, 
    +0x0012, +0x0016, -0x0040, -0x0029, -0x0021, +0x0017, +0x0028, -0x0022, 
    +0x001b, +0x0019, -0x001e, -0x0024, +0x001f, -0x001d, +0x0068, -0x001d, 
    +0x0004, +0x003c, +0x0001, -0x001f, +0x0015, +0x0033, +0x0034, +0x001c, 
    +0x0036, +0x0036, -0x0030, +0x0014, +0x0008, +0x001d, +0x0024, +0x0000, 
    -0x0021, +0x0025, +0x0006, +0x0002, +0x0017, +0x0048, +0x0010, -0x0021, 
    +0x000e, -0x0009, +0x0009, +0x0033, +0x0018, +0x001e, +0x006c, +0x0028, 
    -0x0010, +0x0062, -0x005b, +0x0007, +0x0009, -0x000e, +0x000c, -0x000b, 
    -0x0010, -0x0015, -0x0019, +0x0017, +0x0007, -0x0025, +0x0013, -0x0014, 
    +0x000f, -0x002a, +0x0044, -0x000a, +0x0005, -0x0018, +0x0058, +0x0056, 
    -0x000b, -0x0002, -0x0016, +0x004b, -0x0048, -0x001d, -0x0019, -0x0006, 
    -0x0007, -0x0037, +0x0049, +0x0007, +0x0016, +0x002b, -0x002a, -0x001f, 
    +0x0007, -0x003c, +0x0018, +0x0037, -0x0004, -0x0019, -0x000a, +0x0012, 
    +0x0017, +0x0005, +0x001c, +0x0021, +0x0009, -0x000f, -0x0008, +0x001d, 
    -0x000a, -0x0047, -0x0005, +0x003f, +0x001b, +0x0007, -0x000c, +0x0013, 
    -0x0008, +0x000d, -0x0026, -0x0019, -0x0016, -0x0028, +0x0030, -0x0021, 
    -0x000e, -0x001e, +0x000a, +0x004c, -0x0020, +0x0018, -0x0009, +0x000b, 
    -0x000b, +0x0020, +0x0012, +0x0005, -0x0026, +0x0027, +0x0001, -0x000e, 
    -0x003d, -0x004e, +0x0007, +0x002c, +0x0029, +0x0004, -0x0058, +0x002a, 
    +0x0031, +0x002f, +0x004c, -0x000f, -0x0011, +0x0021, +0x0030, +0x0013, 
    +0x0019, +0x000a, +0x0011, +0x0004, +0x0014, -0x003d, -0x002c, -0x001d, 
    +0x0020, -0x0009, +0x0002, -0x0003, -0x001f, -0x003d, -0x000c, +0x0000, 
    -0x0020, -0x0019, -0x0015, +0x001a, +0x0002, +0x0018, -0x0057, -0x0019, 
    +0x0013, -0x0011, +0x000a, -0x0022, -0x0002, -0x003a, -0x001f, -0x000c, 
    +0x0019, +0x0013, -0x0003, +0x0033, +0x0005, -0x004f, +0x0013, -0x0018, 
    +0x000e, +0x001e, -0x0031, -0x002b, -0x001a, -0x0024, -0x0006, -0x0005, 
    -0x002f, -0x0003, -0x0017, +0x0036, +0x0003, -0x000d, -0x0026, -0x000a, 
    +0x0009, -0x0024, -0x001d, +0x0022, -0x0015, +0x001e, +0x0003, -0x0004, 
    +0x0003, +0x003b, +0x0014, +0x0021, -0x0025, +0x002d, -0x0055, -0x0018, 
    -0x003c, -0x001f, -0x0014, +0x0008, +0x0048, +0x0067, +0x0000, -0x0034, 
    +0x0001, -0x000a, -0x0022, +0x002f, +0x0025, -0x0012, +0x0057, -0x0019, 
    -0x005a, -0x0009, -0x005f, -0x0011, +0x0004, +0x003f, +0x0004, -0x002f, 
    +0x0022, +0x000b, -0x0020, +0x006f, +0x0006, -0x000f, -0x0035, +0x0026, 
    -0x000e, -0x0045, -0x0007, +0x006e, -0x000f, +0x0006, -0x0011, +0x0067, 
    +0x007f, +0x0011, +0x0019, +0x0063, -0x0023, -0x0002, -0x003e, +0x0062, 
    -0x0054, -0x0024, -0x001a, +0x0036, +0x000f, +0x001f, -0x004d, +0x000e, 
    +0x0015, -0x004c, -0x0028, +0x0045, +0x0025, +0x0022, -0x0014, +0x0046, 
    -0x005b, -0x0001, -0x0035, -0x0001, +0x0005, +0x003a, -0x0017, +0x0014, 
    +0x0035, -0x002d, -0x001d, -0x0030, -0x0036, -0x0019, +0x0039, -0x0006, 
    +0x000a, +0x0005, +0x0022, -0x002a, +0x0005, +0x0010, +0x0001, -0x0019, 
    +0x0007, -0x004d, +0x0016, -0x000a, +0x0019, +0x0024, -0x0018, -0x001f, 
    -0x0038, -0x0021, +0x001e, -0x0004, +0x0004, +0x0002, +0x000c, -0x0016, 
    -0x001a, -0x0042, +0x0016, +0x0017, -0x0003, -0x000d, -0x0003, -0x0006, 
    -0x0017, -0x0044, +0x000d, -0x0002, -0x0009, -0x0028, -0x0003, -0x0019, 
    -0x0010, -0x0016, -0x0065, +0x000f, -0x0010, -0x0003, -0x003c, -0x0008, 
    +0x0004, -0x001e, -0x0011, -0x002f, +0x0000, -0x0011, +0x000d, -0x000e, 
    -0x0013, -0x0012, -0x0002, -0x0002, +0x001d, +0x001e, -0x002f, +0x0016, 
    -0x001a, -0x0014, +0x0024, -0x0046, +0x002b, -0x001a, +0x0002, -0x0034, 
    -0x0011, -0x000b, -0x000b, -0x0020, -0x001f, -0x002a, +0x002b, +0x0005, 
    +0x0024, -0x0043, -0x0019, -0x0045, +0x0024, -0x0023, +0x0038, +0x000e, 
    -0x0003, +0x0042, -0x0027, +0x0027, -0x0046, -0x0027, -0x0023, -0x0009, 
    -0x0012, -0x0028, -0x0057, +0x0004, -0x0029, +0x004c, -0x0017, +0x0023, 
    +0x0018, +0x002b, -0x0002, +0x003f, -0x002f, -0x000c, +0x002b, +0x003b, 
    -0x0025, +0x000c, -0x0014, +0x000e, -0x0028, +0x0013, +0x0006, +0x0002, 
    +0x001b, +0x0030, -0x0018, +0x0002, -0x000e, -0x004f, +0x0025, -0x0005, 
    -0x0037, -0x0039, -0x0040, +0x0000, -0x0005, +0x0003, +0x0032, +0x0017, 
    +0x005f, -0x0022, -0x0019, -0x0012, +0x0008, +0x0049, +0x0000, -0x001a, 
    +0x002e, -0x0027, +0x0011, -0x0011, +0x002d, +0x0013, -0x0006, -0x0012, 
    +0x0029, +0x0004, -0x0003, -0x001c, -0x001b, +0x0042, +0x0003, +0x0016, 
    +0x001a, -0x0031, +0x0035, -0x000d, -0x0009, +0x001a, -0x002e, -0x0018, 
    -0x0019, -0x001b, -0x0049, -0x002f, -0x0024, +0x001c, -0x0027, +0x003f, 
    -0x0037, +0x001f, -0x0031, +0x001c, -0x001c, +0x0015, -0x001c, +0x002f, 
    +0x0045, -0x0039, +0x001d, -0x0004, -0x0033, +0x0006, -0x000f, -0x0001, 
    -0x001c, +0x0002, +0x0018, +0x001a, -0x001f, -0x003f, +0x0004, +0x0020, 
    +0x001c, -0x001d, +0x0022, +0x0034, +0x000b, -0x0028, -0x0037, +0x000f, 
    -0x0010, +0x000b, +0x0039, +0x0025, -0x001e, -0x0045, +0x0028, +0x002b, 
    -0x0008, -0x001a, +0x0019, +0x000d, -0x0007, +0x0011, -0x0013, +0x0019, 
    -0x0042, +0x0041, -0x0022, -0x000c, -0x003f, -0x002e, -0x0042, +0x000d, 
    +0x003f, -0x006c, -0x0010, +0x0040, +0x0005, +0x0003, -0x0023, -0x0029, 
    -0x002f, -0x0018, +0x0029, +0x000a, -0x0008, -0x0023, +0x0015, -0x0014, 
    -0x0014, -0x003d, -0x0001, +0x0060, +0x0017, -0x002f, +0x000c, -0x0045, 
    -0x0047, +0x0002, +0x0018, +0x001f, +0x0019, -0x004b, +0x001f, +0x0039, 
    -0x0003, -0x0060, +0x0047, +0x0010, +0x000e, -0x0025, -0x0007, -0x000b, 
    -0x003d, +0x000c, +0x0027, +0x000f, -0x000a, +0x0015, -0x0023, -0x0018, 
    +0x0012, -0x002f, +0x001e, +0x000a, -0x0016, +0x002d, -0x0001, +0x0031, 
    +0x0033, +0x0009, +0x001c, -0x000c, -0x000f, -0x0022, +0x0014, -0x0024, 
    -0x0001, -0x002a, +0x0018, -0x003b, -0x000c, +0x004d, -0x0006, +0x000b, 
    +0x0001, -0x0016, +0x0000, -0x0040, -0x0042, +0x002b, +0x0018, -0x001c, 
    -0x0021, -0x0026, +0x0008, +0x001c, -0x0015, +0x0001, -0x000e, -0x001f, 
    +0x001a, -0x000e, +0x0004, -0x0036, +0x003d, +0x0007, -0x0045, +0x002e, 
    -0x001e, +0x002b, +0x0002, +0x002f, -0x0051, +0x0019, -0x0018, -0x003b, 
    +0x0008, -0x003b, -0x0015, -0x004c, -0x0010, +0x0014, -0x0045, +0x0010, 
    -0x0047, +0x001d, -0x0014, -0x0021, -0x0022, +0x0043, -0x0017, -0x0001, 
    -0x000f, -0x0049, -0x002d, -0x0035, -0x002d, -0x0003, +0x0008, -0x0007, 
    -0x0006, +0x000c, +0x0018, +0x0048, +0x0038, -0x001a, -0x0001, -0x0017, 
    -0x0001, -0x002c, -0x0014, -0x004e, +0x0043, -0x0016, -0x002b, -0x000f, 
    -0x0002, +0x0021, -0x002d, +0x001e, -0x002d, -0x000c, -0x001e, -0x0043, 
    +0x0001, +0x0008, -0x0040, -0x001a, +0x0022, +0x0026, -0x0030, +0x0024, 
    -0x0066, +0x0015, -0x0032, -0x0056, -0x0012, +0x003c, -0x0051, -0x0046, 
    -0x001e, -0x0055, -0x0032, -0x0005, -0x0004, +0x0027, -0x000d, -0x0018, 
    +0x000c, -0x0002, -0x0021, -0x0030, +0x0013, -0x0031, -0x003c, -0x0015, 
    -0x0021, -0x0013, -0x003a, -0x0015, +0x002e, +0x000d, -0x0006, -0x002b, 
    -0x0024, -0x001a, +0x000e, +0x002d, +0x0031, -0x0014, -0x002b, +0x001a, 
    -0x000c, -0x0010, -0x001c, -0x0043, -0x0012, -0x000c, -0x0011, -0x0004, 
    +0x0019, -0x000f, +0x0034, -0x000e, -0x0015, +0x002c, -0x002b, -0x0018, 
    -0x0039, -0x002b, +0x003a, +0x000e, -0x002c, -0x0013, -0x0015, -0x000b, 
    -0x0040, +0x002a, +0x000c, +0x0002, -0x000b, -0x002f, -0x0009, -0x001b, 
    -0x003e, -0x003d, -0x001c, -0x000d, -0x0066, +0x0017, -0x0030, -0x0006, 
    +0x0018, +0x001c, -0x0012, +0x0009, +0x000a, +0x001b, -0x0006, -0x000e, 
    +0x0029, -0x0012, +0x0010, -0x0008, +0x0012, -0x000f, +0x000f, +0x002b, 
    -0x0003, +0x0037, -0x0016, +0x0020, -0x001b, +0x006a, -0x0013, +0x000e, 
    +0x000f, -0x0018, +0x0012, +0x0002, +0x0016, -0x003b, -0x0006, +0x0026, 
    -0x000d, +0x0050, -0x0001, +0x000c, +0x0012, +0x0002, +0x0021, +0x0012, 
    -0x0016, +0x000b, -0x000f, +0x001a, +0x0008, -0x001a, -0x001c, +0x0017, 
    +0x0015, -0x000f, -0x000d, +0x0000, +0x0005, +0x0020, -0x000a, -0x0004, 
    -0x0013, +0x0024, +0x0041, +0x0031, +0x0027, -0x0036, +0x0032, +0x0044, 
    -0x0032, -0x0006, +0x0023, +0x0011, -0x0017, +0x0059, -0x0008, +0x003b, 
    -0x0005, +0x0013, +0x000a, +0x003f, +0x002e, -0x0042, +0x001f, +0x0011, 
    -0x0015, -0x0009, -0x000c, -0x0012, +0x0018, +0x0055, +0x002a, +0x0014, 
    -0x000a, +0x000b, -0x0010, -0x0008, +0x002f, -0x0027, -0x0028, +0x0030, 
    +0x000e, +0x000b, -0x001b, -0x0010, -0x001c, -0x0003, +0x0055, -0x0020, 
    -0x0013, -0x0015, -0x0027, +0x0003, +0x001c, +0x0027, +0x0010, -0x0001, 
    +0x0019, -0x0005, +0x001e, -0x0032, -0x004d, -0x001b, +0x0033, +0x000c, 
    -0x000f, -0x0042, +0x0012, -0x0009, +0x0009, +0x0029, -0x0018, +0x0001, 
    +0x0017, -0x0016, +0x000c, -0x0035, -0x0034, +0x0013, +0x005d, +0x0012, 
    +0x0017, -0x006b, -0x0026, -0x0013, -0x000f, +0x000b, +0x0027, -0x0018, 
    +0x000b, +0x0061, +0x001c, +0x0030, +0x000e, -0x002a, +0x0007, -0x0015, 
    +0x0023, +0x001c, -0x0006, -0x0006, +0x0003, -0x0011, -0x000d, +0x0015, 
    +0x002d, +0x0054, +0x0010, +0x004b, -0x003c, -0x002b, +0x0046, +0x0005, 
    -0x0005, +0x0019, +0x0019, +0x0029, +0x0005, +0x001e, +0x000a, +0x002a, 
    +0x000a, +0x002a, +0x0015, +0x0010, -0x0035, -0x0044, -0x0025, -0x0018, 
    +0x0049, +0x0016, -0x000d, +0x0008, +0x001c, -0x0021, +0x0004, -0x0018, 
    -0x0010, +0x002c, -0x0005, -0x0009, +0x0013, -0x0022, -0x000c, +0x0006, 
    +0x002a, +0x000b, +0x0011, -0x0030, -0x0018, +0x0008, -0x000b, -0x0004, 
    +0x0014, -0x0010, -0x0015, +0x0004, -0x001c, -0x001c, -0x000d, +0x0013, 
    +0x0019, +0x0023, +0x0006, -0x000f, -0x000d, +0x002a, +0x0002, -0x0030, 
    +0x0009, -0x0013, -0x001a, +0x000a, -0x0038, -0x001c, -0x000e, +0x000d, 
    +0x0031, +0x0024, +0x001d, +0x0025, +0x0015, +0x0031, -0x0036, -0x0008, 
    -0x0017, -0x0024, -0x0007, +0x0024, +0x0006, -0x0014, -0x0007, -0x000e, 
    -0x002c, -0x0020, -0x0006, -0x0034, +0x001e, +0x0000, +0x0016, +0x000a, 
    +0x000d, +0x0000, +0x0023, +0x0004, +0x0004, -0x002d, +0x002e, -0x0013, 
    -0x006e, +0x003d, +0x0010, +0x000d, +0x0003, +0x002d, +0x0009, +0x0020, 
    +0x000e, -0x000d, -0x0038, -0x001a, -0x002c, -0x0072, -0x0006, -0x0026, 
    -0x0016, +0x0015, +0x0019, -0x0002, -0x0008, +0x000a, +0x0043, -0x0038, 
    -0x001e, -0x0005, -0x0010, +0x0017, -0x0023, -0x0009, -0x001f, -0x0020, 
    +0x000d, +0x0000, -0x0040, -0x000c, -0x0001, -0x0039, +0x0004, -0x0016, 
    +0x002b, +0x0000, -0x0010, -0x0008, -0x0016, -0x0013, +0x000c, -0x0001, 
    -0x0032, +0x004b, +0x001f, +0x003b, +0x001e, -0x0055, +0x0027, +0x0026, 
    -0x000f, +0x004a, +0x0022, +0x0001, -0x0015, -0x0005, +0x001e, -0x0002, 
    +0x0009, -0x0002, -0x0009, +0x002b, -0x000a, -0x002a, +0x000c, -0x0007, 
    +0x0014, +0x000b, -0x0005, -0x0013, -0x0030, -0x003d, +0x0019, +0x0007, 
    +0x0054, +0x004a, +0x0038, -0x001a, -0x003f, +0x001c, +0x0000, -0x0011, 
    +0x0003, -0x0009, -0x0031, -0x002a, -0x0018, -0x0025, +0x000d, +0x0019, 
    +0x0065, +0x0034, +0x007f, -0x001a, -0x000d, -0x0008, +0x002c, -0x0014, 
    +0x0002, -0x0002, +0x0012, -0x0015, +0x0024, +0x0017, +0x0016, -0x0017, 
    +0x003f, +0x0019, +0x000a, -0x0027, +0x0025, +0x000f, -0x0025, +0x0000, 
    -0x0026, -0x004c, -0x0050, -0x0002, -0x0025, -0x003e, +0x001d, -0x001c, 
    +0x0032, +0x0007, +0x0008, +0x0036, +0x0003, -0x0002, +0x0000, +0x002c, 
    -0x0019, -0x0016, -0x0027, +0x001b, +0x001b, -0x0033, +0x004e, +0x0022, 
    -0x0021, +0x0051, -0x0042, +0x002c, +0x0001, -0x0005, +0x0019, +0x000e, 
    +0x0002, -0x0062, -0x0028, -0x000c, +0x0062, -0x000b, +0x001b, +0x0067, 
    +0x000c, +0x0019, -0x0014, -0x0001, +0x0007, -0x0017, +0x0007, -0x0004, 
    +0x0023, -0x0012, -0x002e, +0x0006, -0x000c, -0x0025, -0x0043, -0x0022, 
    -0x001e, +0x0029, +0x0013, -0x0012, +0x002a, +0x0021, +0x0023, +0x000d, 
    -0x000d, +0x0029, -0x001a, +0x0003, -0x0014, -0x0023, +0x0003, -0x003d, 
    -0x0049, +0x0030, +0x0018, -0x0018, +0x002d, +0x0000, -0x0034, -0x001d, 
    -0x001a, -0x001e, -0x0018, +0x0003, +0x000c, +0x0010, -0x0011, -0x002f, 
    -0x0009, +0x004b, +0x0032, -0x0028, -0x0004, -0x0025, -0x0044, -0x0017, 
    -0x0007, +0x0027, -0x0005, -0x000b, +0x0039, -0x0015, -0x003e, +0x0009, 
    -0x0033, +0x000f, -0x0020, -0x0027, +0x0021, +0x0048, +0x001b, -0x001e, 
    +0x001f, +0x0030, +0x0038, +0x0011, +0x000a, -0x0014, -0x0025, -0x0039, 
    -0x000d, +0x0007, +0x0012, +0x0016, +0x0016, +0x000d, -0x003c, +0x0001, 
    +0x002c, -0x000e, +0x000b, -0x0009, -0x000c, +0x001b, -0x002a, -0x003d, 
    +0x0016, +0x001f, +0x0010, +0x000f, +0x000d, -0x0026, -0x004c, +0x0015, 
    +0x0005, +0x0019, +0x001f, -0x0023, +0x0015, +0x0064, +0x001b, +0x0013, 
    -0x0010, +0x002a, -0x0017, +0x0011, -0x0007, -0x0035, -0x0017, -0x0017, 
    +0x0062, +0x0010, +0x0000, -0x001a, -0x003b, +0x0041, -0x002e, +0x0055, 
    -0x0035, -0x0002, +0x002a, -0x001b, -0x0001, -0x0004, -0x0007, +0x001b, 
    +0x0016, +0x001f, -0x0006, -0x000f, -0x000d, +0x0069, -0x003f, -0x000c, 
    -0x0009, -0x000c, +0x0014, +0x0009, +0x0023, -0x0023, +0x0011, +0x000c, 
    -0x002e, +0x000b, -0x0004, -0x002c, -0x0036, +0x000c, +0x000a, +0x000e, 
    -0x0010, +0x0033, -0x000e, +0x0030, -0x0016, -0x0030, -0x0008, +0x0018, 
    +0x003f, +0x0007, -0x0031, -0x0001, -0x0040, -0x0043, -0x005d, +0x0022, 
    -0x001a, -0x0007, +0x0054, +0x000a, +0x001f, +0x0002, -0x000d, +0x002e, 
    +0x001e, -0x000a, -0x000f, -0x0022, +0x0004, -0x002c, -0x0035, +0x001e, 
    +0x001f, +0x000a, +0x003b, -0x000c, +0x0037, -0x0016, +0x0017, +0x0021, 
    -0x006a, +0x0018, -0x0013, -0x0036, -0x002f, -0x0012, +0x0028, -0x0021, 
    +0x0065, +0x0038, +0x0005, +0x0070, +0x001d, -0x0043, +0x0011, -0x0007, 
    +0x0029, -0x000a, -0x000c, +0x001b, -0x0008, -0x0075, +0x001a, -0x000c, 
    +0x004a, -0x0017, +0x000e, +0x007f, +0x0025, +0x0004, -0x003f, -0x0030, 
    +0x003d, +0x0005, +0x0017, -0x001e, +0x0034, -0x003c, -0x0001, -0x001e, 
    +0x0020, -0x0007, +0x0026, +0x0009, -0x001c, -0x003c, -0x000a, +0x0028, 
    +0x0029, +0x0013, +0x0005, +0x0020, +0x0034, -0x0007, +0x0019, -0x0019, 
    +0x0004, -0x001f, +0x0000, +0x0001, +0x0002, -0x0006, +0x0028, -0x002a, 
    +0x002b, +0x0031, -0x0039, -0x001a, +0x0007, -0x0018, -0x0001, -0x0048, 
    -0x0043, -0x0025, +0x0030, +0x0000, -0x000e, +0x0032, +0x000c, +0x0022, 
    +0x0008, +0x0007, -0x0007, +0x0023, +0x0014, +0x0038, -0x001d, +0x0002, 
    -0x0046, +0x0010, -0x0025, -0x0004, -0x000b, -0x000e, -0x0064, -0x0006, 
    -0x0036, -0x0042, +0x003e, -0x0010, -0x0035, +0x0010, +0x0028, +0x0001, 
    -0x0013, +0x0012, +0x0015, +0x0000, +0x0024, -0x0014, -0x0029, -0x000e, 
    -0x0028, -0x0021, -0x0001, -0x0024, -0x0037, -0x0023, +0x0008, -0x0022, 
    +0x0014, -0x0035, +0x0018, +0x0009, -0x0004, -0x0031, +0x001f, -0x0002, 
    -0x001f, -0x0029, +0x0024, -0x0012, +0x0008, +0x0046, +0x0004, +0x000b, 
    -0x0013, -0x0011, +0x0006, +0x0017, -0x001c, -0x0032, -0x0014, -0x0003, 
    +0x0007, -0x0031, +0x0025, -0x0024, -0x0044, +0x0010, +0x0022, +0x0059, 
    -0x0005, +0x002d, +0x000e, -0x003c, +0x0028, +0x0005, +0x0008, +0x001c, 
    +0x0008, -0x0039, +0x0043, -0x0025, -0x001b, -0x003d, +0x0011, +0x0045, 
    +0x004f, -0x0034, -0x001a, -0x0003, +0x0012, -0x002d, +0x0045, -0x0015, 
    -0x0004, -0x001e, -0x0006, -0x0003, +0x001f, +0x0014, +0x0004, +0x0003, 
    +0x0043, -0x0012, +0x0000, +0x001e, +0x0022, -0x001c, +0x0044, -0x0021, 
    +0x0000, -0x0044, +0x0035, -0x0048, +0x0029, +0x0001, -0x0042, -0x0024, 
    -0x002b, +0x001c, -0x000c, +0x0010, -0x0010, -0x0029, -0x0013, -0x000b, 
    -0x000a, -0x0032, +0x000e, -0x0067, +0x005b, +0x006f, -0x0037, +0x0016, 
    +0x000d, -0x0014, -0x0018, +0x0029, -0x0024, -0x0014, +0x0000, -0x004f, 
    +0x0016, -0x002b, +0x0046, -0x0032, +0x0014, +0x0034, -0x001b, -0x0016, 
    -0x0018, +0x001b, -0x001b, -0x002a, -0x0020, -0x000a, +0x0017, -0x0044, 
    -0x0005, +0x0016, -0x002c, -0x000a, -0x003e, -0x002d, +0x0016, +0x0001, 
    +0x0024, -0x0010, -0x0008, +0x0000, +0x0000, -0x0007, +0x0038, -0x0018, 
    +0x000b, +0x0025, -0x007b, +0x0008, -0x0007, +0x000a, +0x0010, +0x0023, 
    +0x002f, -0x000e, -0x001d, +0x0017, -0x000d, -0x0011, +0x000a, -0x002f, 
    +0x0045, -0x0010, -0x000c, -0x0034, -0x0022, -0x0026, +0x0015, -0x0005, 
    -0x0030, +0x0002, -0x0038, -0x0033, -0x003c, +0x0004, +0x0013, -0x000f, 
    +0x0060, +0x0026, -0x0029, -0x0008, -0x0009, -0x000e, -0x0013, -0x000f, 
    +0x0027, -0x0039, -0x001a, -0x0019, -0x001a, -0x0003, -0x0015, +0x000d, 
    +0x0052, +0x002c, -0x002e, +0x0008, -0x002a, -0x000a, -0x0023, -0x001c, 
    +0x0025, -0x0008, -0x000e, +0x0005, +0x003a, -0x0028, -0x0011, +0x0038, 
    +0x007f, +0x0011, -0x0010, -0x0001, -0x0022, -0x002d, -0x0020, -0x001c, 
    +0x0021, +0x0000, -0x000a, +0x000e, -0x0029, +0x0007, -0x000e, -0x000a, 
    -0x000d, +0x003e, +0x0019, +0x0017, -0x0029, +0x0055, +0x0007, -0x0016, 
    -0x0004, -0x0028, +0x0011, +0x0033, -0x001f, -0x0015, -0x0010, +0x0017, 
    -0x0012, +0x0060, +0x0027, -0x000e, -0x0044, +0x005e, +0x0017, +0x0004, 
    -0x0010, +0x002f, +0x0021, +0x001d, +0x0046, -0x003c, +0x0034, +0x0034, 
    +0x0001, +0x0026, +0x0025, -0x000b, -0x0057, +0x000c, -0x0018, +0x0016, 
    +0x0000, -0x0003, +0x000d, +0x0013, +0x0020, -0x001d, +0x003e, +0x001d, 
    +0x0004, +0x003b, -0x0002, +0x0006, -0x0039, +0x0020, -0x003a, -0x0020, 
    +0x001a, -0x0015, -0x0010, +0x002a, -0x0026, +0x0034, -0x0003, +0x0031, 
    +0x000c, +0x0039, +0x001c, -0x0029, +0x000f, +0x0006, -0x0014, +0x0007, 
    +0x001a, -0x0028, -0x0003, +0x0047, -0x001b, +0x0019, +0x0027, +0x000c, 
    -0x000e, -0x0015, -0x0010, -0x0018, -0x002d, +0x0015, -0x000a, -0x0018, 
    -0x001a, -0x0011, -0x0010, -0x000b, -0x0048, -0x0003, +0x0022, -0x0001, 
    -0x0015, +0x0000, -0x0015, -0x0044, +0x001d, -0x000a, -0x001a, -0x0025, 
    +0x0037, -0x0039, -0x000b, +0x002d, -0x003a, -0x002d, +0x000c, -0x0035, 
    +0x0023, -0x0066, +0x0009, -0x001b, +0x0036, -0x0020, -0x000f, -0x0002, 
    +0x0012, -0x003f, +0x000c, -0x0006, -0x0036, -0x001e, +0x001f, -0x0054, 
    -0x001c, -0x0034, -0x0038, -0x0047, +0x0001, -0x000f, -0x0003, -0x000a, 
    -0x000b, -0x0032, +0x0006, +0x000a, -0x004d, -0x0035, -0x0006, -0x0029, 
    -0x0016, -0x001c, -0x0020, +0x0005, +0x0014, +0x002b, -0x0013, +0x0024, 
    +0x0011, -0x0011, +0x0000, +0x0006, -0x0058, -0x000a, +0x0013, +0x0009, 
    -0x0005, -0x000d, +0x001a, -0x000c, -0x001e, +0x0023, +0x0037, +0x0040, 
    +0x0002, +0x0036, -0x000e, -0x0002, +0x0018, -0x0027, -0x0022, +0x0017, 
    -0x004d, +0x0012, -0x000b, -0x000f, +0x0005, -0x000a, +0x001a, -0x0037, 
    +0x0004, -0x0013, +0x0025, -0x0003, +0x0019, -0x004c, +0x0022, -0x0001, 
    -0x0018, -0x002e, +0x0007, -0x0002, -0x0015, -0x0024, -0x0029, +0x000d, 
    -0x001c, -0x0009, -0x0023, +0x0064, -0x0016, +0x0038, +0x003b, +0x001d, 
    +0x0007, -0x0038, +0x0003, -0x0026, -0x0038, +0x0013, +0x000f, +0x0036, 
    +0x0001, +0x0026, +0x001a, +0x0043, +0x000c, +0x0019, -0x0003, -0x0008, 
    -0x001e, -0x0008, -0x000d, +0x0013, -0x0004, +0x0001, -0x000d, -0x000a, 
    -0x000d, -0x002f, +0x0026, +0x0039, -0x0016, -0x002c, +0x0053, +0x0017, 
    +0x0017, +0x000a, -0x0056, -0x0008, +0x0000, +0x0005, +0x0010, -0x001f, 
    +0x0019, -0x0019, -0x001e, +0x0053, -0x002e, +0x0032, -0x0008, +0x002e, 
    -0x000a, -0x0017, -0x0054, -0x000c, +0x0033, +0x0008, -0x0007, -0x001c, 
    +0x0017, +0x0011, +0x0003, +0x002c, +0x0000, +0x0037, +0x0009, -0x0017, 
    -0x0035, +0x0020, -0x0015, +0x0003, +0x0029, +0x0023, -0x0023, +0x000f, 
    +0x0000, -0x0027, +0x0012, +0x002e, -0x004a, -0x0011, +0x0017, -0x002d, 
    -0x0045, -0x0028, +0x0008, -0x0017, +0x002c, +0x0004, -0x000b, +0x0032, 
    +0x0022, +0x0027, +0x0046, +0x0019, +0x0003, +0x001d, -0x0009, -0x0003, 
    -0x0009, -0x003e, +0x0003, +0x002c, +0x0021, +0x0034, -0x000c, +0x002d, 
    -0x002d, +0x0031, +0x002c, -0x0034, +0x0027, +0x002c, -0x0014, +0x0002, 
    -0x0013, -0x000d, +0x000a, +0x0036, -0x0033, +0x0018, -0x0026, +0x0028, 
    -0x004d, +0x0020, +0x001b, -0x0019, +0x0020, -0x0002, +0x002e, +0x000b, 
    -0x0032, -0x0005, +0x0040, -0x002e, +0x001a, +0x0010, +0x0051, -0x0011, 
    -0x0044, +0x001f, +0x001e, +0x0023, -0x0012, +0x001f, -0x0021, +0x0005, 
    -0x0038, +0x0001, +0x002a, +0x0016, -0x002d, +0x0038, +0x002f, -0x003a, 
    +0x0010, +0x0040, -0x0020, -0x005b, +0x0003, +0x004e, -0x004b, +0x0011, 
    -0x001d, -0x0005, +0x001b, +0x000f, -0x0013, +0x0036, +0x0027, -0x001f, 
    -0x000d, +0x0024, +0x0016, -0x0006, +0x000a, +0x000e, +0x0006, -0x0009, 
    +0x0000, +0x000b, +0x001c, -0x002d, -0x001e, -0x000b, +0x0030, -0x002e, 
    -0x0016, -0x004d, -0x0058, +0x0029, +0x0024, -0x0014, -0x0010, -0x0005, 
    +0x0011, +0x0048, +0x0016, -0x0006, -0x0048, +0x0003, +0x0006, -0x0022, 
    +0x0013, -0x0023, -0x0059, +0x0014, +0x001e, +0x0024, -0x002d, -0x001b, 
    -0x0005, -0x0010, +0x0015, -0x0022, -0x004c, -0x0001, +0x0012, -0x0026, 
    -0x0005, -0x0018, -0x0018, +0x0054, +0x001f, -0x0014, +0x0004, -0x001b, 
    -0x000f, +0x002e, +0x000d, -0x0032, -0x003d, -0x0039, +0x0002, +0x0003, 
    +0x0055, +0x0036, +0x000a, +0x0003, +0x0033, +0x000d, -0x000d, -0x0025, 
    -0x0015, -0x0012, -0x0003, +0x0039, +0x0018, -0x0020, -0x0073, +0x0015, 
    +0x004f, +0x002a, -0x0041, +0x0041, +0x0017, -0x0029, +0x000c, -0x0001, 
    -0x0032, -0x000e, -0x0010, -0x0002, +0x005e, -0x001a, -0x002d, -0x0009, 
    +0x001c, +0x0025, +0x0036, -0x0004, +0x0032, -0x0022, -0x001f, -0x004d, 
    -0x0028, +0x001f, +0x0042, -0x0006, -0x002e, +0x0012, -0x0010, -0x000f, 
    +0x0012, +0x003d, -0x0007, -0x0023, +0x0016, +0x0001, -0x000a, -0x0006, 
    -0x0017, -0x0023, +0x001b, +0x000a, +0x0017, +0x000a, +0x000e, -0x0004, 
    +0x002a, +0x0063, -0x002a, -0x0043, +0x0038, -0x0004, +0x002d, +0x0029, 
    -0x0021, -0x0007, +0x0017, +0x001c, -0x0003, +0x0003, +0x0054, +0x0007, 
    -0x0003, +0x0028, -0x000f, -0x0032, -0x0006, +0x000a, +0x0015, -0x0032, 
    -0x0056, +0x001c, +0x0029, +0x0015, +0x0003, +0x0020, +0x001b, -0x000c, 
    +0x0016, -0x0016, +0x0011, +0x0005, +0x0007, +0x0036, +0x0021, +0x0014, 
    -0x0002, -0x0021, -0x0002, -0x0028, +0x0004, +0x0042, +0x002f, -0x001e, 
    +0x0057, -0x0006, +0x0001, -0x002b, +0x0011, +0x0062, +0x004c, +0x0015, 
    +0x0011, -0x0004, +0x000c, +0x0027, -0x0037, +0x003d, +0x0064, +0x002e, 
    +0x001b, -0x0010, +0x0012, -0x0003, -0x0011, +0x003f, +0x0006, +0x002f, 
    -0x0010, +0x0005, -0x0024, -0x0006, +0x0004, -0x000d, -0x0009, +0x0028, 
    +0x0020, -0x0007, +0x0007, -0x0039, +0x0017, -0x0003, -0x000a, +0x0002, 
    +0x0014, +0x001c, -0x001b, +0x003d, -0x0010, -0x0011, -0x0016, -0x0007, 
    +0x0012, +0x001c, -0x0011, +0x0051, -0x001f, +0x0038, +0x001b, -0x0016, 
    +0x0019, +0x0001, -0x0013, +0x0015, +0x0007, -0x0002, -0x0002, +0x0006, 
    +0x002c, +0x000d, +0x0019, +0x0019, -0x0011, -0x000a, -0x0014, -0x0002, 
    -0x0015, -0x0031, -0x0004, -0x0019, +0x0018, -0x0003, +0x000a, +0x0022, 
    +0x0006, +0x0006, +0x0025, -0x000c, +0x004d, +0x001a, +0x0009, -0x000d, 
    -0x000e, -0x0001, +0x0001, -0x0015, -0x0049, -0x000e, -0x0021, +0x0017, 
    -0x0030, +0x0004, -0x0015, +0x005e, +0x0058, +0x007f, -0x0007, +0x0011, 
    +0x0007, +0x0002, -0x0027, +0x0013, -0x0004, -0x0012, +0x001d, +0x000e, 
    +0x0012, +0x0008, +0x0006, +0x001c, +0x002d, +0x004e, -0x0009, +0x0003, 
    -0x001c, -0x0028, -0x0018, +0x000a, +0x002e, +0x0039, -0x0003, -0x0036, 
    +0x0003, +0x0066, +0x002e, -0x001c, +0x0040, -0x000a, -0x0005, -0x0033, 
    -0x001c, +0x000f, -0x0010, -0x0018, +0x0027, +0x001e, +0x0002, -0x0036, 
    -0x0017, +0x001a, +0x000b, -0x0033, +0x0058, +0x004a, -0x0003, +0x0036, 
    +0x0029, +0x0006, -0x004e, -0x002e, +0x0022, +0x004b, +0x0029, -0x0015, 
    -0x0001, +0x0018, +0x0018, -0x0016, +0x0047, +0x0041, +0x0011, -0x0008, 
    +0x0022, -0x0015, +0x0051, -0x0011, +0x0056, -0x0008, -0x002b, +0x0016, 
    +0x0020, -0x004f, -0x0012, -0x001f, +0x002e, +0x001d, +0x0004, -0x000e, 
    -0x0015, -0x001b, +0x0018, +0x001c, +0x0035, +0x000c, -0x000e, -0x000f, 
    +0x0011, -0x0051, -0x0010, -0x000a, -0x000b, +0x0011, -0x003c, -0x0002, 
    -0x000e, +0x0011, -0x000c, -0x0031, +0x005c, -0x0010, -0x001b, -0x0011, 
    -0x003e, -0x002d, -0x001e, +0x0017, +0x0026, +0x001e, -0x0027, +0x0024, 
    -0x0014, +0x000a, -0x0010, +0x0005, -0x0012, +0x000d, -0x0019, -0x0039, 
    +0x0022, +0x0018, +0x0003, -0x0005, -0x0005, +0x0011, -0x0027, -0x0015, 
    +0x0016, +0x0015, +0x0013, -0x001f, -0x000a, +0x0028, -0x0012, +0x0001, 
    +0x0039, -0x0019, +0x0001, +0x000e, +0x000e, +0x000e, -0x003a, +0x000f, 
    -0x0020, +0x0007, +0x0026, -0x000e, -0x0007, +0x001f, -0x0025, -0x000b, 
    +0x0012, -0x0037, -0x002b, -0x002a, +0x0006, -0x001f, -0x000e, +0x0052, 
    +0x0012, +0x001d, -0x0044, -0x0001, -0x000b, +0x001c, -0x0021, -0x0059, 
    +0x0010, +0x001c, +0x0001, +0x0007, -0x0025, -0x0003, -0x0005, +0x000d, 
    +0x004d, +0x0015, -0x0040, +0x0017, -0x0020, +0x0001, -0x0017, +0x0002, 
    +0x0001, +0x0030, -0x000c, +0x0001, -0x002b, -0x001b, -0x0001, -0x001a, 
    +0x0054, +0x0050, -0x0035, +0x0009, -0x003c, -0x003b, +0x0042, -0x000c, 
    +0x0057, +0x0012, -0x002c, +0x003f, -0x0009, -0x001a, +0x004d, +0x0013, 
    -0x003c, +0x0018, -0x0022, -0x000b, -0x0020, -0x0063, +0x000d, -0x0002, 
    +0x0023, +0x0000, -0x0050, +0x0014, -0x0018, +0x0004, -0x001b, +0x007f, 
    -0x005f, -0x0001, -0x003d, +0x0010, -0x0022, -0x004a, +0x0020, -0x005f, 
    +0x0052, +0x001c, -0x002f, +0x0019, +0x0004, -0x0027, +0x0006, +0x0035, 
    -0x0070, +0x000d, -0x0046, -0x0023, +0x0032, -0x007f, +0x0000, -0x0073, 
    +0x0051, -0x0009, +0x0001, +0x002c, -0x0014, -0x001d, -0x001c, +0x0030, 
    -0x0012, +0x0030, +0x001d, +0x0038, -0x0026, -0x000d, -0x002c, +0x0016, 
    -0x0035, +0x0036, -0x0006, +0x000a, +0x0037, +0x0037, +0x001f, +0x0001, 
    -0x001f, +0x0017, +0x0008, +0x003d, -0x0054, -0x000e, +0x0034, -0x0006, 
    +0x0011, +0x0028, -0x001a, +0x0027, +0x001d, -0x0002, +0x0026, -0x0040, 
    +0x000e, +0x0026, +0x0006, +0x0014, -0x0001, -0x0010, +0x0031, +0x0014, 
    +0x0008, -0x0011, -0x0017, +0x000c, -0x0024, +0x0017, -0x0011, -0x0020, 
    +0x0025, +0x002d, +0x0041, +0x0037, -0x0061, -0x000a, +0x0038, +0x000d, 
    +0x0019, +0x0040, -0x0010, -0x0001, +0x002b, +0x0013, -0x000f, -0x0008, 
    +0x001c, +0x0009, +0x000e, -0x0008, -0x001e, +0x0036, +0x0051, -0x0054, 
    +0x0021, +0x0027, -0x0004, +0x0041, -0x0002, +0x002f, +0x0012, -0x0037, 
    +0x003c, +0x002e, -0x0002, +0x0027, -0x0004, +0x003a, +0x0039, -0x0008, 
    +0x001f, -0x0020, -0x002d, +0x0004, -0x0005, +0x002f, -0x0007, -0x0004, 
    +0x0032, -0x0010, -0x0029, -0x001b, -0x000f, -0x0002, -0x003a, +0x0025, 
    +0x0001, +0x0027, -0x0001, -0x0015, +0x0001, +0x000a, +0x001f, -0x0007, 
    +0x0040, -0x0032, -0x0006, -0x000e, -0x0020, -0x0011, -0x0005, -0x0020, 
    -0x0003, -0x0001, +0x0025, +0x003b, -0x002e, -0x0028, -0x0017, +0x0017, 
    +0x001d, +0x0000, -0x001d, -0x0009, -0x0020, +0x0033, -0x001b, +0x0030, 
    -0x0002, +0x002c, +0x000a, +0x000c, +0x0000, +0x001d, +0x0012, +0x0001, 
    +0x000f, -0x001a, +0x0005, -0x001f, +0x0002, -0x000b, -0x0017, +0x0019, 
    -0x003d, +0x000a, +0x0036, -0x002d, +0x0033, -0x001f, +0x001c, +0x0023, 
    +0x0017, -0x0005, +0x0020, -0x0023, +0x0018, -0x002b, -0x000e, +0x0003, 
    -0x0025, +0x000f, +0x0036, +0x001e, -0x003c, -0x0052, -0x0003, +0x0028, 
    +0x0027, -0x000b, -0x0043, +0x0017, +0x0017, +0x0006, -0x0003, +0x0013, 
    -0x000c, -0x0011, +0x0026, -0x001b, +0x0010, -0x0004, +0x001c, +0x0010, 
    +0x0001, +0x003b, -0x0008, -0x000f, -0x0019, +0x0016, -0x0013, +0x0027, 
    +0x0027, +0x0000, +0x002a, -0x001a, -0x0024, -0x000b, +0x0030, -0x0020, 
    +0x002c, +0x003e, -0x000d, -0x004a, -0x0002, +0x000a, +0x0030, -0x0018, 
    +0x0022, +0x000f, -0x0008, +0x001b, -0x003a, -0x000e, +0x0028, -0x003e, 
    +0x0014, +0x0039, -0x002a, +0x005a, +0x0025, +0x001d, -0x0020, +0x000c, 
    +0x0012, -0x000d, +0x002c, -0x0007, -0x0016, +0x0012, +0x007b, -0x000b, 
    -0x0008, -0x0027, +0x0002, +0x0008, +0x0023, -0x0012, -0x0038, +0x0006, 
    -0x0027, +0x0009, -0x0062, -0x002c, -0x0037, -0x0012, -0x003e, +0x0007, 
    -0x0020, -0x0017, +0x0019, +0x0015, +0x0027, +0x001a, -0x0010, -0x0008, 
    -0x0066, -0x001d, -0x003e, -0x0034, -0x000e, -0x002c, -0x000f, -0x003b, 
    -0x0027, +0x000d, -0x0010, -0x0001, -0x0028, +0x0007, -0x0029, -0x0007, 
    -0x0021, +0x0021, -0x000e, -0x004d, +0x002a, -0x0039, +0x004a, -0x000d, 
    -0x001b, +0x0028, -0x000e, -0x001b, +0x0015, -0x0011, +0x0017, -0x0011, 
    -0x002a, -0x0022, -0x0022, -0x0047, -0x0023, +0x0023, -0x003e, +0x0008, 
    -0x005b, +0x002d, +0x0016, -0x000f, +0x0005, -0x0003, -0x002e, +0x0003, 
    -0x001c, -0x0033, -0x000f, -0x0033, -0x0007, +0x002d, -0x0007, +0x0004, 
    -0x004d, -0x0005, -0x0029, +0x000b, -0x002a, -0x001c, +0x0002, -0x002a, 
    -0x0012, -0x002e, -0x0044, -0x0036, +0x0014, +0x0001, +0x0001, -0x001b, 
    -0x000d, -0x0005, -0x0024, -0x0002, -0x001f, -0x0019, -0x0028, +0x001d, 
    +0x0031, -0x0015, -0x001e, -0x0018, -0x0032, -0x0013, +0x0009, +0x0049, 
    +0x000b, -0x002f, +0x0026, -0x0040, -0x0008, +0x000b, -0x0041, -0x001a, 
    -0x0019, +0x0009, -0x0025, -0x0033, -0x0052, -0x0018, +0x0019, +0x006a, 
    +0x0019, -0x0002, -0x0003, -0x001a, -0x0015, -0x000d, -0x002c, -0x004a, 
    -0x0011, -0x0030, +0x0009, -0x0047, -0x002a, -0x0006, +0x000c, -0x000f, 
    +0x000f, -0x0007, -0x0044, -0x003f, -0x0050, +0x0023, +0x0008, +0x0011, 
    +0x0035, -0x001e, -0x0015, -0x0026, -0x001b, +0x0032, +0x003a, -0x0042, 
    +0x001c, -0x0027, +0x005e, -0x0053, -0x003a, +0x0021, +0x0031, -0x0028, 
    -0x0008, -0x0035, -0x0011, -0x0010, -0x0008, +0x005e, +0x000f, -0x003e, 
    +0x002b, -0x001f, -0x0044, -0x007b, -0x0009, +0x000c, -0x0026, +0x0019, 
    +0x0003, +0x000c, +0x000e, +0x0005, -0x0022, +0x0016, -0x0011, -0x0026, 
    +0x0014, -0x0023, -0x0024, -0x0003, -0x0066, -0x001e, -0x0009, +0x0020, 
    +0x001d, -0x0001, +0x0017, -0x0039, -0x0008, +0x001b, +0x0030, -0x0030, 
    -0x003e, -0x002b, +0x001f, +0x0018, +0x000c, +0x000b, +0x0013, -0x000d, 
    +0x001c, -0x0006, +0x0007, -0x0029, -0x0009, +0x0007, -0x000d, -0x001f, 
    -0x002e, -0x004d, -0x0047, +0x0017, -0x0003, -0x000b, +0x000c, +0x0030, 
    +0x004a, +0x001b, +0x0000, -0x0021, +0x0005, +0x0003, +0x0003, +0x0005, 
    +0x004f, +0x0007, -0x0013, +0x0015, -0x0004, -0x0036, -0x0023, +0x0033, 
    -0x0028, +0x001e, +0x0001, +0x0016, +0x001c, +0x0004, -0x0033, +0x001d, 
    +0x0022, +0x0010, -0x000b, -0x0048, +0x0056, -0x0011, +0x001b, +0x0068, 
    -0x002c, +0x001e, +0x0008, +0x0026, +0x003b, -0x0016, +0x0016, -0x000f, 
    -0x0013, -0x000f, -0x0008, -0x002d, +0x0002, -0x000b, +0x0011, +0x0018, 
    +0x0044, +0x002c, +0x0011, -0x000a, +0x004a, -0x0001, -0x000a, +0x001d, 
    -0x0011, +0x000b, -0x000a, +0x0024, +0x0063, -0x0001, -0x0020, -0x0017, 
    +0x0012, -0x002d, +0x0020, -0x0016, -0x0015, +0x0034, -0x0002, +0x001e, 
    +0x0039, -0x000d, +0x000b, -0x0003, +0x000e, +0x000d, +0x0047, +0x000d, 
    +0x0053, -0x0011, -0x002c, +0x0022, -0x002c, -0x0039, -0x002c, -0x0002, 
    -0x0015, +0x0001, +0x0041, +0x004e, +0x005a, +0x0012, -0x0008, -0x0012, 
    +0x0045, -0x002d, -0x0043, -0x0002, +0x0008, -0x0058, -0x0033, +0x0009, 
    -0x0019, -0x000d, -0x0028, -0x0005, +0x0014, -0x0006, +0x0012, -0x0022, 
    -0x0041, +0x000f, +0x0023, -0x0039, -0x000a, +0x001d, -0x002b, +0x002b, 
    -0x0006, +0x003e, +0x0018, -0x0007, +0x005d, +0x0035, +0x003d, -0x0058, 
    -0x000c, -0x0006, -0x0045, -0x0036, -0x004b, -0x0004, +0x0003, +0x0008, 
    -0x0029, +0x0001, +0x0010, -0x0008, +0x001b, +0x0020, +0x0000, -0x003f, 
    +0x0018, -0x0001, -0x0035, -0x0021, -0x004a, -0x0037, +0x000b, -0x0038, 
    +0x0000, -0x0011, -0x003e, +0x0000, -0x0003, -0x001f, +0x003a, -0x0023, 
    -0x0057, -0x0014, +0x0006, -0x0027, -0x0036, +0x0003, -0x0025, +0x0050, 
    +0x0037, +0x0006, -0x001f, -0x003b, +0x0029, +0x0006, +0x004f, -0x0034, 
    -0x002f, -0x000a, -0x0041, -0x0079, -0x0024, +0x000d, -0x0011, -0x0026, 
    +0x0015, +0x0023, -0x0006, -0x0044, -0x001a, +0x0004, -0x0005, -0x000a, 
    -0x0025, -0x0003, +0x0009, -0x0039, -0x004b, +0x002f, +0x0013, -0x0031, 
    -0x004a, +0x0001, +0x000a, +0x000a, -0x002c, -0x004a, +0x001d, +0x003a, 
    -0x0005, -0x002c, -0x001c, +0x0010, -0x002d, +0x003e, +0x0017, -0x0057, 
    -0x0079, -0x0024, +0x0026, -0x004d, +0x0019, -0x002f, -0x0003, -0x0027, 
    -0x0009, -0x001a, -0x0035, -0x000f, +0x002e, +0x0033, -0x0032, +0x0026, 
    +0x0053, +0x0020, +0x0015, -0x0038, -0x0017, -0x001d, +0x0026, +0x0001, 
    +0x0040, -0x002a, +0x0007, +0x0015, +0x0025, +0x0036, -0x0017, +0x0046, 
    +0x001a, -0x0007, +0x000f, +0x0003, -0x003c, +0x0029, -0x0030, +0x0023, 
    -0x000c, -0x003e, -0x001b, +0x002d, +0x0023, +0x0011, +0x000a, -0x0010, 
    +0x004d, -0x0010, +0x004d, -0x0017, +0x0008, +0x0024, -0x0028, +0x0024, 
    +0x0009, -0x0008, -0x0039, +0x000a, +0x005a, +0x0006, +0x0008, -0x001c, 
    +0x0039, -0x0001, +0x002e, -0x0003, -0x0005, +0x004c, +0x001a, -0x0003, 
    +0x0033, -0x0023, -0x000d, +0x0002, +0x0000, +0x0019, -0x000b, +0x001d, 
    -0x001d, -0x004c, -0x0037, +0x0018, -0x0001, +0x000f, -0x0016, +0x000e, 
    +0x000c, -0x0043, +0x0005, +0x000e, +0x001d, -0x000f, +0x0007, +0x0031, 
    -0x0002, +0x0004, +0x0021, -0x000a, +0x0011, +0x0028, +0x0003, +0x002d, 
    +0x0025, -0x0009, -0x002e, -0x001a, +0x0031, -0x002e, -0x000d, -0x0026, 
    -0x0030, +0x0019, -0x001c, +0x0003, -0x001b, +0x0020, +0x0017, +0x0011, 
    -0x0007, -0x002e, -0x000b, +0x001c, +0x002f, +0x001c, -0x0040, +0x0005, 
    -0x001b, -0x000d, +0x0018, -0x0021, +0x0005, +0x000f, +0x000a, -0x0032, 
    -0x0001, +0x0034, -0x0016, -0x0009, +0x005e, -0x000a, +0x001f, -0x003a, 
    -0x0018, -0x001f, -0x0030, +0x0002, -0x0008, +0x0035, +0x002f, +0x0018, 
    -0x0002, +0x003d, -0x0028, +0x0056, +0x0016, +0x002e, +0x000f, -0x0005, 
    -0x002a, -0x001f, +0x0022, +0x0004, +0x003a, +0x0008, +0x0031, +0x0017, 
    -0x001f, +0x0011, -0x0013, -0x000a, -0x002b, +0x0005, +0x001b, +0x0014, 
    -0x0023, -0x0034, +0x003b, -0x0020, -0x002b, -0x000c, -0x0007, +0x001c, 
    -0x001f, +0x0027, -0x0013, -0x0028, +0x0001, -0x001a, +0x000e, -0x000d, 
    +0x0002, -0x0045, -0x0006, -0x000d, +0x001d, -0x000e, +0x0004, +0x0003, 
    +0x000b, +0x001f, -0x0014, +0x0018, -0x0009, -0x0016, +0x001d, +0x0005, 
    +0x0015, -0x0013, +0x001c, -0x002c, +0x000f, -0x0010, +0x0020, -0x002f, 
    +0x000c, -0x001c, +0x0008, -0x000d, -0x001c, +0x0013, -0x0003, +0x0016, 
    -0x0028, +0x0011, +0x001b, -0x0013, +0x0011, -0x001d, -0x0020, +0x0006, 
    -0x0004, +0x0037, -0x001f, -0x0008, -0x0036, +0x0006, +0x006f, -0x000e, 
    -0x0009, +0x0031, -0x0019, +0x0047, +0x0022, -0x0006, +0x0010, -0x0025, 
    +0x0006, +0x0003, -0x0035, +0x001d, -0x000e, -0x0003, +0x002a, -0x004f, 
    +0x0027, +0x0021, +0x000a, -0x001e, -0x0010, +0x000e, +0x001f, -0x006b, 
    +0x0029, -0x0024, -0x0028, -0x000a, -0x0038, -0x000c, -0x0015, -0x0009, 
    +0x0056, +0x0003, -0x0011, +0x0002, -0x0022, +0x001a, -0x0029, +0x0007, 
    +0x0036, +0x0008, -0x001c, -0x001d, -0x0049, -0x0026, -0x0025, -0x004a, 
    -0x002a, +0x0027, -0x0005, -0x0025, +0x002c, -0x0027, -0x006e, -0x000b, 
    +0x000a, +0x0001, +0x0000, -0x0012, -0x002c, -0x0018, -0x0044, -0x0021, 
    -0x0027, -0x0020, -0x0026, +0x0002, +0x005d, -0x0035, +0x000f, +0x003c, 
    -0x0011, +0x0015, -0x0003, +0x0027, -0x0041, +0x0012, -0x0014, +0x000f, 
    +0x006f, +0x0000, -0x000f, +0x0005, -0x005c, -0x0007, +0x001c, -0x0023, 
    +0x0027, +0x001a, +0x0010, -0x0043, +0x0002, +0x0027, +0x003f, -0x0016, 
    +0x0040, -0x0006, -0x0005, -0x002a, -0x000a, -0x0030, -0x003b, -0x003c, 
    +0x000d, +0x0021, -0x0005, +0x0009, -0x0060, +0x0009, -0x001d, +0x0006, 
    +0x004e, -0x002b, +0x0005, -0x0003, +0x000f, -0x0003, +0x0017, -0x0004, 
    +0x0010, -0x001f, +0x0017, +0x000e, -0x0024, +0x0019, +0x0003, -0x0028, 
    +0x003b, -0x0003, +0x0016, +0x0015, -0x0022, +0x001b, +0x0019, -0x0015, 
    -0x0004, -0x0015, -0x0052, -0x000e, +0x0053, +0x0019, +0x0004, -0x0021, 
    +0x000d, +0x0007, -0x0001, +0x0014, -0x0030, -0x0031, -0x002d, -0x0011, 
    -0x004c, -0x000d, -0x0079, +0x0042, -0x0020, -0x001f, +0x002a, -0x002c, 
    -0x0014, -0x001d, -0x0008, +0x0020, +0x0013, +0x0026, +0x0007, +0x0003, 
    -0x0018, -0x000c, -0x0010, -0x0002, -0x0021, -0x0006, +0x000e, +0x0023, 
    +0x003a, -0x0006, +0x0002, +0x000b, -0x0017, +0x0003, +0x002d, +0x000c, 
    +0x0061, -0x0006, -0x0008, -0x002b, -0x0036, -0x000e, -0x0030, -0x0050, 
    +0x002f, -0x000e, +0x000d, +0x0016, -0x0035, -0x0016, +0x0003, +0x0012, 
    -0x0032, -0x0005, +0x0005, +0x0007, -0x0048, -0x0050, -0x000b, -0x0039, 
    +0x001c, +0x0014, +0x0006, +0x004b, -0x001e, +0x000b, -0x0009, +0x002b, 
    -0x001d, -0x0014, +0x0037, -0x0015, -0x0045, -0x004d, +0x001f, -0x0038, 
    +0x0002, -0x0023, +0x005d, -0x000f, -0x000d, -0x000c, -0x003f, -0x0012, 
    +0x0046, +0x002a, +0x001a, -0x0056, +0x0013, -0x002d, -0x0015, -0x000a, 
    -0x0016, -0x0024, +0x0027, +0x0022, -0x000a, +0x000e, -0x005d, -0x000e, 
    -0x0018, +0x0015, -0x0015, +0x0019, +0x0004, -0x0057, +0x0011, -0x0029, 
    +0x0034, +0x0001, +0x003e, -0x0024, -0x0035, +0x0003, -0x002c, -0x0008, 
    -0x001a, +0x001a, -0x0058, +0x0033, -0x0003, -0x002b, +0x000c, -0x001b, 
    -0x001c, +0x0013, +0x000e, -0x0024, +0x000d, +0x0024, +0x0020, -0x000b, 
    -0x0038, +0x0046, +0x0030, +0x000d, -0x0004, -0x000f, -0x0009, +0x001f, 
    -0x007f, -0x0010, -0x0031, -0x0016, +0x0008, +0x0005, +0x0012, -0x002d, 
    -0x0018, +0x001b, +0x0012, +0x0007, +0x0006, -0x0019, -0x000a, +0x003f, 
    -0x004a, +0x0013, -0x0006, -0x001b, +0x0004, +0x000c, +0x0004, +0x0007, 
    -0x0011, +0x0029, -0x005e, -0x0018, +0x0003, +0x0020, -0x0020, +0x003c, 
    -0x0030, -0x0037, +0x0010, +0x000a, -0x001c, +0x0009, -0x0027, -0x002e, 
    -0x003a, -0x0010, -0x000a, -0x0014, -0x0015, -0x002f, -0x0029, -0x0025, 
    -0x005a, -0x0006, +0x0033, +0x0006, -0x0008, +0x0020, -0x005e, -0x0012, 
    -0x0029, +0x0006, +0x0005, +0x0013, +0x0008, -0x0020, -0x005d, -0x0037, 
    -0x0025, -0x0028, -0x0007, -0x0048, +0x0002, -0x0002, +0x0024, -0x000e, 
    -0x0021, +0x0001, +0x0021, +0x0027, -0x004a, -0x0032, -0x0013, -0x000b, 
    +0x0013, +0x002a, +0x0008, -0x0021, -0x0013, +0x0018, -0x0021, +0x0010, 
    -0x001a, +0x0006, +0x000a, -0x0020, +0x000b, -0x0025, -0x0062, -0x0027, 
    -0x0013, +0x0011, -0x0015, +0x001a, -0x0025, -0x0009, -0x0030, +0x0030, 
    +0x0020, +0x0013, +0x0000, +0x0004, +0x0040, -0x0029, -0x007f, -0x005a, 
    +0x0015, +0x0003, -0x0019, -0x0023, -0x0015, +0x0032, -0x0010, +0x0011, 
    -0x004a, +0x000c, +0x001d, +0x003b, -0x0065, -0x0046, -0x0005, +0x001a, 
    +0x0044, +0x000c, -0x0006, +0x000f, -0x0036, -0x0006, -0x0026, -0x000a, 
    -0x0065, +0x001e, -0x002f, -0x0049, +0x0000, -0x0009, -0x0039, +0x0010, 
    +0x0044, +0x0048, -0x0019, -0x000c, -0x0014, -0x0033, -0x000a, +0x0011, 
    -0x0028, +0x0015, -0x001f, -0x0034, -0x0010, -0x0023, -0x0048, -0x000f, 
    -0x0006, +0x0015, -0x002c, +0x000f, -0x0043, +0x0015, -0x0022, -0x000a, 
    -0x002b, -0x000a, +0x0012, +0x0006, -0x003a, -0x001f, -0x001c, +0x0030, 
    +0x002b, -0x001f, -0x000a, +0x0010, +0x0015, +0x002c, -0x0003, -0x0003, 
    -0x0017, -0x000e, +0x0052, +0x0003, +0x0004, -0x003f, -0x0023, +0x0026, 
    +0x0002, -0x0016, +0x002f, +0x0028, +0x001c, -0x0028, -0x000a, +0x0025, 
    -0x0034, +0x0006, +0x006d, +0x0055, -0x000b, +0x0012, +0x0001, -0x0006, 
    +0x0017, -0x002b, +0x0003, -0x0017, +0x0006, -0x0009, -0x0006, +0x0001, 
    +0x0014, -0x0004, +0x000c, -0x0012, +0x002e, +0x0029, +0x0016, +0x0009, 
    -0x000c, -0x0041, -0x0007, +0x0009, +0x001f, +0x000a, +0x000f, +0x0012, 
    -0x002f, +0x0061, +0x0001, +0x004c, -0x001c, +0x0016, +0x002b, +0x0003, 
    -0x0012, -0x0008, -0x000a, -0x0009, +0x002e, -0x0036, +0x000b, -0x000b, 
    -0x0047, +0x0036, +0x002e, +0x0018, -0x0010, +0x0012, +0x000f, -0x000b, 
    -0x0011, -0x0018, -0x0046, -0x0011, +0x001b, -0x0032, -0x001a, -0x0009, 
    -0x005b, +0x003e, -0x001d, +0x0034, -0x0017, -0x0011, -0x003a, -0x0024, 
    +0x003a, -0x0033, -0x0002, -0x001d, -0x000e, +0x001a, +0x0014, +0x0005, 
    -0x0003, +0x000f, -0x002c, +0x006d, +0x000f, -0x003c, +0x001b, -0x0035, 
    -0x001c, -0x000f, -0x000d, -0x002d, +0x004b, +0x001c, -0x0016, -0x004c, 
    +0x0027, +0x0004, -0x0015, +0x0027, +0x0015, -0x003a, -0x0005, -0x0013, 
    +0x001b, -0x002d, -0x000c, -0x0010, +0x002b, +0x002f, -0x0036, -0x0026, 
    +0x0004, -0x001d, -0x0025, +0x002c, -0x0063, +0x0016, -0x0013, +0x0008, 
    -0x0059, -0x0008, +0x0003, +0x0003, +0x003e, -0x0031, -0x0015, +0x0013, 
    +0x0023, -0x0016, -0x0027, -0x000e, +0x0032, -0x0035, -0x0029, +0x0002, 
    -0x0060, +0x0010, +0x0056, -0x001a, +0x002b, -0x0022, -0x0020, +0x000c, 
    -0x0002, -0x0052, -0x0035, -0x0025, +0x0024, -0x002e, -0x0035, -0x0029, 
    -0x0048, +0x000a, +0x0002, -0x0004, -0x0001, -0x0021, +0x003f, -0x001b, 
    +0x0057, -0x001b, -0x000e, -0x0017, -0x0008, -0x0028, -0x0008, +0x000c, 
    -0x0019, +0x000c, +0x0002, +0x0000, +0x0072, -0x0005, -0x0017, +0x001b, 
    -0x001b, +0x0000, -0x0046, -0x0023, -0x0016, -0x002c, -0x001c, -0x0013, 
    -0x004b, +0x0017, +0x0025, -0x0001, +0x000e, +0x000e, +0x0003, -0x0001, 
    +0x0002, -0x0030, -0x0026, -0x0012, -0x000d, -0x0006, -0x0012, +0x004b, 
    -0x001e, +0x0001, -0x001f, +0x0028, -0x001d, +0x0025, +0x0016, -0x001e, 
    +0x0038, +0x0007, +0x0009, +0x0039, +0x0013, -0x0008, +0x0046, +0x0045, 
    -0x0017, +0x001e, +0x003d, -0x0005, -0x0015, +0x0001, -0x002d, -0x004e, 
    +0x0004, +0x0003, -0x002f, -0x0019, -0x0032, -0x000f, -0x0016, -0x0011, 
    -0x0022, +0x0021, +0x0025, +0x0006, -0x005e, -0x003f, -0x0028, -0x0009, 
    -0x000a, +0x0023, -0x0022, -0x0005, -0x000d, +0x001f, +0x000e, -0x0001, 
    -0x0029, -0x001f, +0x0008, +0x0022, -0x005d, +0x001a, +0x0005, +0x001d, 
    -0x0007, +0x0019, +0x0019, +0x001e, +0x002b, +0x000c, +0x002a, -0x0002, 
    +0x003d, +0x0021, +0x0045, -0x001d, -0x0007, +0x004a, +0x0030, +0x001c, 
    +0x0009, +0x0021, -0x0006, -0x0035, +0x003d, -0x000f, -0x0008, +0x001c, 
    +0x0029, +0x005b, +0x0028, -0x0049, -0x0002, +0x006d, +0x0043, +0x001c, 
    +0x0067, -0x001e, +0x000e, -0x002d, -0x0018, -0x0002, +0x0040, -0x0029, 
    +0x0018, +0x0007, -0x0003, +0x0005, +0x004a, +0x0036, -0x0009, +0x0017, 
    -0x0008, -0x0004, -0x0015, +0x0021, -0x000a, +0x0002, -0x0015, +0x0000, 
    -0x000d, +0x0057, -0x0009, +0x000d, -0x0029, -0x0006, -0x0006, +0x000d, 
    -0x0056, +0x0017, -0x0007, +0x0008, +0x004c, +0x0051, +0x003b, +0x0012, 
    +0x000b, +0x0028, -0x0041, -0x004e, -0x0011, +0x0028, -0x0012, -0x000f, 
    -0x000d, -0x0018, +0x002a, +0x000c, +0x000e, +0x002a, +0x0023, -0x001f, 
    -0x0001, -0x0003, -0x000b, -0x003f, -0x000b, +0x000a, -0x000f, +0x0021, 
    -0x0004, -0x0044, -0x002b, +0x0024, +0x0024, +0x0011, +0x000e, +0x000c, 
    +0x001d, -0x000f, -0x0017, -0x001b, +0x0001, -0x0022, -0x0011, -0x000c, 
    -0x0012, -0x000d, +0x0005, +0x0055, +0x0019, -0x0006, +0x001b, +0x002f, 
    +0x000e, +0x0028, +0x0010, -0x0033, +0x0018, -0x003a, -0x002a, -0x0014, 
    +0x004a, -0x0058, +0x0013, +0x0014, -0x0022, +0x002a, -0x002f, -0x0001, 
    +0x0003, -0x0003, +0x005b, -0x0022, -0x0010, +0x000e, -0x0019, -0x0013, 
    -0x0013, -0x002b, +0x001c, +0x000d, -0x0009, +0x0003, -0x0013, -0x0027, 
    -0x0017, -0x0017, +0x0059, -0x003d, -0x0007, -0x0019, +0x002c, +0x003e, 
    +0x0010, -0x001c, -0x003b, -0x001e, +0x0074, -0x0008, -0x0007, -0x0019, 
    -0x0038, +0x0033, +0x0006, -0x0020, +0x0010, -0x0012, -0x001c, +0x0016, 
    +0x0008, -0x002e, -0x0025, -0x001c, -0x0041, +0x000f, +0x0029, -0x0017, 
    -0x000d, +0x0050, +0x001f, -0x0019, +0x0058, -0x0006, -0x001e, +0x000d, 
    +0x000a, -0x003e, -0x002c, -0x0006, -0x0066, +0x000e, +0x001a, +0x0016, 
    +0x0039, +0x001c, -0x0006, +0x001b, -0x0010, +0x0004, -0x0031, +0x0011, 
    -0x0001, -0x0010, -0x001c, -0x0023, +0x0021, +0x000b, -0x0043, -0x0053, 
    -0x001c, +0x005b, -0x0026, -0x002c, -0x0026, -0x0018, -0x0009, -0x0015, 
    -0x000c, -0x005d, +0x0008, +0x0021, -0x0010, +0x0007, -0x0012, +0x0004, 
    -0x0015, +0x0039, -0x002a, -0x000d, -0x0006, -0x001e, +0x0012, +0x002f, 
    -0x0034, -0x0005, -0x002c, +0x0013, -0x0034, +0x000c, +0x001f, +0x0054, 
    -0x000a, +0x0023, +0x0014, -0x0015, -0x0048, +0x0006, -0x0017, +0x0003, 
    +0x000b, +0x0017, -0x001b, -0x000e, -0x0034, -0x0002, -0x0010, +0x000c, 
    +0x001a, -0x001f, -0x0030, -0x0033, -0x0048, -0x0019, -0x0013, +0x0026, 
    -0x0014, +0x0014, +0x0019, +0x0018, -0x0048, +0x0031, +0x0005, +0x0062, 
    +0x0008, -0x005a, -0x0016, -0x0032, +0x000d, +0x0027, -0x0009, -0x0007, 
    -0x0014, -0x001a, +0x0029, -0x0008, -0x0041, +0x002f, +0x0002, +0x0070, 
    -0x002e, -0x001f, -0x0012, +0x0006, -0x0014, -0x001a, -0x0008, +0x0057, 
    +0x0020, -0x002e, +0x000c, +0x0003, -0x0048, +0x0011, +0x0006, -0x0011, 
    -0x0026, -0x0012, -0x0005, +0x0005, -0x003e, -0x0009, -0x0048, +0x0063, 
    -0x000a, -0x0001, -0x0004, -0x001f, -0x000c, +0x0026, +0x0002, +0x001c, 
    -0x000f, -0x0015, -0x0021, -0x0010, -0x0015, -0x000a, +0x001a, +0x0051, 
    -0x0047, -0x0033, -0x003b, +0x0020, -0x0032, +0x0005, +0x0009, -0x0014, 
    -0x001c, -0x000e, +0x0015, +0x0021, +0x001f, -0x0038, +0x001b, +0x001d, 
    +0x0015, -0x003e, -0x000b, +0x001e, -0x002f, +0x000f, -0x0021, +0x0010, 
    -0x0011, +0x0025, +0x0035, -0x0008, +0x001a, +0x0001, -0x003d, +0x004b, 
    +0x0002, -0x0022, +0x0026, -0x000c, -0x0047, +0x0003, -0x0019, -0x000b, 
    -0x0034, -0x0006, -0x001f, -0x001d, +0x0013, +0x000a, +0x0038, +0x0035, 
    +0x002e, -0x0042, -0x002e, -0x0018, -0x0020, -0x0005, +0x0016, +0x000b, 
    -0x0014, +0x0002, +0x0030, +0x000f, -0x0008, -0x002a, +0x002e, -0x0046, 
    -0x005f, +0x0018, +0x004e, +0x0016, +0x0016, -0x001f, -0x0005, -0x0010, 
    -0x000c, +0x0025, +0x0006, -0x0004, +0x005a, -0x0010, +0x0017, -0x0009, 
    -0x0033, +0x0001, +0x004d, +0x004d, +0x001a, +0x0001, -0x0002, -0x0018, 
    +0x0004, -0x001c, +0x0032, -0x0017, +0x0036, +0x0009, +0x0035, +0x0012, 
    -0x003b, -0x0011, +0x0008, +0x0039, +0x0066, -0x0016, +0x0007, +0x0048, 
    +0x000f, -0x0012, -0x0005, -0x0050, +0x0008, +0x0004, -0x0006, -0x001c, 
    -0x0050, +0x0063, -0x006e, +0x0037, +0x0019, -0x0031, -0x0022, -0x002e, 
    +0x0016, +0x0006, -0x0010, -0x0026, +0x0059, -0x0002, -0x0017, +0x0019, 
    -0x0004, +0x0024, -0x0046, -0x0024, -0x0002, -0x0036, -0x0019, -0x003f, 
    -0x0017, -0x0034, -0x000c, -0x0043, +0x0002, -0x0028, -0x0019, -0x0015, 
    +0x0073, +0x0008, -0x0032, -0x0038, +0x004f, +0x001e, +0x003f, +0x0026, 
    -0x000e, +0x000f, +0x0006, +0x000a, -0x0036, +0x0008, -0x0008, -0x0028, 
    -0x002e, +0x0008, +0x0000, +0x0036, +0x0021, -0x0002, -0x002e, -0x0035, 
    -0x000b, -0x0002, -0x0051, +0x000e, -0x0021, +0x0019, +0x0017, -0x0011, 
    -0x0023, +0x0040, -0x0005, -0x001a, +0x0028, +0x0004, -0x0052, -0x0050, 
    -0x0014, +0x0020, +0x0073, -0x0007, -0x0042, +0x0001, +0x0004, -0x0049, 
    +0x001f, +0x004b, -0x0012, -0x0024, +0x0032, +0x000c, +0x0000, -0x000e, 
    +0x002f, -0x000d, +0x0011, -0x0004, -0x0007, +0x0008, -0x000a, +0x0018, 
    +0x0013, -0x000b, -0x000c, +0x002c, +0x0021, -0x001d, -0x0025, -0x0005, 
    +0x001f, +0x0009, -0x0044, -0x000b, +0x002f, -0x0023, -0x0001, +0x0029, 
    -0x0018, -0x001d, -0x001d, +0x002b, +0x0046, +0x0008, -0x005b, -0x0025, 
    +0x0038, +0x001f, +0x002c, -0x001f, +0x0013, -0x0010, -0x003f, +0x0011, 
    -0x001c, +0x002b, -0x0001, -0x0006, +0x004e, +0x0002, +0x0004, -0x0006, 
    +0x0005, -0x0011, -0x0027, -0x0041, +0x0008, +0x0011, +0x0003, +0x0048, 
    -0x0003, -0x0001, -0x0036, -0x0017, -0x0006, -0x000a, +0x000c, +0x0005, 
    +0x002b, +0x002b, -0x0043, -0x001d, +0x0020, +0x001a, -0x0001, +0x0012, 
    +0x000b, -0x0004, -0x000a, -0x001d, +0x001f, +0x001d, +0x000f, +0x0069, 
    -0x0025, -0x000f, -0x0024, +0x0012, +0x004e, +0x0006, +0x0005, +0x0026, 
    +0x002d, -0x001d, -0x0046, -0x000f, +0x0022, +0x000d, +0x0006, -0x0055, 
    -0x0034, +0x000f, +0x000e, -0x005b, +0x0033, -0x0021, +0x000d, +0x001c, 
    +0x0047, -0x0022, +0x0005, +0x0015, -0x0027, +0x0024, +0x0008, +0x002e, 
    -0x0045, +0x0013, -0x0073, -0x0014, +0x0036, +0x0025, -0x000c, -0x0020, 
    -0x0009, +0x0013, +0x0030, -0x0004, +0x0002, +0x002a, +0x002b, +0x0065, 
    -0x0055, +0x0011, -0x004d, -0x002d, +0x003e, +0x004e, +0x0018, +0x0001, 
    +0x0015, -0x0009, -0x004a, -0x0025, +0x001c, +0x0021, -0x0048, -0x000a, 
    +0x0038, -0x0004, +0x0029, +0x000d, +0x002e, +0x0003, -0x0023, +0x0015, 
    +0x0037, -0x000e, -0x000f, +0x0007, -0x001a, -0x0039, +0x0012, +0x0062, 
    -0x000e, +0x0001, +0x004c, -0x0022, +0x003f, +0x0021, -0x002b, +0x0004, 
    +0x0042, +0x0008, -0x0003, -0x0022, -0x0006, -0x001f, -0x002d, +0x002c, 
    -0x001c, +0x001f, -0x001f, -0x0008, +0x0041, +0x0059, -0x0036, +0x0036, 
    +0x003b, +0x0007, +0x0018, -0x004e, -0x0003, -0x0009, -0x0017, +0x0025, 
    -0x000e, -0x0001, -0x0006, +0x0010, -0x0029, -0x0041, -0x0033, -0x001b, 
    +0x0019, +0x0004, -0x003b, +0x0002, -0x001c, -0x000f, -0x0018, -0x0041, 
    -0x0030, +0x001f, +0x000c, -0x0040, -0x003b, -0x003b, -0x0058, +0x000d, 
    +0x0001, -0x0013, +0x0007, +0x0002, +0x0003, +0x000e, -0x002b, -0x0034, 
    +0x0014, -0x0016, +0x0011, -0x0020, -0x0064, -0x0020, +0x0007, -0x0019, 
    -0x000b, +0x0005, -0x0010, +0x000b, -0x0013, -0x001a, -0x0029, -0x001e, 
    +0x0010, -0x000b, +0x002c, +0x0011, +0x0015, -0x0006, +0x001a, +0x0010, 
    +0x0003, -0x001e, -0x002c, +0x0012, -0x000f, -0x0006, +0x0019, -0x001a, 
    +0x0021, +0x001e, +0x000d, -0x001a, -0x001e, -0x0008, -0x0018, +0x0004, 
    +0x0021, -0x0007, +0x0002, -0x000c, +0x0012, +0x0001, -0x000e, -0x002a, 
    -0x000c, +0x0019, +0x003d, -0x0008, -0x0014, -0x0001, -0x0010, +0x0007, 
    +0x0014, -0x0007, +0x0004, +0x0012, -0x0031, +0x001d, +0x0005, -0x0048, 
    +0x0014, -0x0015, +0x0007, -0x0028, +0x000d, -0x0006, -0x001f, -0x0009, 
    +0x0011, -0x0024, +0x000a, -0x0015, -0x0030, -0x0040, +0x0026, +0x0000, 
    +0x0004, +0x0001, +0x0017, -0x001c, +0x001b, -0x0021, -0x002e, -0x0013, 
    +0x0028, +0x000b, +0x0003, -0x0018, -0x002e, -0x000e, +0x0000, -0x000f, 
    -0x001d, +0x0022, -0x0005, -0x000c, +0x000c, -0x0022, -0x0022, -0x001e, 
    +0x0026, +0x0020, +0x0016, -0x0017, -0x004d, +0x0021, -0x003d, -0x0015, 
    +0x002b, -0x000f, -0x0020, +0x0019, -0x0017, -0x0015, +0x0029, +0x0056, 
    -0x0002, -0x0014, -0x0014, -0x0018, +0x0056, -0x0010, -0x0026, +0x0078, 
    +0x0018, -0x0006, -0x0026, +0x001a, +0x001c, -0x0022, -0x0017, +0x0035, 
    -0x0031, -0x0023, -0x0032, -0x000a, +0x000f, -0x001c, -0x007b, -0x0011, 
    +0x0032, +0x0011, -0x001b, -0x001d, +0x0018, -0x0011, -0x0025, +0x0032, 
    -0x0021, -0x001b, -0x0010, +0x0010, +0x0012, -0x0019, +0x0037, +0x0001, 
    -0x0011, -0x0010, -0x0005, +0x000d, +0x0032, -0x0004, -0x000c, -0x001a, 
    +0x0007, -0x0025, -0x0023, -0x003c, +0x0053, -0x0010, -0x0034, +0x0045, 
    -0x0006, +0x000d, +0x001a, -0x000e, +0x002b, +0x0022, +0x0027, -0x0014, 
    -0x0030, -0x0024, -0x0017, -0x0026, -0x0035, +0x001d, -0x0052, +0x001b, 
    +0x001e, +0x000d, +0x0006, -0x002b, +0x0021, +0x0033, +0x0013, -0x0012, 
    -0x001f, -0x0011, -0x000f, -0x001e, -0x0026, -0x003f, +0x0035, -0x0033, 
    +0x0003, +0x000b, -0x001c, -0x000a, +0x0016, +0x0000, -0x0007, -0x001e, 
    +0x003b, -0x001e, -0x0071, -0x0022, +0x0014, -0x001c, -0x000e, -0x0037, 
    -0x0024, +0x001b, -0x000d, +0x0006, +0x0004, +0x000f, +0x0033, -0x0020, 
    +0x0019, -0x0052, -0x005f, -0x0016, +0x0061, +0x0012, +0x000a, +0x0023, 
    -0x001b, -0x0001, +0x000b, -0x0020, +0x0028, +0x0002, +0x0000, -0x0028, 
    +0x0001, +0x0003, -0x0041, -0x0015, -0x0015, +0x0000, +0x000b, -0x0003, 
    +0x0008, -0x000b, +0x000f, +0x002b, +0x0024, -0x0004, -0x003c, -0x0032, 
    +0x003c, +0x000e, -0x0010, +0x000b, -0x0029, -0x002f, -0x0014, -0x001d, 
    -0x000f, -0x000c, -0x0012, +0x0015, +0x0005, +0x0009, -0x0012, +0x003a, 
    +0x001a, -0x0002, -0x0007, -0x0021, +0x000b, +0x0031, +0x002a, -0x000b, 
    +0x000f, -0x001b, +0x000a, +0x006f, -0x002c, +0x000d, +0x000a, -0x0012, 
    -0x0018, -0x0015, -0x0005, -0x0026, -0x000d, +0x0003, -0x0018, -0x0020, 
    +0x0033, +0x0002, -0x0056, +0x003a, +0x000d, +0x0019, +0x001b, -0x0063, 
    -0x0021, -0x0013, +0x001c, +0x0021, -0x0029, -0x0020, +0x0030, -0x0048, 
    -0x001c, +0x000b, -0x0059, -0x0028, -0x0024, +0x000a, +0x0011, +0x002e, 
    -0x0020, -0x0008, +0x0031, +0x000e, -0x0017, +0x001b, +0x001a, -0x0014, 
    -0x000d, +0x0031, -0x0010, -0x002c, -0x0039, +0x0014, +0x005e, +0x003e, 
    +0x001b, -0x0011, -0x0011, +0x0013, -0x002a, -0x001b, -0x002a, -0x0034, 
    +0x0011, +0x0004, -0x000a, +0x000e, +0x001b, +0x0012, +0x005c, +0x0016, 
    -0x0036, -0x0020, +0x002e, -0x0005, +0x0046, -0x001a, -0x000d, -0x0011, 
    -0x002c, -0x000f, -0x0019, -0x0038, -0x0034, -0x0023, +0x0050, +0x002d, 
    -0x0022, -0x002d, +0x004c, +0x000d, +0x0026, -0x0005, +0x0009, +0x0007, 
    -0x0024, +0x0001, -0x0028, +0x0000, -0x002a, +0x0008, +0x0012, +0x0038, 
    +0x0020, -0x0026, -0x0058, +0x002a, +0x0010, -0x0009, +0x0010, -0x0037, 
    -0x0058, +0x0004, +0x0015, +0x0013, +0x003a, -0x0029, +0x000f, +0x0031, 
    +0x000d, -0x002f, +0x0019, +0x0001, +0x0038, -0x0016, +0x0007, -0x001b, 
    -0x0006, +0x0017, -0x000e, -0x0042, +0x0059, +0x0002, -0x0003, +0x0045, 
    -0x0007, -0x0027, +0x0016, +0x001a, -0x0021, -0x0022, -0x0045, +0x0001, 
    +0x0003, +0x001a, -0x0011, -0x001d, +0x002e, +0x0010, -0x001f, +0x003e, 
    +0x000e, -0x002d, -0x0002, -0x0041, -0x000c, +0x0007, -0x0038, +0x0023, 
    -0x0013, +0x0016, +0x001e, -0x0012, +0x0031, -0x0010, -0x0029, -0x0007, 
    -0x0025, +0x000f, +0x0009, -0x002c, +0x0021, +0x0003, +0x000f, +0x0000, 
    +0x003c, -0x0009, +0x0020, -0x0001, +0x001f, +0x0005, -0x002c, +0x0031, 
    -0x002a, -0x000c, +0x0010, -0x0017, -0x0021, -0x001f, +0x0015, -0x002a, 
    +0x0020, -0x0012, +0x0007, -0x0043, +0x0018, -0x000f, -0x002b, -0x0019, 
    -0x0024, -0x0014, +0x0009, -0x000d, +0x0011, -0x0019, -0x000a, +0x0015, 
    -0x0019, +0x000e, +0x0003, +0x0000, +0x0002, -0x001c, +0x002b, -0x0034, 
    -0x0039, +0x001b, +0x0011, +0x0031, -0x0003, -0x0001, +0x0053, +0x0007, 
    -0x002d, -0x0015, +0x0025, -0x0006, +0x0001, +0x001e, -0x0010, -0x003e, 
    -0x0001, -0x000c, -0x0007, +0x0032, -0x0004, +0x000c, +0x0017, -0x002c, 
    -0x0007, +0x0001, -0x001a, -0x000e, -0x001f, -0x001b, -0x0013, -0x0041, 
    +0x000b, +0x0007, -0x0015, -0x001b, -0x0006, +0x0004, -0x004b, -0x005c, 
    -0x0048, +0x0018, -0x0047, -0x0022, +0x001e, -0x000b, +0x001b, +0x0020, 
    +0x0009, +0x000f, -0x0020, -0x0003, +0x000c, -0x0018, -0x001b, -0x0003, 
    -0x0030, +0x0059, -0x002a, -0x0001, +0x000c, -0x0010, +0x0006, +0x001c, 
    -0x0004, +0x001a, +0x0001, -0x000a, +0x003d, -0x0003, +0x0045, +0x002c, 
    -0x0026, +0x0034, +0x0057, -0x0016, +0x0019, -0x001b, +0x0010, +0x0032, 
    -0x000a, +0x0023, -0x000a, -0x0013, -0x0005, -0x0013, +0x0002, -0x0022, 
    -0x0010, -0x000a, +0x0004, -0x000a, -0x0014, +0x0008, +0x0003, +0x000c, 
    +0x000f, -0x0020, +0x0010, +0x0023, +0x0020, +0x0002, +0x0001, -0x000e, 
    -0x0004, +0x0024, -0x0021, +0x0029, -0x002e, -0x0033, -0x0005, +0x000b, 
    +0x000d, -0x000e, +0x0015, +0x0057, +0x0031, -0x0026, +0x003e, +0x0026, 
    -0x0011, -0x0006, +0x0002, +0x0015, +0x0001, +0x0010, +0x0014, +0x0028, 
    -0x0006, -0x0008, -0x0019, +0x0025, +0x0035, -0x0019, +0x003e, +0x0003, 
    -0x0021, -0x0026, +0x0015, -0x0006, -0x0004, -0x0001, -0x0053, -0x0003, 
    +0x0009, -0x002d, +0x005e, +0x0048, +0x0012, -0x001f, +0x0020, -0x000c, 
    +0x0002, -0x000b, +0x0017, -0x0020, -0x002a, -0x0010, -0x0056, +0x001d, 
    -0x0018, -0x0020, +0x0045, +0x0044, -0x000f, -0x0011, +0x0045, -0x0003, 
    +0x0018, -0x0015, +0x0023, +0x001d, +0x000d, +0x000d, -0x003a, +0x0001, 
    -0x0027, -0x000b, +0x003c, +0x0032, +0x0031, -0x000c, +0x0017, -0x0037, 
    +0x0007, -0x0026, -0x000f, -0x0048, +0x0008, +0x001b, -0x001b, -0x0036, 
    -0x002f, -0x0012, -0x002d, -0x0001, -0x0019, +0x0021, +0x000d, -0x0003, 
    -0x0019, -0x000d, -0x0030, -0x0039, -0x0003, -0x000a, -0x0003, +0x0028, 
    +0x0014, -0x0015, +0x001c, -0x0012, -0x0004, +0x0011, -0x004a, +0x0014, 
    -0x000b, -0x0008, -0x001f, -0x0052, +0x0001, -0x0016, +0x0039, -0x0015, 
    +0x0006, -0x0022, -0x0034, +0x001a, +0x0013, +0x001f, -0x0052, -0x000e, 
    +0x0047, -0x0012, -0x001d, +0x0023, +0x0044, +0x0007, -0x000d, -0x0023, 
    -0x0053, -0x0010, +0x0005, +0x0003, -0x000f, +0x003e, +0x005f, -0x003e, 
    -0x002e, -0x002d, -0x0016, +0x0034, +0x0011, -0x0019, -0x001d, +0x003d, 
    +0x0029, +0x002a, +0x0059, +0x0034, +0x0023, +0x0012, +0x0009, +0x0029, 
    +0x0025, -0x001e, +0x0002, -0x0002, +0x0000, -0x0014, -0x0008, -0x0009, 
    +0x003a, +0x001b, -0x0059, +0x0013, +0x0019, +0x0017, -0x007f, +0x0003, 
    +0x004a, +0x0002, +0x0025, +0x0029, +0x0040, +0x000a, +0x0007, -0x0030, 
    -0x0008, -0x000c, +0x0059, -0x0007, -0x0014, +0x0011, -0x0014, +0x001b, 
    +0x0017, -0x001a, +0x0023, +0x004c, +0x0026, -0x0007, -0x0008, -0x0015, 
    -0x001c, +0x0008, +0x001b, +0x0023, +0x000b, -0x0006, -0x002f, -0x002e, 
    +0x0001, +0x0001, +0x003e, +0x0024, +0x0015, +0x0009, -0x0033, +0x0008, 
    -0x000b, +0x001c, +0x0006, +0x003a, -0x0011, +0x000d, -0x003e, -0x0019, 
    +0x0034, +0x0013, -0x0016, -0x0018, -0x0011, +0x000e, -0x0030, -0x0016, 
    -0x0041, +0x0011, -0x0026, +0x0007, +0x0017, -0x000a, -0x003f, +0x0046, 
    +0x003d, +0x0001, +0x001e, -0x0035, +0x0015, -0x0035, +0x0014, -0x000c, 
    -0x0001, -0x0011, -0x0003, -0x0019, +0x0038, -0x000b, -0x0037, -0x000c, 
    +0x004b, +0x001b, -0x003c, -0x0006, -0x0006, -0x0060, -0x0008, -0x0049, 
    -0x0033, +0x0026, +0x000a, -0x0002, +0x007f, -0x0014, -0x0061, -0x0006, 
    +0x0053, +0x003a, +0x0038, +0x0002, -0x0015, +0x0008, -0x004f, -0x005d, 
    -0x0047, +0x0032, +0x003e, +0x0032, +0x0007, -0x0034, -0x0001, +0x0014, 
    +0x0026, +0x0011, -0x0009, +0x0005, -0x000c, -0x002a, +0x000c, -0x0020, 
    +0x0010, -0x0009, +0x0016, +0x0020, -0x000e, -0x0017, +0x0013, -0x0012, 
    +0x0007, +0x002d, -0x0009, -0x0009, +0x0033, -0x0010, +0x0007, -0x003b, 
    -0x001a, -0x0016, +0x0009, +0x001c, -0x0013, -0x0011, +0x0000, -0x000e, 
    +0x0021, +0x0003, -0x0007, -0x0025, +0x002c, +0x0033, -0x001a, -0x000d, 
    -0x0074, +0x0020, +0x006a, +0x0018, -0x0024, -0x0020, -0x0009, -0x004c, 
    +0x0042, -0x0024, +0x0012, +0x0026, +0x000b, +0x0018, -0x000f, -0x0010, 
    -0x003a, +0x0015, +0x002b, -0x002b, -0x003c, +0x0000, +0x000a, -0x0034, 
    -0x000b, -0x0028, -0x000c, +0x001c, +0x001f, -0x0014, +0x0004, -0x000e, 
    -0x0051, +0x0010, +0x002f, +0x000d, -0x0016, -0x001d, -0x000c, -0x002f, 
    +0x0006, -0x007f, -0x0010, +0x002b, +0x0015, +0x0008, +0x002c, +0x0036, 
    +0x001c, +0x001f, +0x001d, +0x0005, -0x0028, +0x0016, -0x0003, +0x000e, 
    -0x0020, -0x0053, -0x004e, +0x000d, +0x0038, -0x000d, +0x000c, +0x000f, 
    +0x000a, +0x002b, +0x000e, +0x0031, -0x001c, +0x0016, -0x000c, +0x002c, 
    +0x0013, -0x003c, -0x000b, -0x0009, +0x002d, +0x001a, -0x000e, +0x005a, 
    +0x001e, -0x000e, +0x0029, +0x0003, -0x0030, +0x001c, +0x0027, -0x0014, 
    +0x0044, -0x003c, -0x000c, +0x0005, -0x000d, -0x001a, +0x0006, +0x0014, 
    -0x0040, +0x001b, +0x0041, -0x001f, +0x0000, +0x0004, +0x0040, -0x000e, 
    +0x0043, -0x0027, -0x001c, +0x002d, +0x0003, -0x0036, +0x001d, +0x001e, 
    -0x0035, +0x0003, +0x0007, +0x002c, +0x0064, -0x0007, +0x004e, -0x002d, 
    +0x000a, -0x002e, +0x0004, -0x0020, -0x0015, +0x001f, -0x000a, +0x0002, 
    +0x000c, -0x002a, +0x000f, -0x0005, +0x005c, -0x0012, +0x0038, -0x003e, 
    +0x000d, -0x000d, -0x0025, -0x003a, -0x002a, -0x0029, -0x0011, +0x0015, 
    +0x0035, -0x0013, -0x0033, -0x000f, -0x0029, -0x002d, -0x0060, +0x0006, 
    -0x000e, +0x0012, +0x000a, -0x0010, -0x000a, -0x001b, -0x0002, -0x0011, 
    +0x005e, +0x0009, -0x000d, -0x0006, -0x001f, -0x0008, +0x003e, +0x0039, 
    -0x004d, -0x0021, -0x0036, -0x004a, -0x0004, -0x0017, -0x0015, -0x003d, 
    -0x0008, +0x0013, -0x0045, -0x0013, +0x0017, -0x0033, +0x003b, -0x0009, 
    +0x002b, -0x0010, +0x001a, -0x002a, +0x0024, +0x001d, -0x0007, -0x005a, 
    -0x002f, -0x0038, +0x002f, +0x0034, +0x0019, -0x0005, -0x0026, +0x0007, 
    +0x0007, -0x0002, +0x0014, -0x0009, +0x000e, -0x0001, -0x0002, -0x001c, 
    +0x000b, +0x001e, +0x0028, +0x0009, -0x0019, -0x0009, -0x0016, +0x000e, 
    +0x001a, -0x0008, +0x001f, -0x0003, -0x0036, -0x0002, +0x0018, +0x0016, 
    +0x0005, +0x0001, +0x0020, -0x0021, +0x002d, +0x000f, -0x001b, -0x0002, 
    +0x0029, +0x0000, +0x000f, -0x0018, +0x0020, +0x002c, -0x0059, -0x0020, 
    -0x0018, -0x000c, +0x0014, +0x0001, -0x000e, +0x0016, +0x0007, -0x002a, 
    +0x0029, -0x0017, -0x0012, -0x000b, -0x0026, +0x0017, -0x0039, +0x0018, 
    +0x0010, -0x0018, +0x0031, +0x0019, +0x0007, -0x001c, -0x0013, +0x0005, 
    +0x0023, +0x000d, +0x0036, -0x0019, -0x0011, -0x0050, -0x0028, -0x0030, 
    -0x0003, +0x000f, +0x002d, -0x0015, +0x0036, -0x0012, -0x0039, +0x0027, 
    -0x0009, +0x0034, -0x000b, -0x0036, -0x0012, -0x0011, -0x004e, -0x0018, 
    -0x002b, +0x0007, +0x000c, -0x001d, -0x0016, +0x0017, +0x002c, +0x0008, 
    +0x003a, +0x0041, -0x004f, -0x0018, -0x0043, -0x0015, -0x0002, -0x001d, 
    +0x000d, +0x0009, +0x0010, -0x0019, -0x0036, -0x0004, +0x002f, +0x0008, 
    +0x0001, +0x004b, +0x002f, -0x004a, -0x0045, -0x0028, +0x002d, -0x0030, 
    +0x000d, +0x000e, +0x0030, +0x000c, -0x000b, -0x0030, +0x0013, -0x0025, 
    -0x0011, -0x0021, -0x003d, +0x0017, +0x0021, -0x002a, +0x0016, -0x0006, 
    -0x0010, +0x0006, +0x0038, +0x0000, +0x0004, -0x000d, -0x0005, -0x0024, 
    +0x0011, +0x0000, -0x001d, +0x000a, +0x0019, -0x0009, -0x0021, -0x0004, 
    -0x0009, +0x003e, +0x0018, -0x0027, -0x003a, -0x004c, -0x0026, -0x007f, 
    -0x0036, -0x0018, +0x0011, +0x0004, +0x0001, -0x003c, +0x0025, +0x0000, 
    -0x000e, -0x000b, +0x0009, +0x001b, -0x001c, -0x0021, -0x0010, -0x0002, 
    -0x0019, +0x0000, -0x0001, +0x0021, +0x0008, -0x0022, -0x001a, +0x0029, 
    -0x0012, -0x001d, +0x000f, -0x0006, -0x0034, +0x0010, -0x0002, +0x002c, 
    -0x0015, -0x0007, -0x0013, -0x0006, -0x000b, -0x003b, -0x000f, +0x0009, 
    +0x000b, -0x0015, -0x0004, +0x000c, -0x0002, +0x001e, -0x000d, -0x0011, 
    -0x0020, -0x0013, -0x000e, -0x0022, +0x0027, -0x003f, -0x002d, +0x0031, 
    -0x0017, +0x0005, +0x0039, +0x0009, +0x0036, -0x0006, +0x0020, -0x0006, 
    -0x0055, +0x0015, -0x0034, -0x0010, +0x0045, +0x0029, -0x002d, -0x000c, 
    -0x003d, +0x0020, -0x0031, -0x000e, -0x002c, +0x001e, -0x004e, +0x004c, 
    -0x0028, +0x0016, -0x0031, -0x0004, -0x001b, +0x0019, +0x0020, -0x0029, 
    -0x0024, +0x0049, +0x0010, -0x0005, -0x0044, +0x0014, +0x0014, +0x000f, 
    -0x0032, +0x001c, +0x0026, -0x003d, -0x0005, +0x0034, -0x0019, +0x0001, 
    -0x002f, +0x001b, -0x0024, +0x003b, +0x0028, -0x000b, +0x0076, -0x003d, 
    +0x001a, -0x0014, +0x000f, -0x0012, -0x0004, +0x0005, +0x0003, +0x0024, 
    +0x0027, +0x001c, -0x004b, -0x0023, -0x000a, -0x0005, +0x000f, -0x0033, 
    +0x001a, +0x0012, +0x0015, -0x0019, -0x003f, -0x000b, +0x000a, +0x0021, 
    +0x001d, +0x0011, -0x0029, -0x0039, -0x0018, +0x000d, -0x001b, -0x004c, 
    -0x0008, -0x0007, +0x0007, +0x0022, -0x003c, +0x0014, +0x0017, +0x003d, 
    +0x0027, +0x0009, -0x0052, -0x0018, -0x0017, +0x0009, +0x0026, -0x0049, 
    -0x0005, +0x000d, -0x0012, +0x0002, +0x0018, -0x0013, -0x0006, -0x0019, 
    +0x0032, +0x000e, +0x0026, -0x0008, +0x0010, +0x0004, -0x0018, -0x0015, 
    -0x002d, +0x0023, -0x0034, -0x0023, +0x002b, -0x0022, -0x0008, -0x0002, 
    +0x002b, +0x001b, +0x0051, +0x0013, +0x0002, +0x0019, +0x0040, +0x0048, 
    -0x000d, -0x0011, -0x002a, +0x004d, +0x0028, -0x0013, +0x0006, +0x0021, 
    +0x0016, -0x0001, +0x0040, -0x000c, -0x0002, +0x002d, -0x000c, +0x0008, 
    -0x0024, -0x0020, -0x000c, +0x0001, +0x002c, -0x0014, -0x004e, -0x0009, 
    -0x000c, -0x001c, +0x0013, +0x0010, -0x0016, +0x0015, +0x0017, -0x0019, 
    +0x0003, +0x002a, -0x0062, -0x001f, +0x0041, +0x0006, -0x0003, +0x0043, 
    -0x0019, +0x001d, +0x0021, -0x000c, +0x0008, +0x000f, -0x0033, +0x0070, 
    -0x0010, +0x002a, -0x000c, +0x0032, +0x001f, -0x0022, -0x000b, +0x004d, 
    -0x004c, -0x0001, -0x0003, -0x0009, -0x004b, +0x001b, -0x0029, +0x0061, 
    +0x0006, +0x0019, +0x0043, -0x0051, +0x0021, -0x0024, +0x003e, +0x0032, 
    -0x001c, +0x0018, -0x0004, +0x0024, +0x0039, -0x000a, +0x0052, -0x0010, 
    -0x000f, +0x0052, +0x0045, -0x0031, +0x002f, -0x0006, +0x0042, +0x000d, 
    -0x000f, +0x0021, -0x0026, -0x0014, +0x0027, -0x0013, +0x0034, -0x0001, 
    -0x0014, +0x0029, +0x0019, +0x0029, +0x003d, +0x0014, +0x0038, +0x0006, 
    -0x000e, +0x0003, -0x0008, +0x0024, -0x0001, -0x0026, -0x000d, -0x0033, 
    +0x0011, -0x0001, +0x0003, -0x0037, -0x0005, +0x0023, -0x0046, +0x003b, 
    -0x0006, +0x0008, -0x0043, +0x003a, -0x000b, -0x0015, +0x0016, -0x001e, 
    +0x000c, +0x000d, -0x004f, -0x0031, -0x0030, +0x0008, -0x003d, -0x0017, 
    +0x002f, +0x0013, -0x001f, +0x001f, -0x0007, -0x0001, -0x0022, -0x002d, 
    -0x0008, +0x0014, +0x0003, +0x0005, -0x0035, +0x0028, -0x0006, +0x0006, 
    +0x0000, +0x001a, +0x000e, +0x0029, -0x0004, +0x0024, -0x0007, -0x000a, 
    +0x000c, -0x0011, -0x0013, +0x002d, -0x0006, -0x0009, -0x0007, +0x001e, 
    -0x004c, -0x0027, -0x0025, +0x0004, +0x0009, -0x0010, +0x0029, -0x000c, 
    +0x000c, -0x001c, +0x001c, +0x004d, -0x001a, -0x0023, +0x000a, +0x000c, 
    -0x005d, +0x0005, +0x002d, +0x001b, +0x0025, -0x0031, -0x0017, -0x0018, 
    -0x0014, -0x0031, -0x000a, +0x0026, -0x0018, +0x004d, +0x002a, -0x0004, 
    -0x0047, +0x0024, -0x0035, -0x001c, +0x0034, -0x001a, -0x0024, +0x000a, 
    +0x0016, +0x0020, +0x0017, +0x0014, +0x0011, +0x000a, -0x0025, -0x000a, 
    -0x0022, +0x0002, +0x0060, -0x0012, -0x0027, +0x0024, -0x001d, +0x001f, 
    -0x0019, +0x0004, +0x0036, -0x0053, +0x0000, -0x0032, -0x0030, -0x001a, 
    -0x0028, +0x000b, +0x0054, +0x005b, +0x0007, -0x001f, -0x0001, -0x0017, 
    -0x003d, -0x001f, -0x0009, -0x0037, -0x0013, +0x0001, +0x0019, -0x000f, 
    -0x003d, -0x0004, +0x0014, +0x000e, +0x005e, -0x0008, +0x0002, -0x0023, 
    -0x0003, +0x003c, -0x0002, -0x0033, -0x0026, +0x001f, -0x0017, +0x0006, 
    +0x0009, -0x0036, +0x0026, -0x0019, -0x0039, +0x0013, +0x001c, +0x002f, 
    -0x003b, +0x0000, -0x000a, -0x003f, -0x003b, -0x0008, -0x000c, -0x0001, 
    +0x0022, -0x0019, +0x0035, +0x0016, -0x000f, +0x0012, -0x0014, +0x000b, 
    -0x002e, -0x0008, -0x003a, -0x0014, -0x0016, +0x0013, +0x0029, +0x0016, 
    +0x002c, -0x000b, +0x003a, +0x0001, +0x0051, +0x000b, +0x0012, +0x0005, 
    -0x0029, -0x0002, +0x0022, +0x000d, +0x0007, +0x002b, +0x0003, -0x0001, 
    -0x0008, +0x002f, -0x0007, -0x0006, -0x0037, -0x0030, +0x0026, +0x001e, 
    +0x0001, +0x0029, +0x0004, +0x001c, -0x0010, +0x0011, -0x000c, +0x0027, 
    +0x000b, +0x0032, +0x003d, +0x0002, -0x0012, -0x001e, +0x0044, -0x0015, 
    +0x0046, -0x0001, -0x0004, +0x000a, -0x0016, +0x0001, -0x000b, +0x0069, 
    +0x0023, -0x0029, +0x004a, -0x0026, +0x002c, +0x0002, +0x0043, -0x002c, 
    -0x0027, +0x000f, -0x0008, -0x0027, -0x0017, +0x0009, -0x001d, -0x0006, 
    -0x0020, +0x0016, -0x0037, -0x0017, -0x0027, -0x0015, -0x0012, +0x0005, 
    -0x0010, -0x0006, +0x004d, +0x000e, +0x0007, -0x001d, -0x0004, -0x0026, 
    -0x0004, -0x0015, -0x0052, -0x001b, -0x001f, -0x0002, +0x000d, +0x0008, 
    -0x0027, -0x0016, -0x0044, -0x0003, -0x001e, +0x0010, +0x0001, -0x0001, 
    +0x0005, +0x001f, +0x0024, -0x0022, -0x0011, -0x002c, +0x000e, -0x001b, 
    -0x0007, +0x001b, +0x001d, +0x0017, -0x0026, -0x0018, -0x002d, +0x0004, 
    -0x0022, -0x0007, -0x0003, +0x0006, -0x000c, -0x0014, -0x0045, -0x0025, 
    +0x0015, +0x0009, +0x0022, -0x002b, -0x0033, -0x0020, -0x0011, +0x0007, 
    -0x0015, +0x000c, +0x002f, +0x000d, -0x001b, -0x0015, +0x000b, -0x0008, 
    +0x0035, -0x0004, -0x003b, -0x0025, +0x0000, -0x000a, +0x0015, +0x0026, 
    -0x0015, +0x0030, +0x001d, +0x0004, -0x0010, +0x0022, -0x001f, +0x000f, 
    +0x0017, +0x0003, +0x003e, +0x001f, -0x0030, +0x0010, +0x0018, +0x000d, 
    +0x0020, -0x0029, -0x0013, -0x000a, +0x0007, -0x0021, -0x001c, +0x001e, 
    -0x0001, -0x0009, -0x0032, -0x0009, -0x004d, -0x0002, +0x0029, -0x000f, 
    +0x0011, -0x0020, +0x003b, -0x000d, +0x0002, -0x001f, +0x0045, -0x0006, 
    +0x002d, +0x0004, -0x0050, -0x000e, -0x002a, -0x0010, +0x0006, -0x0009, 
    +0x0005, +0x0005, +0x0005, -0x0002, -0x0005, +0x000d, +0x0037, +0x0036, 
    +0x0022, +0x0040, -0x0006, +0x0010, -0x0008, +0x0004, -0x0053, +0x003e, 
    +0x0024, -0x0029, -0x000b, -0x0009, -0x003e, -0x000e, -0x0014, -0x0029, 
    +0x0014, +0x001b, +0x000e, -0x001b, +0x0010, -0x0012, -0x0026, +0x003c, 
    -0x0023, -0x0037, +0x0006, +0x001b, -0x0003, -0x0058, -0x001b, +0x0008, 
    -0x0014, -0x000d, -0x0017, -0x0017, +0x0015, -0x001a, -0x003e, +0x0039, 
    -0x000d, +0x000c, +0x0015, +0x001f, -0x0028, -0x001c, +0x0025, +0x0015, 
    -0x0004, +0x001c, +0x0006, -0x0006, -0x002c, -0x0006, -0x003c, -0x0005, 
    -0x000a, +0x0018, -0x0017, -0x0008, +0x0009, +0x0014, -0x0003, +0x0005, 
    -0x0022, -0x002e, +0x002a, -0x0019, -0x0001, -0x0014, -0x004c, -0x000c, 
    -0x0018, +0x001a, -0x0049, +0x0009, -0x002b, +0x002e, -0x0024, +0x0014, 
    -0x0032, +0x001c, +0x0000, +0x000b, +0x000c, +0x001b, -0x0037, -0x0017, 
    -0x0004, -0x0001, -0x0053, +0x0039, -0x0007, +0x0048, +0x0033, -0x000d, 
    -0x0007, -0x000c, -0x002f, +0x0010, -0x001a, +0x0018, +0x0024, -0x005d, 
    -0x0019, -0x0014, -0x0031, -0x0003, -0x001e, -0x000e, +0x002e, +0x0073, 
    -0x0008, -0x002b, -0x0010, +0x0036, +0x0006, +0x000a, +0x002b, -0x002d, 
    -0x0014, +0x0015, -0x0009, -0x001f, -0x0047, -0x0015, -0x0001, +0x004a, 
    +0x0000, +0x0008, -0x0042, +0x0001, +0x0000, +0x0004, +0x0035, -0x0023, 
    -0x000f, +0x0018, -0x003c, -0x0030, +0x0020, -0x001f, -0x0007, +0x0025, 
    -0x0023, -0x0001, -0x0004, +0x001c, +0x0034, -0x0041, +0x002a, +0x0009, 
    +0x0039, -0x0003, +0x001c, -0x0015, -0x0001, -0x005c, +0x004a, +0x002a, 
    -0x001a, +0x0022, +0x0000, -0x0013, -0x0009, -0x0027, +0x0019, -0x0002, 
    +0x002d, -0x000d, +0x001a, -0x000d, -0x0007, +0x0002, +0x001a, +0x001c, 
    -0x0026, -0x004e, +0x0004, +0x0018, -0x0050, -0x004b, -0x001a, +0x0025, 
    +0x003d, -0x0016, +0x0037, +0x000c, +0x000d, -0x0031, +0x0007, +0x000e, 
    +0x000c, +0x000d, +0x000e, -0x0005, +0x0009, -0x001c, +0x0039, -0x0051, 
    -0x000b, -0x0003, +0x0011, -0x0004, +0x0002, -0x002d, +0x0025, -0x001e, 
    +0x0013, -0x003b, +0x001d, -0x0016, +0x0034, +0x0051, -0x0019, -0x0061, 
    -0x001a, -0x001b, +0x0009, -0x001b, +0x002d, -0x0002, +0x0015, -0x0026, 
    +0x001a, -0x0021, +0x0001, +0x000d, -0x000d, +0x0030, -0x001b, -0x0026, 
    +0x0016, -0x001f, -0x0007, +0x0011, +0x003e, -0x0022, -0x0023, -0x0011, 
    +0x0013, +0x0021, +0x0013, +0x0002, -0x0036, -0x004e, -0x000b, -0x0029, 
    -0x004c, +0x0024, +0x0019, +0x002a, -0x0016, +0x0022, +0x000f, -0x003a, 
    +0x0023, -0x0010, +0x000b, -0x000f, +0x0006, -0x002d, -0x0004, -0x002f, 
    -0x0007, +0x0028, -0x0027, -0x001b, +0x0019, -0x003a, +0x000d, +0x0001, 
    +0x0050, -0x0024, +0x0015, +0x0026, +0x0044, -0x002b, -0x0049, -0x0030, 
    -0x0004, +0x0015, -0x0019, +0x0014, +0x000f, +0x000c, -0x0009, +0x000a, 
    +0x0011, -0x0033, -0x0007, +0x003d, -0x0018, +0x0066, +0x001e, -0x0012, 
    -0x0013, +0x0029, -0x0023, +0x0009, +0x0017, +0x0014, -0x0038, +0x0003, 
    +0x0023, +0x0024, +0x000e, +0x003d, +0x0013, +0x0025, -0x0003, -0x0001, 
    -0x0003, +0x0008, +0x0004, +0x002f, -0x0006, -0x002e, -0x0027, +0x0001, 
    -0x0007, +0x0037, +0x0024, +0x001c, -0x0017, +0x0013, +0x0006, +0x0006, 
    +0x0011, +0x0036, -0x002f, +0x0020, -0x0030, -0x0030, -0x002e, +0x001f, 
    +0x0011, -0x003c, +0x001b, +0x0005, -0x0005, +0x0021, +0x0042, +0x002a, 
    -0x0014, +0x0013, +0x0019, +0x002b, -0x0004, +0x004b, -0x0007, -0x007f, 
    +0x0012, -0x0039, -0x0006, -0x000b, +0x002c, -0x0021, +0x0007, -0x0004, 
    -0x0028, +0x002c, +0x0060, +0x002e, -0x003a, +0x0043, -0x0003, -0x0062, 
    +0x001e, -0x003a, +0x0000, -0x000e, +0x001b, -0x001e, +0x0018, -0x0002, 
    +0x001b, -0x0015, -0x000b, +0x001e, -0x0052, +0x0036, +0x0008, -0x005c, 
    -0x0032, -0x004d, -0x000a, +0x0016, +0x0021, +0x0003, +0x0026, +0x0026, 
    +0x0011, +0x0040, -0x0014, +0x0010, -0x002b, +0x006b, +0x0006, -0x0028, 
    +0x0000, -0x0050, +0x0006, +0x000a, +0x003f, -0x002b, -0x0006, +0x003b, 
    +0x000f, +0x0011, +0x0036, -0x0004, -0x0005, +0x0034, +0x004b, +0x0012, 
    -0x0033, -0x003b, +0x001e, +0x0008, +0x0056, -0x0026, +0x0010, +0x0015, 
    +0x002b, -0x000e, +0x0004, -0x0006, -0x0003, -0x0002, +0x0031, +0x0008, 
    +0x0031, -0x0020, +0x0009, +0x000a, +0x0062, -0x0039, +0x0018, +0x0002, 
    +0x0042, +0x002a, -0x004b, -0x0036, -0x0038, -0x0046, +0x0001, +0x0018, 
    +0x0047, -0x001e, -0x0003, +0x0016, +0x0036, -0x003c, +0x0016, -0x0006, 
    +0x0025, +0x0019, -0x0038, -0x001a, +0x001b, -0x0008, -0x000d, -0x001e, 
    -0x000f, -0x0017, +0x001f, +0x000c, -0x0005, +0x0011, +0x001d, -0x0014, 
    -0x001e, -0x001a, -0x0064, -0x0036, -0x0002, +0x0018, -0x000c, -0x0027, 
    +0x0008, -0x0002, +0x0009, +0x0027, +0x0043, -0x001c, +0x0009, -0x0002, 
    -0x000a, +0x005a, -0x0039, -0x0028, +0x0017, +0x0032, -0x002b, -0x000c, 
    -0x001a, -0x0054, -0x0002, +0x0013, +0x001b, +0x000b, +0x0050, -0x000c, 
    -0x0023, +0x0015, -0x001d, -0x0013, +0x002e, +0x002f, -0x0002, +0x0005, 
    -0x0028, -0x0008, -0x0032, +0x000c, +0x003e, +0x0025, +0x0015, +0x0003, 
    -0x0010, +0x0017, -0x002c, -0x0014, +0x0019, +0x0033, -0x0005, -0x0009, 
    +0x003f, +0x0019, +0x0012, +0x0000, -0x000f, +0x0030, -0x0009, +0x0015, 
    +0x000c, +0x000d, -0x0046, -0x0030, -0x000e, -0x0012, +0x0000, -0x0027, 
    +0x0006, -0x0004, +0x0031, -0x0022, +0x000a, -0x0001, +0x000d, +0x001f, 
    -0x000b, -0x0006, +0x000f, -0x0016, +0x002d, +0x0012, +0x0000, -0x0029, 
    +0x0035, +0x001e, +0x0023, +0x0014, +0x0001, +0x001d, -0x0015, +0x0001, 
    -0x0025, -0x0002, -0x0012, -0x0016, -0x0018, +0x0026, -0x0001, -0x0001, 
    -0x0018, +0x001e, +0x0059, +0x0002, +0x000a, -0x0007, +0x0037, -0x000f, 
    +0x000e, -0x000e, -0x0007, -0x0015, -0x0023, +0x0010, +0x0001, -0x000f, 
    -0x0032, +0x002a, -0x0002, -0x0020, -0x001b, +0x0012, +0x004f, -0x0019, 
    -0x0016, +0x000a, +0x000f, -0x0015, +0x001c, +0x001f, -0x0007, +0x0009, 
    +0x0003, -0x002c, +0x0039, -0x0013, -0x0008, +0x0024, +0x003f, -0x0021, 
    +0x0007, +0x0000, +0x0008, +0x0019, +0x0002, +0x0042, -0x002b, +0x0018, 
    -0x0018, +0x000f, +0x002d, -0x0011, -0x0017, -0x0025, -0x0019, -0x0003, 
    -0x0021, -0x0032, -0x0022, +0x000f, -0x0040, +0x0000, -0x001c, +0x000b, 
    -0x0046, +0x0023, +0x000c, -0x000c, -0x0044, +0x0029, +0x0021, -0x0001, 
    -0x0010, -0x000b, +0x0027, -0x0002, -0x0060, -0x002a, -0x0004, +0x0005, 
    -0x0011, +0x0019, +0x0015, -0x0020, +0x0011, +0x001a, +0x0013, -0x0005, 
    +0x0046, +0x000f, +0x000e, +0x000c, -0x0044, +0x003d, +0x0026, +0x001a, 
    +0x0049, -0x0008, +0x001f, -0x0006, +0x002b, -0x0027, -0x0014, +0x0001, 
    +0x000f, -0x0032, -0x000d, -0x0028, -0x0006, -0x0028, -0x0007, +0x001d, 
    -0x0034, +0x001d, -0x0009, -0x001f, -0x0002, -0x001f, +0x001f, -0x0013, 
    -0x003e, -0x0001, -0x0008, -0x0028, -0x0002, -0x0030, +0x0005, +0x000b, 
    +0x0009, -0x000b, +0x001b, +0x000c, +0x0005, -0x0022, -0x001f, -0x001b, 
    -0x0015, -0x000a, +0x0020, -0x0015, +0x000b, -0x000f, -0x0001, -0x001c, 
    -0x001f, -0x0021, +0x001b, -0x000b, +0x002c, -0x004b, +0x0018, -0x0020, 
    +0x003b, +0x0001, -0x000b, +0x001c, -0x0009, -0x001a, -0x0033, -0x001e, 
    -0x0020, -0x0017, -0x0031, -0x0023, +0x002d, -0x0038, -0x0012, -0x001b, 
    +0x0011, -0x002e, +0x0009, +0x0016, -0x000c, +0x0011, -0x0004, +0x000c, 
    +0x000e, +0x0010, -0x0021, +0x000b, -0x0016, -0x000c, -0x000c, -0x0010, 
    -0x0023, -0x003c, +0x0024, +0x002d, -0x001b, -0x0002, -0x0041, +0x0021, 
    -0x0047, -0x0006, -0x0032, +0x0006, +0x0026, -0x002a, +0x0036, +0x000f, 
    +0x0003, +0x0008, -0x0015, +0x0001, -0x0001, -0x005c, -0x0011, -0x004b, 
    -0x002f, -0x0003, -0x0023, +0x0015, +0x0013, -0x0039, +0x002f, +0x0007, 
    +0x0024, -0x000e, -0x0041, -0x0010, +0x0037, +0x000e, +0x0026, -0x0026, 
    -0x0023, +0x0056, -0x0059, +0x0018, -0x0041, +0x001f, +0x0020, -0x0003, 
    -0x0018, -0x0015, +0x0009, -0x0009, -0x0009, +0x0007, +0x0039, +0x0004, 
    +0x001e, -0x002e, -0x000e, +0x0007, -0x0018, +0x003f, -0x000a, +0x001c, 
    -0x002c, +0x0021, -0x0022, +0x0027, +0x0007, -0x003f, +0x0007, -0x0019, 
    +0x002f, -0x004a, +0x005a, +0x000d, +0x0016, +0x0024, +0x001b, +0x0016, 
    +0x001d, +0x0024, -0x0022, -0x000b, +0x003b, +0x002b, -0x0011, +0x001c, 
    -0x0014, -0x001a, +0x0016, -0x0022, +0x0001, +0x0043, -0x000d, +0x0024, 
    -0x0046, -0x0016, +0x0008, -0x0012, +0x001a, +0x0021, +0x0008, -0x0001, 
    +0x0029, -0x0018, +0x001a, +0x0025, -0x0021, +0x002e, +0x0014, +0x004f, 
    -0x000c, +0x0028, +0x004f, +0x001f, -0x0011, +0x0005, -0x003a, -0x0004, 
    -0x0013, +0x0006, -0x0058, -0x0004, +0x000d, +0x0021, -0x000f, +0x003c, 
    -0x0009, +0x0025, +0x0011, +0x001a, +0x000f, -0x002b, +0x0027, +0x0010, 
    -0x0043, -0x0004, -0x0047, +0x0002, -0x001f, +0x0004, -0x0016, -0x0020, 
    +0x001f, -0x0025, +0x0008, -0x0017, -0x0039, +0x002d, -0x0002, +0x0016, 
    +0x0009, -0x0036, -0x0016, +0x0000, -0x0056, +0x0015, -0x000c, +0x000d, 
    -0x0022, +0x0016, +0x001b, +0x0001, -0x007c, +0x0017, -0x001f, +0x0013, 
    -0x0011, +0x0011, -0x0011, -0x0010, -0x001b, +0x003c, -0x0003, +0x001c, 
    -0x003e, +0x0008, -0x0004, -0x000d, -0x006f, +0x0011, +0x0013, +0x0006, 
    -0x0034, +0x002a, -0x0025, -0x0012, +0x0000, -0x0015, -0x000e, -0x0027, 
    +0x0035, -0x0005, +0x0037, +0x0007, -0x0076, +0x003a, +0x0014, +0x001d, 
    +0x0037, +0x0027, -0x0016, +0x0001, -0x0001, +0x0019, +0x0012, -0x0008, 
    +0x004f, +0x0012, -0x0019, -0x000b, -0x005d, +0x0011, -0x0024, -0x000e, 
    +0x0005, -0x000f, -0x0005, -0x000b, -0x0017, +0x0018, +0x0025, -0x0033, 
    -0x000c, -0x001d, -0x0042, -0x0003, -0x004d, -0x0015, -0x0011, -0x0002, 
    -0x0035, -0x0004, -0x0011, +0x001d, +0x0019, -0x002d, +0x0040, -0x001d, 
    -0x000d, +0x0015, +0x0033, +0x0005, -0x000e, -0x000a, +0x0017, +0x0014, 
    +0x0062, -0x0063, +0x004e, -0x0007, -0x000e, +0x004a, +0x003f, +0x0015, 
    +0x0028, -0x0033, -0x003f, -0x0002, -0x0024, -0x005e, +0x0000, -0x0030, 
    +0x003c, -0x0027, +0x0057, +0x0002, -0x000e, +0x0001, -0x0007, -0x002a, 
    +0x001d, -0x000c, -0x0064, -0x000a, -0x0010, +0x0015, -0x001a, -0x0026, 
    +0x0020, -0x0060, +0x0052, -0x0015, -0x0023, +0x001f, -0x0017, -0x002c, 
    -0x0032, -0x0029, -0x0018, +0x002a, -0x0028, +0x0039, +0x0051, +0x0036, 
    +0x0035, +0x000c, -0x0011, -0x0027, +0x0007, +0x002f, +0x0019, -0x0003, 
    +0x000d, -0x0014, -0x0011, -0x0014, +0x000f, -0x0024, +0x0003, -0x002f, 
    +0x0010, +0x004b, +0x0026, -0x0004, +0x0010, +0x0014, +0x0010, -0x0011, 
    +0x0043, -0x001b, -0x0010, -0x000a, +0x0009, -0x0016, +0x002f, -0x002a, 
    +0x0032, +0x0032, +0x003a, -0x0002, -0x0023, +0x0004, -0x0012, -0x000f, 
    -0x0008, -0x002c, +0x0022, +0x000f, -0x001b, +0x0040, -0x001d, -0x0005, 
    +0x001e, -0x0009, -0x0030, -0x001e, -0x000d, +0x0000, +0x0000, -0x002f, 
    +0x002e, -0x0032, -0x0009, -0x0010, +0x0054, -0x0032, +0x001a, -0x0020, 
    +0x000f, -0x0020, -0x003c, -0x0031, -0x0006, -0x000c, +0x0023, -0x002f, 
    -0x0018, -0x0028, -0x0024, -0x0027, +0x003c, +0x000a, +0x002d, -0x0041, 
    +0x000e, +0x001e, +0x0002, +0x000b, -0x0011, +0x001d, +0x0020, +0x0000, 
    -0x0057, -0x0018, -0x000a, +0x001b, -0x0014, +0x002c, -0x001a, -0x0028, 
    -0x0008, -0x0013, +0x0016, +0x001d, -0x0013, -0x000d, +0x0036, +0x0004, 
    -0x0015, +0x0013, -0x0011, -0x000e, -0x000c, +0x002b, +0x0016, +0x0009, 
    -0x0008, -0x000c, -0x0035, +0x000f, +0x001d, -0x000f, +0x0027, +0x0016, 
    -0x0046, -0x004d, +0x0019, +0x000d, +0x0012, -0x000e, -0x0018, +0x0012, 
    -0x002a, -0x0005, +0x0021, +0x0008, +0x000e, +0x0016, +0x0005, -0x002a, 
    -0x003c, +0x0011, -0x002f, +0x0006, -0x0006, -0x0016, -0x0021, +0x001f, 
    +0x000e, -0x000e, +0x001a, -0x000f, +0x0039, +0x0040, +0x000d, -0x0010, 
    -0x0033, -0x000e, +0x0016, -0x0026, +0x004b, -0x0029, +0x001c, -0x000f, 
    +0x0028, -0x0031, -0x0009, -0x001c, -0x0015, +0x0030, +0x006b, -0x000d, 
    -0x0037, -0x0050, +0x003f, -0x0018, +0x0078, -0x0057, -0x000a, -0x001d, 
    -0x0033, -0x002a, +0x0022, -0x000c, -0x001f, +0x005d, +0x0014, -0x0011, 
    -0x0043, -0x0006, -0x0020, -0x001f, -0x0016, -0x0041, -0x0036, +0x0026, 
    +0x001f, -0x0034, -0x0023, +0x000a, +0x0049, +0x0008, -0x0029, -0x0008, 
    -0x003b, +0x0013, -0x0014, -0x001d, +0x003b, +0x0045, +0x0023, -0x0041, 
    +0x0061, -0x0039, -0x0005, +0x0018, -0x001c, +0x0002, -0x000d, +0x0018, 
    -0x002f, -0x0029, +0x0014, -0x002a, +0x000a, +0x0012, -0x0006, -0x000b, 
    -0x0005, -0x0031, -0x0014, +0x0004, -0x001a, +0x001a, +0x0020, +0x0016, 
    -0x000c, -0x000d, -0x0007, -0x0015, -0x0012, +0x0008, +0x0010, -0x002b, 
    -0x0065, +0x0006, -0x0007, +0x001e, -0x0010, -0x0023, -0x0010, +0x0013, 
    +0x0005, +0x004b, +0x002c, -0x001b, -0x0029, +0x0004, +0x003f, +0x0021, 
    +0x000c, +0x0015, -0x0039, +0x0005, -0x0014, -0x0049, +0x001a, -0x0004, 
    +0x001f, +0x0010, +0x000e, +0x0027, -0x001a, -0x0021, +0x003d, +0x0012, 
    +0x007a, +0x0004, -0x000d, +0x0011, +0x0019, -0x0017, -0x0002, -0x000e, 
    -0x0001, +0x001b, -0x001d, +0x0017, +0x0006, -0x0037, -0x0024, -0x002b, 
    +0x0007, -0x0045, -0x0023, +0x0010, -0x0051, -0x004e, -0x0019, -0x0027, 
    +0x0027, +0x0013, +0x0006, -0x0008, +0x000f, +0x0008, +0x001a, -0x0003, 
    +0x002d, -0x002b, +0x0014, +0x0008, +0x0036, -0x0046, -0x0042, -0x000e, 
    +0x0032, -0x002c, -0x0029, -0x0001, -0x0019, +0x0025, +0x0051, +0x0027, 
    +0x0041, -0x001a, -0x0020, +0x0012, +0x0045, -0x0019, +0x0018, -0x001e, 
    +0x0025, -0x0002, +0x0008, +0x0025, +0x004e, +0x0036, -0x000a, -0x000e, 
    +0x0055, -0x000c, +0x0010, +0x0017, -0x007f, -0x0055, +0x0050, +0x0010, 
    +0x0021, +0x0022, +0x0009, -0x0006, -0x000a, -0x002d, -0x003e, -0x001a, 
    -0x0030, -0x0020, -0x0034, +0x0020, -0x0005, -0x002e, +0x0001, +0x0010, 
    +0x0036, +0x0007, -0x0039, +0x000e, -0x0035, +0x000e, +0x0008, +0x002c, 
    +0x0032, -0x001b, -0x0032, -0x0002, +0x0030, +0x000b, +0x0042, -0x0005, 
    +0x002c, +0x0041, +0x0046, +0x0017, +0x001a, +0x0001, -0x0035, -0x000e, 
    +0x0002, +0x0048, -0x0022, -0x0003, +0x000a, -0x0034, -0x002f, -0x0001, 
    +0x0002, -0x0004, -0x003a, +0x001e, -0x002a, +0x0023, -0x001e, -0x0017, 
    +0x0037, +0x0031, -0x0025, -0x0011, +0x002c, -0x0027, -0x0020, -0x0019, 
    +0x0013, -0x0018, +0x0018, +0x0011, -0x0041, +0x0073, +0x000a, -0x000f, 
    -0x0007, -0x0003, -0x001e, +0x0006, -0x0004, -0x000e, -0x0027, +0x0005, 
    +0x0019, -0x0008, +0x0011, -0x0004, +0x0004, +0x001b, -0x002f, +0x000c, 
    +0x0029, -0x001a, -0x000c, +0x0021, -0x0047, +0x0033, -0x0026, +0x004c, 
    -0x0003, +0x0002, -0x0007, +0x0012, -0x003a, -0x001d, -0x0014, -0x001a, 
    +0x005d, -0x000f, -0x0017, +0x0023, +0x0003, -0x0015, +0x0006, +0x0031, 
    -0x0001, +0x0036, -0x0011, +0x0015, -0x0028, +0x0041, +0x0025, -0x0008, 
    -0x001f, -0x0034, -0x0015, +0x000d, -0x006b, +0x0004, -0x0017, +0x0020, 
    +0x001b, +0x0008, +0x0037, -0x0012, -0x001c, -0x0019, -0x0038, +0x0018, 
    -0x0032, -0x0022, +0x001e, -0x000a, -0x0043, -0x0022, +0x0003, +0x0001, 
    +0x000f, -0x0003, +0x0011, +0x0000, +0x0013, +0x0055, +0x0003, -0x0020, 
    -0x0065, +0x0041, +0x001c, +0x0001, +0x0015, -0x0026, +0x0015, +0x0017, 
    +0x0027, +0x0019, -0x0010, +0x000f, +0x0015, +0x0051, +0x0028, -0x000f, 
    -0x004e, +0x0006, +0x0007, +0x0010, -0x000d, +0x0012, +0x001b, -0x0010, 
    -0x0033, +0x001e, -0x000a, -0x002e, +0x0029, -0x0001, +0x001e, +0x0015, 
    -0x0011, +0x0038, -0x000a, -0x0003, -0x0022, +0x0021, -0x0019, -0x0012, 
    +0x0003, -0x0005, -0x002d, +0x002f, +0x000c, -0x0028, +0x002f, +0x0004, 
    -0x0013, +0x0028, +0x0011, -0x002d, +0x0004, +0x0011, +0x0020, -0x0013, 
    +0x0028, -0x0036, +0x0006, +0x0002, -0x000f, -0x0001, -0x003b, +0x0028, 
    -0x0026, +0x002d, +0x0012, -0x0018, +0x0008, -0x0010, -0x000f, +0x0007, 
    +0x0014, -0x0021, +0x000a, +0x000a, -0x0015, -0x0032, -0x0035, +0x0019, 
    +0x0039, +0x0010, -0x0002, -0x0013, -0x0018, -0x000d, +0x0009, -0x0021, 
    -0x0020, +0x0049, -0x003c, +0x0011, +0x0001, -0x000b, -0x0007, -0x0047, 
    +0x001e, -0x0039, -0x0013, -0x0030, -0x001a, -0x000f, +0x0020, -0x000f, 
    -0x0010, +0x0041, -0x0029, +0x0005, -0x0021, +0x004c, -0x002c, -0x0015, 
    -0x0005, +0x0040, +0x000e, -0x0017, -0x0006, -0x0009, +0x0001, +0x0001, 
    +0x0037, +0x0037, -0x0032, -0x0028, -0x001a, +0x0021, -0x000b, +0x002e, 
    +0x0052, -0x001e, +0x002d, -0x0013, -0x004c, -0x0023, -0x001a, +0x0018, 
    -0x0044, -0x0017, -0x0028, +0x0022, +0x0003, -0x0014, -0x0013, -0x0002, 
    +0x005d, -0x004f, +0x0010, -0x0019, -0x002b, -0x000f, +0x0002, +0x004f, 
    -0x0007, +0x0004, -0x0024, +0x0017, +0x000f, -0x001e, -0x0020, -0x001b, 
    +0x002e, +0x0023, -0x0009, -0x001a, +0x0021, -0x0035, -0x000d, +0x0038, 
    +0x003c, -0x0017, -0x000d, +0x001d, +0x0001, +0x0009, -0x0033, +0x000e, 
    +0x003c, +0x0056, +0x0009, +0x0016, -0x000b, -0x0030, -0x001a, -0x0003, 
    -0x0009, -0x0001, +0x0010, +0x0003, -0x0002, +0x0041, -0x000f, -0x000f, 
    +0x002f, +0x0010, -0x0019, -0x000a, -0x0023, -0x0077, +0x001c, -0x0029, 
    -0x0021, -0x0027, -0x002d, +0x0000, -0x0018, +0x0014, +0x0008, +0x0013, 
    -0x0001, +0x005c, -0x001c, +0x000a, -0x0030, -0x0065, -0x0008, -0x000a, 
    -0x0008, -0x0027, -0x003e, -0x002a, -0x0019, -0x0004, +0x0001, +0x000d, 
    +0x003b, +0x0033, -0x000e, +0x0008, -0x0015, -0x0024, +0x0016, +0x0014, 
    +0x005a, +0x0007, -0x0015, +0x0010, +0x0004, +0x0040, +0x0016, -0x0001, 
    +0x003a, +0x0030, -0x0001, +0x0011, -0x004b, -0x002e, +0x000a, -0x001d, 
    +0x0012, +0x003d, -0x006c, -0x000b, -0x002f, +0x000b, +0x0013, -0x001a, 
    +0x0027, +0x0004, +0x0012, +0x001b, -0x0028, -0x0021, -0x0003, -0x001c, 
    +0x001c, +0x004b, -0x0015, -0x0022, -0x0007, +0x0015, +0x0016, -0x0020, 
    -0x0036, +0x0047, +0x001d, -0x002b, -0x001c, +0x004d, +0x005b, +0x0023, 
    +0x0040, +0x000a, +0x001a, -0x002b, +0x0011, +0x0000, +0x0002, +0x0005, 
    -0x0029, +0x0026, -0x0011, -0x002b, -0x002b, +0x002a, -0x0029, -0x001b, 
    +0x0053, +0x0051, -0x001a, -0x0015, +0x0010, -0x0021, +0x000e, -0x0028, 
    -0x0002, +0x000c, +0x0002, +0x0031, -0x0029, +0x0037, -0x003a, -0x0034, 
    +0x0062, +0x0027, +0x0009, -0x001c, +0x0010, -0x001c, -0x0030, -0x0029, 
    -0x0060, +0x001c, -0x0008, +0x0012, +0x005f, -0x001d, +0x0000, -0x000c, 
    -0x0051, -0x0027, -0x0038, +0x0049, +0x0010, -0x001b, +0x0049, -0x000c, 
    +0x000e, -0x0015, +0x0000, +0x0027, +0x0047, +0x000b, -0x0019, -0x0011, 
    -0x001a, -0x000a, -0x005e, +0x002f, -0x0006, -0x0018, -0x0015, -0x000c, 
    -0x0016, +0x0044, -0x0019, +0x000c, +0x0009, -0x0009, -0x0011, -0x000a, 
    -0x0011, -0x000a, -0x003a, -0x0008, -0x0003, +0x0026, -0x000f, +0x000f, 
    -0x002c, +0x0002, -0x0041, +0x000a, -0x000b, -0x0021, -0x0001, -0x0016, 
    -0x0050, -0x0017, -0x0015, +0x0007, +0x0020, -0x001a, -0x0008, -0x0011, 
    +0x005a, +0x000a, -0x0013, +0x0021, -0x0012, -0x0044, -0x004a, -0x0007, 
    +0x0003, -0x000e, -0x003e, +0x003d, +0x001f, -0x0038, -0x0003, -0x0016, 
    +0x001a, -0x0015, -0x0001, -0x0001, +0x000f, -0x0025, +0x0010, +0x0011, 
    +0x0034, -0x000d, -0x000d, +0x0011, -0x0020, +0x0023, -0x000a, +0x0018, 
    +0x0062, -0x0037, +0x0010, +0x0016, -0x002d, +0x0008, +0x0000, +0x0007, 
    +0x0020, +0x007f, +0x0043, -0x003c, +0x000d, -0x0039, -0x0059, +0x000d, 
    -0x0008, -0x0024, -0x0020, -0x0004, -0x001c, -0x0018, +0x0014, +0x0041, 
    +0x001d, +0x0061, +0x0000, +0x000e, +0x001d, -0x000b, -0x001e, -0x0008, 
    +0x0010, -0x0007, -0x0004, +0x0019, -0x002b, +0x0009, +0x0006, +0x0009, 
    +0x0058, +0x0062, +0x004e, -0x0026, +0x0013, +0x0022, +0x000a, +0x0014, 
    +0x0005, -0x001d, -0x0049, -0x0010, -0x0024, -0x0043, -0x0021, -0x002e, 
    -0x0018, +0x0009, +0x0042, +0x0005, +0x0056, -0x001e, -0x0017, -0x002a, 
    +0x0026, -0x0018, +0x0024, +0x0002, -0x0018, -0x002b, +0x0003, +0x0010, 
    -0x0018, +0x002e, +0x002a, +0x0007, +0x000c, +0x0014, -0x001c, -0x0005, 
    +0x0008, +0x0027, +0x002a, +0x0033, +0x0022, +0x000a, -0x0008, +0x0004, 
    -0x002b, -0x003b, +0x007f, -0x0002, +0x0014, -0x0014, +0x001c, +0x001b, 
    +0x0015, -0x0019, -0x003d, -0x000e, +0x0004, -0x001a, +0x0010, +0x0010, 
    -0x0001, +0x0039, +0x0060, -0x002b, +0x0017, -0x0049, +0x0016, -0x0012, 
    +0x0020, +0x0003, -0x0035, -0x0008, +0x0000, -0x0002, -0x002b, -0x0010, 
    +0x000d, +0x0028, +0x006b, -0x0026, +0x0028, -0x0052, -0x0018, -0x0031, 
    -0x0026, +0x0008, -0x001b, +0x0018, +0x0027, -0x0017, -0x0010, +0x000a, 
    +0x0002, -0x0003, +0x0070, -0x0025, +0x006c, -0x004b, +0x000e, -0x0002, 
    -0x0009, +0x0055, -0x0009, -0x0018, +0x0052, -0x004c, -0x0007, -0x0008, 
    -0x0021, +0x002d, -0x000c, -0x0018, -0x000f, -0x000b, +0x0031, -0x000d, 
    +0x002e, -0x0011, -0x0037, -0x0023, +0x0028, -0x0017, -0x0012, +0x0019, 
    -0x002e, +0x0031, -0x0044, -0x000e, +0x0017, -0x0013, +0x0020, -0x0009, 
    -0x0024, -0x005f, -0x0013, +0x0024, -0x0006, +0x001a, +0x0054, -0x0030, 
    +0x0000, +0x0038, -0x001e, +0x000d, +0x0049, -0x0006, +0x000c, +0x0026, 
    -0x0020, +0x000c, -0x0003, +0x0013, +0x002e, -0x001a, +0x003d, -0x0004, 
    +0x0011, -0x000e, +0x000a, +0x0004, +0x0019, -0x0015, +0x0005, -0x000e, 
    +0x000d, -0x0008, +0x000b, +0x0007, +0x002c, +0x0002, +0x003b, -0x000c, 
    -0x0019, -0x0030, -0x001f, +0x000c, +0x002f, +0x002f, +0x0016, +0x0003, 
    +0x0030, -0x0043, +0x0009, -0x001d, -0x0006, +0x0040, +0x0019, -0x0032, 
    +0x0016, -0x0022, +0x0004, +0x000f, +0x0025, +0x002d, +0x0027, -0x0012, 
    -0x0027, +0x0005, +0x0016, +0x0013, +0x0023, +0x0042, +0x0026, +0x0029, 
    -0x0003, +0x000e, +0x001b, +0x000a, +0x0022, -0x001a, +0x002a, -0x002a, 
    +0x0009, +0x0034, +0x0017, -0x0016, +0x0000, -0x0002, +0x0059, +0x003f, 
    -0x001f, +0x001f, +0x0006, -0x0001, +0x001c, +0x0043, +0x000a, -0x0024, 
    +0x0027, +0x002a, -0x000f, -0x002b, +0x0023, +0x0012, +0x003b, +0x001f, 
    -0x000e, +0x0006, +0x003d, +0x000f, -0x0004, +0x0015, +0x0020, -0x0029, 
    -0x0010, -0x0002, +0x0024, +0x001b, -0x0022, +0x004f, -0x001b, +0x0044, 
    -0x0008, +0x0016, +0x0020, +0x001a, -0x0022, -0x004d, -0x0015, -0x0012, 
    -0x0040, +0x0004, +0x000d, +0x001d, -0x0017, +0x000c, +0x0000, +0x001c, 
    -0x0008, -0x0028, -0x0001, +0x0011, -0x002d, -0x000f, -0x0036, -0x000d, 
    -0x001c, -0x0017, -0x000a, -0x0001, +0x0022, -0x0001, -0x000f, +0x0016, 
    -0x000a, -0x004d, +0x0033, +0x0025, -0x002e, -0x0020, -0x002e, +0x0013, 
    -0x0036, +0x0003, -0x0047, +0x000b, +0x000f, -0x0023, +0x0017, -0x0031, 
    -0x0030, -0x0017, -0x003d, +0x0033, -0x000b, +0x0035, +0x0022, -0x0028, 
    -0x0013, -0x003c, -0x0079, -0x0005, -0x0026, -0x0016, +0x000e, -0x0039, 
    -0x0038, -0x0033, -0x0025, +0x0014, -0x000d, +0x0018, +0x0013, -0x0018, 
    -0x0017, -0x000d, -0x004e, -0x0003, -0x0030, -0x0036, -0x002b, -0x0005, 
    -0x0008, -0x000f, -0x0041, -0x001f, -0x002f, -0x0029, +0x0012, -0x0028, 
    -0x003f, -0x0039, -0x0039, +0x0021, +0x0013, -0x001f, -0x0008, -0x000e, 
    -0x0016, -0x002c, +0x0010, +0x001d, +0x004f, +0x001d, +0x0001, -0x0020, 
    +0x000c, -0x0005, -0x0041, -0x0008, +0x0019, +0x0022, +0x0000, -0x000a, 
    +0x0005, +0x000a, -0x0039, +0x000b, +0x003d, +0x0012, +0x001b, -0x0016, 
    -0x0044, -0x0008, -0x001b, -0x0003, +0x002f, -0x000f, +0x0005, +0x000a, 
    +0x0015, +0x0034, +0x001e, -0x0018, -0x0005, -0x0039, +0x0011, -0x0001, 
    +0x002a, -0x0058, +0x001b, +0x003b, -0x0026, -0x0012, -0x0005, -0x0004, 
    +0x0025, -0x003b, +0x0045, -0x001e, +0x0008, -0x0006, -0x0025, -0x0022, 
    +0x0028, -0x0019, +0x0055, +0x0017, -0x002f, +0x003f, +0x0015, +0x001b, 
    +0x0003, -0x0024, -0x0011, +0x0002, +0x0000, -0x0009, -0x0006, +0x000e, 
    +0x0014, -0x0035, +0x0059, -0x001c, -0x0035, +0x0013, -0x000c, +0x0018, 
    +0x001d, -0x0007, +0x0023, -0x0019, +0x000d, -0x001a, +0x0004, +0x0006
};
#ifdef __cplusplus
}  // extern "C"
#endif

#ifdef __cplusplus
extern "C" {
#endif
static const int32_t __attribute__((section(".rodata.tvm"), aligned(16))) fused_nn_contrib_dense_pack_constant[10] = {
    -0x00000017, -0x00000028, +0x00000005, +0x00000012, +0x0000000c, -0x00000022, +0x0000002c, -0x0000001c, 
    -0x00000002, +0x0000002e
};
#ifdef __cplusplus
}  // extern "C"
#endif

#ifdef __cplusplus
extern "C" {
#endif
static const int16_t __attribute__((section(".rodata.tvm"), aligned(16))) fused_constant_8[640] = {
    +0x001f, -0x0049, +0x002e, -0x0006, -0x0018, -0x001a, -0x0026, +0x001d, 
    -0x0005, +0x0017, +0x0028, -0x0023, +0x0039, +0x000d, -0x000d, +0x0023, 
    -0x0020, -0x0001, +0x000c, -0x002f, +0x0010, +0x0005, -0x0034, -0x0034, 
    +0x0001, -0x0048, +0x0014, -0x0026, -0x001b, -0x0045, -0x0008, +0x0015, 
    +0x001d, -0x0037, -0x0027, -0x000b, -0x0004, -0x0050, +0x0010, +0x0004, 
    -0x002d, -0x0021, +0x0014, -0x003a, +0x0030, +0x000d, -0x000a, +0x0045, 
    -0x0018, +0x0000, +0x0017, -0x0011, -0x0005, +0x0008, -0x0013, -0x0020, 
    +0x0024, -0x0021, -0x0005, -0x0041, -0x0011, +0x0036, +0x0023, -0x000b, 
    +0x002a, -0x0007, -0x0018, +0x0012, +0x0025, +0x0015, -0x0001, +0x001b, 
    -0x0039, +0x000d, -0x0031, -0x0019, -0x0020, -0x0014, +0x001b, +0x0002, 
    +0x0012, +0x000a, +0x000c, -0x0015, +0x000a, -0x0040, +0x0029, -0x0021, 
    -0x000c, +0x005e, -0x0018, -0x0031, +0x0014, +0x0004, +0x0008, +0x0018, 
    +0x000a, -0x0004, -0x0007, -0x0005, -0x0004, +0x0027, -0x0044, -0x001e, 
    -0x0029, -0x0013, -0x001c, -0x0016, +0x0014, -0x001d, +0x0014, -0x0020, 
    +0x001e, -0x0010, +0x0003, -0x0019, +0x0013, +0x001f, +0x0004, -0x002a, 
    +0x000e, -0x0003, -0x0016, -0x000d, -0x0046, +0x0007, +0x0013, -0x002a, 
    +0x001c, +0x002b, +0x000f, +0x0035, -0x0016, -0x003d, -0x0035, -0x0026, 
    -0x0013, +0x006d, -0x0026, -0x003f, -0x002e, -0x0037, -0x0021, -0x001c, 
    -0x0009, +0x0014, -0x002a, -0x001f, -0x0007, +0x0041, +0x000a, -0x0028, 
    -0x0034, +0x0022, +0x0028, +0x0044, +0x000c, -0x0021, -0x0028, +0x0021, 
    -0x003c, -0x0008, -0x0019, +0x0016, -0x0034, -0x0047, -0x003a, -0x000c, 
    +0x0004, +0x0005, +0x0020, -0x0002, -0x0003, -0x0020, -0x0008, +0x0014, 
    +0x0009, +0x007d, -0x0012, -0x0013, +0x0034, -0x0013, +0x000f, +0x0017, 
    -0x001a, -0x003b, -0x0027, +0x001c, +0x000a, -0x0045, -0x0038, -0x0006, 
    +0x003b, -0x0009, +0x0000, -0x001c, -0x0057, +0x0003, +0x000b, +0x0016, 
    +0x0020, +0x0024, +0x000c, -0x0008, -0x0024, +0x0026, -0x0023, +0x0046, 
    -0x002e, -0x0004, -0x001b, +0x000e, +0x0008, -0x0005, +0x0031, -0x0055, 
    +0x0006, +0x0024, +0x003c, -0x000f, -0x0017, +0x0026, -0x001c, -0x001a, 
    -0x002c, +0x000b, +0x0000, -0x001a, +0x001b, -0x000e, -0x0031, +0x0012, 
    -0x0046, +0x0003, +0x002c, +0x0015, -0x0022, +0x001b, +0x0014, -0x0032, 
    -0x0051, +0x0000, +0x000c, +0x0004, +0x000a, +0x0004, -0x001e, +0x000f, 
    -0x001a, +0x0011, -0x0021, +0x0057, -0x0030, -0x0007, -0x0017, +0x0033, 
    -0x0008, -0x0046, -0x001d, +0x0043, -0x0030, +0x0013, -0x0009, -0x0018, 
    +0x0035, -0x0005, -0x002b, -0x004f, +0x004f, -0x003f, -0x002a, -0x001e, 
    -0x000d, +0x007f, -0x0031, +0x0028, -0x0032, +0x0000, -0x0027, +0x0072, 
    +0x003a, -0x0042, -0x0007, +0x0003, +0x0007, -0x001f, +0x0010, -0x001e, 
    +0x0022, -0x0007, +0x0018, +0x0014, -0x004a, -0x000f, -0x0019, -0x0037, 
    +0x004e, -0x0013, -0x001b, -0x0015, +0x0005, -0x0010, -0x0019, -0x0027, 
    +0x0006, +0x0005, +0x0013, +0x000a, +0x001c, +0x0002, +0x0003, +0x0040, 
    +0x0000, +0x002f, +0x0015, +0x001a, -0x001d, +0x003a, -0x0010, -0x0025, 
    -0x002f, -0x0001, +0x0001, +0x0022, +0x003c, -0x0018, +0x001a, +0x0022, 
    -0x001e, -0x0014, -0x001a, +0x000d, -0x0011, -0x000f, -0x002f, -0x001f, 
    -0x0014, -0x0004, +0x0029, +0x0005, -0x0019, -0x0002, +0x002a, +0x0021, 
    +0x001f, +0x005c, +0x002a, -0x0048, +0x0036, -0x000c, -0x0036, +0x0059, 
    -0x004a, +0x0042, -0x001b, +0x0025, -0x0006, +0x000e, -0x001e, +0x000d, 
    -0x0014, -0x0023, +0x003f, -0x0003, +0x0005, -0x002e, -0x000f, -0x0029, 
    +0x0024, +0x0001, +0x001c, +0x0012, +0x000b, -0x004f, -0x0020, +0x0003, 
    -0x0008, -0x0033, -0x0023, +0x0049, -0x0011, -0x0048, -0x0031, +0x000e, 
    +0x000d, -0x0024, -0x0035, -0x000a, +0x0005, +0x0003, +0x0008, +0x0025, 
    -0x0031, +0x0013, +0x001c, +0x0019, -0x0029, +0x0020, -0x0045, -0x0012, 
    +0x0006, +0x001d, +0x0012, -0x0040, -0x0025, +0x0011, -0x0023, +0x0013, 
    -0x0051, -0x0018, +0x001c, +0x0026, -0x002e, -0x001b, -0x0039, -0x0030, 
    -0x0057, +0x0006, +0x0017, +0x000b, +0x0016, -0x0023, +0x0038, +0x0028, 
    +0x0002, +0x0035, +0x0013, -0x004b, -0x0010, +0x002c, -0x001d, +0x0013, 
    +0x0008, -0x0051, +0x0032, +0x0021, -0x003a, +0x0002, -0x0018, +0x0009, 
    -0x0021, +0x003e, +0x0002, +0x0018, +0x001f, -0x0003, +0x000d, -0x0010, 
    -0x0025, -0x0048, -0x0044, +0x0035, -0x003f, +0x0017, +0x000e, +0x0049, 
    -0x0024, -0x0047, -0x0023, -0x0014, -0x0007, +0x0036, +0x006b, -0x0033, 
    -0x0024, -0x0024, +0x0010, -0x000d, +0x000e, +0x000c, -0x001d, +0x003f, 
    -0x0019, -0x003f, -0x001b, -0x002e, -0x0032, +0x0023, -0x000f, -0x001e, 
    +0x004e, -0x0021, -0x0010, +0x0036, -0x0020, +0x0014, +0x0010, +0x0001, 
    +0x0019, +0x002b, -0x0009, +0x0012, -0x001a, +0x0030, -0x0017, -0x001f, 
    -0x001d, -0x0036, -0x002d, -0x0010, -0x000f, -0x0049, +0x001a, -0x002d, 
    +0x001c, +0x0018, -0x002a, +0x002e, +0x002d, -0x000b, -0x0012, +0x0019, 
    -0x0012, -0x0033, +0x000c, +0x0011, +0x0009, +0x000e, -0x0011, -0x003f, 
    -0x000d, -0x0041, -0x0011, +0x0008, +0x0014, +0x000d, -0x0018, +0x0037, 
    -0x0044, -0x002e, -0x002b, +0x0017, -0x0048, +0x000a, +0x0013, +0x0005, 
    -0x0017, -0x003b, -0x0016, -0x001b, -0x002b, +0x001a, +0x0021, +0x0015, 
    +0x0020, +0x0009, -0x0019, -0x000e, +0x003f, -0x001a, +0x0005, +0x0012, 
    -0x0003, +0x002c, -0x000b, -0x0020, +0x0037, -0x0021, -0x0022, -0x0017, 
    +0x0007, +0x0005, +0x000c, +0x0005, -0x0020, +0x0015, -0x0018, -0x0007, 
    +0x0025, -0x002a, -0x0003, +0x0007, +0x004d, -0x0006, -0x0056, -0x0004, 
    -0x0045, -0x001e, -0x0006, +0x000b, -0x0001, -0x0032, -0x0017, -0x0009, 
    +0x0036, +0x001f, -0x002b, +0x003c, +0x0012, -0x0021, -0x003e, -0x0008, 
    -0x0037, +0x0012, -0x000c, -0x0003, -0x002c, -0x0037, -0x000b, -0x0006, 
    +0x0010, -0x0004, -0x0022, -0x0034, -0x0008, +0x000a, -0x0006, +0x0019, 
    -0x004c, +0x0011, +0x002c, -0x002f, +0x0007, -0x0039, +0x0027, -0x0009, 
    +0x0038, +0x0007, -0x004b, +0x0009, -0x002a, -0x0008, +0x0031, +0x0023, 
    +0x0021, +0x0002, +0x0009, -0x002c, -0x000c, -0x0035, -0x0025, -0x002e, 
    -0x000a, +0x001d, -0x005b, +0x0013, -0x001c, -0x0039, +0x001b, -0x001c
};
#ifdef __cplusplus
}  // extern "C"
#endif
#ifdef __cplusplus
extern "C"
#endif
TVM_DLL int32_t tvmgen_default_fused_cast_subtract(void* args, int32_t* arg_type_ids, int32_t num_args, void* out_ret_value, int32_t* out_ret_tcode, void* resource_handle) {
  int32_t p0_code = arg_type_ids[0];
  int32_t T_subtract_code = arg_type_ids[1];
  void* p0 = (((TVMValue*)args)[0].v_handle);
  void* T_subtract = (((TVMValue*)args)[1].v_handle);
  void* p0_1 = (((DLTensor*)p0)[0].data);
  void* tvmgen_default_fused_cast_subtract_p0_shape = (((DLTensor*)p0)[0].shape);
  void* tvmgen_default_fused_cast_subtract_p0_strides = (((DLTensor*)p0)[0].strides);
  int32_t dev_id = (((DLTensor*)p0)[0].device.device_id);
  void* T_subtract_1 = (((DLTensor*)T_subtract)[0].data);
  void* tvmgen_default_fused_cast_subtract_T_subtract_shape = (((DLTensor*)T_subtract)[0].shape);
  void* tvmgen_default_fused_cast_subtract_T_subtract_strides = (((DLTensor*)T_subtract)[0].strides);
  if (!(tvmgen_default_fused_cast_subtract_p0_strides == NULL)) {
  }
  if (!(tvmgen_default_fused_cast_subtract_T_subtract_strides == NULL)) {
  }
  for (int32_t ax0_ax1_fused_ax2_fused = 0; ax0_ax1_fused_ax2_fused < 128; ++ax0_ax1_fused_ax2_fused) {
    for (int32_t ax3 = 0; ax3 < 32; ++ax3) {
      for (int32_t ax4_inner = 0; ax4_inner < 4; ++ax4_inner) {
        int32_t cse_var_1 = (((ax0_ax1_fused_ax2_fused * 128) + (ax3 * 4)) + ax4_inner);
        ((int16_t*)T_subtract_1)[cse_var_1] = (((int16_t)((int8_t*)p0_1)[cse_var_1]) - (int16_t)-128);
      }
    }
  }
  return 0;
}

#ifdef __cplusplus
extern "C"
#endif
TVM_DLL int32_t tvmgen_default_fused_cast_subtract_fixed_point_multiply_add_nn_contrib_conv2d_NCHWc_add_fixed_p_ec871cedb8ea8ead_(void* args, int32_t* arg_type_ids, int32_t num_args, void* out_ret_value, int32_t* out_ret_tcode, void* resource_handle) {
  int32_t p0_code = arg_type_ids[0];
  int32_t p1_code = arg_type_ids[1];
  int32_t T_subtract_code = arg_type_ids[2];
  void* p0 = (((TVMValue*)args)[0].v_handle);
  void* p1 = (((TVMValue*)args)[1].v_handle);
  void* T_subtract = (((TVMValue*)args)[2].v_handle);
  void* p0_1 = (((DLTensor*)p0)[0].data);
  void* tvmgen_default_fused_cast_subtract_fixed_point_multiply_add_nn_contrib_conv2d_NCHWc_add_fixed_p_ec871cedb8ea8ead__p0_shape = (((DLTensor*)p0)[0].shape);
  void* tvmgen_default_fused_cast_subtract_fixed_point_multiply_add_nn_contrib_conv2d_NCHWc_add_fixed_p_ec871cedb8ea8ead__p0_strides = (((DLTensor*)p0)[0].strides);
  int32_t dev_id = (((DLTensor*)p0)[0].device.device_id);
  void* p1_1 = (((DLTensor*)p1)[0].data);
  void* tvmgen_default_fused_cast_subtract_fixed_point_multiply_add_nn_contrib_conv2d_NCHWc_add_fixed_p_ec871cedb8ea8ead__p1_shape = (((DLTensor*)p1)[0].shape);
  void* tvmgen_default_fused_cast_subtract_fixed_point_multiply_add_nn_contrib_conv2d_NCHWc_add_fixed_p_ec871cedb8ea8ead__p1_strides = (((DLTensor*)p1)[0].strides);
  void* T_subtract_1 = (((DLTensor*)T_subtract)[0].data);
  void* tvmgen_default_fused_cast_subtract_fixed_point_multiply_add_nn_contrib_conv2d_NCHWc_add_fixed_p_ec871cedb8ea8ead__T_subtract_shape = (((DLTensor*)T_subtract)[0].shape);
  void* tvmgen_default_fused_cast_subtract_fixed_point_multiply_add_nn_contrib_conv2d_NCHWc_add_fixed_p_ec871cedb8ea8ead__T_subtract_strides = (((DLTensor*)T_subtract)[0].strides);
  if (!(tvmgen_default_fused_cast_subtract_fixed_point_multiply_add_nn_contrib_conv2d_NCHWc_add_fixed_p_ec871cedb8ea8ead__p0_strides == NULL)) {
  }
  if (!(tvmgen_default_fused_cast_subtract_fixed_point_multiply_add_nn_contrib_conv2d_NCHWc_add_fixed_p_ec871cedb8ea8ead__p1_strides == NULL)) {
  }
  if (!(tvmgen_default_fused_cast_subtract_fixed_point_multiply_add_nn_contrib_conv2d_NCHWc_add_fixed_p_ec871cedb8ea8ead__T_subtract_strides == NULL)) {
  }
  void* data_pad = TVMBackendAllocWorkspace(1, dev_id, (uint64_t)36992, 0, 16);
  if (data_pad == NULL) {
    return -1;
  }
  for (int32_t i0_i1_fused_i2_fused = 0; i0_i1_fused_i2_fused < 136; ++i0_i1_fused_i2_fused) {
    for (int32_t i3 = 0; i3 < 34; ++i3) {
      for (int32_t i4 = 0; i4 < 4; ++i4) {
        int32_t cse_var_2 = (i0_i1_fused_i2_fused % 34);
        int32_t cse_var_1 = (i3 * 4);
        ((int16_t*)data_pad)[(((i0_i1_fused_i2_fused * 136) + cse_var_1) + i4)] = (((((1 <= cse_var_2) && (cse_var_2 < 33)) && (1 <= i3)) && (i3 < 33)) ? ((int16_t*)p1_1)[((((((i0_i1_fused_i2_fused / 34) * 4096) + (cse_var_2 * 128)) + cse_var_1) + i4) - 132)] : (int16_t)0);
      }
    }
  }
  for (int32_t ax0_ax1_fused_ax2_fused = 0; ax0_ax1_fused_ax2_fused < 128; ++ax0_ax1_fused_ax2_fused) {
    int32_t conv2d_NCHWc[128];
    int32_t conv2d_NCHWc_global[64];
    for (int32_t ow_outer = 0; ow_outer < 2; ++ow_outer) {
      for (int32_t oc_block_c_init = 0; oc_block_c_init < 4; ++oc_block_c_init) {
        conv2d_NCHWc_global[oc_block_c_init] = 0;
      }
      for (int32_t oc_block_c_init_1 = 0; oc_block_c_init_1 < 4; ++oc_block_c_init_1) {
        conv2d_NCHWc_global[(oc_block_c_init_1 + 4)] = 0;
      }
      for (int32_t oc_block_c_init_2 = 0; oc_block_c_init_2 < 4; ++oc_block_c_init_2) {
        conv2d_NCHWc_global[(oc_block_c_init_2 + 8)] = 0;
      }
      for (int32_t oc_block_c_init_3 = 0; oc_block_c_init_3 < 4; ++oc_block_c_init_3) {
        conv2d_NCHWc_global[(oc_block_c_init_3 + 12)] = 0;
      }
      for (int32_t oc_block_c_init_4 = 0; oc_block_c_init_4 < 4; ++oc_block_c_init_4) {
        conv2d_NCHWc_global[(oc_block_c_init_4 + 16)] = 0;
      }
      for (int32_t oc_block_c_init_5 = 0; oc_block_c_init_5 < 4; ++oc_block_c_init_5) {
        conv2d_NCHWc_global[(oc_block_c_init_5 + 20)] = 0;
      }
      for (int32_t oc_block_c_init_6 = 0; oc_block_c_init_6 < 4; ++oc_block_c_init_6) {
        conv2d_NCHWc_global[(oc_block_c_init_6 + 24)] = 0;
      }
      for (int32_t oc_block_c_init_7 = 0; oc_block_c_init_7 < 4; ++oc_block_c_init_7) {
        conv2d_NCHWc_global[(oc_block_c_init_7 + 28)] = 0;
      }
      for (int32_t oc_block_c_init_8 = 0; oc_block_c_init_8 < 4; ++oc_block_c_init_8) {
        conv2d_NCHWc_global[(oc_block_c_init_8 + 32)] = 0;
      }
      for (int32_t oc_block_c_init_9 = 0; oc_block_c_init_9 < 4; ++oc_block_c_init_9) {
        conv2d_NCHWc_global[(oc_block_c_init_9 + 36)] = 0;
      }
      for (int32_t oc_block_c_init_10 = 0; oc_block_c_init_10 < 4; ++oc_block_c_init_10) {
        conv2d_NCHWc_global[(oc_block_c_init_10 + 40)] = 0;
      }
      for (int32_t oc_block_c_init_11 = 0; oc_block_c_init_11 < 4; ++oc_block_c_init_11) {
        conv2d_NCHWc_global[(oc_block_c_init_11 + 44)] = 0;
      }
      for (int32_t oc_block_c_init_12 = 0; oc_block_c_init_12 < 4; ++oc_block_c_init_12) {
        conv2d_NCHWc_global[(oc_block_c_init_12 + 48)] = 0;
      }
      for (int32_t oc_block_c_init_13 = 0; oc_block_c_init_13 < 4; ++oc_block_c_init_13) {
        conv2d_NCHWc_global[(oc_block_c_init_13 + 52)] = 0;
      }
      for (int32_t oc_block_c_init_14 = 0; oc_block_c_init_14 < 4; ++oc_block_c_init_14) {
        conv2d_NCHWc_global[(oc_block_c_init_14 + 56)] = 0;
      }
      for (int32_t oc_block_c_init_15 = 0; oc_block_c_init_15 < 4; ++oc_block_c_init_15) {
        conv2d_NCHWc_global[(oc_block_c_init_15 + 60)] = 0;
      }
      for (int32_t ic_outer = 0; ic_outer < 4; ++ic_outer) {
        for (int32_t kh = 0; kh < 3; ++kh) {
          for (int32_t kw = 0; kw < 3; ++kw) {
            for (int32_t ic_inner = 0; ic_inner < 4; ++ic_inner) {
              for (int32_t oc_block_c = 0; oc_block_c < 4; ++oc_block_c) {
                conv2d_NCHWc_global[oc_block_c] = (conv2d_NCHWc_global[oc_block_c] + (((int32_t)((int16_t*)data_pad)[((((((ic_outer * 4624) + (kh * 136)) + ((ax0_ax1_fused_ax2_fused & 31) * 136)) + (ow_outer * 64)) + (kw * 4)) + ic_inner)]) * ((int32_t)((int16_t*)fused_cast_subtract_fixed_point_multiply_add_constant)[(((((((ax0_ax1_fused_ax2_fused >> 5) * 576) + (ic_outer * 144)) + (kh * 48)) + (kw * 16)) + (ic_inner * 4)) + oc_block_c)])));
              }
              for (int32_t oc_block_c_1 = 0; oc_block_c_1 < 4; ++oc_block_c_1) {
                int32_t cse_var_3 = (oc_block_c_1 + 4);
                conv2d_NCHWc_global[cse_var_3] = (conv2d_NCHWc_global[cse_var_3] + (((int32_t)((int16_t*)data_pad)[(((((((ic_outer * 4624) + (kh * 136)) + ((ax0_ax1_fused_ax2_fused & 31) * 136)) + (ow_outer * 64)) + (kw * 4)) + ic_inner) + 4)]) * ((int32_t)((int16_t*)fused_cast_subtract_fixed_point_multiply_add_constant)[(((((((ax0_ax1_fused_ax2_fused >> 5) * 576) + (ic_outer * 144)) + (kh * 48)) + (kw * 16)) + (ic_inner * 4)) + oc_block_c_1)])));
              }
              for (int32_t oc_block_c_2 = 0; oc_block_c_2 < 4; ++oc_block_c_2) {
                int32_t cse_var_4 = (oc_block_c_2 + 8);
                conv2d_NCHWc_global[cse_var_4] = (conv2d_NCHWc_global[cse_var_4] + (((int32_t)((int16_t*)data_pad)[(((((((ic_outer * 4624) + (kh * 136)) + ((ax0_ax1_fused_ax2_fused & 31) * 136)) + (ow_outer * 64)) + (kw * 4)) + ic_inner) + 8)]) * ((int32_t)((int16_t*)fused_cast_subtract_fixed_point_multiply_add_constant)[(((((((ax0_ax1_fused_ax2_fused >> 5) * 576) + (ic_outer * 144)) + (kh * 48)) + (kw * 16)) + (ic_inner * 4)) + oc_block_c_2)])));
              }
              for (int32_t oc_block_c_3 = 0; oc_block_c_3 < 4; ++oc_block_c_3) {
                int32_t cse_var_5 = (oc_block_c_3 + 12);
                conv2d_NCHWc_global[cse_var_5] = (conv2d_NCHWc_global[cse_var_5] + (((int32_t)((int16_t*)data_pad)[(((((((ic_outer * 4624) + (kh * 136)) + ((ax0_ax1_fused_ax2_fused & 31) * 136)) + (ow_outer * 64)) + (kw * 4)) + ic_inner) + 12)]) * ((int32_t)((int16_t*)fused_cast_subtract_fixed_point_multiply_add_constant)[(((((((ax0_ax1_fused_ax2_fused >> 5) * 576) + (ic_outer * 144)) + (kh * 48)) + (kw * 16)) + (ic_inner * 4)) + oc_block_c_3)])));
              }
              for (int32_t oc_block_c_4 = 0; oc_block_c_4 < 4; ++oc_block_c_4) {
                int32_t cse_var_6 = (oc_block_c_4 + 16);
                conv2d_NCHWc_global[cse_var_6] = (conv2d_NCHWc_global[cse_var_6] + (((int32_t)((int16_t*)data_pad)[(((((((ic_outer * 4624) + (kh * 136)) + ((ax0_ax1_fused_ax2_fused & 31) * 136)) + (ow_outer * 64)) + (kw * 4)) + ic_inner) + 16)]) * ((int32_t)((int16_t*)fused_cast_subtract_fixed_point_multiply_add_constant)[(((((((ax0_ax1_fused_ax2_fused >> 5) * 576) + (ic_outer * 144)) + (kh * 48)) + (kw * 16)) + (ic_inner * 4)) + oc_block_c_4)])));
              }
              for (int32_t oc_block_c_5 = 0; oc_block_c_5 < 4; ++oc_block_c_5) {
                int32_t cse_var_7 = (oc_block_c_5 + 20);
                conv2d_NCHWc_global[cse_var_7] = (conv2d_NCHWc_global[cse_var_7] + (((int32_t)((int16_t*)data_pad)[(((((((ic_outer * 4624) + (kh * 136)) + ((ax0_ax1_fused_ax2_fused & 31) * 136)) + (ow_outer * 64)) + (kw * 4)) + ic_inner) + 20)]) * ((int32_t)((int16_t*)fused_cast_subtract_fixed_point_multiply_add_constant)[(((((((ax0_ax1_fused_ax2_fused >> 5) * 576) + (ic_outer * 144)) + (kh * 48)) + (kw * 16)) + (ic_inner * 4)) + oc_block_c_5)])));
              }
              for (int32_t oc_block_c_6 = 0; oc_block_c_6 < 4; ++oc_block_c_6) {
                int32_t cse_var_8 = (oc_block_c_6 + 24);
                conv2d_NCHWc_global[cse_var_8] = (conv2d_NCHWc_global[cse_var_8] + (((int32_t)((int16_t*)data_pad)[(((((((ic_outer * 4624) + (kh * 136)) + ((ax0_ax1_fused_ax2_fused & 31) * 136)) + (ow_outer * 64)) + (kw * 4)) + ic_inner) + 24)]) * ((int32_t)((int16_t*)fused_cast_subtract_fixed_point_multiply_add_constant)[(((((((ax0_ax1_fused_ax2_fused >> 5) * 576) + (ic_outer * 144)) + (kh * 48)) + (kw * 16)) + (ic_inner * 4)) + oc_block_c_6)])));
              }
              for (int32_t oc_block_c_7 = 0; oc_block_c_7 < 4; ++oc_block_c_7) {
                int32_t cse_var_9 = (oc_block_c_7 + 28);
                conv2d_NCHWc_global[cse_var_9] = (conv2d_NCHWc_global[cse_var_9] + (((int32_t)((int16_t*)data_pad)[(((((((ic_outer * 4624) + (kh * 136)) + ((ax0_ax1_fused_ax2_fused & 31) * 136)) + (ow_outer * 64)) + (kw * 4)) + ic_inner) + 28)]) * ((int32_t)((int16_t*)fused_cast_subtract_fixed_point_multiply_add_constant)[(((((((ax0_ax1_fused_ax2_fused >> 5) * 576) + (ic_outer * 144)) + (kh * 48)) + (kw * 16)) + (ic_inner * 4)) + oc_block_c_7)])));
              }
              for (int32_t oc_block_c_8 = 0; oc_block_c_8 < 4; ++oc_block_c_8) {
                int32_t cse_var_10 = (oc_block_c_8 + 32);
                conv2d_NCHWc_global[cse_var_10] = (conv2d_NCHWc_global[cse_var_10] + (((int32_t)((int16_t*)data_pad)[(((((((ic_outer * 4624) + (kh * 136)) + ((ax0_ax1_fused_ax2_fused & 31) * 136)) + (ow_outer * 64)) + (kw * 4)) + ic_inner) + 32)]) * ((int32_t)((int16_t*)fused_cast_subtract_fixed_point_multiply_add_constant)[(((((((ax0_ax1_fused_ax2_fused >> 5) * 576) + (ic_outer * 144)) + (kh * 48)) + (kw * 16)) + (ic_inner * 4)) + oc_block_c_8)])));
              }
              for (int32_t oc_block_c_9 = 0; oc_block_c_9 < 4; ++oc_block_c_9) {
                int32_t cse_var_11 = (oc_block_c_9 + 36);
                conv2d_NCHWc_global[cse_var_11] = (conv2d_NCHWc_global[cse_var_11] + (((int32_t)((int16_t*)data_pad)[(((((((ic_outer * 4624) + (kh * 136)) + ((ax0_ax1_fused_ax2_fused & 31) * 136)) + (ow_outer * 64)) + (kw * 4)) + ic_inner) + 36)]) * ((int32_t)((int16_t*)fused_cast_subtract_fixed_point_multiply_add_constant)[(((((((ax0_ax1_fused_ax2_fused >> 5) * 576) + (ic_outer * 144)) + (kh * 48)) + (kw * 16)) + (ic_inner * 4)) + oc_block_c_9)])));
              }
              for (int32_t oc_block_c_10 = 0; oc_block_c_10 < 4; ++oc_block_c_10) {
                int32_t cse_var_12 = (oc_block_c_10 + 40);
                conv2d_NCHWc_global[cse_var_12] = (conv2d_NCHWc_global[cse_var_12] + (((int32_t)((int16_t*)data_pad)[(((((((ic_outer * 4624) + (kh * 136)) + ((ax0_ax1_fused_ax2_fused & 31) * 136)) + (ow_outer * 64)) + (kw * 4)) + ic_inner) + 40)]) * ((int32_t)((int16_t*)fused_cast_subtract_fixed_point_multiply_add_constant)[(((((((ax0_ax1_fused_ax2_fused >> 5) * 576) + (ic_outer * 144)) + (kh * 48)) + (kw * 16)) + (ic_inner * 4)) + oc_block_c_10)])));
              }
              for (int32_t oc_block_c_11 = 0; oc_block_c_11 < 4; ++oc_block_c_11) {
                int32_t cse_var_13 = (oc_block_c_11 + 44);
                conv2d_NCHWc_global[cse_var_13] = (conv2d_NCHWc_global[cse_var_13] + (((int32_t)((int16_t*)data_pad)[(((((((ic_outer * 4624) + (kh * 136)) + ((ax0_ax1_fused_ax2_fused & 31) * 136)) + (ow_outer * 64)) + (kw * 4)) + ic_inner) + 44)]) * ((int32_t)((int16_t*)fused_cast_subtract_fixed_point_multiply_add_constant)[(((((((ax0_ax1_fused_ax2_fused >> 5) * 576) + (ic_outer * 144)) + (kh * 48)) + (kw * 16)) + (ic_inner * 4)) + oc_block_c_11)])));
              }
              for (int32_t oc_block_c_12 = 0; oc_block_c_12 < 4; ++oc_block_c_12) {
                int32_t cse_var_14 = (oc_block_c_12 + 48);
                conv2d_NCHWc_global[cse_var_14] = (conv2d_NCHWc_global[cse_var_14] + (((int32_t)((int16_t*)data_pad)[(((((((ic_outer * 4624) + (kh * 136)) + ((ax0_ax1_fused_ax2_fused & 31) * 136)) + (ow_outer * 64)) + (kw * 4)) + ic_inner) + 48)]) * ((int32_t)((int16_t*)fused_cast_subtract_fixed_point_multiply_add_constant)[(((((((ax0_ax1_fused_ax2_fused >> 5) * 576) + (ic_outer * 144)) + (kh * 48)) + (kw * 16)) + (ic_inner * 4)) + oc_block_c_12)])));
              }
              for (int32_t oc_block_c_13 = 0; oc_block_c_13 < 4; ++oc_block_c_13) {
                int32_t cse_var_15 = (oc_block_c_13 + 52);
                conv2d_NCHWc_global[cse_var_15] = (conv2d_NCHWc_global[cse_var_15] + (((int32_t)((int16_t*)data_pad)[(((((((ic_outer * 4624) + (kh * 136)) + ((ax0_ax1_fused_ax2_fused & 31) * 136)) + (ow_outer * 64)) + (kw * 4)) + ic_inner) + 52)]) * ((int32_t)((int16_t*)fused_cast_subtract_fixed_point_multiply_add_constant)[(((((((ax0_ax1_fused_ax2_fused >> 5) * 576) + (ic_outer * 144)) + (kh * 48)) + (kw * 16)) + (ic_inner * 4)) + oc_block_c_13)])));
              }
              for (int32_t oc_block_c_14 = 0; oc_block_c_14 < 4; ++oc_block_c_14) {
                int32_t cse_var_16 = (oc_block_c_14 + 56);
                conv2d_NCHWc_global[cse_var_16] = (conv2d_NCHWc_global[cse_var_16] + (((int32_t)((int16_t*)data_pad)[(((((((ic_outer * 4624) + (kh * 136)) + ((ax0_ax1_fused_ax2_fused & 31) * 136)) + (ow_outer * 64)) + (kw * 4)) + ic_inner) + 56)]) * ((int32_t)((int16_t*)fused_cast_subtract_fixed_point_multiply_add_constant)[(((((((ax0_ax1_fused_ax2_fused >> 5) * 576) + (ic_outer * 144)) + (kh * 48)) + (kw * 16)) + (ic_inner * 4)) + oc_block_c_14)])));
              }
              for (int32_t oc_block_c_15 = 0; oc_block_c_15 < 4; ++oc_block_c_15) {
                int32_t cse_var_17 = (oc_block_c_15 + 60);
                conv2d_NCHWc_global[cse_var_17] = (conv2d_NCHWc_global[cse_var_17] + (((int32_t)((int16_t*)data_pad)[(((((((ic_outer * 4624) + (kh * 136)) + ((ax0_ax1_fused_ax2_fused & 31) * 136)) + (ow_outer * 64)) + (kw * 4)) + ic_inner) + 60)]) * ((int32_t)((int16_t*)fused_cast_subtract_fixed_point_multiply_add_constant)[(((((((ax0_ax1_fused_ax2_fused >> 5) * 576) + (ic_outer * 144)) + (kh * 48)) + (kw * 16)) + (ic_inner * 4)) + oc_block_c_15)])));
              }
            }
          }
        }
      }
      for (int32_t ow_inner = 0; ow_inner < 16; ++ow_inner) {
        for (int32_t oc_block = 0; oc_block < 4; ++oc_block) {
          int32_t cse_var_18 = (ow_inner * 4);
          conv2d_NCHWc[(((ow_outer * 64) + cse_var_18) + oc_block)] = conv2d_NCHWc_global[(cse_var_18 + oc_block)];
        }
      }
    }
    for (int32_t ax3_outer = 0; ax3_outer < 2; ++ax3_outer) {
      for (int32_t ax3_inner = 0; ax3_inner < 16; ++ax3_inner) {
        for (int32_t ax4 = 0; ax4 < 4; ++ax4) {
          int32_t cse_var_22 = (ax3_outer * 64);
          int32_t cse_var_21 = (ax3_inner * 4);
          int32_t cse_var_20 = (((ax0_ax1_fused_ax2_fused >> 5) * 4) + ax4);
          int32_t cse_var_19 = ((((ax0_ax1_fused_ax2_fused * 128) + cse_var_22) + cse_var_21) + ax4);
          int32_t v_ = ((int32_t)(((((int64_t)(conv2d_NCHWc[((cse_var_22 + cse_var_21) + ax4)] + ((int32_t*)fused_cast_subtract_fixed_point_multiply_add_nn_contrib_conv2d_NCHWc_constant)[cse_var_20])) * ((int64_t)((int32_t*)fused_cast_subtract_fixed_point_multiply_add_nn_contrib_conv2d_NCHWc_add_constant)[cse_var_20])) + ((int64_t)1 << ((int64_t)((((int32_t*)fused_cast_subtract_fixed_point_multiply_add_nn_contrib_conv2d_NCHWc_add_constant_2)[cse_var_20] + 31) - 1)))) >> ((int64_t)(((int32_t*)fused_cast_subtract_fixed_point_multiply_add_nn_contrib_conv2d_NCHWc_add_constant_2)[cse_var_20] + 31)))) + 4;
          int32_t v__1 = (v_) < (127) ? (v_) : (127);
          int32_t v__2 = (((int32_t)(((((0 != 0) ? (((int64_t)(((int32_t)((int8_t*)p0_1)[cse_var_19]) - ((int32_t*)fused_cast_constant)[0])) << ((int64_t)0)) : ((int64_t)(((int32_t)((int8_t*)p0_1)[cse_var_19]) - ((int32_t*)fused_cast_constant)[0]))) * (int64_t)1660533717) + ((int64_t)1 << ((int64_t)((0 + 31) - 1)))) >> ((int64_t)(0 + 31)))) + ((int32_t)(((((2 != 0) ? (((int64_t)(((v__1) > (-128) ? (v__1) : (-128)) - ((int32_t*)fused_cast_subtract_fixed_point_multiply_add_nn_contrib_conv2d_NCHWc_add_fixed_point_multiply_per_axis_add_clip_constant)[0])) << ((int64_t)2)) : ((int64_t)(((v__1) > (-128) ? (v__1) : (-128)) - ((int32_t*)fused_cast_subtract_fixed_point_multiply_add_nn_contrib_conv2d_NCHWc_add_fixed_point_multiply_per_axis_add_clip_constant)[0]))) * (int64_t)1098017566) + ((int64_t)1 << ((int64_t)((0 + 31) - 1)))) >> ((int64_t)(0 + 31))))) - 128;
          int32_t v__3 = (v__2) < (127) ? (v__2) : (127);
          ((int16_t*)T_subtract_1)[cse_var_19] = (((int16_t)((int8_t)((v__3) > (-128) ? (v__3) : (-128)))) - (int16_t)-128);
        }
      }
    }
  }
  if (TVMBackendFreeWorkspace(1, dev_id, data_pad) != 0) {
    return -1;
  }
  return 0;
}

#ifdef __cplusplus
extern "C"
#endif
TVM_DLL int32_t tvmgen_default_fused_layout_transform_cast_subtract_layout_transform(void* args, int32_t* arg_type_ids, int32_t num_args, void* out_ret_value, int32_t* out_ret_tcode, void* resource_handle) {
  int32_t p0_code = arg_type_ids[0];
  int32_t T_layout_trans_code = arg_type_ids[1];
  void* p0 = (((TVMValue*)args)[0].v_handle);
  void* T_layout_trans = (((TVMValue*)args)[1].v_handle);
  void* p0_1 = (((DLTensor*)p0)[0].data);
  void* tvmgen_default_fused_layout_transform_cast_subtract_layout_transform_p0_shape = (((DLTensor*)p0)[0].shape);
  void* tvmgen_default_fused_layout_transform_cast_subtract_layout_transform_p0_strides = (((DLTensor*)p0)[0].strides);
  int32_t dev_id = (((DLTensor*)p0)[0].device.device_id);
  void* T_layout_trans_1 = (((DLTensor*)T_layout_trans)[0].data);
  void* tvmgen_default_fused_layout_transform_cast_subtract_layout_transform_T_layout_trans_shape = (((DLTensor*)T_layout_trans)[0].shape);
  void* tvmgen_default_fused_layout_transform_cast_subtract_layout_transform_T_layout_trans_strides = (((DLTensor*)T_layout_trans)[0].strides);
  if (!(tvmgen_default_fused_layout_transform_cast_subtract_layout_transform_p0_strides == NULL)) {
  }
  if (!(tvmgen_default_fused_layout_transform_cast_subtract_layout_transform_T_layout_trans_strides == NULL)) {
  }
  for (int32_t ax0_ax1_fused_ax2_fused = 0; ax0_ax1_fused_ax2_fused < 32; ++ax0_ax1_fused_ax2_fused) {
    for (int32_t ax3 = 0; ax3 < 32; ++ax3) {
      for (int32_t ax4_inner = 0; ax4_inner < 3; ++ax4_inner) {
        int32_t cse_var_1 = (((ax0_ax1_fused_ax2_fused * 96) + (ax3 * 3)) + ax4_inner);
        ((int16_t*)T_layout_trans_1)[cse_var_1] = (((int16_t)((int8_t*)p0_1)[cse_var_1]) - (int16_t)-128);
      }
    }
  }
  return 0;
}

#ifdef __cplusplus
extern "C"
#endif
TVM_DLL int32_t tvmgen_default_fused_layout_transform_layout_transform_reshape_cast_subtract(void* args, int32_t* arg_type_ids, int32_t num_args, void* out_ret_value, int32_t* out_ret_tcode, void* resource_handle) {
  int32_t p0_code = arg_type_ids[0];
  int32_t T_subtract_code = arg_type_ids[1];
  void* p0 = (((TVMValue*)args)[0].v_handle);
  void* T_subtract = (((TVMValue*)args)[1].v_handle);
  void* p0_1 = (((DLTensor*)p0)[0].data);
  void* tvmgen_default_fused_layout_transform_layout_transform_reshape_cast_subtract_p0_shape = (((DLTensor*)p0)[0].shape);
  void* tvmgen_default_fused_layout_transform_layout_transform_reshape_cast_subtract_p0_strides = (((DLTensor*)p0)[0].strides);
  int32_t dev_id = (((DLTensor*)p0)[0].device.device_id);
  void* T_subtract_1 = (((DLTensor*)T_subtract)[0].data);
  void* tvmgen_default_fused_layout_transform_layout_transform_reshape_cast_subtract_T_subtract_shape = (((DLTensor*)T_subtract)[0].shape);
  void* tvmgen_default_fused_layout_transform_layout_transform_reshape_cast_subtract_T_subtract_strides = (((DLTensor*)T_subtract)[0].strides);
  if (!(tvmgen_default_fused_layout_transform_layout_transform_reshape_cast_subtract_p0_strides == NULL)) {
  }
  if (!(tvmgen_default_fused_layout_transform_layout_transform_reshape_cast_subtract_T_subtract_strides == NULL)) {
  }
  for (int32_t ax1_outer = 0; ax1_outer < 4; ++ax1_outer) {
    for (int32_t ax1_inner = 0; ax1_inner < 16; ++ax1_inner) {
      int32_t cse_var_1 = ((ax1_outer * 16) + ax1_inner);
      ((int16_t*)T_subtract_1)[cse_var_1] = (((int16_t)((int8_t*)p0_1)[cse_var_1]) - (int16_t)-128);
    }
  }
  return 0;
}

#ifdef __cplusplus
extern "C"
#endif
TVM_DLL int32_t tvmgen_default_fused_nn_avg_pool2d_cast(void* args, int32_t* arg_type_ids, int32_t num_args, void* out_ret_value, int32_t* out_ret_tcode, void* resource_handle) {
  int32_t p0_code = arg_type_ids[0];
  int32_t T_cast_code = arg_type_ids[1];
  void* p0 = (((TVMValue*)args)[0].v_handle);
  void* T_cast = (((TVMValue*)args)[1].v_handle);
  void* p0_1 = (((DLTensor*)p0)[0].data);
  void* tvmgen_default_fused_nn_avg_pool2d_cast_p0_shape = (((DLTensor*)p0)[0].shape);
  void* tvmgen_default_fused_nn_avg_pool2d_cast_p0_strides = (((DLTensor*)p0)[0].strides);
  int32_t dev_id = (((DLTensor*)p0)[0].device.device_id);
  void* T_cast_1 = (((DLTensor*)T_cast)[0].data);
  void* tvmgen_default_fused_nn_avg_pool2d_cast_T_cast_shape = (((DLTensor*)T_cast)[0].shape);
  void* tvmgen_default_fused_nn_avg_pool2d_cast_T_cast_strides = (((DLTensor*)T_cast)[0].strides);
  if (!(tvmgen_default_fused_nn_avg_pool2d_cast_p0_strides == NULL)) {
  }
  if (!(tvmgen_default_fused_nn_avg_pool2d_cast_T_cast_strides == NULL)) {
  }
  int32_t pool_sum[64];
  for (int32_t ax0_ax1_fused_ax2_fused = 0; ax0_ax1_fused_ax2_fused < 16; ++ax0_ax1_fused_ax2_fused) {
    for (int32_t ax4_init = 0; ax4_init < 4; ++ax4_init) {
      pool_sum[((ax0_ax1_fused_ax2_fused * 4) + ax4_init)] = 0;
    }
    for (int32_t rv0_rv1_fused = 0; rv0_rv1_fused < 64; ++rv0_rv1_fused) {
      for (int32_t ax4 = 0; ax4 < 4; ++ax4) {
        int32_t cse_var_1 = ((ax0_ax1_fused_ax2_fused * 4) + ax4);
        pool_sum[cse_var_1] = (pool_sum[cse_var_1] + ((int32_t*)p0_1)[(((ax0_ax1_fused_ax2_fused * 256) + (rv0_rv1_fused * 4)) + ax4)]);
      }
    }
  }
  for (int32_t ax0_ax1_fused = 0; ax0_ax1_fused < 16; ++ax0_ax1_fused) {
    for (int32_t ax4_1 = 0; ax4_1 < 4; ++ax4_1) {
      int32_t cse_var_2 = ((ax0_ax1_fused * 4) + ax4_1);
      ((int8_t*)T_cast_1)[cse_var_2] = ((int8_t)(pool_sum[cse_var_2] / 64));
    }
  }
  return 0;
}

#ifdef __cplusplus
extern "C"
#endif
TVM_DLL int32_t tvmgen_default_fused_nn_contrib_conv2d_NCHWc_add_fixed_point_multiply_per_axis_add_clip_cast(void* args, int32_t* arg_type_ids, int32_t num_args, void* out_ret_value, int32_t* out_ret_tcode, void* resource_handle) {
  int32_t p0_code = arg_type_ids[0];
  int32_t T_cast_code = arg_type_ids[1];
  void* p0 = (((TVMValue*)args)[0].v_handle);
  void* T_cast = (((TVMValue*)args)[1].v_handle);
  void* p0_1 = (((DLTensor*)p0)[0].data);
  void* tvmgen_default_fused_nn_contrib_conv2d_NCHWc_add_fixed_point_multiply_per_axis_add_clip_cast_p0_shape = (((DLTensor*)p0)[0].shape);
  void* tvmgen_default_fused_nn_contrib_conv2d_NCHWc_add_fixed_point_multiply_per_axis_add_clip_cast_p0_strides = (((DLTensor*)p0)[0].strides);
  int32_t dev_id = (((DLTensor*)p0)[0].device.device_id);
  void* T_cast_1 = (((DLTensor*)T_cast)[0].data);
  void* tvmgen_default_fused_nn_contrib_conv2d_NCHWc_add_fixed_point_multiply_per_axis_add_clip_cast_T_cast_shape = (((DLTensor*)T_cast)[0].shape);
  void* tvmgen_default_fused_nn_contrib_conv2d_NCHWc_add_fixed_point_multiply_per_axis_add_clip_cast_T_cast_strides = (((DLTensor*)T_cast)[0].strides);
  if (!(tvmgen_default_fused_nn_contrib_conv2d_NCHWc_add_fixed_point_multiply_per_axis_add_clip_cast_p0_strides == NULL)) {
  }
  if (!(tvmgen_default_fused_nn_contrib_conv2d_NCHWc_add_fixed_point_multiply_per_axis_add_clip_cast_T_cast_strides == NULL)) {
  }
  void* data_pad = TVMBackendAllocWorkspace(1, dev_id, (uint64_t)6936, 0, 16);
  if (data_pad == NULL) {
    return -1;
  }
  for (int32_t i0_i1_fused_i2_fused = 0; i0_i1_fused_i2_fused < 34; ++i0_i1_fused_i2_fused) {
    for (int32_t i3 = 0; i3 < 34; ++i3) {
      for (int32_t i4 = 0; i4 < 3; ++i4) {
        int32_t cse_var_1 = (i3 * 3);
        ((int16_t*)data_pad)[(((i0_i1_fused_i2_fused * 102) + cse_var_1) + i4)] = (((((1 <= i0_i1_fused_i2_fused) && (i0_i1_fused_i2_fused < 33)) && (1 <= i3)) && (i3 < 33)) ? ((int16_t*)p0_1)[((((i0_i1_fused_i2_fused * 96) + cse_var_1) + i4) - 99)] : (int16_t)0);
      }
    }
  }
  for (int32_t ax0_ax1_fused_ax2_fused = 0; ax0_ax1_fused_ax2_fused < 128; ++ax0_ax1_fused_ax2_fused) {
    int32_t conv2d_NCHWc[128];
    int32_t conv2d_NCHWc_global[64];
    for (int32_t ow_outer = 0; ow_outer < 2; ++ow_outer) {
      for (int32_t oc_block_c_init = 0; oc_block_c_init < 4; ++oc_block_c_init) {
        conv2d_NCHWc_global[oc_block_c_init] = 0;
      }
      for (int32_t oc_block_c_init_1 = 0; oc_block_c_init_1 < 4; ++oc_block_c_init_1) {
        conv2d_NCHWc_global[(oc_block_c_init_1 + 4)] = 0;
      }
      for (int32_t oc_block_c_init_2 = 0; oc_block_c_init_2 < 4; ++oc_block_c_init_2) {
        conv2d_NCHWc_global[(oc_block_c_init_2 + 8)] = 0;
      }
      for (int32_t oc_block_c_init_3 = 0; oc_block_c_init_3 < 4; ++oc_block_c_init_3) {
        conv2d_NCHWc_global[(oc_block_c_init_3 + 12)] = 0;
      }
      for (int32_t oc_block_c_init_4 = 0; oc_block_c_init_4 < 4; ++oc_block_c_init_4) {
        conv2d_NCHWc_global[(oc_block_c_init_4 + 16)] = 0;
      }
      for (int32_t oc_block_c_init_5 = 0; oc_block_c_init_5 < 4; ++oc_block_c_init_5) {
        conv2d_NCHWc_global[(oc_block_c_init_5 + 20)] = 0;
      }
      for (int32_t oc_block_c_init_6 = 0; oc_block_c_init_6 < 4; ++oc_block_c_init_6) {
        conv2d_NCHWc_global[(oc_block_c_init_6 + 24)] = 0;
      }
      for (int32_t oc_block_c_init_7 = 0; oc_block_c_init_7 < 4; ++oc_block_c_init_7) {
        conv2d_NCHWc_global[(oc_block_c_init_7 + 28)] = 0;
      }
      for (int32_t oc_block_c_init_8 = 0; oc_block_c_init_8 < 4; ++oc_block_c_init_8) {
        conv2d_NCHWc_global[(oc_block_c_init_8 + 32)] = 0;
      }
      for (int32_t oc_block_c_init_9 = 0; oc_block_c_init_9 < 4; ++oc_block_c_init_9) {
        conv2d_NCHWc_global[(oc_block_c_init_9 + 36)] = 0;
      }
      for (int32_t oc_block_c_init_10 = 0; oc_block_c_init_10 < 4; ++oc_block_c_init_10) {
        conv2d_NCHWc_global[(oc_block_c_init_10 + 40)] = 0;
      }
      for (int32_t oc_block_c_init_11 = 0; oc_block_c_init_11 < 4; ++oc_block_c_init_11) {
        conv2d_NCHWc_global[(oc_block_c_init_11 + 44)] = 0;
      }
      for (int32_t oc_block_c_init_12 = 0; oc_block_c_init_12 < 4; ++oc_block_c_init_12) {
        conv2d_NCHWc_global[(oc_block_c_init_12 + 48)] = 0;
      }
      for (int32_t oc_block_c_init_13 = 0; oc_block_c_init_13 < 4; ++oc_block_c_init_13) {
        conv2d_NCHWc_global[(oc_block_c_init_13 + 52)] = 0;
      }
      for (int32_t oc_block_c_init_14 = 0; oc_block_c_init_14 < 4; ++oc_block_c_init_14) {
        conv2d_NCHWc_global[(oc_block_c_init_14 + 56)] = 0;
      }
      for (int32_t oc_block_c_init_15 = 0; oc_block_c_init_15 < 4; ++oc_block_c_init_15) {
        conv2d_NCHWc_global[(oc_block_c_init_15 + 60)] = 0;
      }
      for (int32_t kh = 0; kh < 3; ++kh) {
        for (int32_t kw = 0; kw < 3; ++kw) {
          for (int32_t ic_inner = 0; ic_inner < 3; ++ic_inner) {
            for (int32_t oc_block_c = 0; oc_block_c < 4; ++oc_block_c) {
              conv2d_NCHWc_global[oc_block_c] = (conv2d_NCHWc_global[oc_block_c] + (((int32_t)((int16_t*)data_pad)[(((((kh * 102) + ((ax0_ax1_fused_ax2_fused & 31) * 102)) + (ow_outer * 48)) + (kw * 3)) + ic_inner)]) * ((int32_t)((int16_t*)fused_constant)[((((((ax0_ax1_fused_ax2_fused >> 5) * 108) + (kh * 36)) + (kw * 12)) + (ic_inner * 4)) + oc_block_c)])));
            }
            for (int32_t oc_block_c_1 = 0; oc_block_c_1 < 4; ++oc_block_c_1) {
              int32_t cse_var_2 = (oc_block_c_1 + 4);
              conv2d_NCHWc_global[cse_var_2] = (conv2d_NCHWc_global[cse_var_2] + (((int32_t)((int16_t*)data_pad)[((((((kh * 102) + ((ax0_ax1_fused_ax2_fused & 31) * 102)) + (ow_outer * 48)) + (kw * 3)) + ic_inner) + 3)]) * ((int32_t)((int16_t*)fused_constant)[((((((ax0_ax1_fused_ax2_fused >> 5) * 108) + (kh * 36)) + (kw * 12)) + (ic_inner * 4)) + oc_block_c_1)])));
            }
            for (int32_t oc_block_c_2 = 0; oc_block_c_2 < 4; ++oc_block_c_2) {
              int32_t cse_var_3 = (oc_block_c_2 + 8);
              conv2d_NCHWc_global[cse_var_3] = (conv2d_NCHWc_global[cse_var_3] + (((int32_t)((int16_t*)data_pad)[((((((kh * 102) + ((ax0_ax1_fused_ax2_fused & 31) * 102)) + (ow_outer * 48)) + (kw * 3)) + ic_inner) + 6)]) * ((int32_t)((int16_t*)fused_constant)[((((((ax0_ax1_fused_ax2_fused >> 5) * 108) + (kh * 36)) + (kw * 12)) + (ic_inner * 4)) + oc_block_c_2)])));
            }
            for (int32_t oc_block_c_3 = 0; oc_block_c_3 < 4; ++oc_block_c_3) {
              int32_t cse_var_4 = (oc_block_c_3 + 12);
              conv2d_NCHWc_global[cse_var_4] = (conv2d_NCHWc_global[cse_var_4] + (((int32_t)((int16_t*)data_pad)[((((((kh * 102) + ((ax0_ax1_fused_ax2_fused & 31) * 102)) + (ow_outer * 48)) + (kw * 3)) + ic_inner) + 9)]) * ((int32_t)((int16_t*)fused_constant)[((((((ax0_ax1_fused_ax2_fused >> 5) * 108) + (kh * 36)) + (kw * 12)) + (ic_inner * 4)) + oc_block_c_3)])));
            }
            for (int32_t oc_block_c_4 = 0; oc_block_c_4 < 4; ++oc_block_c_4) {
              int32_t cse_var_5 = (oc_block_c_4 + 16);
              conv2d_NCHWc_global[cse_var_5] = (conv2d_NCHWc_global[cse_var_5] + (((int32_t)((int16_t*)data_pad)[((((((kh * 102) + ((ax0_ax1_fused_ax2_fused & 31) * 102)) + (ow_outer * 48)) + (kw * 3)) + ic_inner) + 12)]) * ((int32_t)((int16_t*)fused_constant)[((((((ax0_ax1_fused_ax2_fused >> 5) * 108) + (kh * 36)) + (kw * 12)) + (ic_inner * 4)) + oc_block_c_4)])));
            }
            for (int32_t oc_block_c_5 = 0; oc_block_c_5 < 4; ++oc_block_c_5) {
              int32_t cse_var_6 = (oc_block_c_5 + 20);
              conv2d_NCHWc_global[cse_var_6] = (conv2d_NCHWc_global[cse_var_6] + (((int32_t)((int16_t*)data_pad)[((((((kh * 102) + ((ax0_ax1_fused_ax2_fused & 31) * 102)) + (ow_outer * 48)) + (kw * 3)) + ic_inner) + 15)]) * ((int32_t)((int16_t*)fused_constant)[((((((ax0_ax1_fused_ax2_fused >> 5) * 108) + (kh * 36)) + (kw * 12)) + (ic_inner * 4)) + oc_block_c_5)])));
            }
            for (int32_t oc_block_c_6 = 0; oc_block_c_6 < 4; ++oc_block_c_6) {
              int32_t cse_var_7 = (oc_block_c_6 + 24);
              conv2d_NCHWc_global[cse_var_7] = (conv2d_NCHWc_global[cse_var_7] + (((int32_t)((int16_t*)data_pad)[((((((kh * 102) + ((ax0_ax1_fused_ax2_fused & 31) * 102)) + (ow_outer * 48)) + (kw * 3)) + ic_inner) + 18)]) * ((int32_t)((int16_t*)fused_constant)[((((((ax0_ax1_fused_ax2_fused >> 5) * 108) + (kh * 36)) + (kw * 12)) + (ic_inner * 4)) + oc_block_c_6)])));
            }
            for (int32_t oc_block_c_7 = 0; oc_block_c_7 < 4; ++oc_block_c_7) {
              int32_t cse_var_8 = (oc_block_c_7 + 28);
              conv2d_NCHWc_global[cse_var_8] = (conv2d_NCHWc_global[cse_var_8] + (((int32_t)((int16_t*)data_pad)[((((((kh * 102) + ((ax0_ax1_fused_ax2_fused & 31) * 102)) + (ow_outer * 48)) + (kw * 3)) + ic_inner) + 21)]) * ((int32_t)((int16_t*)fused_constant)[((((((ax0_ax1_fused_ax2_fused >> 5) * 108) + (kh * 36)) + (kw * 12)) + (ic_inner * 4)) + oc_block_c_7)])));
            }
            for (int32_t oc_block_c_8 = 0; oc_block_c_8 < 4; ++oc_block_c_8) {
              int32_t cse_var_9 = (oc_block_c_8 + 32);
              conv2d_NCHWc_global[cse_var_9] = (conv2d_NCHWc_global[cse_var_9] + (((int32_t)((int16_t*)data_pad)[((((((kh * 102) + ((ax0_ax1_fused_ax2_fused & 31) * 102)) + (ow_outer * 48)) + (kw * 3)) + ic_inner) + 24)]) * ((int32_t)((int16_t*)fused_constant)[((((((ax0_ax1_fused_ax2_fused >> 5) * 108) + (kh * 36)) + (kw * 12)) + (ic_inner * 4)) + oc_block_c_8)])));
            }
            for (int32_t oc_block_c_9 = 0; oc_block_c_9 < 4; ++oc_block_c_9) {
              int32_t cse_var_10 = (oc_block_c_9 + 36);
              conv2d_NCHWc_global[cse_var_10] = (conv2d_NCHWc_global[cse_var_10] + (((int32_t)((int16_t*)data_pad)[((((((kh * 102) + ((ax0_ax1_fused_ax2_fused & 31) * 102)) + (ow_outer * 48)) + (kw * 3)) + ic_inner) + 27)]) * ((int32_t)((int16_t*)fused_constant)[((((((ax0_ax1_fused_ax2_fused >> 5) * 108) + (kh * 36)) + (kw * 12)) + (ic_inner * 4)) + oc_block_c_9)])));
            }
            for (int32_t oc_block_c_10 = 0; oc_block_c_10 < 4; ++oc_block_c_10) {
              int32_t cse_var_11 = (oc_block_c_10 + 40);
              conv2d_NCHWc_global[cse_var_11] = (conv2d_NCHWc_global[cse_var_11] + (((int32_t)((int16_t*)data_pad)[((((((kh * 102) + ((ax0_ax1_fused_ax2_fused & 31) * 102)) + (ow_outer * 48)) + (kw * 3)) + ic_inner) + 30)]) * ((int32_t)((int16_t*)fused_constant)[((((((ax0_ax1_fused_ax2_fused >> 5) * 108) + (kh * 36)) + (kw * 12)) + (ic_inner * 4)) + oc_block_c_10)])));
            }
            for (int32_t oc_block_c_11 = 0; oc_block_c_11 < 4; ++oc_block_c_11) {
              int32_t cse_var_12 = (oc_block_c_11 + 44);
              conv2d_NCHWc_global[cse_var_12] = (conv2d_NCHWc_global[cse_var_12] + (((int32_t)((int16_t*)data_pad)[((((((kh * 102) + ((ax0_ax1_fused_ax2_fused & 31) * 102)) + (ow_outer * 48)) + (kw * 3)) + ic_inner) + 33)]) * ((int32_t)((int16_t*)fused_constant)[((((((ax0_ax1_fused_ax2_fused >> 5) * 108) + (kh * 36)) + (kw * 12)) + (ic_inner * 4)) + oc_block_c_11)])));
            }
            for (int32_t oc_block_c_12 = 0; oc_block_c_12 < 4; ++oc_block_c_12) {
              int32_t cse_var_13 = (oc_block_c_12 + 48);
              conv2d_NCHWc_global[cse_var_13] = (conv2d_NCHWc_global[cse_var_13] + (((int32_t)((int16_t*)data_pad)[((((((kh * 102) + ((ax0_ax1_fused_ax2_fused & 31) * 102)) + (ow_outer * 48)) + (kw * 3)) + ic_inner) + 36)]) * ((int32_t)((int16_t*)fused_constant)[((((((ax0_ax1_fused_ax2_fused >> 5) * 108) + (kh * 36)) + (kw * 12)) + (ic_inner * 4)) + oc_block_c_12)])));
            }
            for (int32_t oc_block_c_13 = 0; oc_block_c_13 < 4; ++oc_block_c_13) {
              int32_t cse_var_14 = (oc_block_c_13 + 52);
              conv2d_NCHWc_global[cse_var_14] = (conv2d_NCHWc_global[cse_var_14] + (((int32_t)((int16_t*)data_pad)[((((((kh * 102) + ((ax0_ax1_fused_ax2_fused & 31) * 102)) + (ow_outer * 48)) + (kw * 3)) + ic_inner) + 39)]) * ((int32_t)((int16_t*)fused_constant)[((((((ax0_ax1_fused_ax2_fused >> 5) * 108) + (kh * 36)) + (kw * 12)) + (ic_inner * 4)) + oc_block_c_13)])));
            }
            for (int32_t oc_block_c_14 = 0; oc_block_c_14 < 4; ++oc_block_c_14) {
              int32_t cse_var_15 = (oc_block_c_14 + 56);
              conv2d_NCHWc_global[cse_var_15] = (conv2d_NCHWc_global[cse_var_15] + (((int32_t)((int16_t*)data_pad)[((((((kh * 102) + ((ax0_ax1_fused_ax2_fused & 31) * 102)) + (ow_outer * 48)) + (kw * 3)) + ic_inner) + 42)]) * ((int32_t)((int16_t*)fused_constant)[((((((ax0_ax1_fused_ax2_fused >> 5) * 108) + (kh * 36)) + (kw * 12)) + (ic_inner * 4)) + oc_block_c_14)])));
            }
            for (int32_t oc_block_c_15 = 0; oc_block_c_15 < 4; ++oc_block_c_15) {
              int32_t cse_var_16 = (oc_block_c_15 + 60);
              conv2d_NCHWc_global[cse_var_16] = (conv2d_NCHWc_global[cse_var_16] + (((int32_t)((int16_t*)data_pad)[((((((kh * 102) + ((ax0_ax1_fused_ax2_fused & 31) * 102)) + (ow_outer * 48)) + (kw * 3)) + ic_inner) + 45)]) * ((int32_t)((int16_t*)fused_constant)[((((((ax0_ax1_fused_ax2_fused >> 5) * 108) + (kh * 36)) + (kw * 12)) + (ic_inner * 4)) + oc_block_c_15)])));
            }
          }
        }
      }
      for (int32_t ow_inner = 0; ow_inner < 16; ++ow_inner) {
        for (int32_t oc_block = 0; oc_block < 4; ++oc_block) {
          int32_t cse_var_17 = (ow_inner * 4);
          conv2d_NCHWc[(((ow_outer * 64) + cse_var_17) + oc_block)] = conv2d_NCHWc_global[(cse_var_17 + oc_block)];
        }
      }
    }
    for (int32_t ax3_outer = 0; ax3_outer < 2; ++ax3_outer) {
      for (int32_t ax3_inner = 0; ax3_inner < 16; ++ax3_inner) {
        for (int32_t ax4 = 0; ax4 < 4; ++ax4) {
          int32_t cse_var_20 = (ax3_outer * 64);
          int32_t cse_var_19 = (ax3_inner * 4);
          int32_t cse_var_18 = (((ax0_ax1_fused_ax2_fused >> 5) * 4) + ax4);
          int32_t v_ = ((int32_t)(((((int64_t)(conv2d_NCHWc[((cse_var_20 + cse_var_19) + ax4)] + ((int32_t*)fused_nn_contrib_conv2d_NCHWc_constant)[cse_var_18])) * ((int64_t)((int32_t*)fused_nn_contrib_conv2d_NCHWc_add_constant)[cse_var_18])) + ((int64_t)1 << ((int64_t)((((int32_t*)fused_nn_contrib_conv2d_NCHWc_add_constant_2)[cse_var_18] + 31) - 1)))) >> ((int64_t)(((int32_t*)fused_nn_contrib_conv2d_NCHWc_add_constant_2)[cse_var_18] + 31)))) - 128;
          int32_t v__1 = (v_) < (127) ? (v_) : (127);
          ((int8_t*)T_cast_1)[((((ax0_ax1_fused_ax2_fused * 128) + cse_var_20) + cse_var_19) + ax4)] = ((int8_t)((v__1) > (-128) ? (v__1) : (-128)));
        }
      }
    }
  }
  if (TVMBackendFreeWorkspace(1, dev_id, data_pad) != 0) {
    return -1;
  }
  return 0;
}

#ifdef __cplusplus
extern "C"
#endif
TVM_DLL int32_t tvmgen_default_fused_nn_contrib_conv2d_NCHWc_add_fixed_point_multiply_per_axis_add_clip_cast_ca_f68cd3c4a6332098_(void* args, int32_t* arg_type_ids, int32_t num_args, void* out_ret_value, int32_t* out_ret_tcode, void* resource_handle) {
  int32_t p0_code = arg_type_ids[0];
  int32_t T_subtract_code = arg_type_ids[1];
  void* p0 = (((TVMValue*)args)[0].v_handle);
  void* T_subtract = (((TVMValue*)args)[1].v_handle);
  void* p0_1 = (((DLTensor*)p0)[0].data);
  void* tvmgen_default_fused_nn_contrib_conv2d_NCHWc_add_fixed_point_multiply_per_axis_add_clip_cast_ca_f68cd3c4a6332098__p0_shape = (((DLTensor*)p0)[0].shape);
  void* tvmgen_default_fused_nn_contrib_conv2d_NCHWc_add_fixed_point_multiply_per_axis_add_clip_cast_ca_f68cd3c4a6332098__p0_strides = (((DLTensor*)p0)[0].strides);
  int32_t dev_id = (((DLTensor*)p0)[0].device.device_id);
  void* T_subtract_1 = (((DLTensor*)T_subtract)[0].data);
  void* tvmgen_default_fused_nn_contrib_conv2d_NCHWc_add_fixed_point_multiply_per_axis_add_clip_cast_ca_f68cd3c4a6332098__T_subtract_shape = (((DLTensor*)T_subtract)[0].shape);
  void* tvmgen_default_fused_nn_contrib_conv2d_NCHWc_add_fixed_point_multiply_per_axis_add_clip_cast_ca_f68cd3c4a6332098__T_subtract_strides = (((DLTensor*)T_subtract)[0].strides);
  if (!(tvmgen_default_fused_nn_contrib_conv2d_NCHWc_add_fixed_point_multiply_per_axis_add_clip_cast_ca_f68cd3c4a6332098__p0_strides == NULL)) {
  }
  if (!(tvmgen_default_fused_nn_contrib_conv2d_NCHWc_add_fixed_point_multiply_per_axis_add_clip_cast_ca_f68cd3c4a6332098__T_subtract_strides == NULL)) {
  }
  void* data_pad = TVMBackendAllocWorkspace(1, dev_id, (uint64_t)36992, 0, 16);
  if (data_pad == NULL) {
    return -1;
  }
  for (int32_t i0_i1_fused_i2_fused = 0; i0_i1_fused_i2_fused < 136; ++i0_i1_fused_i2_fused) {
    for (int32_t i3 = 0; i3 < 34; ++i3) {
      for (int32_t i4 = 0; i4 < 4; ++i4) {
        int32_t cse_var_2 = (i0_i1_fused_i2_fused % 34);
        int32_t cse_var_1 = (i3 * 4);
        ((int16_t*)data_pad)[(((i0_i1_fused_i2_fused * 136) + cse_var_1) + i4)] = (((((1 <= cse_var_2) && (cse_var_2 < 33)) && (1 <= i3)) && (i3 < 33)) ? ((int16_t*)p0_1)[((((((i0_i1_fused_i2_fused / 34) * 4096) + (cse_var_2 * 128)) + cse_var_1) + i4) - 132)] : (int16_t)0);
      }
    }
  }
  for (int32_t ax0_ax1_fused_ax2_fused = 0; ax0_ax1_fused_ax2_fused < 128; ++ax0_ax1_fused_ax2_fused) {
    int32_t conv2d_NCHWc[128];
    int32_t conv2d_NCHWc_global[64];
    for (int32_t ow_outer = 0; ow_outer < 2; ++ow_outer) {
      for (int32_t oc_block_c_init = 0; oc_block_c_init < 4; ++oc_block_c_init) {
        conv2d_NCHWc_global[oc_block_c_init] = 0;
      }
      for (int32_t oc_block_c_init_1 = 0; oc_block_c_init_1 < 4; ++oc_block_c_init_1) {
        conv2d_NCHWc_global[(oc_block_c_init_1 + 4)] = 0;
      }
      for (int32_t oc_block_c_init_2 = 0; oc_block_c_init_2 < 4; ++oc_block_c_init_2) {
        conv2d_NCHWc_global[(oc_block_c_init_2 + 8)] = 0;
      }
      for (int32_t oc_block_c_init_3 = 0; oc_block_c_init_3 < 4; ++oc_block_c_init_3) {
        conv2d_NCHWc_global[(oc_block_c_init_3 + 12)] = 0;
      }
      for (int32_t oc_block_c_init_4 = 0; oc_block_c_init_4 < 4; ++oc_block_c_init_4) {
        conv2d_NCHWc_global[(oc_block_c_init_4 + 16)] = 0;
      }
      for (int32_t oc_block_c_init_5 = 0; oc_block_c_init_5 < 4; ++oc_block_c_init_5) {
        conv2d_NCHWc_global[(oc_block_c_init_5 + 20)] = 0;
      }
      for (int32_t oc_block_c_init_6 = 0; oc_block_c_init_6 < 4; ++oc_block_c_init_6) {
        conv2d_NCHWc_global[(oc_block_c_init_6 + 24)] = 0;
      }
      for (int32_t oc_block_c_init_7 = 0; oc_block_c_init_7 < 4; ++oc_block_c_init_7) {
        conv2d_NCHWc_global[(oc_block_c_init_7 + 28)] = 0;
      }
      for (int32_t oc_block_c_init_8 = 0; oc_block_c_init_8 < 4; ++oc_block_c_init_8) {
        conv2d_NCHWc_global[(oc_block_c_init_8 + 32)] = 0;
      }
      for (int32_t oc_block_c_init_9 = 0; oc_block_c_init_9 < 4; ++oc_block_c_init_9) {
        conv2d_NCHWc_global[(oc_block_c_init_9 + 36)] = 0;
      }
      for (int32_t oc_block_c_init_10 = 0; oc_block_c_init_10 < 4; ++oc_block_c_init_10) {
        conv2d_NCHWc_global[(oc_block_c_init_10 + 40)] = 0;
      }
      for (int32_t oc_block_c_init_11 = 0; oc_block_c_init_11 < 4; ++oc_block_c_init_11) {
        conv2d_NCHWc_global[(oc_block_c_init_11 + 44)] = 0;
      }
      for (int32_t oc_block_c_init_12 = 0; oc_block_c_init_12 < 4; ++oc_block_c_init_12) {
        conv2d_NCHWc_global[(oc_block_c_init_12 + 48)] = 0;
      }
      for (int32_t oc_block_c_init_13 = 0; oc_block_c_init_13 < 4; ++oc_block_c_init_13) {
        conv2d_NCHWc_global[(oc_block_c_init_13 + 52)] = 0;
      }
      for (int32_t oc_block_c_init_14 = 0; oc_block_c_init_14 < 4; ++oc_block_c_init_14) {
        conv2d_NCHWc_global[(oc_block_c_init_14 + 56)] = 0;
      }
      for (int32_t oc_block_c_init_15 = 0; oc_block_c_init_15 < 4; ++oc_block_c_init_15) {
        conv2d_NCHWc_global[(oc_block_c_init_15 + 60)] = 0;
      }
      for (int32_t ic_outer = 0; ic_outer < 4; ++ic_outer) {
        for (int32_t kh = 0; kh < 3; ++kh) {
          for (int32_t kw = 0; kw < 3; ++kw) {
            for (int32_t ic_inner = 0; ic_inner < 4; ++ic_inner) {
              for (int32_t oc_block_c = 0; oc_block_c < 4; ++oc_block_c) {
                conv2d_NCHWc_global[oc_block_c] = (conv2d_NCHWc_global[oc_block_c] + (((int32_t)((int16_t*)data_pad)[((((((ic_outer * 4624) + (kh * 136)) + ((ax0_ax1_fused_ax2_fused & 31) * 136)) + (ow_outer * 64)) + (kw * 4)) + ic_inner)]) * ((int32_t)((int16_t*)fused_constant_1)[(((((((ax0_ax1_fused_ax2_fused >> 5) * 576) + (ic_outer * 144)) + (kh * 48)) + (kw * 16)) + (ic_inner * 4)) + oc_block_c)])));
              }
              for (int32_t oc_block_c_1 = 0; oc_block_c_1 < 4; ++oc_block_c_1) {
                int32_t cse_var_3 = (oc_block_c_1 + 4);
                conv2d_NCHWc_global[cse_var_3] = (conv2d_NCHWc_global[cse_var_3] + (((int32_t)((int16_t*)data_pad)[(((((((ic_outer * 4624) + (kh * 136)) + ((ax0_ax1_fused_ax2_fused & 31) * 136)) + (ow_outer * 64)) + (kw * 4)) + ic_inner) + 4)]) * ((int32_t)((int16_t*)fused_constant_1)[(((((((ax0_ax1_fused_ax2_fused >> 5) * 576) + (ic_outer * 144)) + (kh * 48)) + (kw * 16)) + (ic_inner * 4)) + oc_block_c_1)])));
              }
              for (int32_t oc_block_c_2 = 0; oc_block_c_2 < 4; ++oc_block_c_2) {
                int32_t cse_var_4 = (oc_block_c_2 + 8);
                conv2d_NCHWc_global[cse_var_4] = (conv2d_NCHWc_global[cse_var_4] + (((int32_t)((int16_t*)data_pad)[(((((((ic_outer * 4624) + (kh * 136)) + ((ax0_ax1_fused_ax2_fused & 31) * 136)) + (ow_outer * 64)) + (kw * 4)) + ic_inner) + 8)]) * ((int32_t)((int16_t*)fused_constant_1)[(((((((ax0_ax1_fused_ax2_fused >> 5) * 576) + (ic_outer * 144)) + (kh * 48)) + (kw * 16)) + (ic_inner * 4)) + oc_block_c_2)])));
              }
              for (int32_t oc_block_c_3 = 0; oc_block_c_3 < 4; ++oc_block_c_3) {
                int32_t cse_var_5 = (oc_block_c_3 + 12);
                conv2d_NCHWc_global[cse_var_5] = (conv2d_NCHWc_global[cse_var_5] + (((int32_t)((int16_t*)data_pad)[(((((((ic_outer * 4624) + (kh * 136)) + ((ax0_ax1_fused_ax2_fused & 31) * 136)) + (ow_outer * 64)) + (kw * 4)) + ic_inner) + 12)]) * ((int32_t)((int16_t*)fused_constant_1)[(((((((ax0_ax1_fused_ax2_fused >> 5) * 576) + (ic_outer * 144)) + (kh * 48)) + (kw * 16)) + (ic_inner * 4)) + oc_block_c_3)])));
              }
              for (int32_t oc_block_c_4 = 0; oc_block_c_4 < 4; ++oc_block_c_4) {
                int32_t cse_var_6 = (oc_block_c_4 + 16);
                conv2d_NCHWc_global[cse_var_6] = (conv2d_NCHWc_global[cse_var_6] + (((int32_t)((int16_t*)data_pad)[(((((((ic_outer * 4624) + (kh * 136)) + ((ax0_ax1_fused_ax2_fused & 31) * 136)) + (ow_outer * 64)) + (kw * 4)) + ic_inner) + 16)]) * ((int32_t)((int16_t*)fused_constant_1)[(((((((ax0_ax1_fused_ax2_fused >> 5) * 576) + (ic_outer * 144)) + (kh * 48)) + (kw * 16)) + (ic_inner * 4)) + oc_block_c_4)])));
              }
              for (int32_t oc_block_c_5 = 0; oc_block_c_5 < 4; ++oc_block_c_5) {
                int32_t cse_var_7 = (oc_block_c_5 + 20);
                conv2d_NCHWc_global[cse_var_7] = (conv2d_NCHWc_global[cse_var_7] + (((int32_t)((int16_t*)data_pad)[(((((((ic_outer * 4624) + (kh * 136)) + ((ax0_ax1_fused_ax2_fused & 31) * 136)) + (ow_outer * 64)) + (kw * 4)) + ic_inner) + 20)]) * ((int32_t)((int16_t*)fused_constant_1)[(((((((ax0_ax1_fused_ax2_fused >> 5) * 576) + (ic_outer * 144)) + (kh * 48)) + (kw * 16)) + (ic_inner * 4)) + oc_block_c_5)])));
              }
              for (int32_t oc_block_c_6 = 0; oc_block_c_6 < 4; ++oc_block_c_6) {
                int32_t cse_var_8 = (oc_block_c_6 + 24);
                conv2d_NCHWc_global[cse_var_8] = (conv2d_NCHWc_global[cse_var_8] + (((int32_t)((int16_t*)data_pad)[(((((((ic_outer * 4624) + (kh * 136)) + ((ax0_ax1_fused_ax2_fused & 31) * 136)) + (ow_outer * 64)) + (kw * 4)) + ic_inner) + 24)]) * ((int32_t)((int16_t*)fused_constant_1)[(((((((ax0_ax1_fused_ax2_fused >> 5) * 576) + (ic_outer * 144)) + (kh * 48)) + (kw * 16)) + (ic_inner * 4)) + oc_block_c_6)])));
              }
              for (int32_t oc_block_c_7 = 0; oc_block_c_7 < 4; ++oc_block_c_7) {
                int32_t cse_var_9 = (oc_block_c_7 + 28);
                conv2d_NCHWc_global[cse_var_9] = (conv2d_NCHWc_global[cse_var_9] + (((int32_t)((int16_t*)data_pad)[(((((((ic_outer * 4624) + (kh * 136)) + ((ax0_ax1_fused_ax2_fused & 31) * 136)) + (ow_outer * 64)) + (kw * 4)) + ic_inner) + 28)]) * ((int32_t)((int16_t*)fused_constant_1)[(((((((ax0_ax1_fused_ax2_fused >> 5) * 576) + (ic_outer * 144)) + (kh * 48)) + (kw * 16)) + (ic_inner * 4)) + oc_block_c_7)])));
              }
              for (int32_t oc_block_c_8 = 0; oc_block_c_8 < 4; ++oc_block_c_8) {
                int32_t cse_var_10 = (oc_block_c_8 + 32);
                conv2d_NCHWc_global[cse_var_10] = (conv2d_NCHWc_global[cse_var_10] + (((int32_t)((int16_t*)data_pad)[(((((((ic_outer * 4624) + (kh * 136)) + ((ax0_ax1_fused_ax2_fused & 31) * 136)) + (ow_outer * 64)) + (kw * 4)) + ic_inner) + 32)]) * ((int32_t)((int16_t*)fused_constant_1)[(((((((ax0_ax1_fused_ax2_fused >> 5) * 576) + (ic_outer * 144)) + (kh * 48)) + (kw * 16)) + (ic_inner * 4)) + oc_block_c_8)])));
              }
              for (int32_t oc_block_c_9 = 0; oc_block_c_9 < 4; ++oc_block_c_9) {
                int32_t cse_var_11 = (oc_block_c_9 + 36);
                conv2d_NCHWc_global[cse_var_11] = (conv2d_NCHWc_global[cse_var_11] + (((int32_t)((int16_t*)data_pad)[(((((((ic_outer * 4624) + (kh * 136)) + ((ax0_ax1_fused_ax2_fused & 31) * 136)) + (ow_outer * 64)) + (kw * 4)) + ic_inner) + 36)]) * ((int32_t)((int16_t*)fused_constant_1)[(((((((ax0_ax1_fused_ax2_fused >> 5) * 576) + (ic_outer * 144)) + (kh * 48)) + (kw * 16)) + (ic_inner * 4)) + oc_block_c_9)])));
              }
              for (int32_t oc_block_c_10 = 0; oc_block_c_10 < 4; ++oc_block_c_10) {
                int32_t cse_var_12 = (oc_block_c_10 + 40);
                conv2d_NCHWc_global[cse_var_12] = (conv2d_NCHWc_global[cse_var_12] + (((int32_t)((int16_t*)data_pad)[(((((((ic_outer * 4624) + (kh * 136)) + ((ax0_ax1_fused_ax2_fused & 31) * 136)) + (ow_outer * 64)) + (kw * 4)) + ic_inner) + 40)]) * ((int32_t)((int16_t*)fused_constant_1)[(((((((ax0_ax1_fused_ax2_fused >> 5) * 576) + (ic_outer * 144)) + (kh * 48)) + (kw * 16)) + (ic_inner * 4)) + oc_block_c_10)])));
              }
              for (int32_t oc_block_c_11 = 0; oc_block_c_11 < 4; ++oc_block_c_11) {
                int32_t cse_var_13 = (oc_block_c_11 + 44);
                conv2d_NCHWc_global[cse_var_13] = (conv2d_NCHWc_global[cse_var_13] + (((int32_t)((int16_t*)data_pad)[(((((((ic_outer * 4624) + (kh * 136)) + ((ax0_ax1_fused_ax2_fused & 31) * 136)) + (ow_outer * 64)) + (kw * 4)) + ic_inner) + 44)]) * ((int32_t)((int16_t*)fused_constant_1)[(((((((ax0_ax1_fused_ax2_fused >> 5) * 576) + (ic_outer * 144)) + (kh * 48)) + (kw * 16)) + (ic_inner * 4)) + oc_block_c_11)])));
              }
              for (int32_t oc_block_c_12 = 0; oc_block_c_12 < 4; ++oc_block_c_12) {
                int32_t cse_var_14 = (oc_block_c_12 + 48);
                conv2d_NCHWc_global[cse_var_14] = (conv2d_NCHWc_global[cse_var_14] + (((int32_t)((int16_t*)data_pad)[(((((((ic_outer * 4624) + (kh * 136)) + ((ax0_ax1_fused_ax2_fused & 31) * 136)) + (ow_outer * 64)) + (kw * 4)) + ic_inner) + 48)]) * ((int32_t)((int16_t*)fused_constant_1)[(((((((ax0_ax1_fused_ax2_fused >> 5) * 576) + (ic_outer * 144)) + (kh * 48)) + (kw * 16)) + (ic_inner * 4)) + oc_block_c_12)])));
              }
              for (int32_t oc_block_c_13 = 0; oc_block_c_13 < 4; ++oc_block_c_13) {
                int32_t cse_var_15 = (oc_block_c_13 + 52);
                conv2d_NCHWc_global[cse_var_15] = (conv2d_NCHWc_global[cse_var_15] + (((int32_t)((int16_t*)data_pad)[(((((((ic_outer * 4624) + (kh * 136)) + ((ax0_ax1_fused_ax2_fused & 31) * 136)) + (ow_outer * 64)) + (kw * 4)) + ic_inner) + 52)]) * ((int32_t)((int16_t*)fused_constant_1)[(((((((ax0_ax1_fused_ax2_fused >> 5) * 576) + (ic_outer * 144)) + (kh * 48)) + (kw * 16)) + (ic_inner * 4)) + oc_block_c_13)])));
              }
              for (int32_t oc_block_c_14 = 0; oc_block_c_14 < 4; ++oc_block_c_14) {
                int32_t cse_var_16 = (oc_block_c_14 + 56);
                conv2d_NCHWc_global[cse_var_16] = (conv2d_NCHWc_global[cse_var_16] + (((int32_t)((int16_t*)data_pad)[(((((((ic_outer * 4624) + (kh * 136)) + ((ax0_ax1_fused_ax2_fused & 31) * 136)) + (ow_outer * 64)) + (kw * 4)) + ic_inner) + 56)]) * ((int32_t)((int16_t*)fused_constant_1)[(((((((ax0_ax1_fused_ax2_fused >> 5) * 576) + (ic_outer * 144)) + (kh * 48)) + (kw * 16)) + (ic_inner * 4)) + oc_block_c_14)])));
              }
              for (int32_t oc_block_c_15 = 0; oc_block_c_15 < 4; ++oc_block_c_15) {
                int32_t cse_var_17 = (oc_block_c_15 + 60);
                conv2d_NCHWc_global[cse_var_17] = (conv2d_NCHWc_global[cse_var_17] + (((int32_t)((int16_t*)data_pad)[(((((((ic_outer * 4624) + (kh * 136)) + ((ax0_ax1_fused_ax2_fused & 31) * 136)) + (ow_outer * 64)) + (kw * 4)) + ic_inner) + 60)]) * ((int32_t)((int16_t*)fused_constant_1)[(((((((ax0_ax1_fused_ax2_fused >> 5) * 576) + (ic_outer * 144)) + (kh * 48)) + (kw * 16)) + (ic_inner * 4)) + oc_block_c_15)])));
              }
            }
          }
        }
      }
      for (int32_t ow_inner = 0; ow_inner < 16; ++ow_inner) {
        for (int32_t oc_block = 0; oc_block < 4; ++oc_block) {
          int32_t cse_var_18 = (ow_inner * 4);
          conv2d_NCHWc[(((ow_outer * 64) + cse_var_18) + oc_block)] = conv2d_NCHWc_global[(cse_var_18 + oc_block)];
        }
      }
    }
    for (int32_t ax3_outer = 0; ax3_outer < 2; ++ax3_outer) {
      for (int32_t ax3_inner = 0; ax3_inner < 16; ++ax3_inner) {
        for (int32_t ax4 = 0; ax4 < 4; ++ax4) {
          int32_t cse_var_21 = (ax3_outer * 64);
          int32_t cse_var_20 = (ax3_inner * 4);
          int32_t cse_var_19 = (((ax0_ax1_fused_ax2_fused >> 5) * 4) + ax4);
          int32_t v_ = ((int32_t)(((((int64_t)(conv2d_NCHWc[((cse_var_21 + cse_var_20) + ax4)] + ((int32_t*)fused_nn_contrib_conv2d_NCHWc_constant_1)[cse_var_19])) * ((int64_t)((int32_t*)fused_nn_contrib_conv2d_NCHWc_add_constant_3)[cse_var_19])) + ((int64_t)1 << ((int64_t)((((int32_t*)fused_nn_contrib_conv2d_NCHWc_add_constant_5)[cse_var_19] + 31) - 1)))) >> ((int64_t)(((int32_t*)fused_nn_contrib_conv2d_NCHWc_add_constant_5)[cse_var_19] + 31)))) - 128;
          int32_t v__1 = (v_) < (127) ? (v_) : (127);
          ((int16_t*)T_subtract_1)[((((ax0_ax1_fused_ax2_fused * 128) + cse_var_21) + cse_var_20) + ax4)] = (((int16_t)((int8_t)((v__1) > (-128) ? (v__1) : (-128)))) - (int16_t)-128);
        }
      }
    }
  }
  if (TVMBackendFreeWorkspace(1, dev_id, data_pad) != 0) {
    return -1;
  }
  return 0;
}

#ifdef __cplusplus
extern "C"
#endif
TVM_DLL int32_t tvmgen_default_fused_nn_contrib_conv2d_NCHWc_add_fixed_point_multiply_per_axis_add_clip_cast_ca_f68cd3c4a6332098__1(void* args, int32_t* arg_type_ids, int32_t num_args, void* out_ret_value, int32_t* out_ret_tcode, void* resource_handle) {
  int32_t p0_code = arg_type_ids[0];
  int32_t T_subtract_code = arg_type_ids[1];
  void* p0 = (((TVMValue*)args)[0].v_handle);
  void* T_subtract = (((TVMValue*)args)[1].v_handle);
  void* p0_1 = (((DLTensor*)p0)[0].data);
  void* tvmgen_default_fused_nn_contrib_conv2d_NCHWc_add_fixed_point_multiply_per_axis_add_clip_cast_ca_f68cd3c4a6332098__1_p0_shape = (((DLTensor*)p0)[0].shape);
  void* tvmgen_default_fused_nn_contrib_conv2d_NCHWc_add_fixed_point_multiply_per_axis_add_clip_cast_ca_f68cd3c4a6332098__1_p0_strides = (((DLTensor*)p0)[0].strides);
  int32_t dev_id = (((DLTensor*)p0)[0].device.device_id);
  void* T_subtract_1 = (((DLTensor*)T_subtract)[0].data);
  void* tvmgen_default_fused_nn_contrib_conv2d_NCHWc_add_fixed_point_multiply_per_axis_add_clip_cast_ca_f68cd3c4a6332098__1_T_subtract_shape = (((DLTensor*)T_subtract)[0].shape);
  void* tvmgen_default_fused_nn_contrib_conv2d_NCHWc_add_fixed_point_multiply_per_axis_add_clip_cast_ca_f68cd3c4a6332098__1_T_subtract_strides = (((DLTensor*)T_subtract)[0].strides);
  if (!(tvmgen_default_fused_nn_contrib_conv2d_NCHWc_add_fixed_point_multiply_per_axis_add_clip_cast_ca_f68cd3c4a6332098__1_p0_strides == NULL)) {
  }
  if (!(tvmgen_default_fused_nn_contrib_conv2d_NCHWc_add_fixed_point_multiply_per_axis_add_clip_cast_ca_f68cd3c4a6332098__1_T_subtract_strides == NULL)) {
  }
  void* data_pad = TVMBackendAllocWorkspace(1, dev_id, (uint64_t)34848, 0, 16);
  if (data_pad == NULL) {
    return -1;
  }
  for (int32_t i0_i1_fused_i2_fused = 0; i0_i1_fused_i2_fused < 132; ++i0_i1_fused_i2_fused) {
    for (int32_t i3 = 0; i3 < 33; ++i3) {
      for (int32_t i4 = 0; i4 < 4; ++i4) {
        int32_t cse_var_2 = (i0_i1_fused_i2_fused % 33);
        int32_t cse_var_1 = (i3 * 4);
        ((int16_t*)data_pad)[(((i0_i1_fused_i2_fused * 132) + cse_var_1) + i4)] = (((cse_var_2 < 32) && (i3 < 32)) ? ((int16_t*)p0_1)[(((((i0_i1_fused_i2_fused / 33) * 4096) + (cse_var_2 * 128)) + cse_var_1) + i4)] : (int16_t)0);
      }
    }
  }
  for (int32_t ax0_ax1_fused_ax2_fused = 0; ax0_ax1_fused_ax2_fused < 128; ++ax0_ax1_fused_ax2_fused) {
    int32_t conv2d_NCHWc_global[64];
    for (int32_t oc_block_c_init = 0; oc_block_c_init < 4; ++oc_block_c_init) {
      conv2d_NCHWc_global[oc_block_c_init] = 0;
    }
    for (int32_t oc_block_c_init_1 = 0; oc_block_c_init_1 < 4; ++oc_block_c_init_1) {
      conv2d_NCHWc_global[(oc_block_c_init_1 + 4)] = 0;
    }
    for (int32_t oc_block_c_init_2 = 0; oc_block_c_init_2 < 4; ++oc_block_c_init_2) {
      conv2d_NCHWc_global[(oc_block_c_init_2 + 8)] = 0;
    }
    for (int32_t oc_block_c_init_3 = 0; oc_block_c_init_3 < 4; ++oc_block_c_init_3) {
      conv2d_NCHWc_global[(oc_block_c_init_3 + 12)] = 0;
    }
    for (int32_t oc_block_c_init_4 = 0; oc_block_c_init_4 < 4; ++oc_block_c_init_4) {
      conv2d_NCHWc_global[(oc_block_c_init_4 + 16)] = 0;
    }
    for (int32_t oc_block_c_init_5 = 0; oc_block_c_init_5 < 4; ++oc_block_c_init_5) {
      conv2d_NCHWc_global[(oc_block_c_init_5 + 20)] = 0;
    }
    for (int32_t oc_block_c_init_6 = 0; oc_block_c_init_6 < 4; ++oc_block_c_init_6) {
      conv2d_NCHWc_global[(oc_block_c_init_6 + 24)] = 0;
    }
    for (int32_t oc_block_c_init_7 = 0; oc_block_c_init_7 < 4; ++oc_block_c_init_7) {
      conv2d_NCHWc_global[(oc_block_c_init_7 + 28)] = 0;
    }
    for (int32_t oc_block_c_init_8 = 0; oc_block_c_init_8 < 4; ++oc_block_c_init_8) {
      conv2d_NCHWc_global[(oc_block_c_init_8 + 32)] = 0;
    }
    for (int32_t oc_block_c_init_9 = 0; oc_block_c_init_9 < 4; ++oc_block_c_init_9) {
      conv2d_NCHWc_global[(oc_block_c_init_9 + 36)] = 0;
    }
    for (int32_t oc_block_c_init_10 = 0; oc_block_c_init_10 < 4; ++oc_block_c_init_10) {
      conv2d_NCHWc_global[(oc_block_c_init_10 + 40)] = 0;
    }
    for (int32_t oc_block_c_init_11 = 0; oc_block_c_init_11 < 4; ++oc_block_c_init_11) {
      conv2d_NCHWc_global[(oc_block_c_init_11 + 44)] = 0;
    }
    for (int32_t oc_block_c_init_12 = 0; oc_block_c_init_12 < 4; ++oc_block_c_init_12) {
      conv2d_NCHWc_global[(oc_block_c_init_12 + 48)] = 0;
    }
    for (int32_t oc_block_c_init_13 = 0; oc_block_c_init_13 < 4; ++oc_block_c_init_13) {
      conv2d_NCHWc_global[(oc_block_c_init_13 + 52)] = 0;
    }
    for (int32_t oc_block_c_init_14 = 0; oc_block_c_init_14 < 4; ++oc_block_c_init_14) {
      conv2d_NCHWc_global[(oc_block_c_init_14 + 56)] = 0;
    }
    for (int32_t oc_block_c_init_15 = 0; oc_block_c_init_15 < 4; ++oc_block_c_init_15) {
      conv2d_NCHWc_global[(oc_block_c_init_15 + 60)] = 0;
    }
    for (int32_t ic_outer = 0; ic_outer < 4; ++ic_outer) {
      for (int32_t kh = 0; kh < 3; ++kh) {
        for (int32_t kw = 0; kw < 3; ++kw) {
          for (int32_t ic_inner = 0; ic_inner < 4; ++ic_inner) {
            for (int32_t oc_block_c = 0; oc_block_c < 4; ++oc_block_c) {
              conv2d_NCHWc_global[oc_block_c] = (conv2d_NCHWc_global[oc_block_c] + (((int32_t)((int16_t*)data_pad)[(((((ic_outer * 4356) + ((ax0_ax1_fused_ax2_fused & 15) * 264)) + (kh * 132)) + (kw * 4)) + ic_inner)]) * ((int32_t)((int16_t*)fused_constant_2)[(((((((ax0_ax1_fused_ax2_fused >> 4) * 576) + (ic_outer * 144)) + (kh * 48)) + (kw * 16)) + (ic_inner * 4)) + oc_block_c)])));
            }
            for (int32_t oc_block_c_1 = 0; oc_block_c_1 < 4; ++oc_block_c_1) {
              int32_t cse_var_3 = (oc_block_c_1 + 4);
              conv2d_NCHWc_global[cse_var_3] = (conv2d_NCHWc_global[cse_var_3] + (((int32_t)((int16_t*)data_pad)[((((((ic_outer * 4356) + ((ax0_ax1_fused_ax2_fused & 15) * 264)) + (kh * 132)) + (kw * 4)) + ic_inner) + 8)]) * ((int32_t)((int16_t*)fused_constant_2)[(((((((ax0_ax1_fused_ax2_fused >> 4) * 576) + (ic_outer * 144)) + (kh * 48)) + (kw * 16)) + (ic_inner * 4)) + oc_block_c_1)])));
            }
            for (int32_t oc_block_c_2 = 0; oc_block_c_2 < 4; ++oc_block_c_2) {
              int32_t cse_var_4 = (oc_block_c_2 + 8);
              conv2d_NCHWc_global[cse_var_4] = (conv2d_NCHWc_global[cse_var_4] + (((int32_t)((int16_t*)data_pad)[((((((ic_outer * 4356) + ((ax0_ax1_fused_ax2_fused & 15) * 264)) + (kh * 132)) + (kw * 4)) + ic_inner) + 16)]) * ((int32_t)((int16_t*)fused_constant_2)[(((((((ax0_ax1_fused_ax2_fused >> 4) * 576) + (ic_outer * 144)) + (kh * 48)) + (kw * 16)) + (ic_inner * 4)) + oc_block_c_2)])));
            }
            for (int32_t oc_block_c_3 = 0; oc_block_c_3 < 4; ++oc_block_c_3) {
              int32_t cse_var_5 = (oc_block_c_3 + 12);
              conv2d_NCHWc_global[cse_var_5] = (conv2d_NCHWc_global[cse_var_5] + (((int32_t)((int16_t*)data_pad)[((((((ic_outer * 4356) + ((ax0_ax1_fused_ax2_fused & 15) * 264)) + (kh * 132)) + (kw * 4)) + ic_inner) + 24)]) * ((int32_t)((int16_t*)fused_constant_2)[(((((((ax0_ax1_fused_ax2_fused >> 4) * 576) + (ic_outer * 144)) + (kh * 48)) + (kw * 16)) + (ic_inner * 4)) + oc_block_c_3)])));
            }
            for (int32_t oc_block_c_4 = 0; oc_block_c_4 < 4; ++oc_block_c_4) {
              int32_t cse_var_6 = (oc_block_c_4 + 16);
              conv2d_NCHWc_global[cse_var_6] = (conv2d_NCHWc_global[cse_var_6] + (((int32_t)((int16_t*)data_pad)[((((((ic_outer * 4356) + ((ax0_ax1_fused_ax2_fused & 15) * 264)) + (kh * 132)) + (kw * 4)) + ic_inner) + 32)]) * ((int32_t)((int16_t*)fused_constant_2)[(((((((ax0_ax1_fused_ax2_fused >> 4) * 576) + (ic_outer * 144)) + (kh * 48)) + (kw * 16)) + (ic_inner * 4)) + oc_block_c_4)])));
            }
            for (int32_t oc_block_c_5 = 0; oc_block_c_5 < 4; ++oc_block_c_5) {
              int32_t cse_var_7 = (oc_block_c_5 + 20);
              conv2d_NCHWc_global[cse_var_7] = (conv2d_NCHWc_global[cse_var_7] + (((int32_t)((int16_t*)data_pad)[((((((ic_outer * 4356) + ((ax0_ax1_fused_ax2_fused & 15) * 264)) + (kh * 132)) + (kw * 4)) + ic_inner) + 40)]) * ((int32_t)((int16_t*)fused_constant_2)[(((((((ax0_ax1_fused_ax2_fused >> 4) * 576) + (ic_outer * 144)) + (kh * 48)) + (kw * 16)) + (ic_inner * 4)) + oc_block_c_5)])));
            }
            for (int32_t oc_block_c_6 = 0; oc_block_c_6 < 4; ++oc_block_c_6) {
              int32_t cse_var_8 = (oc_block_c_6 + 24);
              conv2d_NCHWc_global[cse_var_8] = (conv2d_NCHWc_global[cse_var_8] + (((int32_t)((int16_t*)data_pad)[((((((ic_outer * 4356) + ((ax0_ax1_fused_ax2_fused & 15) * 264)) + (kh * 132)) + (kw * 4)) + ic_inner) + 48)]) * ((int32_t)((int16_t*)fused_constant_2)[(((((((ax0_ax1_fused_ax2_fused >> 4) * 576) + (ic_outer * 144)) + (kh * 48)) + (kw * 16)) + (ic_inner * 4)) + oc_block_c_6)])));
            }
            for (int32_t oc_block_c_7 = 0; oc_block_c_7 < 4; ++oc_block_c_7) {
              int32_t cse_var_9 = (oc_block_c_7 + 28);
              conv2d_NCHWc_global[cse_var_9] = (conv2d_NCHWc_global[cse_var_9] + (((int32_t)((int16_t*)data_pad)[((((((ic_outer * 4356) + ((ax0_ax1_fused_ax2_fused & 15) * 264)) + (kh * 132)) + (kw * 4)) + ic_inner) + 56)]) * ((int32_t)((int16_t*)fused_constant_2)[(((((((ax0_ax1_fused_ax2_fused >> 4) * 576) + (ic_outer * 144)) + (kh * 48)) + (kw * 16)) + (ic_inner * 4)) + oc_block_c_7)])));
            }
            for (int32_t oc_block_c_8 = 0; oc_block_c_8 < 4; ++oc_block_c_8) {
              int32_t cse_var_10 = (oc_block_c_8 + 32);
              conv2d_NCHWc_global[cse_var_10] = (conv2d_NCHWc_global[cse_var_10] + (((int32_t)((int16_t*)data_pad)[((((((ic_outer * 4356) + ((ax0_ax1_fused_ax2_fused & 15) * 264)) + (kh * 132)) + (kw * 4)) + ic_inner) + 64)]) * ((int32_t)((int16_t*)fused_constant_2)[(((((((ax0_ax1_fused_ax2_fused >> 4) * 576) + (ic_outer * 144)) + (kh * 48)) + (kw * 16)) + (ic_inner * 4)) + oc_block_c_8)])));
            }
            for (int32_t oc_block_c_9 = 0; oc_block_c_9 < 4; ++oc_block_c_9) {
              int32_t cse_var_11 = (oc_block_c_9 + 36);
              conv2d_NCHWc_global[cse_var_11] = (conv2d_NCHWc_global[cse_var_11] + (((int32_t)((int16_t*)data_pad)[((((((ic_outer * 4356) + ((ax0_ax1_fused_ax2_fused & 15) * 264)) + (kh * 132)) + (kw * 4)) + ic_inner) + 72)]) * ((int32_t)((int16_t*)fused_constant_2)[(((((((ax0_ax1_fused_ax2_fused >> 4) * 576) + (ic_outer * 144)) + (kh * 48)) + (kw * 16)) + (ic_inner * 4)) + oc_block_c_9)])));
            }
            for (int32_t oc_block_c_10 = 0; oc_block_c_10 < 4; ++oc_block_c_10) {
              int32_t cse_var_12 = (oc_block_c_10 + 40);
              conv2d_NCHWc_global[cse_var_12] = (conv2d_NCHWc_global[cse_var_12] + (((int32_t)((int16_t*)data_pad)[((((((ic_outer * 4356) + ((ax0_ax1_fused_ax2_fused & 15) * 264)) + (kh * 132)) + (kw * 4)) + ic_inner) + 80)]) * ((int32_t)((int16_t*)fused_constant_2)[(((((((ax0_ax1_fused_ax2_fused >> 4) * 576) + (ic_outer * 144)) + (kh * 48)) + (kw * 16)) + (ic_inner * 4)) + oc_block_c_10)])));
            }
            for (int32_t oc_block_c_11 = 0; oc_block_c_11 < 4; ++oc_block_c_11) {
              int32_t cse_var_13 = (oc_block_c_11 + 44);
              conv2d_NCHWc_global[cse_var_13] = (conv2d_NCHWc_global[cse_var_13] + (((int32_t)((int16_t*)data_pad)[((((((ic_outer * 4356) + ((ax0_ax1_fused_ax2_fused & 15) * 264)) + (kh * 132)) + (kw * 4)) + ic_inner) + 88)]) * ((int32_t)((int16_t*)fused_constant_2)[(((((((ax0_ax1_fused_ax2_fused >> 4) * 576) + (ic_outer * 144)) + (kh * 48)) + (kw * 16)) + (ic_inner * 4)) + oc_block_c_11)])));
            }
            for (int32_t oc_block_c_12 = 0; oc_block_c_12 < 4; ++oc_block_c_12) {
              int32_t cse_var_14 = (oc_block_c_12 + 48);
              conv2d_NCHWc_global[cse_var_14] = (conv2d_NCHWc_global[cse_var_14] + (((int32_t)((int16_t*)data_pad)[((((((ic_outer * 4356) + ((ax0_ax1_fused_ax2_fused & 15) * 264)) + (kh * 132)) + (kw * 4)) + ic_inner) + 96)]) * ((int32_t)((int16_t*)fused_constant_2)[(((((((ax0_ax1_fused_ax2_fused >> 4) * 576) + (ic_outer * 144)) + (kh * 48)) + (kw * 16)) + (ic_inner * 4)) + oc_block_c_12)])));
            }
            for (int32_t oc_block_c_13 = 0; oc_block_c_13 < 4; ++oc_block_c_13) {
              int32_t cse_var_15 = (oc_block_c_13 + 52);
              conv2d_NCHWc_global[cse_var_15] = (conv2d_NCHWc_global[cse_var_15] + (((int32_t)((int16_t*)data_pad)[((((((ic_outer * 4356) + ((ax0_ax1_fused_ax2_fused & 15) * 264)) + (kh * 132)) + (kw * 4)) + ic_inner) + 104)]) * ((int32_t)((int16_t*)fused_constant_2)[(((((((ax0_ax1_fused_ax2_fused >> 4) * 576) + (ic_outer * 144)) + (kh * 48)) + (kw * 16)) + (ic_inner * 4)) + oc_block_c_13)])));
            }
            for (int32_t oc_block_c_14 = 0; oc_block_c_14 < 4; ++oc_block_c_14) {
              int32_t cse_var_16 = (oc_block_c_14 + 56);
              conv2d_NCHWc_global[cse_var_16] = (conv2d_NCHWc_global[cse_var_16] + (((int32_t)((int16_t*)data_pad)[((((((ic_outer * 4356) + ((ax0_ax1_fused_ax2_fused & 15) * 264)) + (kh * 132)) + (kw * 4)) + ic_inner) + 112)]) * ((int32_t)((int16_t*)fused_constant_2)[(((((((ax0_ax1_fused_ax2_fused >> 4) * 576) + (ic_outer * 144)) + (kh * 48)) + (kw * 16)) + (ic_inner * 4)) + oc_block_c_14)])));
            }
            for (int32_t oc_block_c_15 = 0; oc_block_c_15 < 4; ++oc_block_c_15) {
              int32_t cse_var_17 = (oc_block_c_15 + 60);
              conv2d_NCHWc_global[cse_var_17] = (conv2d_NCHWc_global[cse_var_17] + (((int32_t)((int16_t*)data_pad)[((((((ic_outer * 4356) + ((ax0_ax1_fused_ax2_fused & 15) * 264)) + (kh * 132)) + (kw * 4)) + ic_inner) + 120)]) * ((int32_t)((int16_t*)fused_constant_2)[(((((((ax0_ax1_fused_ax2_fused >> 4) * 576) + (ic_outer * 144)) + (kh * 48)) + (kw * 16)) + (ic_inner * 4)) + oc_block_c_15)])));
            }
          }
        }
      }
    }
    for (int32_t ax3_inner = 0; ax3_inner < 16; ++ax3_inner) {
      for (int32_t ax4 = 0; ax4 < 4; ++ax4) {
        int32_t cse_var_19 = (ax3_inner * 4);
        int32_t cse_var_18 = (((ax0_ax1_fused_ax2_fused >> 4) * 4) + ax4);
        int32_t v_ = ((int32_t)(((((int64_t)(conv2d_NCHWc_global[(cse_var_19 + ax4)] + ((int32_t*)fused_nn_contrib_conv2d_NCHWc_constant_2)[cse_var_18])) * ((int64_t)((int32_t*)fused_nn_contrib_conv2d_NCHWc_add_constant_6)[cse_var_18])) + ((int64_t)1 << ((int64_t)((((int32_t*)fused_nn_contrib_conv2d_NCHWc_add_constant_8)[cse_var_18] + 31) - 1)))) >> ((int64_t)(((int32_t*)fused_nn_contrib_conv2d_NCHWc_add_constant_8)[cse_var_18] + 31)))) - 128;
        int32_t v__1 = (v_) < (127) ? (v_) : (127);
        ((int16_t*)T_subtract_1)[(((ax0_ax1_fused_ax2_fused * 64) + cse_var_19) + ax4)] = (((int16_t)((int8_t)((v__1) > (-128) ? (v__1) : (-128)))) - (int16_t)-128);
      }
    }
  }
  if (TVMBackendFreeWorkspace(1, dev_id, data_pad) != 0) {
    return -1;
  }
  return 0;
}

#ifdef __cplusplus
extern "C"
#endif
TVM_DLL int32_t tvmgen_default_fused_nn_contrib_conv2d_NCHWc_add_fixed_point_multiply_per_axis_add_clip_cast_ca_f68cd3c4a6332098__2(void* args, int32_t* arg_type_ids, int32_t num_args, void* out_ret_value, int32_t* out_ret_tcode, void* resource_handle) {
  int32_t p0_code = arg_type_ids[0];
  int32_t T_subtract_code = arg_type_ids[1];
  void* p0 = (((TVMValue*)args)[0].v_handle);
  void* T_subtract = (((TVMValue*)args)[1].v_handle);
  void* p0_1 = (((DLTensor*)p0)[0].data);
  void* tvmgen_default_fused_nn_contrib_conv2d_NCHWc_add_fixed_point_multiply_per_axis_add_clip_cast_ca_f68cd3c4a6332098__2_p0_shape = (((DLTensor*)p0)[0].shape);
  void* tvmgen_default_fused_nn_contrib_conv2d_NCHWc_add_fixed_point_multiply_per_axis_add_clip_cast_ca_f68cd3c4a6332098__2_p0_strides = (((DLTensor*)p0)[0].strides);
  int32_t dev_id = (((DLTensor*)p0)[0].device.device_id);
  void* T_subtract_1 = (((DLTensor*)T_subtract)[0].data);
  void* tvmgen_default_fused_nn_contrib_conv2d_NCHWc_add_fixed_point_multiply_per_axis_add_clip_cast_ca_f68cd3c4a6332098__2_T_subtract_shape = (((DLTensor*)T_subtract)[0].shape);
  void* tvmgen_default_fused_nn_contrib_conv2d_NCHWc_add_fixed_point_multiply_per_axis_add_clip_cast_ca_f68cd3c4a6332098__2_T_subtract_strides = (((DLTensor*)T_subtract)[0].strides);
  if (!(tvmgen_default_fused_nn_contrib_conv2d_NCHWc_add_fixed_point_multiply_per_axis_add_clip_cast_ca_f68cd3c4a6332098__2_p0_strides == NULL)) {
  }
  if (!(tvmgen_default_fused_nn_contrib_conv2d_NCHWc_add_fixed_point_multiply_per_axis_add_clip_cast_ca_f68cd3c4a6332098__2_T_subtract_strides == NULL)) {
  }
  void* data_pad = TVMBackendAllocWorkspace(1, dev_id, (uint64_t)18496, 0, 16);
  if (data_pad == NULL) {
    return -1;
  }
  for (int32_t i0_i1_fused_i2_fused = 0; i0_i1_fused_i2_fused < 136; ++i0_i1_fused_i2_fused) {
    for (int32_t i3 = 0; i3 < 17; ++i3) {
      for (int32_t i4 = 0; i4 < 4; ++i4) {
        int32_t cse_var_2 = (i0_i1_fused_i2_fused % 17);
        int32_t cse_var_1 = (i3 * 4);
        ((int16_t*)data_pad)[(((i0_i1_fused_i2_fused * 68) + cse_var_1) + i4)] = (((cse_var_2 < 16) && (i3 < 16)) ? ((int16_t*)p0_1)[(((((i0_i1_fused_i2_fused / 17) * 1024) + (cse_var_2 * 64)) + cse_var_1) + i4)] : (int16_t)0);
      }
    }
  }
  for (int32_t ax0_ax1_fused_ax2_fused = 0; ax0_ax1_fused_ax2_fused < 128; ++ax0_ax1_fused_ax2_fused) {
    int32_t conv2d_NCHWc_global[32];
    for (int32_t oc_block_c_init = 0; oc_block_c_init < 4; ++oc_block_c_init) {
      conv2d_NCHWc_global[oc_block_c_init] = 0;
    }
    for (int32_t oc_block_c_init_1 = 0; oc_block_c_init_1 < 4; ++oc_block_c_init_1) {
      conv2d_NCHWc_global[(oc_block_c_init_1 + 4)] = 0;
    }
    for (int32_t oc_block_c_init_2 = 0; oc_block_c_init_2 < 4; ++oc_block_c_init_2) {
      conv2d_NCHWc_global[(oc_block_c_init_2 + 8)] = 0;
    }
    for (int32_t oc_block_c_init_3 = 0; oc_block_c_init_3 < 4; ++oc_block_c_init_3) {
      conv2d_NCHWc_global[(oc_block_c_init_3 + 12)] = 0;
    }
    for (int32_t oc_block_c_init_4 = 0; oc_block_c_init_4 < 4; ++oc_block_c_init_4) {
      conv2d_NCHWc_global[(oc_block_c_init_4 + 16)] = 0;
    }
    for (int32_t oc_block_c_init_5 = 0; oc_block_c_init_5 < 4; ++oc_block_c_init_5) {
      conv2d_NCHWc_global[(oc_block_c_init_5 + 20)] = 0;
    }
    for (int32_t oc_block_c_init_6 = 0; oc_block_c_init_6 < 4; ++oc_block_c_init_6) {
      conv2d_NCHWc_global[(oc_block_c_init_6 + 24)] = 0;
    }
    for (int32_t oc_block_c_init_7 = 0; oc_block_c_init_7 < 4; ++oc_block_c_init_7) {
      conv2d_NCHWc_global[(oc_block_c_init_7 + 28)] = 0;
    }
    for (int32_t ic_outer = 0; ic_outer < 8; ++ic_outer) {
      for (int32_t kh = 0; kh < 3; ++kh) {
        for (int32_t kw = 0; kw < 3; ++kw) {
          for (int32_t ic_inner = 0; ic_inner < 4; ++ic_inner) {
            for (int32_t oc_block_c = 0; oc_block_c < 4; ++oc_block_c) {
              conv2d_NCHWc_global[oc_block_c] = (conv2d_NCHWc_global[oc_block_c] + (((int32_t)((int16_t*)data_pad)[(((((ic_outer * 1156) + ((ax0_ax1_fused_ax2_fused & 7) * 136)) + (kh * 68)) + (kw * 4)) + ic_inner)]) * ((int32_t)((int16_t*)fused_constant_5)[(((((((ax0_ax1_fused_ax2_fused >> 3) * 1152) + (ic_outer * 144)) + (kh * 48)) + (kw * 16)) + (ic_inner * 4)) + oc_block_c)])));
            }
            for (int32_t oc_block_c_1 = 0; oc_block_c_1 < 4; ++oc_block_c_1) {
              int32_t cse_var_3 = (oc_block_c_1 + 4);
              conv2d_NCHWc_global[cse_var_3] = (conv2d_NCHWc_global[cse_var_3] + (((int32_t)((int16_t*)data_pad)[((((((ic_outer * 1156) + ((ax0_ax1_fused_ax2_fused & 7) * 136)) + (kh * 68)) + (kw * 4)) + ic_inner) + 8)]) * ((int32_t)((int16_t*)fused_constant_5)[(((((((ax0_ax1_fused_ax2_fused >> 3) * 1152) + (ic_outer * 144)) + (kh * 48)) + (kw * 16)) + (ic_inner * 4)) + oc_block_c_1)])));
            }
            for (int32_t oc_block_c_2 = 0; oc_block_c_2 < 4; ++oc_block_c_2) {
              int32_t cse_var_4 = (oc_block_c_2 + 8);
              conv2d_NCHWc_global[cse_var_4] = (conv2d_NCHWc_global[cse_var_4] + (((int32_t)((int16_t*)data_pad)[((((((ic_outer * 1156) + ((ax0_ax1_fused_ax2_fused & 7) * 136)) + (kh * 68)) + (kw * 4)) + ic_inner) + 16)]) * ((int32_t)((int16_t*)fused_constant_5)[(((((((ax0_ax1_fused_ax2_fused >> 3) * 1152) + (ic_outer * 144)) + (kh * 48)) + (kw * 16)) + (ic_inner * 4)) + oc_block_c_2)])));
            }
            for (int32_t oc_block_c_3 = 0; oc_block_c_3 < 4; ++oc_block_c_3) {
              int32_t cse_var_5 = (oc_block_c_3 + 12);
              conv2d_NCHWc_global[cse_var_5] = (conv2d_NCHWc_global[cse_var_5] + (((int32_t)((int16_t*)data_pad)[((((((ic_outer * 1156) + ((ax0_ax1_fused_ax2_fused & 7) * 136)) + (kh * 68)) + (kw * 4)) + ic_inner) + 24)]) * ((int32_t)((int16_t*)fused_constant_5)[(((((((ax0_ax1_fused_ax2_fused >> 3) * 1152) + (ic_outer * 144)) + (kh * 48)) + (kw * 16)) + (ic_inner * 4)) + oc_block_c_3)])));
            }
            for (int32_t oc_block_c_4 = 0; oc_block_c_4 < 4; ++oc_block_c_4) {
              int32_t cse_var_6 = (oc_block_c_4 + 16);
              conv2d_NCHWc_global[cse_var_6] = (conv2d_NCHWc_global[cse_var_6] + (((int32_t)((int16_t*)data_pad)[((((((ic_outer * 1156) + ((ax0_ax1_fused_ax2_fused & 7) * 136)) + (kh * 68)) + (kw * 4)) + ic_inner) + 32)]) * ((int32_t)((int16_t*)fused_constant_5)[(((((((ax0_ax1_fused_ax2_fused >> 3) * 1152) + (ic_outer * 144)) + (kh * 48)) + (kw * 16)) + (ic_inner * 4)) + oc_block_c_4)])));
            }
            for (int32_t oc_block_c_5 = 0; oc_block_c_5 < 4; ++oc_block_c_5) {
              int32_t cse_var_7 = (oc_block_c_5 + 20);
              conv2d_NCHWc_global[cse_var_7] = (conv2d_NCHWc_global[cse_var_7] + (((int32_t)((int16_t*)data_pad)[((((((ic_outer * 1156) + ((ax0_ax1_fused_ax2_fused & 7) * 136)) + (kh * 68)) + (kw * 4)) + ic_inner) + 40)]) * ((int32_t)((int16_t*)fused_constant_5)[(((((((ax0_ax1_fused_ax2_fused >> 3) * 1152) + (ic_outer * 144)) + (kh * 48)) + (kw * 16)) + (ic_inner * 4)) + oc_block_c_5)])));
            }
            for (int32_t oc_block_c_6 = 0; oc_block_c_6 < 4; ++oc_block_c_6) {
              int32_t cse_var_8 = (oc_block_c_6 + 24);
              conv2d_NCHWc_global[cse_var_8] = (conv2d_NCHWc_global[cse_var_8] + (((int32_t)((int16_t*)data_pad)[((((((ic_outer * 1156) + ((ax0_ax1_fused_ax2_fused & 7) * 136)) + (kh * 68)) + (kw * 4)) + ic_inner) + 48)]) * ((int32_t)((int16_t*)fused_constant_5)[(((((((ax0_ax1_fused_ax2_fused >> 3) * 1152) + (ic_outer * 144)) + (kh * 48)) + (kw * 16)) + (ic_inner * 4)) + oc_block_c_6)])));
            }
            for (int32_t oc_block_c_7 = 0; oc_block_c_7 < 4; ++oc_block_c_7) {
              int32_t cse_var_9 = (oc_block_c_7 + 28);
              conv2d_NCHWc_global[cse_var_9] = (conv2d_NCHWc_global[cse_var_9] + (((int32_t)((int16_t*)data_pad)[((((((ic_outer * 1156) + ((ax0_ax1_fused_ax2_fused & 7) * 136)) + (kh * 68)) + (kw * 4)) + ic_inner) + 56)]) * ((int32_t)((int16_t*)fused_constant_5)[(((((((ax0_ax1_fused_ax2_fused >> 3) * 1152) + (ic_outer * 144)) + (kh * 48)) + (kw * 16)) + (ic_inner * 4)) + oc_block_c_7)])));
            }
          }
        }
      }
    }
    for (int32_t ax3_inner = 0; ax3_inner < 8; ++ax3_inner) {
      for (int32_t ax4 = 0; ax4 < 4; ++ax4) {
        int32_t cse_var_11 = (ax3_inner * 4);
        int32_t cse_var_10 = (((ax0_ax1_fused_ax2_fused >> 3) * 4) + ax4);
        int32_t v_ = ((int32_t)(((((int64_t)(conv2d_NCHWc_global[(cse_var_11 + ax4)] + ((int32_t*)fused_nn_contrib_conv2d_NCHWc_constant_5)[cse_var_10])) * ((int64_t)((int32_t*)fused_nn_contrib_conv2d_NCHWc_add_constant_15)[cse_var_10])) + ((int64_t)1 << ((int64_t)((((int32_t*)fused_nn_contrib_conv2d_NCHWc_add_constant_17)[cse_var_10] + 31) - 1)))) >> ((int64_t)(((int32_t*)fused_nn_contrib_conv2d_NCHWc_add_constant_17)[cse_var_10] + 31)))) - 128;
        int32_t v__1 = (v_) < (127) ? (v_) : (127);
        ((int16_t*)T_subtract_1)[(((ax0_ax1_fused_ax2_fused * 32) + cse_var_11) + ax4)] = (((int16_t)((int8_t)((v__1) > (-128) ? (v__1) : (-128)))) - (int16_t)-128);
      }
    }
  }
  if (TVMBackendFreeWorkspace(1, dev_id, data_pad) != 0) {
    return -1;
  }
  return 0;
}

#ifdef __cplusplus
extern "C"
#endif
TVM_DLL int32_t tvmgen_default_fused_nn_contrib_conv2d_NCHWc_add_fixed_point_multiply_per_axis_add_clip_subtrac_8fa78a29bca19e9f_(void* args, int32_t* arg_type_ids, int32_t num_args, void* out_ret_value, int32_t* out_ret_tcode, void* resource_handle) {
  int32_t p0_code = arg_type_ids[0];
  int32_t p1_code = arg_type_ids[1];
  int32_t T_subtract_code = arg_type_ids[2];
  void* p0 = (((TVMValue*)args)[0].v_handle);
  void* p1 = (((TVMValue*)args)[1].v_handle);
  void* T_subtract = (((TVMValue*)args)[2].v_handle);
  void* p0_1 = (((DLTensor*)p0)[0].data);
  void* tvmgen_default_fused_nn_contrib_conv2d_NCHWc_add_fixed_point_multiply_per_axis_add_clip_subtrac_8fa78a29bca19e9f__p0_shape = (((DLTensor*)p0)[0].shape);
  void* tvmgen_default_fused_nn_contrib_conv2d_NCHWc_add_fixed_point_multiply_per_axis_add_clip_subtrac_8fa78a29bca19e9f__p0_strides = (((DLTensor*)p0)[0].strides);
  int32_t dev_id = (((DLTensor*)p0)[0].device.device_id);
  void* p1_1 = (((DLTensor*)p1)[0].data);
  void* tvmgen_default_fused_nn_contrib_conv2d_NCHWc_add_fixed_point_multiply_per_axis_add_clip_subtrac_8fa78a29bca19e9f__p1_shape = (((DLTensor*)p1)[0].shape);
  void* tvmgen_default_fused_nn_contrib_conv2d_NCHWc_add_fixed_point_multiply_per_axis_add_clip_subtrac_8fa78a29bca19e9f__p1_strides = (((DLTensor*)p1)[0].strides);
  void* T_subtract_1 = (((DLTensor*)T_subtract)[0].data);
  void* tvmgen_default_fused_nn_contrib_conv2d_NCHWc_add_fixed_point_multiply_per_axis_add_clip_subtrac_8fa78a29bca19e9f__T_subtract_shape = (((DLTensor*)T_subtract)[0].shape);
  void* tvmgen_default_fused_nn_contrib_conv2d_NCHWc_add_fixed_point_multiply_per_axis_add_clip_subtrac_8fa78a29bca19e9f__T_subtract_strides = (((DLTensor*)T_subtract)[0].strides);
  if (!(tvmgen_default_fused_nn_contrib_conv2d_NCHWc_add_fixed_point_multiply_per_axis_add_clip_subtrac_8fa78a29bca19e9f__p0_strides == NULL)) {
  }
  if (!(tvmgen_default_fused_nn_contrib_conv2d_NCHWc_add_fixed_point_multiply_per_axis_add_clip_subtrac_8fa78a29bca19e9f__p1_strides == NULL)) {
  }
  if (!(tvmgen_default_fused_nn_contrib_conv2d_NCHWc_add_fixed_point_multiply_per_axis_add_clip_subtrac_8fa78a29bca19e9f__T_subtract_strides == NULL)) {
  }
  for (int32_t ax0_ax1_fused_ax2_outer_fused = 0; ax0_ax1_fused_ax2_outer_fused < 128; ++ax0_ax1_fused_ax2_outer_fused) {
    int32_t conv2d_NCHWc_global[64];
    for (int32_t oc_block_c_init = 0; oc_block_c_init < 4; ++oc_block_c_init) {
      conv2d_NCHWc_global[oc_block_c_init] = 0;
    }
    for (int32_t oc_block_c_init_1 = 0; oc_block_c_init_1 < 4; ++oc_block_c_init_1) {
      conv2d_NCHWc_global[(oc_block_c_init_1 + 4)] = 0;
    }
    for (int32_t oc_block_c_init_2 = 0; oc_block_c_init_2 < 4; ++oc_block_c_init_2) {
      conv2d_NCHWc_global[(oc_block_c_init_2 + 8)] = 0;
    }
    for (int32_t oc_block_c_init_3 = 0; oc_block_c_init_3 < 4; ++oc_block_c_init_3) {
      conv2d_NCHWc_global[(oc_block_c_init_3 + 12)] = 0;
    }
    for (int32_t oc_block_c_init_4 = 0; oc_block_c_init_4 < 4; ++oc_block_c_init_4) {
      conv2d_NCHWc_global[(oc_block_c_init_4 + 16)] = 0;
    }
    for (int32_t oc_block_c_init_5 = 0; oc_block_c_init_5 < 4; ++oc_block_c_init_5) {
      conv2d_NCHWc_global[(oc_block_c_init_5 + 20)] = 0;
    }
    for (int32_t oc_block_c_init_6 = 0; oc_block_c_init_6 < 4; ++oc_block_c_init_6) {
      conv2d_NCHWc_global[(oc_block_c_init_6 + 24)] = 0;
    }
    for (int32_t oc_block_c_init_7 = 0; oc_block_c_init_7 < 4; ++oc_block_c_init_7) {
      conv2d_NCHWc_global[(oc_block_c_init_7 + 28)] = 0;
    }
    for (int32_t oc_block_c_init_8 = 0; oc_block_c_init_8 < 4; ++oc_block_c_init_8) {
      conv2d_NCHWc_global[(oc_block_c_init_8 + 32)] = 0;
    }
    for (int32_t oc_block_c_init_9 = 0; oc_block_c_init_9 < 4; ++oc_block_c_init_9) {
      conv2d_NCHWc_global[(oc_block_c_init_9 + 36)] = 0;
    }
    for (int32_t oc_block_c_init_10 = 0; oc_block_c_init_10 < 4; ++oc_block_c_init_10) {
      conv2d_NCHWc_global[(oc_block_c_init_10 + 40)] = 0;
    }
    for (int32_t oc_block_c_init_11 = 0; oc_block_c_init_11 < 4; ++oc_block_c_init_11) {
      conv2d_NCHWc_global[(oc_block_c_init_11 + 44)] = 0;
    }
    for (int32_t oc_block_c_init_12 = 0; oc_block_c_init_12 < 4; ++oc_block_c_init_12) {
      conv2d_NCHWc_global[(oc_block_c_init_12 + 48)] = 0;
    }
    for (int32_t oc_block_c_init_13 = 0; oc_block_c_init_13 < 4; ++oc_block_c_init_13) {
      conv2d_NCHWc_global[(oc_block_c_init_13 + 52)] = 0;
    }
    for (int32_t oc_block_c_init_14 = 0; oc_block_c_init_14 < 4; ++oc_block_c_init_14) {
      conv2d_NCHWc_global[(oc_block_c_init_14 + 56)] = 0;
    }
    for (int32_t oc_block_c_init_15 = 0; oc_block_c_init_15 < 4; ++oc_block_c_init_15) {
      conv2d_NCHWc_global[(oc_block_c_init_15 + 60)] = 0;
    }
    for (int32_t ic_outer = 0; ic_outer < 4; ++ic_outer) {
      for (int32_t ic_inner = 0; ic_inner < 4; ++ic_inner) {
        for (int32_t oc_block_c = 0; oc_block_c < 4; ++oc_block_c) {
          conv2d_NCHWc_global[oc_block_c] = (conv2d_NCHWc_global[oc_block_c] + (((int32_t)((int16_t*)p0_1)[(((ic_outer * 4096) + ((ax0_ax1_fused_ax2_outer_fused & 15) * 256)) + ic_inner)]) * ((int32_t)((int16_t*)fused_constant_4)[(((((ax0_ax1_fused_ax2_outer_fused >> 4) * 64) + (ic_outer * 16)) + (ic_inner * 4)) + oc_block_c)])));
        }
        for (int32_t oc_block_c_1 = 0; oc_block_c_1 < 4; ++oc_block_c_1) {
          int32_t cse_var_1 = (oc_block_c_1 + 4);
          conv2d_NCHWc_global[cse_var_1] = (conv2d_NCHWc_global[cse_var_1] + (((int32_t)((int16_t*)p0_1)[((((ic_outer * 4096) + ((ax0_ax1_fused_ax2_outer_fused & 15) * 256)) + ic_inner) + 8)]) * ((int32_t)((int16_t*)fused_constant_4)[(((((ax0_ax1_fused_ax2_outer_fused >> 4) * 64) + (ic_outer * 16)) + (ic_inner * 4)) + oc_block_c_1)])));
        }
        for (int32_t oc_block_c_2 = 0; oc_block_c_2 < 4; ++oc_block_c_2) {
          int32_t cse_var_2 = (oc_block_c_2 + 8);
          conv2d_NCHWc_global[cse_var_2] = (conv2d_NCHWc_global[cse_var_2] + (((int32_t)((int16_t*)p0_1)[((((ic_outer * 4096) + ((ax0_ax1_fused_ax2_outer_fused & 15) * 256)) + ic_inner) + 16)]) * ((int32_t)((int16_t*)fused_constant_4)[(((((ax0_ax1_fused_ax2_outer_fused >> 4) * 64) + (ic_outer * 16)) + (ic_inner * 4)) + oc_block_c_2)])));
        }
        for (int32_t oc_block_c_3 = 0; oc_block_c_3 < 4; ++oc_block_c_3) {
          int32_t cse_var_3 = (oc_block_c_3 + 12);
          conv2d_NCHWc_global[cse_var_3] = (conv2d_NCHWc_global[cse_var_3] + (((int32_t)((int16_t*)p0_1)[((((ic_outer * 4096) + ((ax0_ax1_fused_ax2_outer_fused & 15) * 256)) + ic_inner) + 24)]) * ((int32_t)((int16_t*)fused_constant_4)[(((((ax0_ax1_fused_ax2_outer_fused >> 4) * 64) + (ic_outer * 16)) + (ic_inner * 4)) + oc_block_c_3)])));
        }
        for (int32_t oc_block_c_4 = 0; oc_block_c_4 < 4; ++oc_block_c_4) {
          int32_t cse_var_4 = (oc_block_c_4 + 16);
          conv2d_NCHWc_global[cse_var_4] = (conv2d_NCHWc_global[cse_var_4] + (((int32_t)((int16_t*)p0_1)[((((ic_outer * 4096) + ((ax0_ax1_fused_ax2_outer_fused & 15) * 256)) + ic_inner) + 32)]) * ((int32_t)((int16_t*)fused_constant_4)[(((((ax0_ax1_fused_ax2_outer_fused >> 4) * 64) + (ic_outer * 16)) + (ic_inner * 4)) + oc_block_c_4)])));
        }
        for (int32_t oc_block_c_5 = 0; oc_block_c_5 < 4; ++oc_block_c_5) {
          int32_t cse_var_5 = (oc_block_c_5 + 20);
          conv2d_NCHWc_global[cse_var_5] = (conv2d_NCHWc_global[cse_var_5] + (((int32_t)((int16_t*)p0_1)[((((ic_outer * 4096) + ((ax0_ax1_fused_ax2_outer_fused & 15) * 256)) + ic_inner) + 40)]) * ((int32_t)((int16_t*)fused_constant_4)[(((((ax0_ax1_fused_ax2_outer_fused >> 4) * 64) + (ic_outer * 16)) + (ic_inner * 4)) + oc_block_c_5)])));
        }
        for (int32_t oc_block_c_6 = 0; oc_block_c_6 < 4; ++oc_block_c_6) {
          int32_t cse_var_6 = (oc_block_c_6 + 24);
          conv2d_NCHWc_global[cse_var_6] = (conv2d_NCHWc_global[cse_var_6] + (((int32_t)((int16_t*)p0_1)[((((ic_outer * 4096) + ((ax0_ax1_fused_ax2_outer_fused & 15) * 256)) + ic_inner) + 48)]) * ((int32_t)((int16_t*)fused_constant_4)[(((((ax0_ax1_fused_ax2_outer_fused >> 4) * 64) + (ic_outer * 16)) + (ic_inner * 4)) + oc_block_c_6)])));
        }
        for (int32_t oc_block_c_7 = 0; oc_block_c_7 < 4; ++oc_block_c_7) {
          int32_t cse_var_7 = (oc_block_c_7 + 28);
          conv2d_NCHWc_global[cse_var_7] = (conv2d_NCHWc_global[cse_var_7] + (((int32_t)((int16_t*)p0_1)[((((ic_outer * 4096) + ((ax0_ax1_fused_ax2_outer_fused & 15) * 256)) + ic_inner) + 56)]) * ((int32_t)((int16_t*)fused_constant_4)[(((((ax0_ax1_fused_ax2_outer_fused >> 4) * 64) + (ic_outer * 16)) + (ic_inner * 4)) + oc_block_c_7)])));
        }
        for (int32_t oc_block_c_8 = 0; oc_block_c_8 < 4; ++oc_block_c_8) {
          int32_t cse_var_8 = (oc_block_c_8 + 32);
          conv2d_NCHWc_global[cse_var_8] = (conv2d_NCHWc_global[cse_var_8] + (((int32_t)((int16_t*)p0_1)[((((ic_outer * 4096) + ((ax0_ax1_fused_ax2_outer_fused & 15) * 256)) + ic_inner) + 64)]) * ((int32_t)((int16_t*)fused_constant_4)[(((((ax0_ax1_fused_ax2_outer_fused >> 4) * 64) + (ic_outer * 16)) + (ic_inner * 4)) + oc_block_c_8)])));
        }
        for (int32_t oc_block_c_9 = 0; oc_block_c_9 < 4; ++oc_block_c_9) {
          int32_t cse_var_9 = (oc_block_c_9 + 36);
          conv2d_NCHWc_global[cse_var_9] = (conv2d_NCHWc_global[cse_var_9] + (((int32_t)((int16_t*)p0_1)[((((ic_outer * 4096) + ((ax0_ax1_fused_ax2_outer_fused & 15) * 256)) + ic_inner) + 72)]) * ((int32_t)((int16_t*)fused_constant_4)[(((((ax0_ax1_fused_ax2_outer_fused >> 4) * 64) + (ic_outer * 16)) + (ic_inner * 4)) + oc_block_c_9)])));
        }
        for (int32_t oc_block_c_10 = 0; oc_block_c_10 < 4; ++oc_block_c_10) {
          int32_t cse_var_10 = (oc_block_c_10 + 40);
          conv2d_NCHWc_global[cse_var_10] = (conv2d_NCHWc_global[cse_var_10] + (((int32_t)((int16_t*)p0_1)[((((ic_outer * 4096) + ((ax0_ax1_fused_ax2_outer_fused & 15) * 256)) + ic_inner) + 80)]) * ((int32_t)((int16_t*)fused_constant_4)[(((((ax0_ax1_fused_ax2_outer_fused >> 4) * 64) + (ic_outer * 16)) + (ic_inner * 4)) + oc_block_c_10)])));
        }
        for (int32_t oc_block_c_11 = 0; oc_block_c_11 < 4; ++oc_block_c_11) {
          int32_t cse_var_11 = (oc_block_c_11 + 44);
          conv2d_NCHWc_global[cse_var_11] = (conv2d_NCHWc_global[cse_var_11] + (((int32_t)((int16_t*)p0_1)[((((ic_outer * 4096) + ((ax0_ax1_fused_ax2_outer_fused & 15) * 256)) + ic_inner) + 88)]) * ((int32_t)((int16_t*)fused_constant_4)[(((((ax0_ax1_fused_ax2_outer_fused >> 4) * 64) + (ic_outer * 16)) + (ic_inner * 4)) + oc_block_c_11)])));
        }
        for (int32_t oc_block_c_12 = 0; oc_block_c_12 < 4; ++oc_block_c_12) {
          int32_t cse_var_12 = (oc_block_c_12 + 48);
          conv2d_NCHWc_global[cse_var_12] = (conv2d_NCHWc_global[cse_var_12] + (((int32_t)((int16_t*)p0_1)[((((ic_outer * 4096) + ((ax0_ax1_fused_ax2_outer_fused & 15) * 256)) + ic_inner) + 96)]) * ((int32_t)((int16_t*)fused_constant_4)[(((((ax0_ax1_fused_ax2_outer_fused >> 4) * 64) + (ic_outer * 16)) + (ic_inner * 4)) + oc_block_c_12)])));
        }
        for (int32_t oc_block_c_13 = 0; oc_block_c_13 < 4; ++oc_block_c_13) {
          int32_t cse_var_13 = (oc_block_c_13 + 52);
          conv2d_NCHWc_global[cse_var_13] = (conv2d_NCHWc_global[cse_var_13] + (((int32_t)((int16_t*)p0_1)[((((ic_outer * 4096) + ((ax0_ax1_fused_ax2_outer_fused & 15) * 256)) + ic_inner) + 104)]) * ((int32_t)((int16_t*)fused_constant_4)[(((((ax0_ax1_fused_ax2_outer_fused >> 4) * 64) + (ic_outer * 16)) + (ic_inner * 4)) + oc_block_c_13)])));
        }
        for (int32_t oc_block_c_14 = 0; oc_block_c_14 < 4; ++oc_block_c_14) {
          int32_t cse_var_14 = (oc_block_c_14 + 56);
          conv2d_NCHWc_global[cse_var_14] = (conv2d_NCHWc_global[cse_var_14] + (((int32_t)((int16_t*)p0_1)[((((ic_outer * 4096) + ((ax0_ax1_fused_ax2_outer_fused & 15) * 256)) + ic_inner) + 112)]) * ((int32_t)((int16_t*)fused_constant_4)[(((((ax0_ax1_fused_ax2_outer_fused >> 4) * 64) + (ic_outer * 16)) + (ic_inner * 4)) + oc_block_c_14)])));
        }
        for (int32_t oc_block_c_15 = 0; oc_block_c_15 < 4; ++oc_block_c_15) {
          int32_t cse_var_15 = (oc_block_c_15 + 60);
          conv2d_NCHWc_global[cse_var_15] = (conv2d_NCHWc_global[cse_var_15] + (((int32_t)((int16_t*)p0_1)[((((ic_outer * 4096) + ((ax0_ax1_fused_ax2_outer_fused & 15) * 256)) + ic_inner) + 120)]) * ((int32_t)((int16_t*)fused_constant_4)[(((((ax0_ax1_fused_ax2_outer_fused >> 4) * 64) + (ic_outer * 16)) + (ic_inner * 4)) + oc_block_c_15)])));
        }
      }
    }
    for (int32_t ax3_inner = 0; ax3_inner < 16; ++ax3_inner) {
      for (int32_t ax4 = 0; ax4 < 4; ++ax4) {
        int32_t cse_var_18 = (ax3_inner * 4);
        int32_t cse_var_17 = (((ax0_ax1_fused_ax2_outer_fused >> 4) * 4) + ax4);
        int32_t cse_var_16 = (((ax0_ax1_fused_ax2_outer_fused * 64) + cse_var_18) + ax4);
        int32_t v_ = ((int32_t)(((((int64_t)(conv2d_NCHWc_global[(cse_var_18 + ax4)] + ((int32_t*)fused_nn_contrib_conv2d_NCHWc_constant_4)[cse_var_17])) * ((int64_t)((int32_t*)fused_nn_contrib_conv2d_NCHWc_add_constant_12)[cse_var_17])) + ((int64_t)1 << ((int64_t)((((int32_t*)fused_nn_contrib_conv2d_NCHWc_add_constant_14)[cse_var_17] + 31) - 1)))) >> ((int64_t)(((int32_t*)fused_nn_contrib_conv2d_NCHWc_add_constant_14)[cse_var_17] + 31)))) - 17;
        int32_t v__1 = (v_) < (127) ? (v_) : (127);
        int32_t v__2 = ((int32_t)(((((0 != 0) ? (((int64_t)(((v__1) > (-128) ? (v__1) : (-128)) - ((int32_t*)fused_nn_contrib_conv2d_NCHWc_add_fixed_point_multiply_per_axis_add_clip_constant_1)[0])) << ((int64_t)0)) : ((int64_t)(((v__1) > (-128) ? (v__1) : (-128)) - ((int32_t*)fused_nn_contrib_conv2d_NCHWc_add_fixed_point_multiply_per_axis_add_clip_constant_1)[0]))) * (int64_t)1805621035) + ((int64_t)1 << ((int64_t)((0 + 31) - 1)))) >> ((int64_t)(0 + 31)))) + ((int32_t*)p1_1)[cse_var_16];
        int32_t v__3 = (v__2) < (127) ? (v__2) : (127);
        ((int16_t*)T_subtract_1)[cse_var_16] = (((int16_t)((int8_t)((v__3) > (-128) ? (v__3) : (-128)))) - (int16_t)-128);
      }
    }
  }
  return 0;
}

#ifdef __cplusplus
extern "C"
#endif
TVM_DLL int32_t tvmgen_default_fused_nn_contrib_conv2d_NCHWc_add_fixed_point_multiply_per_axis_add_clip_subtrac_a20d39ad54b9b497_(void* args, int32_t* arg_type_ids, int32_t num_args, void* out_ret_value, int32_t* out_ret_tcode, void* resource_handle) {
  int32_t p0_code = arg_type_ids[0];
  int32_t p1_code = arg_type_ids[1];
  int32_t compute_code = arg_type_ids[2];
  void* p0 = (((TVMValue*)args)[0].v_handle);
  void* p1 = (((TVMValue*)args)[1].v_handle);
  void* compute = (((TVMValue*)args)[2].v_handle);
  void* p0_1 = (((DLTensor*)p0)[0].data);
  void* tvmgen_default_fused_nn_contrib_conv2d_NCHWc_add_fixed_point_multiply_per_axis_add_clip_subtrac_a20d39ad54b9b497__p0_shape = (((DLTensor*)p0)[0].shape);
  void* tvmgen_default_fused_nn_contrib_conv2d_NCHWc_add_fixed_point_multiply_per_axis_add_clip_subtrac_a20d39ad54b9b497__p0_strides = (((DLTensor*)p0)[0].strides);
  int32_t dev_id = (((DLTensor*)p0)[0].device.device_id);
  void* p1_1 = (((DLTensor*)p1)[0].data);
  void* tvmgen_default_fused_nn_contrib_conv2d_NCHWc_add_fixed_point_multiply_per_axis_add_clip_subtrac_a20d39ad54b9b497__p1_shape = (((DLTensor*)p1)[0].shape);
  void* tvmgen_default_fused_nn_contrib_conv2d_NCHWc_add_fixed_point_multiply_per_axis_add_clip_subtrac_a20d39ad54b9b497__p1_strides = (((DLTensor*)p1)[0].strides);
  void* compute_1 = (((DLTensor*)compute)[0].data);
  void* tvmgen_default_fused_nn_contrib_conv2d_NCHWc_add_fixed_point_multiply_per_axis_add_clip_subtrac_a20d39ad54b9b497__compute_shape = (((DLTensor*)compute)[0].shape);
  void* tvmgen_default_fused_nn_contrib_conv2d_NCHWc_add_fixed_point_multiply_per_axis_add_clip_subtrac_a20d39ad54b9b497__compute_strides = (((DLTensor*)compute)[0].strides);
  if (!(tvmgen_default_fused_nn_contrib_conv2d_NCHWc_add_fixed_point_multiply_per_axis_add_clip_subtrac_a20d39ad54b9b497__p0_strides == NULL)) {
  }
  if (!(tvmgen_default_fused_nn_contrib_conv2d_NCHWc_add_fixed_point_multiply_per_axis_add_clip_subtrac_a20d39ad54b9b497__p1_strides == NULL)) {
  }
  if (!(tvmgen_default_fused_nn_contrib_conv2d_NCHWc_add_fixed_point_multiply_per_axis_add_clip_subtrac_a20d39ad54b9b497__compute_strides == NULL)) {
  }
  for (int32_t i0_i1_fused_i2_outer_fused = 0; i0_i1_fused_i2_outer_fused < 64; ++i0_i1_fused_i2_outer_fused) {
    int32_t conv2d_NCHWc_global[64];
    for (int32_t oc_block_c_init = 0; oc_block_c_init < 4; ++oc_block_c_init) {
      conv2d_NCHWc_global[oc_block_c_init] = 0;
    }
    for (int32_t oc_block_c_init_1 = 0; oc_block_c_init_1 < 4; ++oc_block_c_init_1) {
      conv2d_NCHWc_global[(oc_block_c_init_1 + 4)] = 0;
    }
    for (int32_t oc_block_c_init_2 = 0; oc_block_c_init_2 < 4; ++oc_block_c_init_2) {
      conv2d_NCHWc_global[(oc_block_c_init_2 + 8)] = 0;
    }
    for (int32_t oc_block_c_init_3 = 0; oc_block_c_init_3 < 4; ++oc_block_c_init_3) {
      conv2d_NCHWc_global[(oc_block_c_init_3 + 12)] = 0;
    }
    for (int32_t oc_block_c_init_4 = 0; oc_block_c_init_4 < 4; ++oc_block_c_init_4) {
      conv2d_NCHWc_global[(oc_block_c_init_4 + 16)] = 0;
    }
    for (int32_t oc_block_c_init_5 = 0; oc_block_c_init_5 < 4; ++oc_block_c_init_5) {
      conv2d_NCHWc_global[(oc_block_c_init_5 + 20)] = 0;
    }
    for (int32_t oc_block_c_init_6 = 0; oc_block_c_init_6 < 4; ++oc_block_c_init_6) {
      conv2d_NCHWc_global[(oc_block_c_init_6 + 24)] = 0;
    }
    for (int32_t oc_block_c_init_7 = 0; oc_block_c_init_7 < 4; ++oc_block_c_init_7) {
      conv2d_NCHWc_global[(oc_block_c_init_7 + 28)] = 0;
    }
    for (int32_t oc_block_c_init_8 = 0; oc_block_c_init_8 < 4; ++oc_block_c_init_8) {
      conv2d_NCHWc_global[(oc_block_c_init_8 + 32)] = 0;
    }
    for (int32_t oc_block_c_init_9 = 0; oc_block_c_init_9 < 4; ++oc_block_c_init_9) {
      conv2d_NCHWc_global[(oc_block_c_init_9 + 36)] = 0;
    }
    for (int32_t oc_block_c_init_10 = 0; oc_block_c_init_10 < 4; ++oc_block_c_init_10) {
      conv2d_NCHWc_global[(oc_block_c_init_10 + 40)] = 0;
    }
    for (int32_t oc_block_c_init_11 = 0; oc_block_c_init_11 < 4; ++oc_block_c_init_11) {
      conv2d_NCHWc_global[(oc_block_c_init_11 + 44)] = 0;
    }
    for (int32_t oc_block_c_init_12 = 0; oc_block_c_init_12 < 4; ++oc_block_c_init_12) {
      conv2d_NCHWc_global[(oc_block_c_init_12 + 48)] = 0;
    }
    for (int32_t oc_block_c_init_13 = 0; oc_block_c_init_13 < 4; ++oc_block_c_init_13) {
      conv2d_NCHWc_global[(oc_block_c_init_13 + 52)] = 0;
    }
    for (int32_t oc_block_c_init_14 = 0; oc_block_c_init_14 < 4; ++oc_block_c_init_14) {
      conv2d_NCHWc_global[(oc_block_c_init_14 + 56)] = 0;
    }
    for (int32_t oc_block_c_init_15 = 0; oc_block_c_init_15 < 4; ++oc_block_c_init_15) {
      conv2d_NCHWc_global[(oc_block_c_init_15 + 60)] = 0;
    }
    for (int32_t ic_outer = 0; ic_outer < 8; ++ic_outer) {
      for (int32_t ic_inner = 0; ic_inner < 4; ++ic_inner) {
        for (int32_t oc_block_c = 0; oc_block_c < 4; ++oc_block_c) {
          conv2d_NCHWc_global[oc_block_c] = (conv2d_NCHWc_global[oc_block_c] + (((int32_t)((int16_t*)p0_1)[(((ic_outer * 1024) + ((i0_i1_fused_i2_outer_fused & 3) * 256)) + ic_inner)]) * ((int32_t)((int16_t*)fused_constant_7)[(((((i0_i1_fused_i2_outer_fused >> 2) * 128) + (ic_outer * 16)) + (ic_inner * 4)) + oc_block_c)])));
        }
        for (int32_t oc_block_c_1 = 0; oc_block_c_1 < 4; ++oc_block_c_1) {
          int32_t cse_var_1 = (oc_block_c_1 + 4);
          conv2d_NCHWc_global[cse_var_1] = (conv2d_NCHWc_global[cse_var_1] + (((int32_t)((int16_t*)p0_1)[((((ic_outer * 1024) + ((i0_i1_fused_i2_outer_fused & 3) * 256)) + ic_inner) + 8)]) * ((int32_t)((int16_t*)fused_constant_7)[(((((i0_i1_fused_i2_outer_fused >> 2) * 128) + (ic_outer * 16)) + (ic_inner * 4)) + oc_block_c_1)])));
        }
        for (int32_t oc_block_c_2 = 0; oc_block_c_2 < 4; ++oc_block_c_2) {
          int32_t cse_var_2 = (oc_block_c_2 + 8);
          conv2d_NCHWc_global[cse_var_2] = (conv2d_NCHWc_global[cse_var_2] + (((int32_t)((int16_t*)p0_1)[((((ic_outer * 1024) + ((i0_i1_fused_i2_outer_fused & 3) * 256)) + ic_inner) + 16)]) * ((int32_t)((int16_t*)fused_constant_7)[(((((i0_i1_fused_i2_outer_fused >> 2) * 128) + (ic_outer * 16)) + (ic_inner * 4)) + oc_block_c_2)])));
        }
        for (int32_t oc_block_c_3 = 0; oc_block_c_3 < 4; ++oc_block_c_3) {
          int32_t cse_var_3 = (oc_block_c_3 + 12);
          conv2d_NCHWc_global[cse_var_3] = (conv2d_NCHWc_global[cse_var_3] + (((int32_t)((int16_t*)p0_1)[((((ic_outer * 1024) + ((i0_i1_fused_i2_outer_fused & 3) * 256)) + ic_inner) + 24)]) * ((int32_t)((int16_t*)fused_constant_7)[(((((i0_i1_fused_i2_outer_fused >> 2) * 128) + (ic_outer * 16)) + (ic_inner * 4)) + oc_block_c_3)])));
        }
        for (int32_t oc_block_c_4 = 0; oc_block_c_4 < 4; ++oc_block_c_4) {
          int32_t cse_var_4 = (oc_block_c_4 + 16);
          conv2d_NCHWc_global[cse_var_4] = (conv2d_NCHWc_global[cse_var_4] + (((int32_t)((int16_t*)p0_1)[((((ic_outer * 1024) + ((i0_i1_fused_i2_outer_fused & 3) * 256)) + ic_inner) + 32)]) * ((int32_t)((int16_t*)fused_constant_7)[(((((i0_i1_fused_i2_outer_fused >> 2) * 128) + (ic_outer * 16)) + (ic_inner * 4)) + oc_block_c_4)])));
        }
        for (int32_t oc_block_c_5 = 0; oc_block_c_5 < 4; ++oc_block_c_5) {
          int32_t cse_var_5 = (oc_block_c_5 + 20);
          conv2d_NCHWc_global[cse_var_5] = (conv2d_NCHWc_global[cse_var_5] + (((int32_t)((int16_t*)p0_1)[((((ic_outer * 1024) + ((i0_i1_fused_i2_outer_fused & 3) * 256)) + ic_inner) + 40)]) * ((int32_t)((int16_t*)fused_constant_7)[(((((i0_i1_fused_i2_outer_fused >> 2) * 128) + (ic_outer * 16)) + (ic_inner * 4)) + oc_block_c_5)])));
        }
        for (int32_t oc_block_c_6 = 0; oc_block_c_6 < 4; ++oc_block_c_6) {
          int32_t cse_var_6 = (oc_block_c_6 + 24);
          conv2d_NCHWc_global[cse_var_6] = (conv2d_NCHWc_global[cse_var_6] + (((int32_t)((int16_t*)p0_1)[((((ic_outer * 1024) + ((i0_i1_fused_i2_outer_fused & 3) * 256)) + ic_inner) + 48)]) * ((int32_t)((int16_t*)fused_constant_7)[(((((i0_i1_fused_i2_outer_fused >> 2) * 128) + (ic_outer * 16)) + (ic_inner * 4)) + oc_block_c_6)])));
        }
        for (int32_t oc_block_c_7 = 0; oc_block_c_7 < 4; ++oc_block_c_7) {
          int32_t cse_var_7 = (oc_block_c_7 + 28);
          conv2d_NCHWc_global[cse_var_7] = (conv2d_NCHWc_global[cse_var_7] + (((int32_t)((int16_t*)p0_1)[((((ic_outer * 1024) + ((i0_i1_fused_i2_outer_fused & 3) * 256)) + ic_inner) + 56)]) * ((int32_t)((int16_t*)fused_constant_7)[(((((i0_i1_fused_i2_outer_fused >> 2) * 128) + (ic_outer * 16)) + (ic_inner * 4)) + oc_block_c_7)])));
        }
        for (int32_t oc_block_c_8 = 0; oc_block_c_8 < 4; ++oc_block_c_8) {
          int32_t cse_var_8 = (oc_block_c_8 + 32);
          conv2d_NCHWc_global[cse_var_8] = (conv2d_NCHWc_global[cse_var_8] + (((int32_t)((int16_t*)p0_1)[((((ic_outer * 1024) + ((i0_i1_fused_i2_outer_fused & 3) * 256)) + ic_inner) + 128)]) * ((int32_t)((int16_t*)fused_constant_7)[(((((i0_i1_fused_i2_outer_fused >> 2) * 128) + (ic_outer * 16)) + (ic_inner * 4)) + oc_block_c_8)])));
        }
        for (int32_t oc_block_c_9 = 0; oc_block_c_9 < 4; ++oc_block_c_9) {
          int32_t cse_var_9 = (oc_block_c_9 + 36);
          conv2d_NCHWc_global[cse_var_9] = (conv2d_NCHWc_global[cse_var_9] + (((int32_t)((int16_t*)p0_1)[((((ic_outer * 1024) + ((i0_i1_fused_i2_outer_fused & 3) * 256)) + ic_inner) + 136)]) * ((int32_t)((int16_t*)fused_constant_7)[(((((i0_i1_fused_i2_outer_fused >> 2) * 128) + (ic_outer * 16)) + (ic_inner * 4)) + oc_block_c_9)])));
        }
        for (int32_t oc_block_c_10 = 0; oc_block_c_10 < 4; ++oc_block_c_10) {
          int32_t cse_var_10 = (oc_block_c_10 + 40);
          conv2d_NCHWc_global[cse_var_10] = (conv2d_NCHWc_global[cse_var_10] + (((int32_t)((int16_t*)p0_1)[((((ic_outer * 1024) + ((i0_i1_fused_i2_outer_fused & 3) * 256)) + ic_inner) + 144)]) * ((int32_t)((int16_t*)fused_constant_7)[(((((i0_i1_fused_i2_outer_fused >> 2) * 128) + (ic_outer * 16)) + (ic_inner * 4)) + oc_block_c_10)])));
        }
        for (int32_t oc_block_c_11 = 0; oc_block_c_11 < 4; ++oc_block_c_11) {
          int32_t cse_var_11 = (oc_block_c_11 + 44);
          conv2d_NCHWc_global[cse_var_11] = (conv2d_NCHWc_global[cse_var_11] + (((int32_t)((int16_t*)p0_1)[((((ic_outer * 1024) + ((i0_i1_fused_i2_outer_fused & 3) * 256)) + ic_inner) + 152)]) * ((int32_t)((int16_t*)fused_constant_7)[(((((i0_i1_fused_i2_outer_fused >> 2) * 128) + (ic_outer * 16)) + (ic_inner * 4)) + oc_block_c_11)])));
        }
        for (int32_t oc_block_c_12 = 0; oc_block_c_12 < 4; ++oc_block_c_12) {
          int32_t cse_var_12 = (oc_block_c_12 + 48);
          conv2d_NCHWc_global[cse_var_12] = (conv2d_NCHWc_global[cse_var_12] + (((int32_t)((int16_t*)p0_1)[((((ic_outer * 1024) + ((i0_i1_fused_i2_outer_fused & 3) * 256)) + ic_inner) + 160)]) * ((int32_t)((int16_t*)fused_constant_7)[(((((i0_i1_fused_i2_outer_fused >> 2) * 128) + (ic_outer * 16)) + (ic_inner * 4)) + oc_block_c_12)])));
        }
        for (int32_t oc_block_c_13 = 0; oc_block_c_13 < 4; ++oc_block_c_13) {
          int32_t cse_var_13 = (oc_block_c_13 + 52);
          conv2d_NCHWc_global[cse_var_13] = (conv2d_NCHWc_global[cse_var_13] + (((int32_t)((int16_t*)p0_1)[((((ic_outer * 1024) + ((i0_i1_fused_i2_outer_fused & 3) * 256)) + ic_inner) + 168)]) * ((int32_t)((int16_t*)fused_constant_7)[(((((i0_i1_fused_i2_outer_fused >> 2) * 128) + (ic_outer * 16)) + (ic_inner * 4)) + oc_block_c_13)])));
        }
        for (int32_t oc_block_c_14 = 0; oc_block_c_14 < 4; ++oc_block_c_14) {
          int32_t cse_var_14 = (oc_block_c_14 + 56);
          conv2d_NCHWc_global[cse_var_14] = (conv2d_NCHWc_global[cse_var_14] + (((int32_t)((int16_t*)p0_1)[((((ic_outer * 1024) + ((i0_i1_fused_i2_outer_fused & 3) * 256)) + ic_inner) + 176)]) * ((int32_t)((int16_t*)fused_constant_7)[(((((i0_i1_fused_i2_outer_fused >> 2) * 128) + (ic_outer * 16)) + (ic_inner * 4)) + oc_block_c_14)])));
        }
        for (int32_t oc_block_c_15 = 0; oc_block_c_15 < 4; ++oc_block_c_15) {
          int32_t cse_var_15 = (oc_block_c_15 + 60);
          conv2d_NCHWc_global[cse_var_15] = (conv2d_NCHWc_global[cse_var_15] + (((int32_t)((int16_t*)p0_1)[((((ic_outer * 1024) + ((i0_i1_fused_i2_outer_fused & 3) * 256)) + ic_inner) + 184)]) * ((int32_t)((int16_t*)fused_constant_7)[(((((i0_i1_fused_i2_outer_fused >> 2) * 128) + (ic_outer * 16)) + (ic_inner * 4)) + oc_block_c_15)])));
        }
      }
    }
    for (int32_t i2_inner = 0; i2_inner < 2; ++i2_inner) {
      for (int32_t i3_inner = 0; i3_inner < 8; ++i3_inner) {
        for (int32_t i4 = 0; i4 < 4; ++i4) {
          int32_t cse_var_19 = (i2_inner * 32);
          int32_t cse_var_18 = (i3_inner * 4);
          int32_t cse_var_17 = (((i0_i1_fused_i2_outer_fused >> 2) * 4) + i4);
          int32_t cse_var_16 = ((((i0_i1_fused_i2_outer_fused * 64) + cse_var_19) + cse_var_18) + i4);
          int32_t v_ = ((int32_t)(((((int64_t)(conv2d_NCHWc_global[((cse_var_19 + cse_var_18) + i4)] + ((int32_t*)fused_nn_contrib_conv2d_NCHWc_constant_7)[cse_var_17])) * ((int64_t)((int32_t*)fused_nn_contrib_conv2d_NCHWc_add_constant_21)[cse_var_17])) + ((int64_t)1 << ((int64_t)((((int32_t*)fused_nn_contrib_conv2d_NCHWc_add_constant_23)[cse_var_17] + 31) - 1)))) >> ((int64_t)(((int32_t*)fused_nn_contrib_conv2d_NCHWc_add_constant_23)[cse_var_17] + 31)))) + 38;
          int32_t v__1 = (v_) < (127) ? (v_) : (127);
          int32_t v__2 = ((int32_t)(((((0 != 0) ? (((int64_t)(((v__1) > (-128) ? (v__1) : (-128)) - ((int32_t*)fused_nn_contrib_conv2d_NCHWc_add_fixed_point_multiply_per_axis_add_clip_constant_3)[0])) << ((int64_t)0)) : ((int64_t)(((v__1) > (-128) ? (v__1) : (-128)) - ((int32_t*)fused_nn_contrib_conv2d_NCHWc_add_fixed_point_multiply_per_axis_add_clip_constant_3)[0]))) * (int64_t)1417215292) + ((int64_t)1 << ((int64_t)((0 + 31) - 1)))) >> ((int64_t)(0 + 31)))) + ((int32_t*)p1_1)[cse_var_16];
          int32_t v__3 = (v__2) < (127) ? (v__2) : (127);
          ((int32_t*)compute_1)[cse_var_16] = ((v__3) > (-128) ? (v__3) : (-128));
        }
      }
    }
  }
  return 0;
}

#ifdef __cplusplus
extern "C"
#endif
TVM_DLL int32_t tvmgen_default_fused_nn_contrib_conv2d_NCHWc_add_fixed_point_multiply_per_axis_add_clip_subtrac_bd516479e7fd717_(void* args, int32_t* arg_type_ids, int32_t num_args, void* out_ret_value, int32_t* out_ret_tcode, void* resource_handle) {
  int32_t p0_code = arg_type_ids[0];
  int32_t T_add_code = arg_type_ids[1];
  void* p0 = (((TVMValue*)args)[0].v_handle);
  void* T_add = (((TVMValue*)args)[1].v_handle);
  void* p0_1 = (((DLTensor*)p0)[0].data);
  void* tvmgen_default_fused_nn_contrib_conv2d_NCHWc_add_fixed_point_multiply_per_axis_add_clip_subtrac_bd516479e7fd717__p0_shape = (((DLTensor*)p0)[0].shape);
  void* tvmgen_default_fused_nn_contrib_conv2d_NCHWc_add_fixed_point_multiply_per_axis_add_clip_subtrac_bd516479e7fd717__p0_strides = (((DLTensor*)p0)[0].strides);
  int32_t dev_id = (((DLTensor*)p0)[0].device.device_id);
  void* T_add_1 = (((DLTensor*)T_add)[0].data);
  void* tvmgen_default_fused_nn_contrib_conv2d_NCHWc_add_fixed_point_multiply_per_axis_add_clip_subtrac_bd516479e7fd717__T_add_shape = (((DLTensor*)T_add)[0].shape);
  void* tvmgen_default_fused_nn_contrib_conv2d_NCHWc_add_fixed_point_multiply_per_axis_add_clip_subtrac_bd516479e7fd717__T_add_strides = (((DLTensor*)T_add)[0].strides);
  if (!(tvmgen_default_fused_nn_contrib_conv2d_NCHWc_add_fixed_point_multiply_per_axis_add_clip_subtrac_bd516479e7fd717__p0_strides == NULL)) {
  }
  if (!(tvmgen_default_fused_nn_contrib_conv2d_NCHWc_add_fixed_point_multiply_per_axis_add_clip_subtrac_bd516479e7fd717__T_add_strides == NULL)) {
  }
  void* data_pad = TVMBackendAllocWorkspace(1, dev_id, (uint64_t)20736, 0, 16);
  if (data_pad == NULL) {
    return -1;
  }
  for (int32_t i0_i1_fused_i2_fused = 0; i0_i1_fused_i2_fused < 144; ++i0_i1_fused_i2_fused) {
    for (int32_t i3 = 0; i3 < 18; ++i3) {
      for (int32_t i4 = 0; i4 < 4; ++i4) {
        int32_t cse_var_2 = (i0_i1_fused_i2_fused % 18);
        int32_t cse_var_1 = (i3 * 4);
        ((int16_t*)data_pad)[(((i0_i1_fused_i2_fused * 72) + cse_var_1) + i4)] = (((((1 <= cse_var_2) && (cse_var_2 < 17)) && (1 <= i3)) && (i3 < 17)) ? ((int16_t*)p0_1)[((((((i0_i1_fused_i2_fused / 18) * 1024) + (cse_var_2 * 64)) + cse_var_1) + i4) - 68)] : (int16_t)0);
      }
    }
  }
  for (int32_t ax0_ax1_fused_ax2_fused = 0; ax0_ax1_fused_ax2_fused < 128; ++ax0_ax1_fused_ax2_fused) {
    int32_t conv2d_NCHWc_global[64];
    for (int32_t oc_block_c_init = 0; oc_block_c_init < 4; ++oc_block_c_init) {
      conv2d_NCHWc_global[oc_block_c_init] = 0;
    }
    for (int32_t oc_block_c_init_1 = 0; oc_block_c_init_1 < 4; ++oc_block_c_init_1) {
      conv2d_NCHWc_global[(oc_block_c_init_1 + 4)] = 0;
    }
    for (int32_t oc_block_c_init_2 = 0; oc_block_c_init_2 < 4; ++oc_block_c_init_2) {
      conv2d_NCHWc_global[(oc_block_c_init_2 + 8)] = 0;
    }
    for (int32_t oc_block_c_init_3 = 0; oc_block_c_init_3 < 4; ++oc_block_c_init_3) {
      conv2d_NCHWc_global[(oc_block_c_init_3 + 12)] = 0;
    }
    for (int32_t oc_block_c_init_4 = 0; oc_block_c_init_4 < 4; ++oc_block_c_init_4) {
      conv2d_NCHWc_global[(oc_block_c_init_4 + 16)] = 0;
    }
    for (int32_t oc_block_c_init_5 = 0; oc_block_c_init_5 < 4; ++oc_block_c_init_5) {
      conv2d_NCHWc_global[(oc_block_c_init_5 + 20)] = 0;
    }
    for (int32_t oc_block_c_init_6 = 0; oc_block_c_init_6 < 4; ++oc_block_c_init_6) {
      conv2d_NCHWc_global[(oc_block_c_init_6 + 24)] = 0;
    }
    for (int32_t oc_block_c_init_7 = 0; oc_block_c_init_7 < 4; ++oc_block_c_init_7) {
      conv2d_NCHWc_global[(oc_block_c_init_7 + 28)] = 0;
    }
    for (int32_t oc_block_c_init_8 = 0; oc_block_c_init_8 < 4; ++oc_block_c_init_8) {
      conv2d_NCHWc_global[(oc_block_c_init_8 + 32)] = 0;
    }
    for (int32_t oc_block_c_init_9 = 0; oc_block_c_init_9 < 4; ++oc_block_c_init_9) {
      conv2d_NCHWc_global[(oc_block_c_init_9 + 36)] = 0;
    }
    for (int32_t oc_block_c_init_10 = 0; oc_block_c_init_10 < 4; ++oc_block_c_init_10) {
      conv2d_NCHWc_global[(oc_block_c_init_10 + 40)] = 0;
    }
    for (int32_t oc_block_c_init_11 = 0; oc_block_c_init_11 < 4; ++oc_block_c_init_11) {
      conv2d_NCHWc_global[(oc_block_c_init_11 + 44)] = 0;
    }
    for (int32_t oc_block_c_init_12 = 0; oc_block_c_init_12 < 4; ++oc_block_c_init_12) {
      conv2d_NCHWc_global[(oc_block_c_init_12 + 48)] = 0;
    }
    for (int32_t oc_block_c_init_13 = 0; oc_block_c_init_13 < 4; ++oc_block_c_init_13) {
      conv2d_NCHWc_global[(oc_block_c_init_13 + 52)] = 0;
    }
    for (int32_t oc_block_c_init_14 = 0; oc_block_c_init_14 < 4; ++oc_block_c_init_14) {
      conv2d_NCHWc_global[(oc_block_c_init_14 + 56)] = 0;
    }
    for (int32_t oc_block_c_init_15 = 0; oc_block_c_init_15 < 4; ++oc_block_c_init_15) {
      conv2d_NCHWc_global[(oc_block_c_init_15 + 60)] = 0;
    }
    for (int32_t ic_outer = 0; ic_outer < 8; ++ic_outer) {
      for (int32_t kh = 0; kh < 3; ++kh) {
        for (int32_t kw = 0; kw < 3; ++kw) {
          for (int32_t ic_inner = 0; ic_inner < 4; ++ic_inner) {
            for (int32_t oc_block_c = 0; oc_block_c < 4; ++oc_block_c) {
              conv2d_NCHWc_global[oc_block_c] = (conv2d_NCHWc_global[oc_block_c] + (((int32_t)((int16_t*)data_pad)[(((((ic_outer * 1296) + (kh * 72)) + ((ax0_ax1_fused_ax2_fused & 15) * 72)) + (kw * 4)) + ic_inner)]) * ((int32_t)((int16_t*)fused_constant_3)[(((((((ax0_ax1_fused_ax2_fused >> 4) * 1152) + (ic_outer * 144)) + (kh * 48)) + (kw * 16)) + (ic_inner * 4)) + oc_block_c)])));
            }
            for (int32_t oc_block_c_1 = 0; oc_block_c_1 < 4; ++oc_block_c_1) {
              int32_t cse_var_3 = (oc_block_c_1 + 4);
              conv2d_NCHWc_global[cse_var_3] = (conv2d_NCHWc_global[cse_var_3] + (((int32_t)((int16_t*)data_pad)[((((((ic_outer * 1296) + (kh * 72)) + ((ax0_ax1_fused_ax2_fused & 15) * 72)) + (kw * 4)) + ic_inner) + 4)]) * ((int32_t)((int16_t*)fused_constant_3)[(((((((ax0_ax1_fused_ax2_fused >> 4) * 1152) + (ic_outer * 144)) + (kh * 48)) + (kw * 16)) + (ic_inner * 4)) + oc_block_c_1)])));
            }
            for (int32_t oc_block_c_2 = 0; oc_block_c_2 < 4; ++oc_block_c_2) {
              int32_t cse_var_4 = (oc_block_c_2 + 8);
              conv2d_NCHWc_global[cse_var_4] = (conv2d_NCHWc_global[cse_var_4] + (((int32_t)((int16_t*)data_pad)[((((((ic_outer * 1296) + (kh * 72)) + ((ax0_ax1_fused_ax2_fused & 15) * 72)) + (kw * 4)) + ic_inner) + 8)]) * ((int32_t)((int16_t*)fused_constant_3)[(((((((ax0_ax1_fused_ax2_fused >> 4) * 1152) + (ic_outer * 144)) + (kh * 48)) + (kw * 16)) + (ic_inner * 4)) + oc_block_c_2)])));
            }
            for (int32_t oc_block_c_3 = 0; oc_block_c_3 < 4; ++oc_block_c_3) {
              int32_t cse_var_5 = (oc_block_c_3 + 12);
              conv2d_NCHWc_global[cse_var_5] = (conv2d_NCHWc_global[cse_var_5] + (((int32_t)((int16_t*)data_pad)[((((((ic_outer * 1296) + (kh * 72)) + ((ax0_ax1_fused_ax2_fused & 15) * 72)) + (kw * 4)) + ic_inner) + 12)]) * ((int32_t)((int16_t*)fused_constant_3)[(((((((ax0_ax1_fused_ax2_fused >> 4) * 1152) + (ic_outer * 144)) + (kh * 48)) + (kw * 16)) + (ic_inner * 4)) + oc_block_c_3)])));
            }
            for (int32_t oc_block_c_4 = 0; oc_block_c_4 < 4; ++oc_block_c_4) {
              int32_t cse_var_6 = (oc_block_c_4 + 16);
              conv2d_NCHWc_global[cse_var_6] = (conv2d_NCHWc_global[cse_var_6] + (((int32_t)((int16_t*)data_pad)[((((((ic_outer * 1296) + (kh * 72)) + ((ax0_ax1_fused_ax2_fused & 15) * 72)) + (kw * 4)) + ic_inner) + 16)]) * ((int32_t)((int16_t*)fused_constant_3)[(((((((ax0_ax1_fused_ax2_fused >> 4) * 1152) + (ic_outer * 144)) + (kh * 48)) + (kw * 16)) + (ic_inner * 4)) + oc_block_c_4)])));
            }
            for (int32_t oc_block_c_5 = 0; oc_block_c_5 < 4; ++oc_block_c_5) {
              int32_t cse_var_7 = (oc_block_c_5 + 20);
              conv2d_NCHWc_global[cse_var_7] = (conv2d_NCHWc_global[cse_var_7] + (((int32_t)((int16_t*)data_pad)[((((((ic_outer * 1296) + (kh * 72)) + ((ax0_ax1_fused_ax2_fused & 15) * 72)) + (kw * 4)) + ic_inner) + 20)]) * ((int32_t)((int16_t*)fused_constant_3)[(((((((ax0_ax1_fused_ax2_fused >> 4) * 1152) + (ic_outer * 144)) + (kh * 48)) + (kw * 16)) + (ic_inner * 4)) + oc_block_c_5)])));
            }
            for (int32_t oc_block_c_6 = 0; oc_block_c_6 < 4; ++oc_block_c_6) {
              int32_t cse_var_8 = (oc_block_c_6 + 24);
              conv2d_NCHWc_global[cse_var_8] = (conv2d_NCHWc_global[cse_var_8] + (((int32_t)((int16_t*)data_pad)[((((((ic_outer * 1296) + (kh * 72)) + ((ax0_ax1_fused_ax2_fused & 15) * 72)) + (kw * 4)) + ic_inner) + 24)]) * ((int32_t)((int16_t*)fused_constant_3)[(((((((ax0_ax1_fused_ax2_fused >> 4) * 1152) + (ic_outer * 144)) + (kh * 48)) + (kw * 16)) + (ic_inner * 4)) + oc_block_c_6)])));
            }
            for (int32_t oc_block_c_7 = 0; oc_block_c_7 < 4; ++oc_block_c_7) {
              int32_t cse_var_9 = (oc_block_c_7 + 28);
              conv2d_NCHWc_global[cse_var_9] = (conv2d_NCHWc_global[cse_var_9] + (((int32_t)((int16_t*)data_pad)[((((((ic_outer * 1296) + (kh * 72)) + ((ax0_ax1_fused_ax2_fused & 15) * 72)) + (kw * 4)) + ic_inner) + 28)]) * ((int32_t)((int16_t*)fused_constant_3)[(((((((ax0_ax1_fused_ax2_fused >> 4) * 1152) + (ic_outer * 144)) + (kh * 48)) + (kw * 16)) + (ic_inner * 4)) + oc_block_c_7)])));
            }
            for (int32_t oc_block_c_8 = 0; oc_block_c_8 < 4; ++oc_block_c_8) {
              int32_t cse_var_10 = (oc_block_c_8 + 32);
              conv2d_NCHWc_global[cse_var_10] = (conv2d_NCHWc_global[cse_var_10] + (((int32_t)((int16_t*)data_pad)[((((((ic_outer * 1296) + (kh * 72)) + ((ax0_ax1_fused_ax2_fused & 15) * 72)) + (kw * 4)) + ic_inner) + 32)]) * ((int32_t)((int16_t*)fused_constant_3)[(((((((ax0_ax1_fused_ax2_fused >> 4) * 1152) + (ic_outer * 144)) + (kh * 48)) + (kw * 16)) + (ic_inner * 4)) + oc_block_c_8)])));
            }
            for (int32_t oc_block_c_9 = 0; oc_block_c_9 < 4; ++oc_block_c_9) {
              int32_t cse_var_11 = (oc_block_c_9 + 36);
              conv2d_NCHWc_global[cse_var_11] = (conv2d_NCHWc_global[cse_var_11] + (((int32_t)((int16_t*)data_pad)[((((((ic_outer * 1296) + (kh * 72)) + ((ax0_ax1_fused_ax2_fused & 15) * 72)) + (kw * 4)) + ic_inner) + 36)]) * ((int32_t)((int16_t*)fused_constant_3)[(((((((ax0_ax1_fused_ax2_fused >> 4) * 1152) + (ic_outer * 144)) + (kh * 48)) + (kw * 16)) + (ic_inner * 4)) + oc_block_c_9)])));
            }
            for (int32_t oc_block_c_10 = 0; oc_block_c_10 < 4; ++oc_block_c_10) {
              int32_t cse_var_12 = (oc_block_c_10 + 40);
              conv2d_NCHWc_global[cse_var_12] = (conv2d_NCHWc_global[cse_var_12] + (((int32_t)((int16_t*)data_pad)[((((((ic_outer * 1296) + (kh * 72)) + ((ax0_ax1_fused_ax2_fused & 15) * 72)) + (kw * 4)) + ic_inner) + 40)]) * ((int32_t)((int16_t*)fused_constant_3)[(((((((ax0_ax1_fused_ax2_fused >> 4) * 1152) + (ic_outer * 144)) + (kh * 48)) + (kw * 16)) + (ic_inner * 4)) + oc_block_c_10)])));
            }
            for (int32_t oc_block_c_11 = 0; oc_block_c_11 < 4; ++oc_block_c_11) {
              int32_t cse_var_13 = (oc_block_c_11 + 44);
              conv2d_NCHWc_global[cse_var_13] = (conv2d_NCHWc_global[cse_var_13] + (((int32_t)((int16_t*)data_pad)[((((((ic_outer * 1296) + (kh * 72)) + ((ax0_ax1_fused_ax2_fused & 15) * 72)) + (kw * 4)) + ic_inner) + 44)]) * ((int32_t)((int16_t*)fused_constant_3)[(((((((ax0_ax1_fused_ax2_fused >> 4) * 1152) + (ic_outer * 144)) + (kh * 48)) + (kw * 16)) + (ic_inner * 4)) + oc_block_c_11)])));
            }
            for (int32_t oc_block_c_12 = 0; oc_block_c_12 < 4; ++oc_block_c_12) {
              int32_t cse_var_14 = (oc_block_c_12 + 48);
              conv2d_NCHWc_global[cse_var_14] = (conv2d_NCHWc_global[cse_var_14] + (((int32_t)((int16_t*)data_pad)[((((((ic_outer * 1296) + (kh * 72)) + ((ax0_ax1_fused_ax2_fused & 15) * 72)) + (kw * 4)) + ic_inner) + 48)]) * ((int32_t)((int16_t*)fused_constant_3)[(((((((ax0_ax1_fused_ax2_fused >> 4) * 1152) + (ic_outer * 144)) + (kh * 48)) + (kw * 16)) + (ic_inner * 4)) + oc_block_c_12)])));
            }
            for (int32_t oc_block_c_13 = 0; oc_block_c_13 < 4; ++oc_block_c_13) {
              int32_t cse_var_15 = (oc_block_c_13 + 52);
              conv2d_NCHWc_global[cse_var_15] = (conv2d_NCHWc_global[cse_var_15] + (((int32_t)((int16_t*)data_pad)[((((((ic_outer * 1296) + (kh * 72)) + ((ax0_ax1_fused_ax2_fused & 15) * 72)) + (kw * 4)) + ic_inner) + 52)]) * ((int32_t)((int16_t*)fused_constant_3)[(((((((ax0_ax1_fused_ax2_fused >> 4) * 1152) + (ic_outer * 144)) + (kh * 48)) + (kw * 16)) + (ic_inner * 4)) + oc_block_c_13)])));
            }
            for (int32_t oc_block_c_14 = 0; oc_block_c_14 < 4; ++oc_block_c_14) {
              int32_t cse_var_16 = (oc_block_c_14 + 56);
              conv2d_NCHWc_global[cse_var_16] = (conv2d_NCHWc_global[cse_var_16] + (((int32_t)((int16_t*)data_pad)[((((((ic_outer * 1296) + (kh * 72)) + ((ax0_ax1_fused_ax2_fused & 15) * 72)) + (kw * 4)) + ic_inner) + 56)]) * ((int32_t)((int16_t*)fused_constant_3)[(((((((ax0_ax1_fused_ax2_fused >> 4) * 1152) + (ic_outer * 144)) + (kh * 48)) + (kw * 16)) + (ic_inner * 4)) + oc_block_c_14)])));
            }
            for (int32_t oc_block_c_15 = 0; oc_block_c_15 < 4; ++oc_block_c_15) {
              int32_t cse_var_17 = (oc_block_c_15 + 60);
              conv2d_NCHWc_global[cse_var_17] = (conv2d_NCHWc_global[cse_var_17] + (((int32_t)((int16_t*)data_pad)[((((((ic_outer * 1296) + (kh * 72)) + ((ax0_ax1_fused_ax2_fused & 15) * 72)) + (kw * 4)) + ic_inner) + 60)]) * ((int32_t)((int16_t*)fused_constant_3)[(((((((ax0_ax1_fused_ax2_fused >> 4) * 1152) + (ic_outer * 144)) + (kh * 48)) + (kw * 16)) + (ic_inner * 4)) + oc_block_c_15)])));
            }
          }
        }
      }
    }
    for (int32_t ax3_inner = 0; ax3_inner < 16; ++ax3_inner) {
      for (int32_t ax4 = 0; ax4 < 4; ++ax4) {
        int32_t cse_var_19 = (ax3_inner * 4);
        int32_t cse_var_18 = (((ax0_ax1_fused_ax2_fused >> 4) * 4) + ax4);
        int32_t v_ = ((int32_t)(((((int64_t)(conv2d_NCHWc_global[(cse_var_19 + ax4)] + ((int32_t*)fused_nn_contrib_conv2d_NCHWc_constant_3)[cse_var_18])) * ((int64_t)((int32_t*)fused_nn_contrib_conv2d_NCHWc_add_constant_9)[cse_var_18])) + ((int64_t)1 << ((int64_t)((((int32_t*)fused_nn_contrib_conv2d_NCHWc_add_constant_11)[cse_var_18] + 31) - 1)))) >> ((int64_t)(((int32_t*)fused_nn_contrib_conv2d_NCHWc_add_constant_11)[cse_var_18] + 31)))) + 4;
        int32_t v__1 = (v_) < (127) ? (v_) : (127);
        ((int32_t*)T_add_1)[(((ax0_ax1_fused_ax2_fused * 64) + cse_var_19) + ax4)] = (((int32_t)(((((2 != 0) ? (((int64_t)(((v__1) > (-128) ? (v__1) : (-128)) - ((int32_t*)fused_nn_contrib_conv2d_NCHWc_add_fixed_point_multiply_per_axis_add_clip_constant)[0])) << ((int64_t)2)) : ((int64_t)(((v__1) > (-128) ? (v__1) : (-128)) - ((int32_t*)fused_nn_contrib_conv2d_NCHWc_add_fixed_point_multiply_per_axis_add_clip_constant)[0]))) * (int64_t)1140768826) + ((int64_t)1 << ((int64_t)((0 + 31) - 1)))) >> ((int64_t)(0 + 31)))) - 128);
      }
    }
  }
  if (TVMBackendFreeWorkspace(1, dev_id, data_pad) != 0) {
    return -1;
  }
  return 0;
}

#ifdef __cplusplus
extern "C"
#endif
TVM_DLL int32_t tvmgen_default_fused_nn_contrib_conv2d_NCHWc_add_fixed_point_multiply_per_axis_add_clip_subtrac_bd516479e7fd717__1(void* args, int32_t* arg_type_ids, int32_t num_args, void* out_ret_value, int32_t* out_ret_tcode, void* resource_handle) {
  int32_t p0_code = arg_type_ids[0];
  int32_t T_add_code = arg_type_ids[1];
  void* p0 = (((TVMValue*)args)[0].v_handle);
  void* T_add = (((TVMValue*)args)[1].v_handle);
  void* p0_1 = (((DLTensor*)p0)[0].data);
  void* tvmgen_default_fused_nn_contrib_conv2d_NCHWc_add_fixed_point_multiply_per_axis_add_clip_subtrac_bd516479e7fd717__1_p0_shape = (((DLTensor*)p0)[0].shape);
  void* tvmgen_default_fused_nn_contrib_conv2d_NCHWc_add_fixed_point_multiply_per_axis_add_clip_subtrac_bd516479e7fd717__1_p0_strides = (((DLTensor*)p0)[0].strides);
  int32_t dev_id = (((DLTensor*)p0)[0].device.device_id);
  void* T_add_1 = (((DLTensor*)T_add)[0].data);
  void* tvmgen_default_fused_nn_contrib_conv2d_NCHWc_add_fixed_point_multiply_per_axis_add_clip_subtrac_bd516479e7fd717__1_T_add_shape = (((DLTensor*)T_add)[0].shape);
  void* tvmgen_default_fused_nn_contrib_conv2d_NCHWc_add_fixed_point_multiply_per_axis_add_clip_subtrac_bd516479e7fd717__1_T_add_strides = (((DLTensor*)T_add)[0].strides);
  if (!(tvmgen_default_fused_nn_contrib_conv2d_NCHWc_add_fixed_point_multiply_per_axis_add_clip_subtrac_bd516479e7fd717__1_p0_strides == NULL)) {
  }
  if (!(tvmgen_default_fused_nn_contrib_conv2d_NCHWc_add_fixed_point_multiply_per_axis_add_clip_subtrac_bd516479e7fd717__1_T_add_strides == NULL)) {
  }
  void* data_pad = TVMBackendAllocWorkspace(1, dev_id, (uint64_t)12800, 0, 16);
  if (data_pad == NULL) {
    return -1;
  }
  for (int32_t i0_i1_fused_i2_fused = 0; i0_i1_fused_i2_fused < 160; ++i0_i1_fused_i2_fused) {
    for (int32_t i3 = 0; i3 < 10; ++i3) {
      for (int32_t i4 = 0; i4 < 4; ++i4) {
        int32_t cse_var_2 = (i0_i1_fused_i2_fused % 10);
        int32_t cse_var_1 = (i3 * 4);
        ((int16_t*)data_pad)[(((i0_i1_fused_i2_fused * 40) + cse_var_1) + i4)] = (((((1 <= cse_var_2) && (cse_var_2 < 9)) && (1 <= i3)) && (i3 < 9)) ? ((int16_t*)p0_1)[((((((i0_i1_fused_i2_fused / 10) * 256) + (cse_var_2 * 32)) + cse_var_1) + i4) - 36)] : (int16_t)0);
      }
    }
  }
  for (int32_t ax0_ax1_fused_ax2_fused = 0; ax0_ax1_fused_ax2_fused < 128; ++ax0_ax1_fused_ax2_fused) {
    int32_t conv2d_NCHWc_global[32];
    for (int32_t oc_block_c_init = 0; oc_block_c_init < 4; ++oc_block_c_init) {
      conv2d_NCHWc_global[oc_block_c_init] = 0;
    }
    for (int32_t oc_block_c_init_1 = 0; oc_block_c_init_1 < 4; ++oc_block_c_init_1) {
      conv2d_NCHWc_global[(oc_block_c_init_1 + 4)] = 0;
    }
    for (int32_t oc_block_c_init_2 = 0; oc_block_c_init_2 < 4; ++oc_block_c_init_2) {
      conv2d_NCHWc_global[(oc_block_c_init_2 + 8)] = 0;
    }
    for (int32_t oc_block_c_init_3 = 0; oc_block_c_init_3 < 4; ++oc_block_c_init_3) {
      conv2d_NCHWc_global[(oc_block_c_init_3 + 12)] = 0;
    }
    for (int32_t oc_block_c_init_4 = 0; oc_block_c_init_4 < 4; ++oc_block_c_init_4) {
      conv2d_NCHWc_global[(oc_block_c_init_4 + 16)] = 0;
    }
    for (int32_t oc_block_c_init_5 = 0; oc_block_c_init_5 < 4; ++oc_block_c_init_5) {
      conv2d_NCHWc_global[(oc_block_c_init_5 + 20)] = 0;
    }
    for (int32_t oc_block_c_init_6 = 0; oc_block_c_init_6 < 4; ++oc_block_c_init_6) {
      conv2d_NCHWc_global[(oc_block_c_init_6 + 24)] = 0;
    }
    for (int32_t oc_block_c_init_7 = 0; oc_block_c_init_7 < 4; ++oc_block_c_init_7) {
      conv2d_NCHWc_global[(oc_block_c_init_7 + 28)] = 0;
    }
    for (int32_t ic_outer = 0; ic_outer < 16; ++ic_outer) {
      for (int32_t kh = 0; kh < 3; ++kh) {
        for (int32_t kw = 0; kw < 3; ++kw) {
          for (int32_t ic_inner = 0; ic_inner < 4; ++ic_inner) {
            for (int32_t oc_block_c = 0; oc_block_c < 4; ++oc_block_c) {
              conv2d_NCHWc_global[oc_block_c] = (conv2d_NCHWc_global[oc_block_c] + (((int32_t)((int16_t*)data_pad)[(((((ic_outer * 400) + (kh * 40)) + ((ax0_ax1_fused_ax2_fused & 7) * 40)) + (kw * 4)) + ic_inner)]) * ((int32_t)((int16_t*)fused_constant_6)[(((((((ax0_ax1_fused_ax2_fused >> 3) * 2304) + (ic_outer * 144)) + (kh * 48)) + (kw * 16)) + (ic_inner * 4)) + oc_block_c)])));
            }
            for (int32_t oc_block_c_1 = 0; oc_block_c_1 < 4; ++oc_block_c_1) {
              int32_t cse_var_3 = (oc_block_c_1 + 4);
              conv2d_NCHWc_global[cse_var_3] = (conv2d_NCHWc_global[cse_var_3] + (((int32_t)((int16_t*)data_pad)[((((((ic_outer * 400) + (kh * 40)) + ((ax0_ax1_fused_ax2_fused & 7) * 40)) + (kw * 4)) + ic_inner) + 4)]) * ((int32_t)((int16_t*)fused_constant_6)[(((((((ax0_ax1_fused_ax2_fused >> 3) * 2304) + (ic_outer * 144)) + (kh * 48)) + (kw * 16)) + (ic_inner * 4)) + oc_block_c_1)])));
            }
            for (int32_t oc_block_c_2 = 0; oc_block_c_2 < 4; ++oc_block_c_2) {
              int32_t cse_var_4 = (oc_block_c_2 + 8);
              conv2d_NCHWc_global[cse_var_4] = (conv2d_NCHWc_global[cse_var_4] + (((int32_t)((int16_t*)data_pad)[((((((ic_outer * 400) + (kh * 40)) + ((ax0_ax1_fused_ax2_fused & 7) * 40)) + (kw * 4)) + ic_inner) + 8)]) * ((int32_t)((int16_t*)fused_constant_6)[(((((((ax0_ax1_fused_ax2_fused >> 3) * 2304) + (ic_outer * 144)) + (kh * 48)) + (kw * 16)) + (ic_inner * 4)) + oc_block_c_2)])));
            }
            for (int32_t oc_block_c_3 = 0; oc_block_c_3 < 4; ++oc_block_c_3) {
              int32_t cse_var_5 = (oc_block_c_3 + 12);
              conv2d_NCHWc_global[cse_var_5] = (conv2d_NCHWc_global[cse_var_5] + (((int32_t)((int16_t*)data_pad)[((((((ic_outer * 400) + (kh * 40)) + ((ax0_ax1_fused_ax2_fused & 7) * 40)) + (kw * 4)) + ic_inner) + 12)]) * ((int32_t)((int16_t*)fused_constant_6)[(((((((ax0_ax1_fused_ax2_fused >> 3) * 2304) + (ic_outer * 144)) + (kh * 48)) + (kw * 16)) + (ic_inner * 4)) + oc_block_c_3)])));
            }
            for (int32_t oc_block_c_4 = 0; oc_block_c_4 < 4; ++oc_block_c_4) {
              int32_t cse_var_6 = (oc_block_c_4 + 16);
              conv2d_NCHWc_global[cse_var_6] = (conv2d_NCHWc_global[cse_var_6] + (((int32_t)((int16_t*)data_pad)[((((((ic_outer * 400) + (kh * 40)) + ((ax0_ax1_fused_ax2_fused & 7) * 40)) + (kw * 4)) + ic_inner) + 16)]) * ((int32_t)((int16_t*)fused_constant_6)[(((((((ax0_ax1_fused_ax2_fused >> 3) * 2304) + (ic_outer * 144)) + (kh * 48)) + (kw * 16)) + (ic_inner * 4)) + oc_block_c_4)])));
            }
            for (int32_t oc_block_c_5 = 0; oc_block_c_5 < 4; ++oc_block_c_5) {
              int32_t cse_var_7 = (oc_block_c_5 + 20);
              conv2d_NCHWc_global[cse_var_7] = (conv2d_NCHWc_global[cse_var_7] + (((int32_t)((int16_t*)data_pad)[((((((ic_outer * 400) + (kh * 40)) + ((ax0_ax1_fused_ax2_fused & 7) * 40)) + (kw * 4)) + ic_inner) + 20)]) * ((int32_t)((int16_t*)fused_constant_6)[(((((((ax0_ax1_fused_ax2_fused >> 3) * 2304) + (ic_outer * 144)) + (kh * 48)) + (kw * 16)) + (ic_inner * 4)) + oc_block_c_5)])));
            }
            for (int32_t oc_block_c_6 = 0; oc_block_c_6 < 4; ++oc_block_c_6) {
              int32_t cse_var_8 = (oc_block_c_6 + 24);
              conv2d_NCHWc_global[cse_var_8] = (conv2d_NCHWc_global[cse_var_8] + (((int32_t)((int16_t*)data_pad)[((((((ic_outer * 400) + (kh * 40)) + ((ax0_ax1_fused_ax2_fused & 7) * 40)) + (kw * 4)) + ic_inner) + 24)]) * ((int32_t)((int16_t*)fused_constant_6)[(((((((ax0_ax1_fused_ax2_fused >> 3) * 2304) + (ic_outer * 144)) + (kh * 48)) + (kw * 16)) + (ic_inner * 4)) + oc_block_c_6)])));
            }
            for (int32_t oc_block_c_7 = 0; oc_block_c_7 < 4; ++oc_block_c_7) {
              int32_t cse_var_9 = (oc_block_c_7 + 28);
              conv2d_NCHWc_global[cse_var_9] = (conv2d_NCHWc_global[cse_var_9] + (((int32_t)((int16_t*)data_pad)[((((((ic_outer * 400) + (kh * 40)) + ((ax0_ax1_fused_ax2_fused & 7) * 40)) + (kw * 4)) + ic_inner) + 28)]) * ((int32_t)((int16_t*)fused_constant_6)[(((((((ax0_ax1_fused_ax2_fused >> 3) * 2304) + (ic_outer * 144)) + (kh * 48)) + (kw * 16)) + (ic_inner * 4)) + oc_block_c_7)])));
            }
          }
        }
      }
    }
    for (int32_t ax3_inner = 0; ax3_inner < 8; ++ax3_inner) {
      for (int32_t ax4 = 0; ax4 < 4; ++ax4) {
        int32_t cse_var_11 = (ax3_inner * 4);
        int32_t cse_var_10 = (((ax0_ax1_fused_ax2_fused >> 3) * 4) + ax4);
        int32_t v_ = ((int32_t)(((((int64_t)(conv2d_NCHWc_global[(cse_var_11 + ax4)] + ((int32_t*)fused_nn_contrib_conv2d_NCHWc_constant_6)[cse_var_10])) * ((int64_t)((int32_t*)fused_nn_contrib_conv2d_NCHWc_add_constant_18)[cse_var_10])) + ((int64_t)1 << ((int64_t)((((int32_t*)fused_nn_contrib_conv2d_NCHWc_add_constant_20)[cse_var_10] + 31) - 1)))) >> ((int64_t)(((int32_t*)fused_nn_contrib_conv2d_NCHWc_add_constant_20)[cse_var_10] + 31)))) - 2;
        int32_t v__1 = (v_) < (127) ? (v_) : (127);
        ((int32_t*)T_add_1)[(((ax0_ax1_fused_ax2_fused * 32) + cse_var_11) + ax4)] = (((int32_t)(((((1 != 0) ? (((int64_t)(((v__1) > (-128) ? (v__1) : (-128)) - ((int32_t*)fused_nn_contrib_conv2d_NCHWc_add_fixed_point_multiply_per_axis_add_clip_constant_2)[0])) << ((int64_t)1)) : ((int64_t)(((v__1) > (-128) ? (v__1) : (-128)) - ((int32_t*)fused_nn_contrib_conv2d_NCHWc_add_fixed_point_multiply_per_axis_add_clip_constant_2)[0]))) * (int64_t)1835721671) + ((int64_t)1 << ((int64_t)((0 + 31) - 1)))) >> ((int64_t)(0 + 31)))) - 128);
      }
    }
  }
  if (TVMBackendFreeWorkspace(1, dev_id, data_pad) != 0) {
    return -1;
  }
  return 0;
}

#ifdef __cplusplus
extern "C"
#endif
TVM_DLL int32_t tvmgen_default_fused_nn_contrib_dense_pack_add_fixed_point_multiply_add_clip_subtract_cast_mult_1c9b307ace4645e7_(void* args, int32_t* arg_type_ids, int32_t num_args, void* out_ret_value, int32_t* out_ret_tcode, void* resource_handle) {
  int32_t p0_code = arg_type_ids[0];
  int32_t T_multiply_code = arg_type_ids[1];
  void* p0 = (((TVMValue*)args)[0].v_handle);
  void* T_multiply = (((TVMValue*)args)[1].v_handle);
  void* p0_1 = (((DLTensor*)p0)[0].data);
  void* tvmgen_default_fused_nn_contrib_dense_pack_add_fixed_point_multiply_add_clip_subtract_cast_mult_1c9b307ace4645e7__p0_shape = (((DLTensor*)p0)[0].shape);
  void* tvmgen_default_fused_nn_contrib_dense_pack_add_fixed_point_multiply_add_clip_subtract_cast_mult_1c9b307ace4645e7__p0_strides = (((DLTensor*)p0)[0].strides);
  int32_t dev_id = (((DLTensor*)p0)[0].device.device_id);
  void* T_multiply_1 = (((DLTensor*)T_multiply)[0].data);
  void* tvmgen_default_fused_nn_contrib_dense_pack_add_fixed_point_multiply_add_clip_subtract_cast_mult_1c9b307ace4645e7__T_multiply_shape = (((DLTensor*)T_multiply)[0].shape);
  void* tvmgen_default_fused_nn_contrib_dense_pack_add_fixed_point_multiply_add_clip_subtract_cast_mult_1c9b307ace4645e7__T_multiply_strides = (((DLTensor*)T_multiply)[0].strides);
  if (!(tvmgen_default_fused_nn_contrib_dense_pack_add_fixed_point_multiply_add_clip_subtract_cast_mult_1c9b307ace4645e7__p0_strides == NULL)) {
  }
  if (!(tvmgen_default_fused_nn_contrib_dense_pack_add_fixed_point_multiply_add_clip_subtract_cast_mult_1c9b307ace4645e7__T_multiply_strides == NULL)) {
  }
  for (int32_t ax1_outer_ax0_outer_fused = 0; ax1_outer_ax0_outer_fused < 2; ++ax1_outer_ax0_outer_fused) {
    int32_t compute_global[5];
    for (int32_t x_c_init = 0; x_c_init < 5; ++x_c_init) {
      compute_global[x_c_init] = 0;
    }
    for (int32_t k_outer = 0; k_outer < 64; ++k_outer) {
      for (int32_t x_c = 0; x_c < 5; ++x_c) {
        compute_global[x_c] = (compute_global[x_c] + (((int32_t)((int16_t*)p0_1)[k_outer]) * ((int32_t)((int16_t*)fused_constant_8)[(((ax1_outer_ax0_outer_fused * 320) + (k_outer * 5)) + x_c)])));
      }
    }
    for (int32_t ax1_inner_inner = 0; ax1_inner_inner < 5; ++ax1_inner_inner) {
      int32_t cse_var_1 = ((ax1_outer_ax0_outer_fused * 5) + ax1_inner_inner);
      int32_t v_ = ((int32_t)(((((0 != 0) ? (((int64_t)(compute_global[ax1_inner_inner] + ((int32_t*)fused_nn_contrib_dense_pack_constant)[cse_var_1])) << ((int64_t)0)) : ((int64_t)(compute_global[ax1_inner_inner] + ((int32_t*)fused_nn_contrib_dense_pack_constant)[cse_var_1]))) * (int64_t)1552512742) + ((int64_t)1 << ((int64_t)((5 + 31) - 1)))) >> ((int64_t)(5 + 31)))) + 24;
      int32_t v__1 = (v_) < (127) ? (v_) : (127);
      ((float*)T_multiply_1)[cse_var_1] = (((float)(((v__1) > (-128) ? (v__1) : (-128)) - 24)) * 1.718535e-01f);
    }
  }
  return 0;
}

#ifdef __cplusplus
extern "C"
#endif
TVM_DLL int32_t tvmgen_default_fused_nn_softmax_divide_round_add_clip_cast(void* args, int32_t* arg_type_ids, int32_t num_args, void* out_ret_value, int32_t* out_ret_tcode, void* resource_handle) {
  int32_t p0_code = arg_type_ids[0];
  int32_t T_cast_code = arg_type_ids[1];
  void* p0 = (((TVMValue*)args)[0].v_handle);
  void* T_cast = (((TVMValue*)args)[1].v_handle);
  void* p0_1 = (((DLTensor*)p0)[0].data);
  void* tvmgen_default_fused_nn_softmax_divide_round_add_clip_cast_p0_shape = (((DLTensor*)p0)[0].shape);
  void* tvmgen_default_fused_nn_softmax_divide_round_add_clip_cast_p0_strides = (((DLTensor*)p0)[0].strides);
  int32_t dev_id = (((DLTensor*)p0)[0].device.device_id);
  void* T_cast_1 = (((DLTensor*)T_cast)[0].data);
  void* tvmgen_default_fused_nn_softmax_divide_round_add_clip_cast_T_cast_shape = (((DLTensor*)T_cast)[0].shape);
  void* tvmgen_default_fused_nn_softmax_divide_round_add_clip_cast_T_cast_strides = (((DLTensor*)T_cast)[0].strides);
  if (!(tvmgen_default_fused_nn_softmax_divide_round_add_clip_cast_p0_strides == NULL)) {
  }
  if (!(tvmgen_default_fused_nn_softmax_divide_round_add_clip_cast_T_cast_strides == NULL)) {
  }
  float T_softmax_maxelem[1];
  float T_softmax_exp[10];
  float T_softmax_expsum[1];
  T_softmax_maxelem[0] = -3.402823e+38f;
  for (int32_t k = 0; k < 10; ++k) {
    float v_ = T_softmax_maxelem[0];
    float v__1 = ((float*)p0_1)[k];
    T_softmax_maxelem[0] = ((v_) > (v__1) ? (v_) : (v__1));
  }
  for (int32_t i1 = 0; i1 < 10; ++i1) {
    T_softmax_exp[i1] = expf((((float*)p0_1)[i1] - T_softmax_maxelem[0]));
  }
  T_softmax_expsum[0] = 0.000000e+00f;
  for (int32_t k_1 = 0; k_1 < 10; ++k_1) {
    T_softmax_expsum[0] = (T_softmax_expsum[0] + T_softmax_exp[k_1]);
  }
  for (int32_t i1_1 = 0; i1_1 < 10; ++i1_1) {
    T_softmax_exp[i1_1] = (T_softmax_exp[i1_1] / T_softmax_expsum[0]);
  }
  for (int32_t ax1 = 0; ax1 < 10; ++ax1) {
    float v__2 = roundf((T_softmax_exp[ax1] * 2.560000e+02f)) + -1.280000e+02f;
    float v__3 = (v__2) < (1.270000e+02f) ? (v__2) : (1.270000e+02f);
    ((int8_t*)T_cast_1)[ax1] = ((int8_t)((v__3) > (-1.280000e+02f) ? (v__3) : (-1.280000e+02f)));
  }
  return 0;
}

#ifdef __cplusplus
extern "C"
#endif
TVM_DLL int32_t tvmgen_default___tvm_main__(void* args, int32_t* arg_type_ids, int32_t num_args, void* out_ret_value, int32_t* out_ret_tcode, void* resource_handle) {
  TVMValue stack[2];
  void* stack_tcode = stack;
  TVMValue stack_1[4];
  void* stack_value = stack_1;
  TVMValue stack_2[18];
  void* stack_array = stack_2;
  TVMValue stack_3[15];
  void* stack_shape = stack_3;
  int32_t input_1_int8_code = arg_type_ids[0];
  int32_t Identity_int8_code = arg_type_ids[1];
  void* input_1_int8 = (((TVMValue*)args)[0].v_handle);
  void* Identity_int8 = (((TVMValue*)args)[1].v_handle);
  void* input_1_int8_buffer_var = (((DLTensor*)input_1_int8)[0].data);
  void* tvmgen_default___tvm_main___input_1_int8_shape = (((DLTensor*)input_1_int8)[0].shape);
  void* tvmgen_default___tvm_main___input_1_int8_strides = (((DLTensor*)input_1_int8)[0].strides);
  int32_t dev_id = (((DLTensor*)input_1_int8)[0].device.device_id);
  void* Identity_int8_buffer_var = (((DLTensor*)Identity_int8)[0].data);
  void* tvmgen_default___tvm_main___Identity_int8_shape = (((DLTensor*)Identity_int8)[0].shape);
  void* tvmgen_default___tvm_main___Identity_int8_strides = (((DLTensor*)Identity_int8)[0].strides);
  if (!(tvmgen_default___tvm_main___input_1_int8_strides == NULL)) {
  }
  if (!(tvmgen_default___tvm_main___Identity_int8_strides == NULL)) {
  }
  void* sid_1 = TVMBackendAllocWorkspace(1, dev_id, (uint64_t)32768, 0, 8);
  if (sid_1 == NULL) {
    return -1;
  }
  void* sid_2 = TVMBackendAllocWorkspace(1, dev_id, (uint64_t)16384, 0, 8);
  if (sid_2 == NULL) {
    return -1;
  }
  void* sid_4 = TVMBackendAllocWorkspace(1, dev_id, (uint64_t)32768, 0, 8);
  if (sid_4 == NULL) {
    return -1;
  }
  void* sid_12 = TVMBackendAllocWorkspace(1, dev_id, (uint64_t)64, 0, 8);
  if (sid_12 == NULL) {
    return -1;
  }
  void* sid_13 = TVMBackendAllocWorkspace(1, dev_id, (uint64_t)128, 0, 8);
  if (sid_13 == NULL) {
    return -1;
  }
  ((int64_t*)stack_shape)[0] = (int64_t)1;
  ((int64_t*)stack_shape)[1] = (int64_t)32;
  ((int64_t*)stack_shape)[2] = (int64_t)32;
  ((int64_t*)stack_shape)[3] = (int64_t)3;
  (((DLTensor*)stack_array)[0].data) = input_1_int8_buffer_var;
  (((DLTensor*)stack_array)[0].shape) = (&(((int64_t*)stack_shape)[0]));
    uint64_t v_ = (uint64_t)0;
  (((DLTensor*)stack_array)[0].strides) = (int64_t*)(*(void* *)(&(v_)));
  (((DLTensor*)stack_array)[0].ndim) = (uint32_t)4;
  (((DLTensor*)stack_array)[0].dtype.code) = (uint8_t)0;
  (((DLTensor*)stack_array)[0].dtype.bits) = (uint8_t)8;
  (((DLTensor*)stack_array)[0].dtype.lanes) = (uint16_t)1;
  (((DLTensor*)stack_array)[0].byte_offset) = (uint64_t)0;
  (((DLTensor*)stack_array)[0].device.device_id) = dev_id;
  (((DLTensor*)stack_array)[0].device.device_type) = (DLDeviceType)1;
  ((int64_t*)stack_shape)[4] = (int64_t)1;
  ((int64_t*)stack_shape)[5] = (int64_t)1;
  ((int64_t*)stack_shape)[6] = (int64_t)32;
  ((int64_t*)stack_shape)[7] = (int64_t)32;
  ((int64_t*)stack_shape)[8] = (int64_t)3;
  (((DLTensor*)stack_array)[1].data) = sid_1;
  (((DLTensor*)stack_array)[1].shape) = (&(((int64_t*)stack_shape)[4]));
    uint64_t v__1 = (uint64_t)0;
  (((DLTensor*)stack_array)[1].strides) = (int64_t*)(*(void* *)(&(v__1)));
  (((DLTensor*)stack_array)[1].ndim) = (uint32_t)5;
  (((DLTensor*)stack_array)[1].dtype.code) = (uint8_t)0;
  (((DLTensor*)stack_array)[1].dtype.bits) = (uint8_t)16;
  (((DLTensor*)stack_array)[1].dtype.lanes) = (uint16_t)1;
  (((DLTensor*)stack_array)[1].byte_offset) = (uint64_t)0;
  (((DLTensor*)stack_array)[1].device.device_id) = dev_id;
  (((DLTensor*)stack_array)[1].device.device_type) = (DLDeviceType)1;
  (((TVMValue*)stack_value)[0].v_handle) = (((DLTensor*)stack_array) + 0);
  ((int32_t*)stack_tcode)[0] = 7;
  (((TVMValue*)stack_value)[1].v_handle) = (((DLTensor*)stack_array) + 1);
  ((int32_t*)stack_tcode)[1] = 7;
  TVMValue ret_val;
  int ret_type_code;
  if (tvmgen_default_fused_layout_transform_cast_subtract_layout_transform( (TVMValue*) stack_value , (int*) stack_tcode, 2, &ret_val, &ret_type_code, NULL) != 0){
    return -1;
  }
  ((int64_t*)stack_shape)[0] = (int64_t)1;
  ((int64_t*)stack_shape)[1] = (int64_t)1;
  ((int64_t*)stack_shape)[2] = (int64_t)32;
  ((int64_t*)stack_shape)[3] = (int64_t)32;
  ((int64_t*)stack_shape)[4] = (int64_t)3;
  (((DLTensor*)stack_array)[0].data) = sid_1;
  (((DLTensor*)stack_array)[0].shape) = (&(((int64_t*)stack_shape)[0]));
    uint64_t v__2 = (uint64_t)0;
  (((DLTensor*)stack_array)[0].strides) = (int64_t*)(*(void* *)(&(v__2)));
  (((DLTensor*)stack_array)[0].ndim) = (uint32_t)5;
  (((DLTensor*)stack_array)[0].dtype.code) = (uint8_t)0;
  (((DLTensor*)stack_array)[0].dtype.bits) = (uint8_t)16;
  (((DLTensor*)stack_array)[0].dtype.lanes) = (uint16_t)1;
  (((DLTensor*)stack_array)[0].byte_offset) = (uint64_t)0;
  (((DLTensor*)stack_array)[0].device.device_id) = dev_id;
  (((DLTensor*)stack_array)[0].device.device_type) = (DLDeviceType)1;
  ((int64_t*)stack_shape)[5] = (int64_t)1;
  ((int64_t*)stack_shape)[6] = (int64_t)4;
  ((int64_t*)stack_shape)[7] = (int64_t)32;
  ((int64_t*)stack_shape)[8] = (int64_t)32;
  ((int64_t*)stack_shape)[9] = (int64_t)4;
  (((DLTensor*)stack_array)[1].data) = sid_2;
  (((DLTensor*)stack_array)[1].shape) = (&(((int64_t*)stack_shape)[5]));
    uint64_t v__3 = (uint64_t)0;
  (((DLTensor*)stack_array)[1].strides) = (int64_t*)(*(void* *)(&(v__3)));
  (((DLTensor*)stack_array)[1].ndim) = (uint32_t)5;
  (((DLTensor*)stack_array)[1].dtype.code) = (uint8_t)0;
  (((DLTensor*)stack_array)[1].dtype.bits) = (uint8_t)8;
  (((DLTensor*)stack_array)[1].dtype.lanes) = (uint16_t)1;
  (((DLTensor*)stack_array)[1].byte_offset) = (uint64_t)0;
  (((DLTensor*)stack_array)[1].device.device_id) = dev_id;
  (((DLTensor*)stack_array)[1].device.device_type) = (DLDeviceType)1;
  (((TVMValue*)stack_value)[0].v_handle) = (((DLTensor*)stack_array) + 0);
  ((int32_t*)stack_tcode)[0] = 7;
  (((TVMValue*)stack_value)[1].v_handle) = (((DLTensor*)stack_array) + 1);
  ((int32_t*)stack_tcode)[1] = 7;
  TVMValue ret_val_1;
  int ret_type_code_1;
  if (tvmgen_default_fused_nn_contrib_conv2d_NCHWc_add_fixed_point_multiply_per_axis_add_clip_cast( (TVMValue*) stack_value , (int*) stack_tcode, 2, &ret_val_1, &ret_type_code_1, NULL) != 0){
    return -1;
  }
  ((int64_t*)stack_shape)[0] = (int64_t)1;
  ((int64_t*)stack_shape)[1] = (int64_t)4;
  ((int64_t*)stack_shape)[2] = (int64_t)32;
  ((int64_t*)stack_shape)[3] = (int64_t)32;
  ((int64_t*)stack_shape)[4] = (int64_t)4;
  (((DLTensor*)stack_array)[0].data) = sid_2;
  (((DLTensor*)stack_array)[0].shape) = (&(((int64_t*)stack_shape)[0]));
    uint64_t v__4 = (uint64_t)0;
  (((DLTensor*)stack_array)[0].strides) = (int64_t*)(*(void* *)(&(v__4)));
  (((DLTensor*)stack_array)[0].ndim) = (uint32_t)5;
  (((DLTensor*)stack_array)[0].dtype.code) = (uint8_t)0;
  (((DLTensor*)stack_array)[0].dtype.bits) = (uint8_t)8;
  (((DLTensor*)stack_array)[0].dtype.lanes) = (uint16_t)1;
  (((DLTensor*)stack_array)[0].byte_offset) = (uint64_t)0;
  (((DLTensor*)stack_array)[0].device.device_id) = dev_id;
  (((DLTensor*)stack_array)[0].device.device_type) = (DLDeviceType)1;
  ((int64_t*)stack_shape)[5] = (int64_t)1;
  ((int64_t*)stack_shape)[6] = (int64_t)4;
  ((int64_t*)stack_shape)[7] = (int64_t)32;
  ((int64_t*)stack_shape)[8] = (int64_t)32;
  ((int64_t*)stack_shape)[9] = (int64_t)4;
  (((DLTensor*)stack_array)[1].data) = sid_1;
  (((DLTensor*)stack_array)[1].shape) = (&(((int64_t*)stack_shape)[5]));
    uint64_t v__5 = (uint64_t)0;
  (((DLTensor*)stack_array)[1].strides) = (int64_t*)(*(void* *)(&(v__5)));
  (((DLTensor*)stack_array)[1].ndim) = (uint32_t)5;
  (((DLTensor*)stack_array)[1].dtype.code) = (uint8_t)0;
  (((DLTensor*)stack_array)[1].dtype.bits) = (uint8_t)16;
  (((DLTensor*)stack_array)[1].dtype.lanes) = (uint16_t)1;
  (((DLTensor*)stack_array)[1].byte_offset) = (uint64_t)0;
  (((DLTensor*)stack_array)[1].device.device_id) = dev_id;
  (((DLTensor*)stack_array)[1].device.device_type) = (DLDeviceType)1;
  (((TVMValue*)stack_value)[0].v_handle) = (((DLTensor*)stack_array) + 0);
  ((int32_t*)stack_tcode)[0] = 7;
  (((TVMValue*)stack_value)[1].v_handle) = (((DLTensor*)stack_array) + 1);
  ((int32_t*)stack_tcode)[1] = 7;
  TVMValue ret_val_2;
  int ret_type_code_2;
  if (tvmgen_default_fused_cast_subtract( (TVMValue*) stack_value , (int*) stack_tcode, 2, &ret_val_2, &ret_type_code_2, NULL) != 0){
    return -1;
  }
  ((int64_t*)stack_shape)[0] = (int64_t)1;
  ((int64_t*)stack_shape)[1] = (int64_t)4;
  ((int64_t*)stack_shape)[2] = (int64_t)32;
  ((int64_t*)stack_shape)[3] = (int64_t)32;
  ((int64_t*)stack_shape)[4] = (int64_t)4;
  (((DLTensor*)stack_array)[0].data) = sid_1;
  (((DLTensor*)stack_array)[0].shape) = (&(((int64_t*)stack_shape)[0]));
    uint64_t v__6 = (uint64_t)0;
  (((DLTensor*)stack_array)[0].strides) = (int64_t*)(*(void* *)(&(v__6)));
  (((DLTensor*)stack_array)[0].ndim) = (uint32_t)5;
  (((DLTensor*)stack_array)[0].dtype.code) = (uint8_t)0;
  (((DLTensor*)stack_array)[0].dtype.bits) = (uint8_t)16;
  (((DLTensor*)stack_array)[0].dtype.lanes) = (uint16_t)1;
  (((DLTensor*)stack_array)[0].byte_offset) = (uint64_t)0;
  (((DLTensor*)stack_array)[0].device.device_id) = dev_id;
  (((DLTensor*)stack_array)[0].device.device_type) = (DLDeviceType)1;
  ((int64_t*)stack_shape)[5] = (int64_t)1;
  ((int64_t*)stack_shape)[6] = (int64_t)4;
  ((int64_t*)stack_shape)[7] = (int64_t)32;
  ((int64_t*)stack_shape)[8] = (int64_t)32;
  ((int64_t*)stack_shape)[9] = (int64_t)4;
  (((DLTensor*)stack_array)[1].data) = sid_4;
  (((DLTensor*)stack_array)[1].shape) = (&(((int64_t*)stack_shape)[5]));
    uint64_t v__7 = (uint64_t)0;
  (((DLTensor*)stack_array)[1].strides) = (int64_t*)(*(void* *)(&(v__7)));
  (((DLTensor*)stack_array)[1].ndim) = (uint32_t)5;
  (((DLTensor*)stack_array)[1].dtype.code) = (uint8_t)0;
  (((DLTensor*)stack_array)[1].dtype.bits) = (uint8_t)16;
  (((DLTensor*)stack_array)[1].dtype.lanes) = (uint16_t)1;
  (((DLTensor*)stack_array)[1].byte_offset) = (uint64_t)0;
  (((DLTensor*)stack_array)[1].device.device_id) = dev_id;
  (((DLTensor*)stack_array)[1].device.device_type) = (DLDeviceType)1;
  (((TVMValue*)stack_value)[0].v_handle) = (((DLTensor*)stack_array) + 0);
  ((int32_t*)stack_tcode)[0] = 7;
  (((TVMValue*)stack_value)[1].v_handle) = (((DLTensor*)stack_array) + 1);
  ((int32_t*)stack_tcode)[1] = 7;
  TVMValue ret_val_3;
  int ret_type_code_3;
  if (tvmgen_default_fused_nn_contrib_conv2d_NCHWc_add_fixed_point_multiply_per_axis_add_clip_cast_ca_f68cd3c4a6332098_( (TVMValue*) stack_value , (int*) stack_tcode, 2, &ret_val_3, &ret_type_code_3, NULL) != 0){
    return -1;
  }
  ((int64_t*)stack_shape)[0] = (int64_t)1;
  ((int64_t*)stack_shape)[1] = (int64_t)4;
  ((int64_t*)stack_shape)[2] = (int64_t)32;
  ((int64_t*)stack_shape)[3] = (int64_t)32;
  ((int64_t*)stack_shape)[4] = (int64_t)4;
  (((DLTensor*)stack_array)[0].data) = sid_2;
  (((DLTensor*)stack_array)[0].shape) = (&(((int64_t*)stack_shape)[0]));
    uint64_t v__8 = (uint64_t)0;
  (((DLTensor*)stack_array)[0].strides) = (int64_t*)(*(void* *)(&(v__8)));
  (((DLTensor*)stack_array)[0].ndim) = (uint32_t)5;
  (((DLTensor*)stack_array)[0].dtype.code) = (uint8_t)0;
  (((DLTensor*)stack_array)[0].dtype.bits) = (uint8_t)8;
  (((DLTensor*)stack_array)[0].dtype.lanes) = (uint16_t)1;
  (((DLTensor*)stack_array)[0].byte_offset) = (uint64_t)0;
  (((DLTensor*)stack_array)[0].device.device_id) = dev_id;
  (((DLTensor*)stack_array)[0].device.device_type) = (DLDeviceType)1;
  ((int64_t*)stack_shape)[5] = (int64_t)1;
  ((int64_t*)stack_shape)[6] = (int64_t)4;
  ((int64_t*)stack_shape)[7] = (int64_t)32;
  ((int64_t*)stack_shape)[8] = (int64_t)32;
  ((int64_t*)stack_shape)[9] = (int64_t)4;
  (((DLTensor*)stack_array)[1].data) = sid_4;
  (((DLTensor*)stack_array)[1].shape) = (&(((int64_t*)stack_shape)[5]));
    uint64_t v__9 = (uint64_t)0;
  (((DLTensor*)stack_array)[1].strides) = (int64_t*)(*(void* *)(&(v__9)));
  (((DLTensor*)stack_array)[1].ndim) = (uint32_t)5;
  (((DLTensor*)stack_array)[1].dtype.code) = (uint8_t)0;
  (((DLTensor*)stack_array)[1].dtype.bits) = (uint8_t)16;
  (((DLTensor*)stack_array)[1].dtype.lanes) = (uint16_t)1;
  (((DLTensor*)stack_array)[1].byte_offset) = (uint64_t)0;
  (((DLTensor*)stack_array)[1].device.device_id) = dev_id;
  (((DLTensor*)stack_array)[1].device.device_type) = (DLDeviceType)1;
  ((int64_t*)stack_shape)[10] = (int64_t)1;
  ((int64_t*)stack_shape)[11] = (int64_t)4;
  ((int64_t*)stack_shape)[12] = (int64_t)32;
  ((int64_t*)stack_shape)[13] = (int64_t)32;
  ((int64_t*)stack_shape)[14] = (int64_t)4;
  (((DLTensor*)stack_array)[2].data) = sid_1;
  (((DLTensor*)stack_array)[2].shape) = (&(((int64_t*)stack_shape)[10]));
    uint64_t v__10 = (uint64_t)0;
  (((DLTensor*)stack_array)[2].strides) = (int64_t*)(*(void* *)(&(v__10)));
  (((DLTensor*)stack_array)[2].ndim) = (uint32_t)5;
  (((DLTensor*)stack_array)[2].dtype.code) = (uint8_t)0;
  (((DLTensor*)stack_array)[2].dtype.bits) = (uint8_t)16;
  (((DLTensor*)stack_array)[2].dtype.lanes) = (uint16_t)1;
  (((DLTensor*)stack_array)[2].byte_offset) = (uint64_t)0;
  (((DLTensor*)stack_array)[2].device.device_id) = dev_id;
  (((DLTensor*)stack_array)[2].device.device_type) = (DLDeviceType)1;
  (((TVMValue*)stack_value)[0].v_handle) = (((DLTensor*)stack_array) + 0);
  ((int32_t*)stack_tcode)[0] = 7;
  (((TVMValue*)stack_value)[1].v_handle) = (((DLTensor*)stack_array) + 1);
  ((int32_t*)stack_tcode)[1] = 7;
  (((TVMValue*)stack_value)[2].v_handle) = (((DLTensor*)stack_array) + 2);
  ((int32_t*)stack_tcode)[2] = 7;
  TVMValue ret_val_4;
  int ret_type_code_4;
  if (tvmgen_default_fused_cast_subtract_fixed_point_multiply_add_nn_contrib_conv2d_NCHWc_add_fixed_p_ec871cedb8ea8ead_( (TVMValue*) stack_value , (int*) stack_tcode, 3, &ret_val_4, &ret_type_code_4, NULL) != 0){
    return -1;
  }
  ((int64_t*)stack_shape)[0] = (int64_t)1;
  ((int64_t*)stack_shape)[1] = (int64_t)4;
  ((int64_t*)stack_shape)[2] = (int64_t)32;
  ((int64_t*)stack_shape)[3] = (int64_t)32;
  ((int64_t*)stack_shape)[4] = (int64_t)4;
  (((DLTensor*)stack_array)[0].data) = sid_1;
  (((DLTensor*)stack_array)[0].shape) = (&(((int64_t*)stack_shape)[0]));
    uint64_t v__11 = (uint64_t)0;
  (((DLTensor*)stack_array)[0].strides) = (int64_t*)(*(void* *)(&(v__11)));
  (((DLTensor*)stack_array)[0].ndim) = (uint32_t)5;
  (((DLTensor*)stack_array)[0].dtype.code) = (uint8_t)0;
  (((DLTensor*)stack_array)[0].dtype.bits) = (uint8_t)16;
  (((DLTensor*)stack_array)[0].dtype.lanes) = (uint16_t)1;
  (((DLTensor*)stack_array)[0].byte_offset) = (uint64_t)0;
  (((DLTensor*)stack_array)[0].device.device_id) = dev_id;
  (((DLTensor*)stack_array)[0].device.device_type) = (DLDeviceType)1;
  ((int64_t*)stack_shape)[5] = (int64_t)1;
  ((int64_t*)stack_shape)[6] = (int64_t)8;
  ((int64_t*)stack_shape)[7] = (int64_t)16;
  ((int64_t*)stack_shape)[8] = (int64_t)16;
  ((int64_t*)stack_shape)[9] = (int64_t)4;
  (((DLTensor*)stack_array)[1].data) = sid_2;
  (((DLTensor*)stack_array)[1].shape) = (&(((int64_t*)stack_shape)[5]));
    uint64_t v__12 = (uint64_t)0;
  (((DLTensor*)stack_array)[1].strides) = (int64_t*)(*(void* *)(&(v__12)));
  (((DLTensor*)stack_array)[1].ndim) = (uint32_t)5;
  (((DLTensor*)stack_array)[1].dtype.code) = (uint8_t)0;
  (((DLTensor*)stack_array)[1].dtype.bits) = (uint8_t)16;
  (((DLTensor*)stack_array)[1].dtype.lanes) = (uint16_t)1;
  (((DLTensor*)stack_array)[1].byte_offset) = (uint64_t)0;
  (((DLTensor*)stack_array)[1].device.device_id) = dev_id;
  (((DLTensor*)stack_array)[1].device.device_type) = (DLDeviceType)1;
  (((TVMValue*)stack_value)[0].v_handle) = (((DLTensor*)stack_array) + 0);
  ((int32_t*)stack_tcode)[0] = 7;
  (((TVMValue*)stack_value)[1].v_handle) = (((DLTensor*)stack_array) + 1);
  ((int32_t*)stack_tcode)[1] = 7;
  TVMValue ret_val_5;
  int ret_type_code_5;
  if (tvmgen_default_fused_nn_contrib_conv2d_NCHWc_add_fixed_point_multiply_per_axis_add_clip_cast_ca_f68cd3c4a6332098__1( (TVMValue*) stack_value , (int*) stack_tcode, 2, &ret_val_5, &ret_type_code_5, NULL) != 0){
    return -1;
  }
  ((int64_t*)stack_shape)[0] = (int64_t)1;
  ((int64_t*)stack_shape)[1] = (int64_t)8;
  ((int64_t*)stack_shape)[2] = (int64_t)16;
  ((int64_t*)stack_shape)[3] = (int64_t)16;
  ((int64_t*)stack_shape)[4] = (int64_t)4;
  (((DLTensor*)stack_array)[0].data) = sid_2;
  (((DLTensor*)stack_array)[0].shape) = (&(((int64_t*)stack_shape)[0]));
    uint64_t v__13 = (uint64_t)0;
  (((DLTensor*)stack_array)[0].strides) = (int64_t*)(*(void* *)(&(v__13)));
  (((DLTensor*)stack_array)[0].ndim) = (uint32_t)5;
  (((DLTensor*)stack_array)[0].dtype.code) = (uint8_t)0;
  (((DLTensor*)stack_array)[0].dtype.bits) = (uint8_t)16;
  (((DLTensor*)stack_array)[0].dtype.lanes) = (uint16_t)1;
  (((DLTensor*)stack_array)[0].byte_offset) = (uint64_t)0;
  (((DLTensor*)stack_array)[0].device.device_id) = dev_id;
  (((DLTensor*)stack_array)[0].device.device_type) = (DLDeviceType)1;
  ((int64_t*)stack_shape)[5] = (int64_t)1;
  ((int64_t*)stack_shape)[6] = (int64_t)8;
  ((int64_t*)stack_shape)[7] = (int64_t)16;
  ((int64_t*)stack_shape)[8] = (int64_t)16;
  ((int64_t*)stack_shape)[9] = (int64_t)4;
  (((DLTensor*)stack_array)[1].data) = sid_4;
  (((DLTensor*)stack_array)[1].shape) = (&(((int64_t*)stack_shape)[5]));
    uint64_t v__14 = (uint64_t)0;
  (((DLTensor*)stack_array)[1].strides) = (int64_t*)(*(void* *)(&(v__14)));
  (((DLTensor*)stack_array)[1].ndim) = (uint32_t)5;
  (((DLTensor*)stack_array)[1].dtype.code) = (uint8_t)0;
  (((DLTensor*)stack_array)[1].dtype.bits) = (uint8_t)32;
  (((DLTensor*)stack_array)[1].dtype.lanes) = (uint16_t)1;
  (((DLTensor*)stack_array)[1].byte_offset) = (uint64_t)0;
  (((DLTensor*)stack_array)[1].device.device_id) = dev_id;
  (((DLTensor*)stack_array)[1].device.device_type) = (DLDeviceType)1;
  (((TVMValue*)stack_value)[0].v_handle) = (((DLTensor*)stack_array) + 0);
  ((int32_t*)stack_tcode)[0] = 7;
  (((TVMValue*)stack_value)[1].v_handle) = (((DLTensor*)stack_array) + 1);
  ((int32_t*)stack_tcode)[1] = 7;
  TVMValue ret_val_6;
  int ret_type_code_6;
  if (tvmgen_default_fused_nn_contrib_conv2d_NCHWc_add_fixed_point_multiply_per_axis_add_clip_subtrac_bd516479e7fd717_( (TVMValue*) stack_value , (int*) stack_tcode, 2, &ret_val_6, &ret_type_code_6, NULL) != 0){
    return -1;
  }
  ((int64_t*)stack_shape)[0] = (int64_t)1;
  ((int64_t*)stack_shape)[1] = (int64_t)4;
  ((int64_t*)stack_shape)[2] = (int64_t)32;
  ((int64_t*)stack_shape)[3] = (int64_t)32;
  ((int64_t*)stack_shape)[4] = (int64_t)4;
  (((DLTensor*)stack_array)[0].data) = sid_1;
  (((DLTensor*)stack_array)[0].shape) = (&(((int64_t*)stack_shape)[0]));
    uint64_t v__15 = (uint64_t)0;
  (((DLTensor*)stack_array)[0].strides) = (int64_t*)(*(void* *)(&(v__15)));
  (((DLTensor*)stack_array)[0].ndim) = (uint32_t)5;
  (((DLTensor*)stack_array)[0].dtype.code) = (uint8_t)0;
  (((DLTensor*)stack_array)[0].dtype.bits) = (uint8_t)16;
  (((DLTensor*)stack_array)[0].dtype.lanes) = (uint16_t)1;
  (((DLTensor*)stack_array)[0].byte_offset) = (uint64_t)0;
  (((DLTensor*)stack_array)[0].device.device_id) = dev_id;
  (((DLTensor*)stack_array)[0].device.device_type) = (DLDeviceType)1;
  ((int64_t*)stack_shape)[5] = (int64_t)1;
  ((int64_t*)stack_shape)[6] = (int64_t)8;
  ((int64_t*)stack_shape)[7] = (int64_t)16;
  ((int64_t*)stack_shape)[8] = (int64_t)16;
  ((int64_t*)stack_shape)[9] = (int64_t)4;
  (((DLTensor*)stack_array)[1].data) = sid_4;
  (((DLTensor*)stack_array)[1].shape) = (&(((int64_t*)stack_shape)[5]));
    uint64_t v__16 = (uint64_t)0;
  (((DLTensor*)stack_array)[1].strides) = (int64_t*)(*(void* *)(&(v__16)));
  (((DLTensor*)stack_array)[1].ndim) = (uint32_t)5;
  (((DLTensor*)stack_array)[1].dtype.code) = (uint8_t)0;
  (((DLTensor*)stack_array)[1].dtype.bits) = (uint8_t)32;
  (((DLTensor*)stack_array)[1].dtype.lanes) = (uint16_t)1;
  (((DLTensor*)stack_array)[1].byte_offset) = (uint64_t)0;
  (((DLTensor*)stack_array)[1].device.device_id) = dev_id;
  (((DLTensor*)stack_array)[1].device.device_type) = (DLDeviceType)1;
  ((int64_t*)stack_shape)[10] = (int64_t)1;
  ((int64_t*)stack_shape)[11] = (int64_t)8;
  ((int64_t*)stack_shape)[12] = (int64_t)16;
  ((int64_t*)stack_shape)[13] = (int64_t)16;
  ((int64_t*)stack_shape)[14] = (int64_t)4;
  (((DLTensor*)stack_array)[2].data) = sid_2;
  (((DLTensor*)stack_array)[2].shape) = (&(((int64_t*)stack_shape)[10]));
    uint64_t v__17 = (uint64_t)0;
  (((DLTensor*)stack_array)[2].strides) = (int64_t*)(*(void* *)(&(v__17)));
  (((DLTensor*)stack_array)[2].ndim) = (uint32_t)5;
  (((DLTensor*)stack_array)[2].dtype.code) = (uint8_t)0;
  (((DLTensor*)stack_array)[2].dtype.bits) = (uint8_t)16;
  (((DLTensor*)stack_array)[2].dtype.lanes) = (uint16_t)1;
  (((DLTensor*)stack_array)[2].byte_offset) = (uint64_t)0;
  (((DLTensor*)stack_array)[2].device.device_id) = dev_id;
  (((DLTensor*)stack_array)[2].device.device_type) = (DLDeviceType)1;
  (((TVMValue*)stack_value)[0].v_handle) = (((DLTensor*)stack_array) + 0);
  ((int32_t*)stack_tcode)[0] = 7;
  (((TVMValue*)stack_value)[1].v_handle) = (((DLTensor*)stack_array) + 1);
  ((int32_t*)stack_tcode)[1] = 7;
  (((TVMValue*)stack_value)[2].v_handle) = (((DLTensor*)stack_array) + 2);
  ((int32_t*)stack_tcode)[2] = 7;
  TVMValue ret_val_7;
  int ret_type_code_7;
  if (tvmgen_default_fused_nn_contrib_conv2d_NCHWc_add_fixed_point_multiply_per_axis_add_clip_subtrac_8fa78a29bca19e9f_( (TVMValue*) stack_value , (int*) stack_tcode, 3, &ret_val_7, &ret_type_code_7, NULL) != 0){
    return -1;
  }
  ((int64_t*)stack_shape)[0] = (int64_t)1;
  ((int64_t*)stack_shape)[1] = (int64_t)8;
  ((int64_t*)stack_shape)[2] = (int64_t)16;
  ((int64_t*)stack_shape)[3] = (int64_t)16;
  ((int64_t*)stack_shape)[4] = (int64_t)4;
  (((DLTensor*)stack_array)[0].data) = sid_2;
  (((DLTensor*)stack_array)[0].shape) = (&(((int64_t*)stack_shape)[0]));
    uint64_t v__18 = (uint64_t)0;
  (((DLTensor*)stack_array)[0].strides) = (int64_t*)(*(void* *)(&(v__18)));
  (((DLTensor*)stack_array)[0].ndim) = (uint32_t)5;
  (((DLTensor*)stack_array)[0].dtype.code) = (uint8_t)0;
  (((DLTensor*)stack_array)[0].dtype.bits) = (uint8_t)16;
  (((DLTensor*)stack_array)[0].dtype.lanes) = (uint16_t)1;
  (((DLTensor*)stack_array)[0].byte_offset) = (uint64_t)0;
  (((DLTensor*)stack_array)[0].device.device_id) = dev_id;
  (((DLTensor*)stack_array)[0].device.device_type) = (DLDeviceType)1;
  ((int64_t*)stack_shape)[5] = (int64_t)1;
  ((int64_t*)stack_shape)[6] = (int64_t)16;
  ((int64_t*)stack_shape)[7] = (int64_t)8;
  ((int64_t*)stack_shape)[8] = (int64_t)8;
  ((int64_t*)stack_shape)[9] = (int64_t)4;
  (((DLTensor*)stack_array)[1].data) = sid_1;
  (((DLTensor*)stack_array)[1].shape) = (&(((int64_t*)stack_shape)[5]));
    uint64_t v__19 = (uint64_t)0;
  (((DLTensor*)stack_array)[1].strides) = (int64_t*)(*(void* *)(&(v__19)));
  (((DLTensor*)stack_array)[1].ndim) = (uint32_t)5;
  (((DLTensor*)stack_array)[1].dtype.code) = (uint8_t)0;
  (((DLTensor*)stack_array)[1].dtype.bits) = (uint8_t)16;
  (((DLTensor*)stack_array)[1].dtype.lanes) = (uint16_t)1;
  (((DLTensor*)stack_array)[1].byte_offset) = (uint64_t)0;
  (((DLTensor*)stack_array)[1].device.device_id) = dev_id;
  (((DLTensor*)stack_array)[1].device.device_type) = (DLDeviceType)1;
  (((TVMValue*)stack_value)[0].v_handle) = (((DLTensor*)stack_array) + 0);
  ((int32_t*)stack_tcode)[0] = 7;
  (((TVMValue*)stack_value)[1].v_handle) = (((DLTensor*)stack_array) + 1);
  ((int32_t*)stack_tcode)[1] = 7;
  TVMValue ret_val_8;
  int ret_type_code_8;
  if (tvmgen_default_fused_nn_contrib_conv2d_NCHWc_add_fixed_point_multiply_per_axis_add_clip_cast_ca_f68cd3c4a6332098__2( (TVMValue*) stack_value , (int*) stack_tcode, 2, &ret_val_8, &ret_type_code_8, NULL) != 0){
    return -1;
  }
  ((int64_t*)stack_shape)[0] = (int64_t)1;
  ((int64_t*)stack_shape)[1] = (int64_t)16;
  ((int64_t*)stack_shape)[2] = (int64_t)8;
  ((int64_t*)stack_shape)[3] = (int64_t)8;
  ((int64_t*)stack_shape)[4] = (int64_t)4;
  (((DLTensor*)stack_array)[0].data) = sid_1;
  (((DLTensor*)stack_array)[0].shape) = (&(((int64_t*)stack_shape)[0]));
    uint64_t v__20 = (uint64_t)0;
  (((DLTensor*)stack_array)[0].strides) = (int64_t*)(*(void* *)(&(v__20)));
  (((DLTensor*)stack_array)[0].ndim) = (uint32_t)5;
  (((DLTensor*)stack_array)[0].dtype.code) = (uint8_t)0;
  (((DLTensor*)stack_array)[0].dtype.bits) = (uint8_t)16;
  (((DLTensor*)stack_array)[0].dtype.lanes) = (uint16_t)1;
  (((DLTensor*)stack_array)[0].byte_offset) = (uint64_t)0;
  (((DLTensor*)stack_array)[0].device.device_id) = dev_id;
  (((DLTensor*)stack_array)[0].device.device_type) = (DLDeviceType)1;
  ((int64_t*)stack_shape)[5] = (int64_t)1;
  ((int64_t*)stack_shape)[6] = (int64_t)16;
  ((int64_t*)stack_shape)[7] = (int64_t)8;
  ((int64_t*)stack_shape)[8] = (int64_t)8;
  ((int64_t*)stack_shape)[9] = (int64_t)4;
  (((DLTensor*)stack_array)[1].data) = sid_4;
  (((DLTensor*)stack_array)[1].shape) = (&(((int64_t*)stack_shape)[5]));
    uint64_t v__21 = (uint64_t)0;
  (((DLTensor*)stack_array)[1].strides) = (int64_t*)(*(void* *)(&(v__21)));
  (((DLTensor*)stack_array)[1].ndim) = (uint32_t)5;
  (((DLTensor*)stack_array)[1].dtype.code) = (uint8_t)0;
  (((DLTensor*)stack_array)[1].dtype.bits) = (uint8_t)32;
  (((DLTensor*)stack_array)[1].dtype.lanes) = (uint16_t)1;
  (((DLTensor*)stack_array)[1].byte_offset) = (uint64_t)0;
  (((DLTensor*)stack_array)[1].device.device_id) = dev_id;
  (((DLTensor*)stack_array)[1].device.device_type) = (DLDeviceType)1;
  (((TVMValue*)stack_value)[0].v_handle) = (((DLTensor*)stack_array) + 0);
  ((int32_t*)stack_tcode)[0] = 7;
  (((TVMValue*)stack_value)[1].v_handle) = (((DLTensor*)stack_array) + 1);
  ((int32_t*)stack_tcode)[1] = 7;
  TVMValue ret_val_9;
  int ret_type_code_9;
  if (tvmgen_default_fused_nn_contrib_conv2d_NCHWc_add_fixed_point_multiply_per_axis_add_clip_subtrac_bd516479e7fd717__1( (TVMValue*) stack_value , (int*) stack_tcode, 2, &ret_val_9, &ret_type_code_9, NULL) != 0){
    return -1;
  }
  ((int64_t*)stack_shape)[0] = (int64_t)1;
  ((int64_t*)stack_shape)[1] = (int64_t)8;
  ((int64_t*)stack_shape)[2] = (int64_t)16;
  ((int64_t*)stack_shape)[3] = (int64_t)16;
  ((int64_t*)stack_shape)[4] = (int64_t)4;
  (((DLTensor*)stack_array)[0].data) = sid_2;
  (((DLTensor*)stack_array)[0].shape) = (&(((int64_t*)stack_shape)[0]));
    uint64_t v__22 = (uint64_t)0;
  (((DLTensor*)stack_array)[0].strides) = (int64_t*)(*(void* *)(&(v__22)));
  (((DLTensor*)stack_array)[0].ndim) = (uint32_t)5;
  (((DLTensor*)stack_array)[0].dtype.code) = (uint8_t)0;
  (((DLTensor*)stack_array)[0].dtype.bits) = (uint8_t)16;
  (((DLTensor*)stack_array)[0].dtype.lanes) = (uint16_t)1;
  (((DLTensor*)stack_array)[0].byte_offset) = (uint64_t)0;
  (((DLTensor*)stack_array)[0].device.device_id) = dev_id;
  (((DLTensor*)stack_array)[0].device.device_type) = (DLDeviceType)1;
  ((int64_t*)stack_shape)[5] = (int64_t)1;
  ((int64_t*)stack_shape)[6] = (int64_t)16;
  ((int64_t*)stack_shape)[7] = (int64_t)8;
  ((int64_t*)stack_shape)[8] = (int64_t)8;
  ((int64_t*)stack_shape)[9] = (int64_t)4;
  (((DLTensor*)stack_array)[1].data) = sid_4;
  (((DLTensor*)stack_array)[1].shape) = (&(((int64_t*)stack_shape)[5]));
    uint64_t v__23 = (uint64_t)0;
  (((DLTensor*)stack_array)[1].strides) = (int64_t*)(*(void* *)(&(v__23)));
  (((DLTensor*)stack_array)[1].ndim) = (uint32_t)5;
  (((DLTensor*)stack_array)[1].dtype.code) = (uint8_t)0;
  (((DLTensor*)stack_array)[1].dtype.bits) = (uint8_t)32;
  (((DLTensor*)stack_array)[1].dtype.lanes) = (uint16_t)1;
  (((DLTensor*)stack_array)[1].byte_offset) = (uint64_t)0;
  (((DLTensor*)stack_array)[1].device.device_id) = dev_id;
  (((DLTensor*)stack_array)[1].device.device_type) = (DLDeviceType)1;
  ((int64_t*)stack_shape)[10] = (int64_t)1;
  ((int64_t*)stack_shape)[11] = (int64_t)16;
  ((int64_t*)stack_shape)[12] = (int64_t)8;
  ((int64_t*)stack_shape)[13] = (int64_t)8;
  ((int64_t*)stack_shape)[14] = (int64_t)4;
  (((DLTensor*)stack_array)[2].data) = sid_1;
  (((DLTensor*)stack_array)[2].shape) = (&(((int64_t*)stack_shape)[10]));
    uint64_t v__24 = (uint64_t)0;
  (((DLTensor*)stack_array)[2].strides) = (int64_t*)(*(void* *)(&(v__24)));
  (((DLTensor*)stack_array)[2].ndim) = (uint32_t)5;
  (((DLTensor*)stack_array)[2].dtype.code) = (uint8_t)0;
  (((DLTensor*)stack_array)[2].dtype.bits) = (uint8_t)32;
  (((DLTensor*)stack_array)[2].dtype.lanes) = (uint16_t)1;
  (((DLTensor*)stack_array)[2].byte_offset) = (uint64_t)0;
  (((DLTensor*)stack_array)[2].device.device_id) = dev_id;
  (((DLTensor*)stack_array)[2].device.device_type) = (DLDeviceType)1;
  (((TVMValue*)stack_value)[0].v_handle) = (((DLTensor*)stack_array) + 0);
  ((int32_t*)stack_tcode)[0] = 7;
  (((TVMValue*)stack_value)[1].v_handle) = (((DLTensor*)stack_array) + 1);
  ((int32_t*)stack_tcode)[1] = 7;
  (((TVMValue*)stack_value)[2].v_handle) = (((DLTensor*)stack_array) + 2);
  ((int32_t*)stack_tcode)[2] = 7;
  TVMValue ret_val_10;
  int ret_type_code_10;
  if (tvmgen_default_fused_nn_contrib_conv2d_NCHWc_add_fixed_point_multiply_per_axis_add_clip_subtrac_a20d39ad54b9b497_( (TVMValue*) stack_value , (int*) stack_tcode, 3, &ret_val_10, &ret_type_code_10, NULL) != 0){
    return -1;
  }
  ((int64_t*)stack_shape)[0] = (int64_t)1;
  ((int64_t*)stack_shape)[1] = (int64_t)16;
  ((int64_t*)stack_shape)[2] = (int64_t)8;
  ((int64_t*)stack_shape)[3] = (int64_t)8;
  ((int64_t*)stack_shape)[4] = (int64_t)4;
  (((DLTensor*)stack_array)[0].data) = sid_1;
  (((DLTensor*)stack_array)[0].shape) = (&(((int64_t*)stack_shape)[0]));
    uint64_t v__25 = (uint64_t)0;
  (((DLTensor*)stack_array)[0].strides) = (int64_t*)(*(void* *)(&(v__25)));
  (((DLTensor*)stack_array)[0].ndim) = (uint32_t)5;
  (((DLTensor*)stack_array)[0].dtype.code) = (uint8_t)0;
  (((DLTensor*)stack_array)[0].dtype.bits) = (uint8_t)32;
  (((DLTensor*)stack_array)[0].dtype.lanes) = (uint16_t)1;
  (((DLTensor*)stack_array)[0].byte_offset) = (uint64_t)0;
  (((DLTensor*)stack_array)[0].device.device_id) = dev_id;
  (((DLTensor*)stack_array)[0].device.device_type) = (DLDeviceType)1;
  ((int64_t*)stack_shape)[5] = (int64_t)1;
  ((int64_t*)stack_shape)[6] = (int64_t)16;
  ((int64_t*)stack_shape)[7] = (int64_t)1;
  ((int64_t*)stack_shape)[8] = (int64_t)1;
  ((int64_t*)stack_shape)[9] = (int64_t)4;
  (((DLTensor*)stack_array)[1].data) = sid_12;
  (((DLTensor*)stack_array)[1].shape) = (&(((int64_t*)stack_shape)[5]));
    uint64_t v__26 = (uint64_t)0;
  (((DLTensor*)stack_array)[1].strides) = (int64_t*)(*(void* *)(&(v__26)));
  (((DLTensor*)stack_array)[1].ndim) = (uint32_t)5;
  (((DLTensor*)stack_array)[1].dtype.code) = (uint8_t)0;
  (((DLTensor*)stack_array)[1].dtype.bits) = (uint8_t)8;
  (((DLTensor*)stack_array)[1].dtype.lanes) = (uint16_t)1;
  (((DLTensor*)stack_array)[1].byte_offset) = (uint64_t)0;
  (((DLTensor*)stack_array)[1].device.device_id) = dev_id;
  (((DLTensor*)stack_array)[1].device.device_type) = (DLDeviceType)1;
  (((TVMValue*)stack_value)[0].v_handle) = (((DLTensor*)stack_array) + 0);
  ((int32_t*)stack_tcode)[0] = 7;
  (((TVMValue*)stack_value)[1].v_handle) = (((DLTensor*)stack_array) + 1);
  ((int32_t*)stack_tcode)[1] = 7;
  TVMValue ret_val_11;
  int ret_type_code_11;
  if (tvmgen_default_fused_nn_avg_pool2d_cast( (TVMValue*) stack_value , (int*) stack_tcode, 2, &ret_val_11, &ret_type_code_11, NULL) != 0){
    return -1;
  }
  ((int64_t*)stack_shape)[0] = (int64_t)1;
  ((int64_t*)stack_shape)[1] = (int64_t)16;
  ((int64_t*)stack_shape)[2] = (int64_t)1;
  ((int64_t*)stack_shape)[3] = (int64_t)1;
  ((int64_t*)stack_shape)[4] = (int64_t)4;
  (((DLTensor*)stack_array)[0].data) = sid_12;
  (((DLTensor*)stack_array)[0].shape) = (&(((int64_t*)stack_shape)[0]));
    uint64_t v__27 = (uint64_t)0;
  (((DLTensor*)stack_array)[0].strides) = (int64_t*)(*(void* *)(&(v__27)));
  (((DLTensor*)stack_array)[0].ndim) = (uint32_t)5;
  (((DLTensor*)stack_array)[0].dtype.code) = (uint8_t)0;
  (((DLTensor*)stack_array)[0].dtype.bits) = (uint8_t)8;
  (((DLTensor*)stack_array)[0].dtype.lanes) = (uint16_t)1;
  (((DLTensor*)stack_array)[0].byte_offset) = (uint64_t)0;
  (((DLTensor*)stack_array)[0].device.device_id) = dev_id;
  (((DLTensor*)stack_array)[0].device.device_type) = (DLDeviceType)1;
  ((int64_t*)stack_shape)[5] = (int64_t)1;
  ((int64_t*)stack_shape)[6] = (int64_t)64;
  (((DLTensor*)stack_array)[1].data) = sid_13;
  (((DLTensor*)stack_array)[1].shape) = (&(((int64_t*)stack_shape)[5]));
    uint64_t v__28 = (uint64_t)0;
  (((DLTensor*)stack_array)[1].strides) = (int64_t*)(*(void* *)(&(v__28)));
  (((DLTensor*)stack_array)[1].ndim) = (uint32_t)2;
  (((DLTensor*)stack_array)[1].dtype.code) = (uint8_t)0;
  (((DLTensor*)stack_array)[1].dtype.bits) = (uint8_t)16;
  (((DLTensor*)stack_array)[1].dtype.lanes) = (uint16_t)1;
  (((DLTensor*)stack_array)[1].byte_offset) = (uint64_t)0;
  (((DLTensor*)stack_array)[1].device.device_id) = dev_id;
  (((DLTensor*)stack_array)[1].device.device_type) = (DLDeviceType)1;
  (((TVMValue*)stack_value)[0].v_handle) = (((DLTensor*)stack_array) + 0);
  ((int32_t*)stack_tcode)[0] = 7;
  (((TVMValue*)stack_value)[1].v_handle) = (((DLTensor*)stack_array) + 1);
  ((int32_t*)stack_tcode)[1] = 7;
  TVMValue ret_val_12;
  int ret_type_code_12;
  if (tvmgen_default_fused_layout_transform_layout_transform_reshape_cast_subtract( (TVMValue*) stack_value , (int*) stack_tcode, 2, &ret_val_12, &ret_type_code_12, NULL) != 0){
    return -1;
  }
  ((int64_t*)stack_shape)[0] = (int64_t)1;
  ((int64_t*)stack_shape)[1] = (int64_t)64;
  (((DLTensor*)stack_array)[0].data) = sid_13;
  (((DLTensor*)stack_array)[0].shape) = (&(((int64_t*)stack_shape)[0]));
    uint64_t v__29 = (uint64_t)0;
  (((DLTensor*)stack_array)[0].strides) = (int64_t*)(*(void* *)(&(v__29)));
  (((DLTensor*)stack_array)[0].ndim) = (uint32_t)2;
  (((DLTensor*)stack_array)[0].dtype.code) = (uint8_t)0;
  (((DLTensor*)stack_array)[0].dtype.bits) = (uint8_t)16;
  (((DLTensor*)stack_array)[0].dtype.lanes) = (uint16_t)1;
  (((DLTensor*)stack_array)[0].byte_offset) = (uint64_t)0;
  (((DLTensor*)stack_array)[0].device.device_id) = dev_id;
  (((DLTensor*)stack_array)[0].device.device_type) = (DLDeviceType)1;
  ((int64_t*)stack_shape)[2] = (int64_t)1;
  ((int64_t*)stack_shape)[3] = (int64_t)10;
  (((DLTensor*)stack_array)[1].data) = sid_12;
  (((DLTensor*)stack_array)[1].shape) = (&(((int64_t*)stack_shape)[2]));
    uint64_t v__30 = (uint64_t)0;
  (((DLTensor*)stack_array)[1].strides) = (int64_t*)(*(void* *)(&(v__30)));
  (((DLTensor*)stack_array)[1].ndim) = (uint32_t)2;
  (((DLTensor*)stack_array)[1].dtype.code) = (uint8_t)2;
  (((DLTensor*)stack_array)[1].dtype.bits) = (uint8_t)32;
  (((DLTensor*)stack_array)[1].dtype.lanes) = (uint16_t)1;
  (((DLTensor*)stack_array)[1].byte_offset) = (uint64_t)0;
  (((DLTensor*)stack_array)[1].device.device_id) = dev_id;
  (((DLTensor*)stack_array)[1].device.device_type) = (DLDeviceType)1;
  (((TVMValue*)stack_value)[0].v_handle) = (((DLTensor*)stack_array) + 0);
  ((int32_t*)stack_tcode)[0] = 7;
  (((TVMValue*)stack_value)[1].v_handle) = (((DLTensor*)stack_array) + 1);
  ((int32_t*)stack_tcode)[1] = 7;
  TVMValue ret_val_13;
  int ret_type_code_13;
  if (tvmgen_default_fused_nn_contrib_dense_pack_add_fixed_point_multiply_add_clip_subtract_cast_mult_1c9b307ace4645e7_( (TVMValue*) stack_value , (int*) stack_tcode, 2, &ret_val_13, &ret_type_code_13, NULL) != 0){
    return -1;
  }
  ((int64_t*)stack_shape)[0] = (int64_t)1;
  ((int64_t*)stack_shape)[1] = (int64_t)10;
  (((DLTensor*)stack_array)[0].data) = sid_12;
  (((DLTensor*)stack_array)[0].shape) = (&(((int64_t*)stack_shape)[0]));
    uint64_t v__31 = (uint64_t)0;
  (((DLTensor*)stack_array)[0].strides) = (int64_t*)(*(void* *)(&(v__31)));
  (((DLTensor*)stack_array)[0].ndim) = (uint32_t)2;
  (((DLTensor*)stack_array)[0].dtype.code) = (uint8_t)2;
  (((DLTensor*)stack_array)[0].dtype.bits) = (uint8_t)32;
  (((DLTensor*)stack_array)[0].dtype.lanes) = (uint16_t)1;
  (((DLTensor*)stack_array)[0].byte_offset) = (uint64_t)0;
  (((DLTensor*)stack_array)[0].device.device_id) = dev_id;
  (((DLTensor*)stack_array)[0].device.device_type) = (DLDeviceType)1;
  ((int64_t*)stack_shape)[2] = (int64_t)1;
  ((int64_t*)stack_shape)[3] = (int64_t)10;
  (((DLTensor*)stack_array)[1].data) = Identity_int8_buffer_var;
  (((DLTensor*)stack_array)[1].shape) = (&(((int64_t*)stack_shape)[2]));
    uint64_t v__32 = (uint64_t)0;
  (((DLTensor*)stack_array)[1].strides) = (int64_t*)(*(void* *)(&(v__32)));
  (((DLTensor*)stack_array)[1].ndim) = (uint32_t)2;
  (((DLTensor*)stack_array)[1].dtype.code) = (uint8_t)0;
  (((DLTensor*)stack_array)[1].dtype.bits) = (uint8_t)8;
  (((DLTensor*)stack_array)[1].dtype.lanes) = (uint16_t)1;
  (((DLTensor*)stack_array)[1].byte_offset) = (uint64_t)0;
  (((DLTensor*)stack_array)[1].device.device_id) = dev_id;
  (((DLTensor*)stack_array)[1].device.device_type) = (DLDeviceType)1;
  (((TVMValue*)stack_value)[0].v_handle) = (((DLTensor*)stack_array) + 0);
  ((int32_t*)stack_tcode)[0] = 7;
  (((TVMValue*)stack_value)[1].v_handle) = (((DLTensor*)stack_array) + 1);
  ((int32_t*)stack_tcode)[1] = 7;
  TVMValue ret_val_14;
  int ret_type_code_14;
  if (tvmgen_default_fused_nn_softmax_divide_round_add_clip_cast( (TVMValue*) stack_value , (int*) stack_tcode, 2, &ret_val_14, &ret_type_code_14, NULL) != 0){
    return -1;
  }
  if (TVMBackendFreeWorkspace(1, dev_id, sid_13) != 0) {
    return -1;
  }
  if (TVMBackendFreeWorkspace(1, dev_id, sid_12) != 0) {
    return -1;
  }
  if (TVMBackendFreeWorkspace(1, dev_id, sid_4) != 0) {
    return -1;
  }
  if (TVMBackendFreeWorkspace(1, dev_id, sid_2) != 0) {
    return -1;
  }
  if (TVMBackendFreeWorkspace(1, dev_id, sid_1) != 0) {
    return -1;
  }
  return 0;
}

