// tvm target: c -keys=cpu -constants-byte-alignment=16 -mcpu=generic-rv32 -model=etiss-rv32gc -workspace-byte-alignment=16
#define TVM_EXPORTS
#include "tvm/runtime/c_runtime_api.h"
#include "tvm/runtime/c_backend_api.h"
#include <math.h>
#include <stdbool.h>

#ifdef __cplusplus
extern "C" {
#endif
static const int32_t __attribute__((section(".rodata.tvm"), aligned(16))) fused_nn_contrib_conv2d_NCHWc_add_constant_14[64] = {
    +0x00000008, +0x00000007, +0x00000008, +0x00000007, +0x00000007, +0x00000008, +0x00000008, +0x00000008, 
    +0x00000007, +0x00000008, +0x00000008, +0x00000008, +0x00000008, +0x00000008, +0x00000008, +0x00000008, 
    +0x00000008, +0x00000008, +0x00000008, +0x00000008, +0x00000008, +0x00000008, +0x00000008, +0x00000008, 
    +0x00000008, +0x00000007, +0x00000007, +0x00000008, +0x00000008, +0x00000008, +0x00000008, +0x00000008, 
    +0x00000008, +0x00000008, +0x00000008, +0x00000008, +0x00000008, +0x00000008, +0x00000008, +0x00000008, 
    +0x00000008, +0x00000008, +0x00000008, +0x00000008, +0x00000008, +0x00000008, +0x00000008, +0x00000008, 
    +0x00000008, +0x00000008, +0x00000008, +0x00000008, +0x00000008, +0x00000007, +0x00000008, +0x00000008, 
    +0x00000008, +0x00000008, +0x00000008, +0x00000008, +0x00000007, +0x00000008, +0x00000008, +0x00000008
};
#ifdef __cplusplus
}  // extern "C"
#endif

#ifdef __cplusplus
extern "C" {
#endif
static const int32_t __attribute__((section(".rodata.tvm"), aligned(16))) fused_nn_contrib_conv2d_NCHWc_add_constant_13[64] = {
    +0x00000000, +0x00000000, +0x00000000, +0x00000000, +0x00000000, +0x00000000, +0x00000000, +0x00000000, 
    +0x00000000, +0x00000000, +0x00000000, +0x00000000, +0x00000000, +0x00000000, +0x00000000, +0x00000000, 
    +0x00000000, +0x00000000, +0x00000000, +0x00000000, +0x00000000, +0x00000000, +0x00000000, +0x00000000, 
    +0x00000000, +0x00000000, +0x00000000, +0x00000000, +0x00000000, +0x00000000, +0x00000000, +0x00000000, 
    +0x00000000, +0x00000000, +0x00000000, +0x00000000, +0x00000000, +0x00000000, +0x00000000, +0x00000000, 
    +0x00000000, +0x00000000, +0x00000000, +0x00000000, +0x00000000, +0x00000000, +0x00000000, +0x00000000, 
    +0x00000000, +0x00000000, +0x00000000, +0x00000000, +0x00000000, +0x00000000, +0x00000000, +0x00000000, 
    +0x00000000, +0x00000000, +0x00000000, +0x00000000, +0x00000000, +0x00000000, +0x00000000, +0x00000000
};
#ifdef __cplusplus
}  // extern "C"
#endif

#ifdef __cplusplus
extern "C" {
#endif
static const int32_t __attribute__((section(".rodata.tvm"), aligned(16))) fused_nn_contrib_conv2d_NCHWc_add_constant_12[64] = {
    +0x51a4f051, +0x418c9568, +0x6ab5d6e6, +0x40d6b21e, +0x45bd951c, +0x63c317db, +0x5784cea7, +0x63828d4b, 
    +0x4394be4f, +0x53702d44, +0x61e06b90, +0x55ed1b93, +0x575a8016, +0x70dfd850, +0x7a04417c, +0x74cabbd8, 
    +0x7e017e48, +0x4942eef5, +0x74aac328, +0x7eae1117, +0x67b63394, +0x5fc4ad40, +0x5546a5df, +0x6219dc1b, 
    +0x69037078, +0x4cb9b3f4, +0x46a9b39b, +0x58d59ebf, +0x5cfb09d1, +0x55d21e90, +0x6c3882f6, +0x70cf20e2, 
    +0x4a474d11, +0x63d5c5dd, +0x66e33a26, +0x619f9d35, +0x7fcfa352, +0x72e136b7, +0x7f356343, +0x62730f3b, 
    +0x639b1543, +0x52cd8cee, +0x7e86e259, +0x5c60bc11, +0x7806a3ea, +0x4774da8a, +0x69f17b1d, +0x6e4ff2fd, 
    +0x635a1369, +0x6b1421bb, +0x6f216e6e, +0x4fad073b, +0x751f9063, +0x44f21681, +0x784a14f1, +0x63cd2c8d, 
    +0x5c118a14, +0x7900c8d4, +0x7db735b9, +0x7d411abe, +0x42089b4d, +0x5bec1bd0, +0x791f6aa4, +0x60383a6c
};
#ifdef __cplusplus
}  // extern "C"
#endif

#ifdef __cplusplus
extern "C" {
#endif
static const int32_t __attribute__((section(".rodata.tvm"), aligned(16))) fused_nn_contrib_conv2d_NCHWc_constant_4[64] = {
    +0x0000213c, +0x00000905, +0x000015cd, +0x0000000c, +0x00000f04, +0x000003de, +0x00001e3e, -0x000015d7, 
    -0x00000e54, -0x0000018a, -0x00001490, +0x0000136c, -0x00000f50, -0x00000299, +0x00000032, +0x00000357, 
    +0x00001d5e, +0x00000967, +0x00000b0e, +0x000009bb, -0x0000031d, -0x00000ac5, +0x00000546, -0x0000049b, 
    -0x00001102, +0x000009ec, +0x0000029d, +0x00001112, +0x000004df, +0x00001562, +0x00001f55, +0x00000c5f, 
    +0x0000009e, -0x000004b8, +0x000011ad, -0x0000021c, +0x00000c95, +0x00000990, +0x00000571, +0x0000119e, 
    +0x00000bb7, -0x00001095, +0x00000392, -0x000003b4, +0x00000121, +0x00000f6b, -0x00000fe7, -0x00000b3e, 
    +0x00000257, -0x0000149f, +0x00000f5f, -0x00000a31, -0x00000eb8, +0x00000321, +0x00001398, +0x0000044c, 
    +0x00000d2b, +0x00000a6d, -0x0000083e, +0x00001351, +0x0000016d, -0x00000834, +0x0000217a, +0x000013cd
};
#ifdef __cplusplus
}  // extern "C"
#endif

#ifdef __cplusplus
extern "C" {
#endif
static const int16_t __attribute__((section(".rodata.tvm"), aligned(16))) fused_constant_8[4096] = {
    -0x0014, +0x0028, -0x0034, -0x0011, +0x001d, -0x0032, -0x007c, -0x002f, 
    -0x0023, +0x003a, -0x0030, +0x0005, -0x0072, +0x000c, -0x0044, +0x000e, 
    -0x0015, +0x0029, +0x0000, -0x0033, +0x0037, +0x000a, -0x005e, -0x000a, 
    -0x0028, -0x0026, -0x003e, -0x0005, +0x0010, -0x0003, +0x0000, +0x0025, 
    -0x0022, -0x004f, -0x0055, -0x0009, -0x000c, +0x0034, +0x002a, -0x000b, 
    -0x0011, +0x0041, -0x000d, +0x0012, -0x0034, +0x001c, -0x0065, -0x0008, 
    -0x0025, +0x0003, -0x0009, +0x0022, -0x0002, +0x0011, -0x006c, +0x0017, 
    -0x0037, -0x001b, +0x0015, +0x0050, +0x0036, -0x0025, +0x000b, -0x005b, 
    +0x0003, +0x001e, -0x002e, -0x0045, -0x0031, -0x0015, -0x003e, +0x000c, 
    +0x0004, -0x002d, +0x0043, +0x002a, -0x004e, +0x0058, -0x001c, -0x0019, 
    +0x002f, -0x0021, +0x0026, -0x003f, -0x0021, -0x0034, -0x001c, -0x0010, 
    +0x0062, +0x0029, +0x0023, +0x002e, +0x0043, -0x002e, -0x0018, +0x0005, 
    -0x003c, +0x001e, +0x002d, +0x000e, +0x0077, -0x0044, +0x0069, -0x0041, 
    -0x000d, +0x005e, -0x000a, -0x0019, -0x0020, -0x004a, +0x0060, -0x0010, 
    -0x000a, +0x000e, +0x0006, -0x0003, +0x007f, -0x0025, +0x007f, -0x001b, 
    +0x001e, +0x0009, -0x0036, +0x0017, -0x0021, +0x0004, +0x0004, -0x000c, 
    +0x0012, +0x0046, +0x000f, +0x0030, +0x0039, +0x007a, +0x0008, -0x002e, 
    +0x0022, +0x0035, -0x0011, +0x0004, -0x0014, -0x001e, +0x0015, +0x0018, 
    +0x0006, +0x002b, -0x0038, -0x0017, -0x004d, +0x0010, -0x006c, +0x0002, 
    +0x0066, -0x0006, -0x0060, -0x0013, -0x0030, +0x0013, -0x001f, -0x000a, 
    -0x0064, +0x007f, -0x0002, -0x002c, +0x004f, -0x002e, +0x0025, -0x0021, 
    +0x000e, -0x005e, +0x0025, -0x0019, -0x0023, -0x0028, +0x0074, -0x000e, 
    +0x0000, -0x0007, -0x0013, +0x0000, +0x0038, +0x000e, +0x0043, -0x0020, 
    -0x0025, -0x0026, -0x0001, -0x0014, +0x0019, -0x005b, -0x002b, +0x0050, 
    -0x005d, -0x001a, -0x004b, -0x0004, +0x000f, -0x0029, -0x0015, +0x0039, 
    +0x0015, -0x0016, -0x0032, +0x000d, -0x001e, +0x000c, -0x0015, +0x001d, 
    -0x0027, +0x0011, +0x0066, -0x002f, -0x002e, -0x003d, -0x0009, +0x007f, 
    -0x0035, +0x0016, -0x0001, -0x0012, -0x0074, +0x003a, +0x0028, +0x001d, 
    +0x0039, -0x0017, +0x0054, +0x0022, +0x0007, +0x000c, -0x0056, -0x0004, 
    -0x003d, -0x0018, -0x0059, +0x0043, -0x0075, -0x0066, -0x002c, -0x0002, 
    -0x005d, -0x0009, -0x0008, -0x0014, -0x0009, -0x0012, +0x003e, +0x0043, 
    +0x0008, +0x0000, +0x0014, -0x0008, -0x0010, +0x0034, +0x003f, -0x0008, 
    -0x0005, +0x0005, +0x0027, -0x000c, -0x0008, -0x0025, +0x000c, -0x001a, 
    +0x0032, -0x0058, +0x0036, +0x0056, +0x0006, -0x000e, -0x0040, +0x0044, 
    +0x002b, +0x0024, +0x0000, -0x0033, +0x0042, +0x006d, +0x0029, -0x003f, 
    +0x0026, -0x0023, -0x0023, +0x0016, +0x000f, +0x0016, -0x000d, +0x0020, 
    +0x0006, +0x0005, -0x0039, +0x0017, -0x0005, +0x000a, -0x0001, -0x0011, 
    +0x001d, +0x0003, +0x0001, +0x001d, +0x002f, +0x0015, +0x0039, -0x0009, 
    -0x0002, -0x0041, -0x0022, +0x0028, +0x0056, +0x0037, +0x000f, -0x0021, 
    -0x0006, -0x0003, -0x003e, +0x007f, -0x0032, -0x0005, -0x000e, +0x000a, 
    +0x002c, -0x0027, +0x007f, -0x000a, +0x000c, -0x001a, -0x0045, +0x0009, 
    -0x0019, +0x0050, +0x0030, +0x002f, -0x000e, +0x0029, -0x0045, -0x0043, 
    -0x002a, -0x0007, -0x0004, -0x0025, +0x0001, +0x002f, -0x0019, -0x000f, 
    -0x002d, +0x001c, +0x001a, -0x001e, -0x0017, -0x004a, -0x0027, +0x002f, 
    +0x0009, +0x002e, -0x002b, +0x0009, +0x001b, -0x0037, +0x0002, -0x001e, 
    +0x0038, +0x001c, +0x0012, -0x002e, -0x005b, +0x001c, -0x0075, +0x0020, 
    +0x0026, +0x0022, -0x000e, -0x0003, -0x0031, -0x001e, -0x0038, -0x001d, 
    +0x0056, -0x001c, +0x0041, +0x0017, +0x0013, +0x0029, -0x002e, +0x0008, 
    -0x001b, -0x007f, +0x0030, +0x0054, +0x002f, -0x0018, +0x0070, +0x0010, 
    -0x0005, -0x0009, -0x0006, +0x001f, -0x0026, -0x0053, +0x0014, -0x0001, 
    -0x0004, -0x0018, +0x0039, +0x0000, +0x0003, +0x001f, +0x0026, -0x000a, 
    +0x007f, -0x0033, +0x0037, -0x0007, +0x0016, +0x002a, +0x0032, -0x0018, 
    -0x0017, +0x0048, -0x0035, -0x0028, +0x0032, -0x001b, -0x003b, +0x0010, 
    -0x0048, -0x0005, +0x003b, +0x000d, -0x005c, +0x002c, -0x004c, -0x0013, 
    +0x001d, +0x002f, -0x0036, -0x001e, +0x0018, -0x0039, +0x006a, -0x003e, 
    -0x006e, +0x0069, +0x0000, -0x0038, +0x002f, +0x0014, -0x0047, +0x005b, 
    -0x0016, +0x000b, -0x001f, +0x001f, +0x0006, +0x0006, +0x0012, +0x0046, 
    +0x002a, -0x0067, +0x0045, +0x0024, -0x000a, +0x0004, +0x0017, +0x0027, 
    -0x001d, +0x0030, -0x006c, +0x0032, -0x0035, +0x0056, -0x0056, +0x000a, 
    +0x002a, +0x000d, -0x0040, -0x0016, -0x0045, +0x0021, +0x0006, +0x0047, 
    -0x0043, +0x0011, -0x0069, -0x0006, +0x0006, -0x001a, +0x0044, +0x0011, 
    +0x0022, +0x001f, +0x0057, +0x0000, -0x005d, -0x0020, -0x006f, -0x0011, 
    -0x0042, -0x0022, -0x0042, +0x001e, -0x0038, -0x003b, -0x0048, -0x0004, 
    -0x0024, +0x0011, -0x0077, +0x001a, +0x0009, +0x002e, -0x0044, -0x0020, 
    -0x0006, +0x0050, -0x0015, -0x0034, -0x0013, -0x0003, +0x0010, +0x000d, 
    +0x0003, -0x0015, +0x007f, +0x0034, -0x000d, +0x0025, +0x0031, +0x0030, 
    +0x002e, +0x000a, -0x0035, +0x006d, +0x0031, +0x0009, -0x0041, +0x007f, 
    -0x0001, -0x002f, +0x0003, -0x001e, -0x0013, +0x0004, +0x0017, -0x0027, 
    -0x0005, -0x0019, -0x0031, +0x0016, -0x000b, +0x0002, +0x000e, +0x0028, 
    -0x000e, -0x0017, +0x0030, +0x0000, +0x0024, -0x005d, -0x0031, +0x003e, 
    -0x000d, +0x000c, +0x001e, -0x000d, -0x001a, -0x001c, -0x0046, +0x0053, 
    +0x0007, -0x005a, +0x0045, -0x0054, +0x002d, -0x001b, -0x002e, -0x0038, 
    -0x0029, -0x0061, -0x001a, +0x007f, +0x0014, +0x0049, +0x0018, -0x0001, 
    -0x003a, -0x0039, +0x0028, -0x0049, +0x0027, +0x0016, +0x0003, +0x0034, 
    -0x0006, -0x0001, +0x0016, -0x0052, -0x000d, -0x001f, +0x0007, -0x0023, 
    -0x0010, +0x0002, -0x0030, -0x0056, +0x0036, -0x002d, -0x001e, -0x0014, 
    +0x0015, -0x0034, +0x002a, -0x0027, +0x0001, +0x0003, -0x0019, -0x0010, 
    -0x0020, +0x005e, -0x003f, +0x0067, -0x000a, +0x0008, +0x005d, -0x007f, 
    -0x000b, -0x0032, -0x0007, +0x0014, +0x0017, +0x007f, +0x000f, -0x0061, 
    +0x007f, -0x002c, +0x0012, +0x0046, +0x0015, -0x000d, +0x000b, +0x0004, 
    -0x0011, -0x0017, +0x0034, -0x0014, -0x0005, +0x000d, -0x0038, +0x003d, 
    -0x0004, +0x0017, +0x0014, -0x0007, -0x0026, +0x002c, +0x001a, -0x0017, 
    +0x000e, -0x0005, -0x0026, +0x0003, +0x005c, +0x0006, -0x001b, +0x0046, 
    +0x000a, -0x002d, +0x0011, +0x0028, -0x0008, +0x0021, +0x0001, +0x0048, 
    -0x0032, +0x007c, -0x001f, -0x0008, -0x0020, +0x0015, +0x0062, -0x0016, 
    +0x0038, -0x0011, +0x0017, -0x0024, +0x0011, +0x0011, +0x003c, -0x0052, 
    +0x0035, +0x0008, -0x002b, +0x0010, +0x003d, +0x0037, -0x002c, +0x003b, 
    +0x0016, +0x0059, -0x004b, -0x001a, -0x000e, -0x0021, +0x0054, -0x0054, 
    +0x0003, +0x000c, -0x000f, +0x000e, -0x0020, -0x0012, +0x002e, -0x0015, 
    -0x0024, +0x0065, +0x0044, +0x0059, -0x0003, -0x0013, -0x0005, +0x0004, 
    +0x001b, +0x002b, +0x0035, -0x0034, -0x0024, -0x002b, -0x0006, -0x005c, 
    -0x0006, -0x000b, +0x0026, +0x000b, +0x003c, +0x0029, +0x0001, +0x0017, 
    -0x003a, +0x0006, +0x001c, -0x0021, +0x0017, -0x000b, -0x0023, +0x000a, 
    +0x0024, +0x001a, -0x001b, +0x0017, +0x0001, -0x001a, -0x0015, -0x005e, 
    -0x000b, +0x000a, +0x0039, -0x0065, +0x0012, +0x0039, +0x0024, -0x002c, 
    +0x002c, -0x0020, -0x0029, -0x0050, +0x0001, +0x004d, +0x003f, +0x001d, 
    -0x0010, -0x001c, -0x0039, +0x001f, -0x0007, -0x0029, -0x002e, -0x0007, 
    +0x005d, +0x0041, -0x0043, +0x0012, +0x0011, -0x0012, -0x001b, -0x003b, 
    -0x0048, -0x0033, +0x0005, +0x002a, +0x0007, +0x005b, -0x0028, +0x001b, 
    -0x000d, +0x002b, -0x001a, -0x002c, +0x0044, +0x000a, +0x000c, -0x0007, 
    +0x0046, +0x0019, -0x0016, -0x0042, -0x001c, -0x0038, -0x0019, -0x0008, 
    +0x003d, +0x0030, -0x002b, +0x0021, +0x0008, +0x0038, -0x0007, +0x004c, 
    -0x0004, -0x0028, -0x001e, -0x000e, -0x0009, +0x0013, -0x001e, +0x0007, 
    +0x007f, +0x000b, +0x001e, +0x0006, -0x0046, +0x0055, +0x002d, -0x003a, 
    -0x0038, -0x0009, -0x0011, -0x0046, -0x0006, -0x0029, -0x000d, -0x003a, 
    -0x0005, +0x0036, +0x0044, +0x0067, -0x0019, +0x0000, -0x0019, -0x0005, 
    -0x0059, +0x0008, +0x001c, +0x0002, -0x001e, -0x0022, +0x0002, -0x001d, 
    -0x0044, +0x004f, -0x0003, +0x0031, -0x0005, -0x0005, -0x000c, -0x0037, 
    +0x0001, +0x000e, -0x0003, +0x007f, +0x0003, -0x002a, -0x000d, +0x001b, 
    -0x0048, -0x001d, +0x0002, -0x000f, -0x0015, +0x0016, +0x0041, -0x0027, 
    -0x000f, -0x0018, +0x000c, +0x003f, -0x0002, +0x0041, +0x007f, -0x0009, 
    -0x0011, -0x0039, -0x000d, +0x0064, +0x0023, +0x001c, +0x0005, +0x0012, 
    +0x0057, +0x001b, -0x0056, -0x0011, -0x005c, +0x000b, -0x0019, +0x003e, 
    +0x0026, -0x0003, +0x000e, -0x000d, +0x000a, -0x002a, -0x000d, -0x0025, 
    +0x0014, -0x003f, +0x0016, -0x0003, +0x0046, +0x005f, +0x001e, -0x000f, 
    -0x002f, +0x001f, -0x0030, +0x0018, +0x0002, -0x001a, +0x0006, -0x0001, 
    -0x000b, -0x0018, -0x002b, -0x0011, -0x003e, -0x001c, -0x0013, -0x002e, 
    -0x0009, -0x0021, +0x001e, +0x0014, -0x0004, +0x0028, +0x000e, +0x003e, 
    +0x0004, +0x0019, +0x0013, +0x000c, -0x0017, +0x003d, -0x0012, -0x002c, 
    +0x001a, +0x0016, +0x003d, +0x0022, +0x005f, +0x0040, +0x000f, +0x0004, 
    +0x0012, -0x0043, +0x0013, -0x0014, +0x0013, -0x0048, +0x0009, +0x0000, 
    -0x0005, -0x007f, +0x0014, -0x0055, +0x0024, -0x000a, -0x001f, +0x0027, 
    +0x002a, +0x0053, +0x001e, -0x0007, +0x005d, -0x003d, +0x0033, -0x0028, 
    +0x0001, -0x000e, +0x000b, +0x0003, +0x0014, +0x006f, -0x000c, +0x001d, 
    -0x0005, -0x0015, +0x0010, +0x0031, +0x000c, +0x002b, +0x000f, -0x0009, 
    -0x0006, -0x0060, +0x0004, -0x0029, +0x0018, -0x002f, -0x0014, -0x0055, 
    +0x0022, -0x0010, +0x0012, -0x000a, -0x0002, -0x002d, -0x0003, -0x0008, 
    +0x0033, +0x003c, +0x002e, -0x0035, -0x0016, -0x0022, +0x000e, +0x003a, 
    -0x0041, -0x0009, -0x0040, -0x003c, -0x0045, -0x0011, -0x0026, -0x0058, 
    -0x000e, -0x004f, -0x0035, +0x003b, -0x003a, -0x0038, -0x000a, +0x007f, 
    -0x0021, +0x0036, +0x000a, -0x0044, -0x001b, +0x000c, +0x0001, -0x005e, 
    +0x0008, -0x001c, +0x000a, +0x0050, -0x000e, -0x0023, -0x001e, -0x0022, 
    -0x001d, +0x0008, +0x001d, -0x000e, -0x001b, +0x001c, +0x0004, -0x0014, 
    -0x0021, -0x0020, -0x0027, -0x003d, -0x0001, -0x0019, -0x000f, -0x0016, 
    +0x0002, -0x002a, -0x0002, +0x001a, +0x002b, +0x0040, +0x0072, +0x0023, 
    +0x0024, -0x001c, -0x001b, +0x0020, -0x004f, -0x0016, -0x0010, -0x0016, 
    +0x0020, +0x0004, -0x002b, +0x0021, +0x0027, +0x007f, +0x0015, -0x0065, 
    +0x000b, -0x0068, -0x0041, +0x000d, -0x0048, +0x0048, +0x0031, -0x000f, 
    -0x001d, -0x0017, +0x001e, -0x002a, +0x000a, +0x003d, +0x0032, +0x000b, 
    -0x0002, -0x0014, +0x0001, +0x0017, +0x0055, +0x001c, +0x004b, +0x003d, 
    -0x0029, -0x0039, -0x000b, -0x0032, -0x0008, +0x001f, +0x0022, -0x0030, 
    -0x0032, +0x0013, +0x0017, -0x0023, -0x0012, +0x000b, +0x0019, +0x0011, 
    -0x0018, -0x001f, -0x0005, +0x0033, +0x0040, -0x0001, +0x0021, +0x0025, 
    -0x002d, -0x001e, -0x0004, -0x002b, -0x0006, -0x000c, -0x0016, +0x0006, 
    -0x0003, -0x0039, +0x0013, +0x005c, -0x002b, -0x0037, +0x0003, +0x0027, 
    -0x0035, -0x002f, +0x000e, +0x0016, +0x0016, -0x0024, -0x0028, +0x001c, 
    +0x000c, -0x0013, -0x0005, +0x002f, -0x001a, +0x0073, +0x001e, +0x0038, 
    -0x0004, -0x0015, +0x004a, +0x000b, +0x003f, +0x001a, +0x0013, +0x0059, 
    -0x002a, +0x0023, -0x002c, -0x0005, +0x0029, +0x0046, +0x007f, +0x0028, 
    +0x0025, -0x0008, -0x0030, -0x0012, -0x0027, -0x0034, -0x0025, -0x0051, 
    +0x000c, +0x0040, +0x0021, -0x0048, -0x000f, +0x0030, -0x0041, -0x002f, 
    -0x003a, +0x0033, -0x0007, -0x0056, +0x005a, -0x0017, +0x002a, -0x001e, 
    -0x002a, +0x000d, +0x0022, +0x0018, +0x0038, -0x0015, +0x000c, +0x0015, 
    +0x0025, +0x001e, -0x0013, +0x0031, -0x0015, +0x0008, -0x0026, -0x0012, 
    -0x006f, +0x0010, -0x001c, -0x006c, +0x007f, +0x0004, +0x0052, +0x0066, 
    +0x0001, -0x0002, -0x000e, -0x000d, -0x0064, -0x0006, -0x0066, +0x0028, 
    +0x0030, -0x0045, +0x0028, +0x0017, -0x000c, -0x0005, +0x000a, +0x000d, 
    +0x0045, +0x001b, -0x0024, -0x0017, -0x0051, -0x0044, -0x0030, -0x0016, 
    -0x0045, -0x003c, -0x004f, +0x0003, -0x000f, +0x0064, -0x0033, +0x0037, 
    +0x002b, +0x0051, +0x0048, -0x0053, -0x0018, +0x001f, -0x001a, -0x0013, 
    +0x0016, +0x0023, +0x0041, +0x0022, +0x0002, -0x002d, +0x0009, -0x0038, 
    +0x007f, +0x0039, +0x005b, -0x0007, -0x0005, -0x001d, -0x0056, +0x006d, 
    -0x000e, -0x003a, -0x002f, +0x0021, -0x000a, +0x003c, +0x000d, -0x005a, 
    -0x0008, -0x002f, -0x001d, -0x003b, +0x002f, +0x005b, +0x0013, +0x000f, 
    -0x002d, +0x0040, +0x0001, -0x0035, +0x0003, +0x0006, -0x001a, +0x0040, 
    +0x0035, +0x004b, +0x000c, +0x0007, -0x0004, +0x0011, +0x0030, -0x0009, 
    +0x0012, +0x000a, +0x0016, +0x000e, -0x0009, +0x0006, -0x0030, +0x0033, 
    +0x0050, +0x0056, +0x0046, +0x0033, -0x0038, -0x0020, -0x0017, -0x0017, 
    -0x0036, -0x004b, +0x0005, +0x002f, +0x0000, +0x003a, -0x0039, -0x0044, 
    -0x000b, +0x0023, +0x0055, +0x0068, -0x001a, -0x0010, -0x005c, +0x003f, 
    -0x002f, +0x000b, +0x0001, -0x001c, -0x0004, -0x000e, -0x0013, +0x0005, 
    -0x001d, +0x0021, +0x001c, -0x0021, -0x0019, -0x0023, +0x000d, -0x001d, 
    +0x0003, +0x0002, +0x0043, +0x003d, +0x0001, +0x001c, +0x0014, -0x0063, 
    -0x002a, -0x003a, -0x0037, +0x006b, -0x0025, +0x0010, -0x0078, +0x0033, 
    -0x0004, -0x0008, +0x0012, +0x0072, -0x002a, -0x0041, +0x0007, -0x004c, 
    -0x002f, -0x0062, +0x004a, -0x0013, -0x0006, -0x000e, +0x000b, -0x0006, 
    +0x0050, +0x0047, +0x0029, -0x0039, -0x0030, +0x003a, +0x0001, -0x0063, 
    +0x0014, -0x0014, +0x0001, +0x002c, +0x0013, -0x0007, -0x000c, +0x0018, 
    -0x000d, -0x0045, +0x001e, +0x0031, -0x0004, -0x0031, +0x0019, +0x0004, 
    -0x001f, -0x000b, +0x003b, -0x002f, +0x0007, +0x0015, +0x0023, +0x0005, 
    +0x0007, +0x004c, -0x006a, +0x0061, -0x0008, +0x000f, -0x0047, -0x0046, 
    -0x001d, -0x007f, +0x0016, -0x002d, +0x001f, +0x003e, -0x0031, -0x0065, 
    -0x0006, +0x000e, -0x001f, -0x0018, +0x001b, -0x0011, -0x001d, -0x005d, 
    -0x0003, +0x0029, -0x0014, -0x003d, +0x0033, +0x003f, +0x003d, +0x0011, 
    +0x0007, -0x001b, -0x0002, -0x0037, -0x0001, -0x0001, +0x0029, +0x0030, 
    +0x0002, -0x0010, -0x0004, +0x005e, +0x000f, +0x005e, +0x005a, +0x0029, 
    +0x0021, -0x0011, -0x007f, -0x001f, +0x0001, +0x003f, +0x006e, +0x007f, 
    +0x0037, -0x0020, -0x0050, +0x003d, +0x0045, +0x002b, +0x001d, +0x0053, 
    -0x002c, +0x0032, -0x002d, -0x001e, -0x0004, -0x003a, -0x0024, -0x0022, 
    -0x000c, -0x0001, +0x001b, +0x002f, -0x0028, +0x001a, -0x0050, -0x003d, 
    +0x000f, -0x0008, +0x002b, +0x003a, +0x0029, -0x000d, -0x0029, +0x004b, 
    -0x0037, -0x0030, -0x004e, -0x0037, +0x0011, -0x000b, +0x0014, +0x0066, 
    -0x0008, -0x000c, +0x000b, +0x0028, -0x0046, -0x002a, -0x0024, -0x0039, 
    +0x007f, -0x0004, +0x0032, -0x0060, +0x0047, +0x0019, -0x0017, -0x0023, 
    +0x0001, -0x0018, -0x0014, +0x0016, +0x0003, -0x002f, -0x0053, -0x0040, 
    -0x0024, +0x0003, -0x0013, -0x003b, +0x0001, +0x0003, -0x0016, -0x003c, 
    -0x002e, -0x0021, -0x0015, -0x0055, +0x0006, -0x000e, -0x0014, +0x0021, 
    +0x002c, -0x0002, -0x0007, -0x0026, +0x005b, +0x000c, +0x0000, -0x002f, 
    -0x0016, +0x000c, -0x000d, -0x0006, -0x0049, -0x0004, -0x001c, +0x0000, 
    +0x0032, +0x0010, +0x0004, -0x001a, -0x0051, -0x001a, +0x005f, +0x0010, 
    -0x001b, +0x0014, +0x002b, -0x0009, +0x004e, -0x0058, -0x0062, -0x0066, 
    +0x0017, +0x007f, +0x007f, +0x004a, -0x0011, -0x0004, -0x001d, +0x002d, 
    -0x0031, -0x0008, +0x0019, -0x0007, -0x0030, -0x0002, -0x000d, -0x0005, 
    -0x004c, -0x0019, -0x001a, -0x0005, +0x0009, -0x0011, +0x0027, -0x001a, 
    -0x0010, +0x0015, +0x000f, +0x0046, -0x0026, -0x001c, +0x0013, +0x007f, 
    +0x001e, -0x0029, -0x0036, +0x0001, +0x003a, +0x003e, +0x004b, +0x0047, 
    +0x002e, +0x003a, +0x000e, +0x0003, +0x007a, +0x003c, +0x0055, -0x0035, 
    +0x002b, -0x0012, -0x0014, +0x0034, -0x0005, +0x001e, +0x001e, +0x0001, 
    +0x0010, -0x0034, +0x002a, +0x0033, -0x0043, -0x0023, -0x003f, +0x0070, 
    +0x006b, -0x0010, +0x0018, -0x0018, +0x0019, +0x001e, +0x003a, -0x000d, 
    +0x0026, +0x000d, +0x0006, +0x001d, +0x0002, -0x001b, -0x0039, -0x0034, 
    -0x003a, -0x0025, -0x0044, -0x0031, +0x0011, +0x0026, +0x0010, -0x0004, 
    -0x0007, -0x0017, -0x0014, +0x0005, +0x0019, -0x0024, -0x001f, -0x0037, 
    +0x0033, +0x0023, +0x0064, +0x0025, -0x0014, -0x003e, -0x0019, +0x000e, 
    -0x0015, -0x0020, -0x003b, +0x0000, +0x002f, -0x000a, +0x003a, +0x0006, 
    +0x0010, -0x0028, -0x0041, +0x0046, +0x0036, +0x000f, -0x000b, -0x003a, 
    +0x0010, +0x0006, -0x0025, +0x0007, +0x0018, +0x0016, +0x0013, -0x0044, 
    +0x005e, +0x0013, +0x003f, -0x004b, +0x0003, -0x0005, +0x0036, -0x0014, 
    -0x0014, -0x002f, -0x0010, +0x0020, -0x0042, +0x0064, -0x000d, +0x0014, 
    +0x001b, -0x0007, -0x0059, -0x0008, +0x004e, +0x0017, +0x0028, +0x001e, 
    -0x0013, -0x0003, -0x0002, -0x000e, -0x0004, +0x0009, +0x0011, -0x000c, 
    -0x0052, +0x001e, -0x0037, -0x004b, -0x002c, -0x0020, -0x0025, -0x002e, 
    +0x004e, +0x000e, +0x003b, -0x000b, +0x0044, -0x0007, +0x0030, +0x0010, 
    -0x0044, -0x0024, -0x0050, +0x0024, +0x0019, +0x0008, +0x000b, -0x0012, 
    +0x0002, +0x001b, +0x0058, -0x0031, -0x001a, -0x0009, -0x0038, -0x003e, 
    -0x0031, -0x004b, +0x005d, +0x0018, +0x000e, -0x0070, -0x002c, -0x0037, 
    +0x0067, +0x0018, -0x000e, -0x001d, +0x0004, +0x0055, -0x0013, +0x0024, 
    +0x0013, -0x0031, -0x0051, +0x0046, -0x001b, -0x0028, -0x0012, +0x0012, 
    -0x001c, -0x0013, -0x005f, +0x001c, +0x0014, +0x0014, +0x000f, -0x0032, 
    +0x0008, -0x000a, +0x0003, +0x0017, +0x003a, -0x000c, -0x001f, +0x001f, 
    -0x0011, -0x000d, -0x0005, -0x0021, +0x002e, +0x0071, +0x0013, +0x0021, 
    -0x0028, -0x002a, -0x000e, +0x001e, -0x002c, +0x0017, -0x0020, -0x0044, 
    +0x000d, +0x005a, +0x0045, -0x001a, -0x0030, -0x0015, -0x002e, +0x007f, 
    +0x0061, -0x0034, -0x0006, +0x002a, +0x0027, +0x0005, -0x0008, -0x0048, 
    +0x0009, +0x000c, +0x0010, -0x0020, +0x001b, +0x0013, -0x0012, -0x002d, 
    -0x0049, +0x004e, +0x0063, -0x003a, -0x003f, +0x0008, -0x0022, +0x0041, 
    +0x0061, +0x000a, -0x0010, -0x0044, -0x0026, +0x0064, +0x002c, +0x0003, 
    +0x0029, -0x0007, +0x0008, -0x004b, +0x001d, -0x002d, -0x003f, +0x0016, 
    +0x007f, -0x002d, -0x001a, -0x004e, -0x001e, -0x0056, -0x0039, +0x004d, 
    +0x0061, +0x002c, -0x0050, -0x0016, +0x0009, -0x001e, -0x001c, +0x0032, 
    -0x004d, -0x0002, +0x007f, +0x0014, -0x0023, +0x003f, +0x0075, -0x006d, 
    -0x001b, -0x004d, -0x0006, -0x0023, -0x0021, -0x001e, +0x0032, +0x002d, 
    +0x0015, +0x0007, -0x0024, -0x0046, -0x002f, -0x0019, -0x0041, -0x0028, 
    +0x004c, +0x000d, -0x006e, -0x0008, +0x0014, -0x0012, +0x0036, -0x0022, 
    +0x0000, +0x0045, +0x000b, -0x0015, +0x003a, -0x001f, -0x003d, +0x003d, 
    -0x002a, +0x0027, +0x001c, -0x0020, -0x0034, +0x0018, -0x0014, -0x0010, 
    +0x002b, +0x0045, -0x0044, +0x0005, -0x0031, -0x007f, +0x0006, +0x0024, 
    -0x001b, +0x000a, -0x0026, -0x002c, +0x0027, -0x0006, -0x004b, +0x0066, 
    -0x0011, -0x0016, -0x003d, +0x003f, +0x0009, -0x0011, -0x0006, +0x0016, 
    -0x0019, +0x0017, -0x0003, +0x004a, +0x0008, -0x0006, +0x002a, -0x0028, 
    +0x0014, +0x000a, +0x0006, +0x0006, +0x0052, -0x000c, -0x0027, -0x002e, 
    +0x004f, -0x004a, -0x0069, +0x000b, -0x0045, -0x002a, +0x005e, -0x0050, 
    -0x0026, -0x0014, +0x0027, -0x005d, +0x0000, +0x0017, -0x0036, +0x004c, 
    -0x0023, +0x0021, +0x0039, +0x0039, -0x0048, -0x0060, -0x0053, -0x0060, 
    -0x0019, -0x0040, -0x000b, -0x0020, +0x000c, -0x0020, -0x0043, +0x0033, 
    +0x0008, +0x0002, -0x004b, +0x0042, +0x000c, -0x0019, +0x0008, +0x004d, 
    -0x0017, -0x002b, +0x000b, -0x0042, +0x0024, -0x002f, -0x000c, +0x0018, 
    +0x007f, +0x001c, -0x0023, -0x000a, -0x002d, +0x000b, -0x0013, -0x0077, 
    -0x0038, +0x0014, +0x0010, +0x0017, -0x001a, -0x0052, +0x0023, +0x0041, 
    +0x001b, -0x000b, -0x0037, -0x0004, +0x0028, -0x0017, -0x0016, +0x001e, 
    +0x0004, -0x0028, -0x003d, +0x000f, -0x0009, +0x001f, +0x001f, -0x0013, 
    +0x002e, -0x0020, -0x000a, -0x0004, -0x003e, +0x000a, -0x0003, -0x0001, 
    +0x0019, +0x0008, -0x0013, +0x0003, +0x0008, -0x0045, +0x001f, +0x0025, 
    +0x0060, -0x000f, -0x0039, -0x002c, -0x001e, +0x0053, -0x0019, +0x004d, 
    -0x002c, +0x001d, -0x000a, +0x000e, -0x0053, -0x002c, -0x0012, -0x0022, 
    +0x0029, +0x0015, -0x0009, +0x0004, -0x005e, -0x0002, +0x002c, -0x0035, 
    -0x0006, +0x002f, -0x000a, +0x0047, -0x0015, -0x0033, -0x002e, -0x0003, 
    -0x0033, -0x0028, +0x007f, +0x0004, +0x002d, +0x0014, -0x001f, +0x002c, 
    -0x000c, +0x003e, +0x000c, +0x000f, +0x0003, +0x0040, -0x004b, +0x0051, 
    -0x006f, +0x0056, +0x0042, -0x0010, -0x0048, -0x0028, -0x0038, -0x000b, 
    -0x0009, +0x0031, +0x0019, +0x0010, -0x000f, +0x000a, +0x0013, +0x0077, 
    +0x0078, +0x007f, +0x000f, +0x0067, -0x0024, -0x0012, +0x0003, -0x0003, 
    +0x0040, +0x0012, +0x0015, -0x000a, -0x0018, +0x0022, +0x0078, +0x0004, 
    -0x0032, +0x0017, +0x002c, -0x0012, -0x0010, -0x0007, -0x0030, -0x0018, 
    -0x000e, +0x0039, +0x0037, -0x002e, +0x0011, +0x003e, -0x0014, +0x0005, 
    +0x0045, +0x0039, +0x0039, +0x0061, +0x001a, +0x000f, +0x0024, -0x005a, 
    -0x0051, -0x0020, +0x0044, -0x0046, -0x0044, -0x0039, +0x0012, +0x0021, 
    +0x002d, +0x003c, -0x0026, +0x001a, -0x000c, -0x0009, -0x0032, -0x0008, 
    -0x0004, -0x0006, +0x0015, +0x0026, +0x003f, +0x0033, -0x001f, -0x0021, 
    -0x001b, -0x0014, +0x000f, -0x0017, +0x0060, -0x001a, -0x0031, +0x000e, 
    -0x0008, -0x001f, -0x000a, -0x004c, +0x000a, -0x001f, -0x0019, -0x0003, 
    +0x0024, +0x0044, -0x0022, +0x006e, +0x0068, -0x0017, -0x0015, +0x0016, 
    -0x000e, -0x004c, -0x0033, +0x0028, +0x0035, -0x0033, +0x0043, -0x0058, 
    -0x0017, +0x000f, +0x000e, +0x0036, -0x002e, +0x000f, +0x0000, -0x007f, 
    -0x0031, -0x0038, +0x0014, +0x0000, -0x002c, +0x0025, -0x0010, +0x0030, 
    +0x0012, +0x0039, +0x002a, -0x001d, +0x0029, -0x0047, -0x0060, -0x004c, 
    +0x0006, +0x002c, -0x0035, -0x000d, +0x003c, -0x0014, -0x002a, +0x0034, 
    -0x0064, -0x003f, -0x0004, +0x0028, -0x0019, -0x004c, -0x000c, +0x0004, 
    -0x0015, +0x0006, +0x0014, +0x0002, -0x0023, +0x001c, -0x0020, -0x004a, 
    -0x004b, -0x000e, -0x0006, -0x002f, -0x0030, -0x0008, +0x0031, -0x0028, 
    +0x0011, -0x0011, -0x001e, +0x000b, +0x0012, +0x007f, +0x0013, -0x0066, 
    +0x0016, -0x0056, +0x000d, -0x0005, -0x001f, -0x0013, +0x0024, -0x0014, 
    -0x001b, -0x002b, -0x0016, -0x0064, +0x000b, -0x0026, -0x0008, +0x000c, 
    -0x002f, -0x0005, +0x001c, -0x0023, +0x0000, +0x0031, +0x0010, -0x002a, 
    -0x0003, -0x0051, +0x0004, +0x000e, +0x007f, -0x0032, +0x000c, +0x0039, 
    +0x000d, -0x000e, +0x0057, -0x0009, +0x0001, +0x0012, +0x0033, +0x0025, 
    +0x0024, -0x0028, +0x0026, +0x007f, +0x0024, +0x002a, -0x001b, -0x004a, 
    -0x000d, +0x000d, +0x000f, +0x0075, +0x0016, -0x0028, -0x0001, +0x001f, 
    -0x000b, +0x0016, -0x004f, -0x000c, +0x0061, -0x0030, -0x0004, +0x0040, 
    -0x004e, +0x0070, -0x005b, -0x004e, +0x001c, -0x003a, -0x0017, -0x000c, 
    -0x0005, +0x0000, +0x0006, +0x001e, -0x0006, +0x0016, -0x002d, +0x0019, 
    +0x000f, +0x0002, -0x0015, +0x0003, -0x0012, -0x0032, +0x0010, +0x0057, 
    +0x0008, -0x0034, +0x0008, +0x0031, -0x0051, +0x002e, -0x003a, -0x005f, 
    +0x0008, -0x0009, -0x000a, -0x002b, +0x000a, +0x0028, +0x0010, +0x0025, 
    -0x0055, -0x005f, -0x0025, -0x0054, -0x0024, +0x0013, -0x007f, -0x000e, 
    -0x0007, -0x001b, -0x000a, -0x000a, -0x0026, -0x0013, -0x001f, -0x0006, 
    +0x001f, -0x0024, -0x0001, +0x0026, +0x000e, +0x001e, +0x0066, -0x0044, 
    +0x000b, -0x000e, -0x0046, -0x0033, +0x001e, +0x0015, -0x0027, +0x001a, 
    -0x000d, +0x000d, -0x000a, +0x0033, +0x0020, -0x005b, -0x0034, +0x0015, 
    -0x0007, +0x0037, -0x0027, -0x0002, -0x0039, +0x004b, -0x002d, -0x0041, 
    +0x003b, +0x001e, +0x000d, -0x0009, -0x0021, +0x002f, +0x0010, -0x0016, 
    +0x000a, +0x0043, -0x0040, +0x002e, +0x002e, -0x000d, +0x0056, +0x0000, 
    +0x003e, +0x0005, +0x0034, +0x0009, +0x001e, -0x0010, -0x001c, -0x0018, 
    +0x0000, -0x002a, +0x0013, -0x0003, -0x000b, +0x001e, -0x0012, +0x0010, 
    -0x0025, +0x0021, +0x002e, +0x0005, +0x0050, -0x0032, +0x004d, +0x0048, 
    -0x0013, -0x003c, +0x0029, -0x0035, -0x003f, +0x0057, +0x000b, -0x000f, 
    -0x0021, -0x0008, -0x0029, +0x004a, +0x0000, +0x0012, +0x003f, -0x0026, 
    +0x005c, +0x001c, -0x0024, -0x0002, -0x0035, -0x0067, -0x002a, -0x000f, 
    -0x0036, -0x001b, -0x0002, -0x0019, -0x002c, -0x0006, +0x0020, -0x002d, 
    +0x0036, -0x0013, +0x001a, +0x000d, -0x0008, +0x001a, +0x0051, +0x0015, 
    +0x000b, +0x0014, +0x001a, +0x0038, -0x0012, +0x0066, -0x001f, -0x0057, 
    +0x0029, +0x0075, +0x001c, -0x0006, +0x0049, +0x003b, +0x004f, -0x0054, 
    +0x0009, -0x0006, +0x001b, -0x0013, -0x0007, +0x0018, +0x000a, -0x0027, 
    -0x0027, +0x0011, -0x006c, -0x0009, -0x0031, +0x0055, +0x001e, +0x003a, 
    -0x0044, +0x001c, -0x0043, -0x000d, +0x0008, -0x000e, +0x002d, +0x000b, 
    +0x0009, +0x0021, +0x0033, +0x0022, +0x001e, +0x0019, -0x000b, -0x000f, 
    -0x0012, -0x0025, -0x0025, +0x000c, -0x004e, +0x000f, -0x007f, +0x0043, 
    +0x0010, +0x0077, +0x000b, +0x0063, +0x0027, -0x0028, -0x0042, -0x001e, 
    +0x0066, +0x005f, -0x0007, +0x0015, +0x0002, +0x002d, -0x000f, +0x0031, 
    +0x002a, -0x0001, -0x001f, -0x000e, +0x001a, -0x002e, +0x0007, +0x0015, 
    -0x0029, -0x0055, -0x0006, -0x0035, -0x0005, +0x001a, -0x003f, +0x0027, 
    -0x0012, +0x0018, +0x000a, +0x002e, -0x0042, +0x0011, -0x0037, +0x003e, 
    -0x006b, -0x0013, +0x0028, +0x0010, -0x0044, +0x0002, -0x0042, +0x007f, 
    -0x0015, -0x006b, +0x003a, -0x000f, -0x000c, -0x0021, -0x0022, -0x0004, 
    -0x0005, -0x0069, +0x0018, -0x0047, +0x001e, -0x007e, +0x0057, -0x0006, 
    -0x006a, -0x003a, +0x0012, +0x0000, -0x0001, +0x0019, -0x000e, -0x0007, 
    -0x0025, +0x0016, -0x0010, +0x001d, -0x0025, -0x004d, +0x002e, -0x0050, 
    +0x0011, +0x0027, +0x005a, -0x005b, +0x001f, +0x0037, -0x0002, -0x0018, 
    +0x001d, -0x0047, +0x002d, -0x006b, +0x0027, -0x0033, -0x0025, -0x0056, 
    -0x007f, -0x002a, -0x0058, -0x000c, +0x0019, +0x0020, +0x0053, +0x0019, 
    +0x0023, +0x0010, +0x0059, -0x0013, -0x0026, +0x0053, +0x0019, +0x0004, 
    +0x0018, -0x0029, -0x000e, +0x0001, -0x0057, -0x0005, -0x0001, +0x0059, 
    -0x000c, +0x0003, -0x0015, +0x0003, -0x0016, -0x001d, +0x0007, +0x0025, 
    +0x0021, -0x0042, +0x0023, -0x0001, -0x0041, +0x007f, -0x003c, +0x0006, 
    -0x0014, -0x0014, -0x002d, +0x0057, -0x0020, -0x0021, +0x0008, -0x0015, 
    +0x003d, +0x003e, -0x000c, -0x0007, +0x001d, +0x0061, -0x0023, +0x0035, 
    +0x0020, +0x0030, +0x000c, +0x0040, -0x0039, -0x0002, -0x002f, -0x000f, 
    +0x0001, -0x003c, -0x001c, +0x0003, +0x007d, -0x000a, +0x005d, -0x0020, 
    -0x0020, -0x000c, +0x004b, -0x0050, +0x001f, +0x004f, -0x002d, -0x0023, 
    +0x0016, -0x0008, +0x0000, +0x004c, -0x0056, -0x0015, +0x0006, +0x0027, 
    +0x0007, +0x0039, +0x0000, +0x0025, +0x0077, +0x0008, +0x0034, -0x0055, 
    -0x0002, -0x0049, -0x0053, +0x0013, +0x0043, +0x0055, +0x0054, +0x0037, 
    +0x0020, -0x001c, -0x0006, +0x0005, -0x0020, +0x0003, -0x000f, -0x0043, 
    -0x0030, -0x001c, +0x007f, -0x002d, -0x0028, +0x0047, +0x0030, +0x003a, 
    -0x0039, +0x0026, +0x0003, +0x004b, +0x0001, -0x003f, -0x0020, -0x001c, 
    -0x0010, -0x0032, +0x0010, -0x0018, +0x0025, -0x0027, +0x0025, -0x0039, 
    +0x0016, -0x0026, -0x0008, -0x0007, -0x0003, +0x0006, -0x0003, +0x0035, 
    +0x0002, -0x0056, +0x0034, -0x000f, -0x0018, -0x005e, -0x003a, +0x001b, 
    -0x000c, -0x000b, +0x0009, -0x0005, -0x0032, +0x0025, -0x0024, +0x0021, 
    +0x0055, -0x0040, +0x005a, -0x0006, +0x000d, -0x0014, -0x001d, +0x001f, 
    -0x0037, +0x002b, -0x0039, -0x001b, -0x0028, -0x0013, -0x002c, -0x000f, 
    +0x0057, -0x0003, -0x0027, -0x0013, -0x003c, +0x002b, +0x000c, +0x0075, 
    +0x0001, +0x000d, +0x0008, -0x000d, -0x000c, -0x0019, +0x0013, +0x0013, 
    +0x0020, +0x0002, -0x003f, -0x0020, -0x0014, +0x0025, -0x001b, -0x0006, 
    +0x0036, -0x0065, +0x0016, +0x0034, +0x0032, -0x004f, +0x000c, -0x0035, 
    -0x0032, +0x002e, -0x0010, +0x006a, +0x0020, -0x0026, -0x001f, +0x0011, 
    +0x0003, -0x0026, +0x000a, +0x0049, -0x001d, +0x007e, +0x0042, -0x003c, 
    +0x001c, -0x0046, +0x000d, +0x002b, +0x0038, -0x001c, -0x0004, +0x0010, 
    -0x0001, +0x0049, +0x0034, +0x000d, -0x005b, +0x006e, -0x000d, -0x0003, 
    +0x0009, +0x0029, +0x0046, +0x0028, -0x0017, +0x0023, +0x0003, -0x0046, 
    -0x0024, +0x007f, +0x0002, +0x006e, +0x0040, +0x0034, +0x000d, +0x007f, 
    -0x0077, -0x0037, -0x000f, +0x000c, +0x0016, +0x0025, -0x0013, +0x001a, 
    +0x001c, +0x003b, -0x0015, +0x0048, -0x0072, +0x0012, +0x000c, -0x0016, 
    +0x0047, -0x0010, -0x002d, -0x0038, +0x004c, -0x0045, +0x0020, -0x002a, 
    +0x0022, -0x002b, -0x0005, +0x0023, +0x004d, -0x003b, -0x0013, -0x0021, 
    -0x0005, +0x006a, +0x000c, +0x0028, +0x0031, -0x0076, +0x005a, -0x0012, 
    +0x000e, +0x001f, +0x0010, +0x0001, +0x0007, -0x0044, -0x0005, -0x0027, 
    -0x001b, +0x002f, +0x000f, -0x0030, -0x0013, -0x001d, +0x0051, +0x0000, 
    +0x000f, -0x0040, +0x0008, -0x002e, +0x007f, -0x0011, +0x0011, +0x0060, 
    -0x0049, -0x0040, +0x004c, +0x001a, +0x0015, +0x003e, +0x0001, +0x002c, 
    -0x004a, -0x0036, -0x0029, -0x0043, -0x0044, +0x000c, -0x001a, -0x000f, 
    +0x0024, +0x004f, -0x002d, +0x0009, -0x0003, -0x0007, +0x000e, -0x0006, 
    +0x0007, -0x0024, +0x0036, +0x0007, +0x0024, +0x004d, +0x0020, +0x0011, 
    +0x0009, +0x0003, -0x004b, +0x002f, +0x0019, -0x002b, +0x001d, -0x0008, 
    +0x0003, +0x000a, +0x001c, +0x0007, -0x001e, +0x0006, -0x001e, -0x004a, 
    -0x001f, +0x0045, +0x0018, +0x006b, -0x0063, +0x0023, +0x0012, -0x0014, 
    +0x000b, -0x0035, +0x001b, -0x001a, -0x003a, -0x000e, +0x0003, +0x0011, 
    -0x0035, +0x002e, -0x001d, +0x0013, -0x0036, +0x0024, -0x002a, +0x0022, 
    -0x0025, +0x0022, -0x0036, -0x0002, +0x0003, -0x0026, +0x0042, -0x0011, 
    -0x0026, +0x0010, +0x0017, +0x0027, -0x0016, +0x000b, -0x0023, +0x000d, 
    -0x000e, +0x001a, +0x0009, +0x000d, -0x002b, +0x0009, +0x003f, -0x002a, 
    +0x000e, +0x007f, -0x0021, +0x007f, +0x0027, +0x0028, -0x0006, -0x0042, 
    -0x002d, -0x002c, +0x0064, -0x0017, -0x005d, -0x0042, -0x000c, +0x0052, 
    -0x0003, -0x003c, -0x0030, -0x0046, +0x0035, -0x002f, +0x0036, -0x0055, 
    +0x003d, -0x0046, -0x0041, -0x004a, -0x002d, -0x001c, -0x0003, +0x0020, 
    +0x0032, +0x002f, -0x0047, -0x0035, -0x0003, +0x001a, +0x0000, +0x0012, 
    +0x006d, -0x002c, -0x002e, +0x003b, +0x006d, -0x0016, +0x000b, +0x0038, 
    -0x000d, -0x004e, +0x0057, -0x004c, +0x0013, +0x001c, -0x0046, -0x0038, 
    -0x0017, -0x0015, -0x000e, -0x0006, +0x000a, +0x0003, -0x0067, -0x005f, 
    +0x006c, -0x0015, -0x0021, -0x0021, +0x0017, +0x0018, +0x0002, +0x0031, 
    +0x007f, +0x007e, +0x0019, -0x000a, +0x006d, +0x0011, +0x002d, -0x0023, 
    +0x000b, +0x000f, +0x0011, +0x0002, -0x001a, -0x0007, +0x0019, +0x001a, 
    +0x0022, -0x001a, +0x0014, -0x0022, +0x0026, +0x0059, -0x0024, -0x0051, 
    -0x0015, -0x002b, -0x0016, +0x002f, -0x001b, +0x0000, +0x0031, +0x0007, 
    -0x000a, -0x001d, +0x007f, +0x0019, -0x0059, -0x0009, +0x0013, +0x0074, 
    +0x0029, -0x0006, -0x0043, -0x004f, +0x0041, +0x002b, -0x001f, +0x000e, 
    +0x000c, -0x000b, -0x0017, +0x0018, -0x001c, -0x0028, +0x0016, -0x004c, 
    +0x0022, +0x0014, -0x0010, -0x0033, -0x0047, +0x0044, -0x0032, +0x0078, 
    -0x003f, -0x0007, +0x001a, +0x0028, -0x0035, +0x0019, +0x0010, +0x0058, 
    -0x0035, -0x002e, +0x005a, +0x0007, -0x000f, +0x002b, -0x000b, -0x001d, 
    +0x001a, +0x0028, +0x0005, +0x002b, -0x0020, +0x0047, -0x001f, +0x0037, 
    -0x002d, +0x000d, +0x002c, +0x0047, +0x0032, +0x0039, +0x000a, +0x001d, 
    +0x000e, +0x0001, -0x0052, -0x001c, -0x0007, +0x002f, +0x0001, -0x001d, 
    -0x001e, -0x0052, +0x0007, +0x0015, -0x002c, +0x003b, -0x0051, -0x0002, 
    +0x002e, +0x000d, -0x002f, -0x0020, -0x000a, +0x0020, -0x0024, +0x0018, 
    +0x001a, +0x001d, -0x0026, +0x004a, -0x002a, -0x0043, +0x0028, +0x000b, 
    -0x000d, +0x003c, +0x003f, -0x0002, +0x000e, -0x002f, -0x0016, -0x0028, 
    +0x000d, +0x002a, -0x0010, -0x003e, +0x0004, -0x002a, -0x006a, -0x0057, 
    -0x0014, +0x0008, -0x0015, +0x001f, -0x0063, +0x0010, +0x0051, -0x0005, 
    -0x0039, -0x002f, -0x0032, -0x0010, +0x0017, +0x001e, +0x0016, -0x000b, 
    -0x002c, -0x0033, -0x001e, -0x0057, +0x0009, +0x002f, -0x0009, -0x0009, 
    +0x0014, +0x003d, -0x000b, -0x0012, +0x0000, -0x0019, +0x0039, +0x0028, 
    +0x0011, -0x003d, -0x002e, -0x0009, +0x0006, -0x001b, +0x001d, +0x0014, 
    +0x0047, +0x001a, -0x0019, -0x000c, +0x0038, -0x002b, +0x003f, +0x000d, 
    +0x0019, +0x001d, -0x0033, +0x000c, -0x0024, +0x0011, -0x0013, -0x0051, 
    +0x006b, -0x002e, +0x007f, +0x007f, -0x0017, +0x0027, +0x0000, +0x002f, 
    +0x0063, -0x003a, +0x0044, -0x001d, +0x0004, +0x000b, +0x001b, -0x0002, 
    +0x0011, -0x0035, +0x0035, +0x002c, +0x0012, -0x003f, -0x0019, -0x0023, 
    +0x0039, +0x000f, +0x0011, +0x004c, +0x0044, -0x000b, +0x0025, -0x0016, 
    -0x0009, -0x0010, -0x0023, -0x0013, +0x001e, +0x0012, +0x0005, +0x002d, 
    +0x0016, -0x000c, -0x000c, +0x003c, -0x0014, -0x0035, -0x000a, -0x001c, 
    +0x0030, -0x0067, -0x0005, +0x004d, +0x002b, +0x0022, +0x0009, +0x001c, 
    +0x000c, -0x0018, -0x006e, -0x0030, -0x0035, +0x0005, -0x001b, +0x0042, 
    -0x0041, +0x0013, -0x0057, +0x0000, +0x0029, -0x0003, -0x0026, -0x0037, 
    +0x001c, -0x003f, -0x002d, -0x000b, +0x000c, -0x001a, +0x0009, +0x000d, 
    -0x0015, -0x0063, +0x001a, +0x002b, +0x0001, +0x0020, -0x0009, -0x0019, 
    -0x0034, +0x006e, -0x000f, -0x0002, -0x0058, -0x0012, -0x0007, -0x0006, 
    +0x005e, +0x001a, +0x002c, +0x001b, -0x000b, +0x003a, +0x0030, +0x0000, 
    -0x003d, +0x0008, +0x0016, +0x0015, -0x001d, +0x0018, +0x0040, +0x0017, 
    -0x0039, -0x001d, +0x001b, +0x003f, +0x001d, +0x0001, +0x0035, -0x001d, 
    -0x002d, -0x0029, -0x0039, -0x0023, +0x002b, -0x0005, +0x0021, -0x0011, 
    +0x0064, -0x0035, -0x0049, -0x0033, +0x004f, +0x000b, -0x0010, -0x0007, 
    +0x0033, +0x007f, +0x004e, +0x000d, -0x0025, +0x0006, -0x001d, +0x002a, 
    -0x003a, +0x0031, -0x0012, +0x000c, -0x0001, +0x0037, -0x0040, -0x0006, 
    -0x002c, +0x002a, -0x001a, +0x0037, -0x0014, -0x0026, -0x000f, +0x0014, 
    +0x0021, +0x0014, -0x005d, -0x0042, -0x0010, +0x0003, -0x0016, -0x0011, 
    +0x007f, -0x0008, -0x0048, -0x0021, -0x001d, -0x0002, -0x0020, -0x0007, 
    -0x005e, -0x0001, -0x0006, -0x0004, -0x0024, +0x0061, +0x0020, -0x0006, 
    -0x002b, +0x001a, -0x0008, -0x0033, -0x002b, -0x0004, -0x0007, -0x0054, 
    -0x0002, +0x007f, -0x0009, -0x0008, +0x0019, +0x0057, +0x0003, -0x0012, 
    +0x001e, +0x0012, +0x001f, -0x0023, -0x000b, -0x002b, +0x007f, -0x000e, 
    -0x0008, -0x0001, -0x0006, +0x000f, +0x0000, -0x0003, -0x0005, -0x0022, 
    +0x0062, -0x0001, +0x001b, -0x0041, -0x0024, +0x0000, +0x0001, +0x0006, 
    -0x0017, +0x002c, +0x0003, +0x0009, -0x0005, +0x001d, +0x0043, -0x003f, 
    -0x004c, -0x001d, -0x003b, +0x0019, +0x0000, -0x002d, -0x0009, -0x0002, 
    -0x0026, -0x005d, -0x000d, +0x0008, +0x0034, -0x000b, +0x0039, -0x002c, 
    +0x0050, +0x0031, +0x0014, -0x0043, +0x0043, -0x002a, +0x0011, +0x001e, 
    +0x0010, -0x000e, -0x000b, -0x0033, +0x000b, -0x0028, +0x0048, -0x0010, 
    +0x0013, -0x001a, +0x0024, +0x0014, +0x0021, -0x000c, +0x0012, +0x000d, 
    -0x002f, -0x000c, -0x0010, +0x0007, -0x0022, -0x0015, -0x0023, +0x003c, 
    -0x0046, -0x0054, +0x000f, -0x0015, -0x0004, -0x0002, +0x0008, +0x005e, 
    -0x0015, +0x0032, -0x0006, -0x000c, +0x0002, -0x0013, +0x0005, +0x0049, 
    -0x0040, +0x0026, -0x0007, -0x0015, +0x007f, +0x003a, -0x001c, +0x0057, 
    -0x0054, -0x0003, -0x0002, -0x0035, -0x000a, +0x000d, +0x0025, -0x001d, 
    -0x0014, +0x0001, -0x0017, +0x0011, -0x004c, -0x002e, -0x0013, +0x0004, 
    -0x0014, +0x0028, -0x0005, +0x0027, +0x0020, +0x0059, -0x0033, +0x0006, 
    -0x0028, +0x002c, -0x0020, -0x0039, +0x002f, -0x0015, +0x0057, -0x007f, 
    -0x0038, -0x001b, +0x0003, -0x0019, -0x000f, +0x0054, -0x0005, +0x0018, 
    -0x0032, -0x0011, +0x000e, -0x0014, +0x001b, +0x0036, +0x000e, +0x005a, 
    +0x0007, -0x003b, -0x0007, -0x003a, -0x0024, -0x0046, +0x0017, +0x000b, 
    +0x0001, -0x0043, +0x0033, +0x0001, -0x003e, +0x0017, -0x0037, +0x0007, 
    +0x0023, -0x003a, +0x003c, +0x000f, -0x0012, -0x001c, -0x000a, +0x0022, 
    -0x0056, -0x0055, +0x0002, +0x003a, -0x0013, -0x0028, -0x0019, +0x0003, 
    +0x0063, +0x0068, -0x001b, -0x0012, -0x0008, +0x0024, +0x0011, -0x0046, 
    +0x0066, -0x003b, +0x003a, -0x0006, -0x005c, -0x0032, -0x0025, +0x002f, 
    +0x001a, +0x0036, +0x001d, +0x0033, -0x0017, +0x0045, +0x000a, -0x0043, 
    -0x0032, -0x002d, -0x0036, +0x0028, +0x001d, -0x0020, +0x0016, -0x004a, 
    +0x0022, +0x0031, -0x004a, +0x0019, -0x0073, -0x0043, -0x0040, -0x002f, 
    -0x001b, +0x003a, -0x0016, -0x0031, +0x005b, +0x0018, +0x0023, -0x0001, 
    +0x0018, -0x0063, +0x0023, +0x004e, +0x0041, +0x0012, +0x0011, +0x002b, 
    -0x0008, +0x000f, -0x002b, -0x0019, +0x000c, +0x0033, -0x002a, -0x003c, 
    +0x0030, +0x006f, +0x0014, +0x004b, +0x002c, +0x003a, +0x0011, +0x006b, 
    -0x0004, -0x0018, -0x000f, -0x001a, +0x003d, +0x003e, +0x006c, -0x0038, 
    -0x0005, +0x0021, +0x0002, -0x0016, +0x003f, +0x0045, +0x0004, -0x000b, 
    +0x002b, -0x001e, -0x0002, -0x0037, -0x000c, -0x0014, -0x002f, +0x0037, 
    +0x002a, +0x0044, +0x0012, +0x0013, +0x0021, +0x0005, -0x000d, -0x003d, 
    -0x000f, +0x0011, -0x001d, +0x0004, -0x0022, -0x0027, +0x0010, -0x0033, 
    +0x0026, +0x007f, -0x002c, -0x0031, -0x001e, -0x0044, +0x000b, -0x002e, 
    -0x003e, -0x0046, -0x001a, +0x002a, +0x001d, +0x0040, +0x003b, -0x0018, 
    -0x0011, +0x0011, +0x000f, -0x001e, -0x000e, -0x0034, -0x000f, +0x001d, 
    -0x0006, -0x0035, -0x000d, -0x004e, -0x001c, -0x0021, -0x002d, -0x002b, 
    +0x002a, +0x0024, +0x002a, +0x000d, +0x001d, -0x0004, +0x0004, +0x0001, 
    -0x000c, -0x0004, -0x0075, -0x0053, -0x0035, -0x0031, -0x0031, -0x001c, 
    +0x0015, -0x003f, -0x0018, +0x0016, -0x004e, -0x0034, -0x004a, -0x0021, 
    +0x0003, -0x002b, -0x0031, -0x002c, -0x001b, -0x0044, +0x0042, +0x003a, 
    +0x0002, -0x0001, -0x0055, -0x007f, -0x0011, -0x0025, +0x0001, +0x000a, 
    +0x0006, -0x0001, -0x0022, +0x0022, -0x0018, +0x000e, +0x0023, +0x004b, 
    +0x004a, +0x0041, +0x0002, +0x0027, +0x0005, +0x0008, +0x0016, +0x003d, 
    +0x0014, +0x000c, -0x0006, -0x000c, -0x0021, +0x0000, -0x0005, -0x0073, 
    -0x000a, -0x001e, -0x0015, -0x0078, +0x0016, +0x0013, +0x003f, +0x005b, 
    +0x0002, -0x002d, -0x000c, +0x006b, +0x007f, +0x001e, +0x0040, +0x0013, 
    -0x0034, -0x0026, -0x0045, -0x003f, -0x003b, -0x0052, -0x0049, -0x0022, 
    +0x0001, +0x0005, -0x0005, -0x004a, +0x0019, +0x0004, +0x0048, +0x0045, 
    -0x001f, +0x001f, +0x0002, +0x0005, +0x003f, +0x006d, -0x0009, -0x0062, 
    -0x0020, +0x0014, -0x001d, -0x003b, +0x0010, +0x002f, +0x000c, -0x000c, 
    +0x0003, -0x0011, +0x0000, +0x0058, -0x0012, +0x0051, -0x0016, -0x0005, 
    +0x000b, +0x0014, -0x002a, -0x000e, +0x0007, -0x0017, -0x0034, +0x0007, 
    +0x0003, +0x002a, -0x0010, -0x0018, -0x0007, -0x002a, +0x0023, +0x0063, 
    -0x002c, -0x0037, -0x001c, +0x004d, -0x0014, -0x000a, -0x0006, -0x0028, 
    -0x0022, +0x0001, +0x0046, +0x001e, -0x002e, +0x0008, -0x007f, -0x003f, 
    -0x001c, -0x0028, -0x006b, -0x0033, -0x0024, +0x001c, -0x0015, +0x0036, 
    +0x002b, -0x0013, +0x0006, -0x002f, +0x0014, +0x002f, +0x002b, +0x005d
};
#ifdef __cplusplus
}  // extern "C"
#endif

#ifdef __cplusplus
extern "C" {
#endif
static const int32_t __attribute__((section(".rodata.tvm"), aligned(16))) fused_nn_contrib_conv2d_NCHWc_add_constant_2[64] = {
    +0x00000007, +0x00000008, +0x00000008, +0x00000007, +0x00000007, +0x00000009, +0x00000008, +0x00000009, 
    +0x00000008, +0x00000008, +0x00000007, +0x00000008, +0x00000007, +0x00000008, +0x00000006, +0x00000007, 
    +0x00000008, +0x00000007, +0x00000007, +0x00000008, +0x00000008, +0x00000008, +0x00000007, +0x00000009, 
    +0x00000008, +0x00000007, +0x00000008, +0x00000007, +0x00000008, +0x00000008, +0x00000009, +0x00000009, 
    +0x00000007, +0x00000007, +0x00000007, +0x00000008, +0x00000007, +0x00000009, +0x00000007, +0x00000006, 
    +0x00000006, +0x00000007, +0x00000008, +0x00000008, +0x00000007, +0x00000007, +0x00000007, +0x00000008, 
    +0x00000007, +0x00000008, +0x00000008, +0x00000008, +0x00000007, +0x00000008, +0x00000007, +0x00000008, 
    +0x00000007, +0x00000008, +0x00000008, +0x00000007, +0x00000009, +0x00000007, +0x00000008, +0x00000008
};
#ifdef __cplusplus
}  // extern "C"
#endif

#ifdef __cplusplus
extern "C" {
#endif
static const int32_t __attribute__((section(".rodata.tvm"), aligned(16))) fused_nn_contrib_conv2d_NCHWc_add_constant_1[64] = {
    +0x00000000, +0x00000000, +0x00000000, +0x00000000, +0x00000000, +0x00000000, +0x00000000, +0x00000000, 
    +0x00000000, +0x00000000, +0x00000000, +0x00000000, +0x00000000, +0x00000000, +0x00000000, +0x00000000, 
    +0x00000000, +0x00000000, +0x00000000, +0x00000000, +0x00000000, +0x00000000, +0x00000000, +0x00000000, 
    +0x00000000, +0x00000000, +0x00000000, +0x00000000, +0x00000000, +0x00000000, +0x00000000, +0x00000000, 
    +0x00000000, +0x00000000, +0x00000000, +0x00000000, +0x00000000, +0x00000000, +0x00000000, +0x00000000, 
    +0x00000000, +0x00000000, +0x00000000, +0x00000000, +0x00000000, +0x00000000, +0x00000000, +0x00000000, 
    +0x00000000, +0x00000000, +0x00000000, +0x00000000, +0x00000000, +0x00000000, +0x00000000, +0x00000000, 
    +0x00000000, +0x00000000, +0x00000000, +0x00000000, +0x00000000, +0x00000000, +0x00000000, +0x00000000
};
#ifdef __cplusplus
}  // extern "C"
#endif

#ifdef __cplusplus
extern "C" {
#endif
static const int32_t __attribute__((section(".rodata.tvm"), aligned(16))) fused_nn_contrib_conv2d_NCHWc_add_constant[64] = {
    +0x4566f8b3, +0x65566da4, +0x5e9f92b1, +0x62e45d11, +0x5ba07e32, +0x414e0466, +0x55ecc1ee, +0x792a5b43, 
    +0x5fc91926, +0x6aae4acd, +0x6b10eaf2, +0x7254cde8, +0x65e83ed3, +0x607fc40c, +0x4d7e37c0, +0x67897072, 
    +0x6b972f00, +0x5903b9c4, +0x6b3b37ed, +0x5a5b9d15, +0x720bf76f, +0x46240cf4, +0x580f525f, +0x7776b8fd, 
    +0x6ceb055d, +0x460b2df9, +0x6d4348ea, +0x411affaf, +0x5ed17a28, +0x503ec6ac, +0x5e79b4dd, +0x7e0f19a5, 
    +0x4755d688, +0x4bb69d2f, +0x6e78a04f, +0x43b6fdab, +0x4371eb60, +0x675b7534, +0x408013fb, +0x43d3ff3c, 
    +0x40cce755, +0x6b2ab6f4, +0x41de2d83, +0x49815b34, +0x6d84e1d8, +0x76e35ae8, +0x61ef16f8, +0x52d2f547, 
    +0x4d929494, +0x56005483, +0x556549d4, +0x5ae38c6d, +0x44edf414, +0x751b99c3, +0x50553194, +0x743c433c, 
    +0x4d4dc4a1, +0x6d0c2c23, +0x49756159, +0x406059a9, +0x6d834817, +0x403353eb, +0x499e822d, +0x459ca6ae
};
#ifdef __cplusplus
}  // extern "C"
#endif

#ifdef __cplusplus
extern "C" {
#endif
static const int32_t __attribute__((section(".rodata.tvm"), aligned(16))) fused_nn_contrib_conv2d_NCHWc_constant[64] = {
    -0x00000191, -0x000000a4, -0x00000308, +0x00000052, -0x000000a0, -0x00000c0a, -0x0000007a, -0x0000040b, 
    -0x0000005f, -0x000002a2, -0x00000116, -0x000001ac, -0x0000006e, +0x000000ad, -0x00000107, -0x0000014e, 
    -0x00000128, -0x00000144, -0x000000a7, -0x000002d3, +0x00000080, +0x0000031a, +0x000000a8, -0x00000202, 
    +0x0000005a, -0x000000ba, +0x0000021f, -0x00000158, -0x0000013a, -0x000002de, +0x0000024e, +0x00000261, 
    +0x00000077, +0x0000013f, -0x00000019, -0x0000057c, +0x000001c4, +0x000000f5, -0x000000b1, -0x000000f0, 
    -0x00000075, -0x0000001c, -0x00000145, +0x000001a7, +0x00000022, -0x00000095, +0x00000096, -0x00000239, 
    +0x0000000f, +0x00000219, -0x000000fe, -0x000000dd, -0x00000251, +0x000000fb, -0x00000076, -0x00000158, 
    -0x000000eb, +0x00000196, +0x000000d1, +0x000000f0, +0x000001f6, -0x000000f0, +0x000001b9, +0x0000009a
};
#ifdef __cplusplus
}  // extern "C"
#endif

#ifdef __cplusplus
extern "C" {
#endif
static const int16_t __attribute__((section(".rodata.tvm"), aligned(16))) fused_constant[2560] = {
    +0x001c, -0x002a, +0x0028, -0x0001, +0x0045, +0x0019, +0x003e, +0x0025, 
    +0x0027, -0x0012, +0x0008, +0x0006, -0x0002, +0x0003, -0x0017, +0x0010, 
    +0x0023, -0x001d, -0x0033, +0x0000, +0x004d, -0x001a, +0x000f, +0x0011, 
    +0x0061, +0x000a, -0x0003, -0x005c, +0x005c, +0x0027, +0x000e, +0x003e, 
    -0x0026, -0x000b, -0x003b, +0x000d, +0x0006, -0x0016, +0x000c, +0x001f, 
    +0x002e, -0x0006, -0x0006, -0x007f, +0x0062, +0x0005, +0x001b, +0x007a, 
    +0x0006, -0x0005, -0x005c, +0x0016, -0x0052, -0x0015, +0x0017, +0x0005, 
    +0x0005, -0x0012, +0x000c, -0x003f, +0x0015, +0x0001, +0x001f, +0x005b, 
    +0x0010, +0x0018, -0x0010, +0x002b, -0x007f, -0x0008, +0x0010, -0x005f, 
    -0x004b, -0x001f, +0x001b, +0x003f, -0x0023, +0x0020, -0x002a, +0x000f, 
    +0x0028, +0x0019, +0x0005, +0x0022, +0x0003, +0x001d, -0x0008, -0x003c, 
    -0x0052, -0x0007, +0x0020, +0x004f, -0x0052, +0x0002, -0x003a, -0x0072, 
    -0x0033, -0x000e, +0x003d, +0x0007, +0x0007, +0x0034, -0x001c, +0x000b, 
    -0x002e, +0x001d, +0x0019, +0x0006, -0x003f, -0x0014, -0x0018, -0x0069, 
    -0x0019, -0x0028, +0x004d, -0x0013, -0x0015, +0x003d, -0x0007, +0x0009, 
    -0x0038, +0x0076, -0x0027, +0x000f, -0x0015, -0x002f, -0x0015, -0x002d, 
    +0x0004, -0x0023, +0x0024, -0x002e, +0x000c, +0x001a, -0x0041, +0x0025, 
    +0x0029, +0x0034, -0x0067, +0x001c, -0x000f, -0x007f, +0x0010, +0x0012, 
    -0x004a, +0x0007, +0x0036, -0x001b, +0x001d, -0x0012, -0x0032, +0x0002, 
    -0x001a, -0x0001, -0x007f, -0x0002, -0x0009, -0x0030, +0x005f, +0x0021, 
    -0x0015, -0x003f, +0x0005, -0x003f, +0x000b, -0x0044, -0x0023, +0x0016, 
    +0x003c, +0x0050, -0x0043, +0x0020, -0x000a, -0x0056, +0x001f, +0x002e, 
    -0x0030, -0x0034, -0x002a, -0x003b, -0x0006, -0x0025, -0x0007, +0x0024, 
    +0x0064, +0x003d, -0x0022, +0x0039, +0x0003, -0x000c, +0x0062, -0x0002, 
    -0x0041, -0x0015, -0x0040, -0x000e, -0x0037, -0x004a, +0x0029, +0x000d, 
    +0x0001, +0x0016, +0x0022, +0x0025, +0x0003, -0x0024, +0x0073, +0x0001, 
    -0x0046, -0x0035, -0x0020, -0x0015, -0x0013, -0x0045, +0x003c, -0x001a, 
    -0x0052, +0x0041, +0x002b, +0x002c, -0x003d, +0x0032, +0x0079, +0x0005, 
    +0x0026, -0x0030, -0x001c, -0x0003, -0x0010, -0x0044, +0x000a, -0x007f, 
    -0x0037, +0x0079, +0x004e, +0x0014, -0x0026, +0x0022, +0x006b, -0x0002, 
    +0x002f, +0x0004, -0x0044, -0x0017, +0x0008, -0x003a, +0x001f, -0x004f, 
    -0x004e, +0x007c, +0x002c, +0x0010, +0x002a, +0x0022, +0x007f, -0x0009, 
    +0x004b, +0x000d, -0x003d, -0x000a, -0x0003, -0x002b, +0x0009, -0x0023, 
    -0x0027, +0x0034, +0x002d, -0x004f, +0x002c, +0x0002, +0x0048, -0x005c, 
    +0x002d, +0x0026, -0x0012, +0x0036, +0x0002, -0x000b, -0x001e, +0x0035, 
    -0x000f, +0x002d, -0x001f, -0x0024, +0x0048, +0x0020, +0x001c, -0x002b, 
    -0x0009, -0x000c, -0x0010, +0x0031, -0x0006, -0x0022, -0x0015, -0x002d, 
    +0x001b, +0x0024, -0x002c, -0x0055, +0x007f, +0x0014, +0x0000, -0x0033, 
    -0x0042, -0x002b, +0x000f, +0x0019, +0x0023, -0x001c, -0x0009, -0x002b, 
    +0x0008, +0x001a, -0x002a, -0x0049, +0x0052, +0x007f, -0x002b, -0x003a, 
    -0x0020, -0x0017, -0x000d, +0x0022, +0x007f, -0x0015, -0x0002, +0x0047, 
    +0x0032, +0x0006, -0x000e, +0x004f, -0x0072, +0x003b, -0x000c, +0x0002, 
    -0x0059, +0x000e, +0x0007, +0x003f, +0x001e, +0x0005, -0x0006, +0x0033, 
    +0x0048, +0x0012, -0x0005, +0x006e, -0x0065, +0x004f, +0x0005, +0x0014, 
    -0x0030, +0x0021, -0x0008, -0x0028, +0x0036, +0x0007, +0x0004, +0x0005, 
    +0x0034, -0x0035, +0x0006, +0x006e, -0x002d, +0x007f, -0x0026, +0x0033, 
    -0x002f, +0x0010, +0x001b, -0x001d, -0x002f, +0x0023, +0x001d, -0x0014, 
    +0x003f, -0x002b, -0x001a, +0x0023, -0x0013, +0x0027, -0x000c, +0x0021, 
    -0x000c, +0x0006, +0x0026, -0x0059, -0x0013, +0x0022, +0x0037, -0x001e, 
    -0x0011, -0x001d, -0x003f, -0x0010, +0x0035, +0x001a, +0x002b, +0x0008, 
    -0x000b, -0x0007, +0x001a, -0x0019, +0x0000, +0x0006, +0x0015, -0x0029, 
    -0x0027, +0x0001, -0x002d, -0x0011, +0x0054, -0x0020, +0x005d, -0x0014, 
    +0x001c, -0x002d, -0x000c, +0x0024, -0x0017, -0x0032, -0x0046, -0x0032, 
    -0x0014, -0x000b, +0x0024, -0x0066, +0x0009, -0x0023, +0x007f, -0x001f, 
    +0x0010, +0x000a, -0x0010, +0x004c, -0x0007, -0x0049, -0x004b, -0x0007, 
    -0x002b, +0x0006, +0x0047, -0x007f, +0x0011, -0x0016, +0x0025, -0x0032, 
    +0x0023, +0x0006, -0x0019, +0x004a, +0x0006, -0x004d, -0x000b, -0x0012, 
    +0x0004, +0x0028, +0x002f, -0x0078, +0x0006, +0x0014, -0x0071, +0x0002, 
    +0x001e, -0x000a, +0x0003, +0x0029, -0x000f, +0x000a, +0x002c, +0x003a, 
    +0x000d, +0x001f, +0x0013, +0x0008, -0x000b, +0x0052, -0x0055, +0x003b, 
    -0x0013, +0x002a, +0x0033, +0x0028, -0x000c, -0x0021, -0x000a, -0x0019, 
    -0x000a, -0x0011, +0x001d, +0x007f, -0x000a, -0x0056, -0x0018, +0x0014, 
    +0x000d, +0x0027, +0x001d, +0x0018, -0x0003, -0x0008, -0x000b, -0x0018, 
    +0x0009, -0x0006, +0x0025, +0x0019, +0x0009, -0x0033, -0x0040, +0x0038, 
    -0x003a, +0x000e, +0x0010, +0x0021, -0x000c, -0x0034, -0x0002, -0x0013, 
    +0x0037, +0x0022, +0x0018, -0x002b, -0x0029, +0x000f, +0x000b, +0x003a, 
    -0x000d, -0x0010, -0x0014, -0x001d, +0x0020, -0x0028, -0x0002, +0x0007, 
    +0x0040, +0x0012, +0x003d, -0x0023, -0x007f, +0x0012, +0x007f, +0x0059, 
    +0x0061, -0x0009, -0x0014, -0x000b, +0x001a, -0x0001, -0x001c, +0x0007, 
    +0x0016, +0x001a, +0x0001, +0x001e, -0x005b, +0x0057, +0x0068, +0x0033, 
    +0x0040, -0x0044, -0x0022, -0x000b, +0x0011, -0x0001, +0x0003, +0x0027, 
    +0x0021, +0x0006, -0x0014, +0x001a, -0x0024, +0x0059, -0x000b, -0x001a, 
    +0x0015, -0x0031, -0x000c, -0x0014, +0x0008, +0x0008, +0x000e, +0x0002, 
    +0x0010, -0x001b, -0x0030, -0x0003, +0x002b, +0x007f, -0x0034, -0x0023, 
    -0x000c, -0x0046, -0x0008, +0x0000, -0x000f, +0x0021, +0x0000, +0x0015, 
    -0x0008, +0x0012, -0x0020, -0x0019, +0x0033, +0x007e, -0x0047, -0x0046, 
    -0x0023, -0x0035, +0x002a, -0x0008, -0x000a, +0x001d, -0x0002, -0x0001, 
    -0x002d, -0x0021, -0x0028, -0x0006, +0x004f, +0x0073, -0x0056, -0x003c, 
    -0x000a, -0x000b, +0x000a, +0x0000, -0x0004, -0x0006, +0x000a, -0x0012, 
    -0x003a, -0x005f, +0x0020, -0x001a, +0x0061, +0x0061, -0x0029, -0x0035, 
    +0x0002, -0x0019, -0x003b, -0x0003, +0x0020, -0x0010, +0x0009, +0x0000, 
    +0x000c, -0x0028, -0x0013, -0x0018, +0x0016, +0x003f, +0x0010, +0x0013, 
    +0x001a, -0x000b, -0x003c, -0x000f, +0x0069, +0x002d, -0x0006, +0x0011, 
    +0x001d, -0x0037, -0x0001, +0x001f, +0x0020, +0x002a, +0x0016, +0x0001, 
    -0x0007, -0x004d, -0x001c, -0x0015, +0x0045, +0x0029, +0x000e, -0x0018, 
    +0x0015, -0x0037, +0x0031, -0x0002, -0x0015, -0x0039, +0x0051, +0x0008, 
    +0x006c, -0x007f, +0x0014, -0x0010, -0x0006, -0x0006, -0x001b, -0x002c, 
    +0x002b, +0x0026, +0x0049, +0x000a, -0x005e, -0x0046, +0x0025, +0x0009, 
    +0x006d, -0x004a, -0x0007, -0x002a, -0x0069, -0x0015, -0x0026, -0x000a, 
    +0x0028, +0x005c, +0x001d, -0x0022, -0x007f, -0x0024, +0x000d, +0x001b, 
    -0x0002, -0x0011, -0x000b, -0x0001, -0x0042, -0x0028, -0x0011, -0x0012, 
    +0x0006, +0x0016, -0x0048, -0x002b, -0x0034, -0x002a, -0x007f, +0x0029, 
    -0x002e, +0x002c, -0x0030, +0x0002, -0x001e, -0x0026, -0x0007, +0x0001, 
    -0x007f, +0x004d, -0x0036, -0x0012, +0x0013, -0x002f, -0x0054, +0x0031, 
    -0x002c, +0x0061, -0x000a, +0x0004, -0x0010, -0x000d, +0x0017, +0x000d, 
    -0x0028, +0x0025, -0x0006, -0x000e, +0x0046, +0x0006, -0x0021, +0x0020, 
    -0x0022, +0x0068, +0x003a, +0x0030, +0x0042, +0x0013, -0x0005, +0x0044, 
    -0x0023, -0x0033, +0x0006, +0x0047, +0x0039, +0x0045, +0x0004, -0x000d, 
    -0x0077, +0x0041, +0x002a, +0x003a, +0x0027, +0x0015, +0x000d, +0x003d, 
    +0x0021, -0x002b, +0x0019, +0x007f, +0x0006, +0x0055, -0x001c, -0x0030, 
    -0x0002, -0x001f, -0x002a, +0x002a, -0x007f, +0x0055, -0x000d, +0x0000, 
    +0x0035, -0x004b, -0x0065, +0x0022, +0x0038, -0x002d, -0x0040, +0x004f, 
    -0x0021, -0x0042, -0x0065, +0x001b, -0x005b, +0x0039, +0x0016, -0x004d, 
    -0x000f, -0x0026, -0x003b, +0x0034, +0x001d, -0x001b, +0x0018, +0x0020, 
    -0x0003, -0x0026, -0x0037, +0x0000, +0x0001, +0x0036, -0x0010, -0x0052, 
    -0x0030, -0x0035, +0x004b, -0x0010, +0x0028, +0x0010, +0x000f, -0x002a, 
    -0x001e, -0x0001, +0x002e, -0x003c, +0x0028, +0x0023, -0x0001, -0x0018, 
    +0x0009, +0x000d, +0x007f, -0x0026, +0x0032, +0x001f, +0x000d, -0x003d, 
    -0x0005, -0x0021, +0x0013, -0x007f, +0x0059, +0x002d, -0x003d, -0x0011, 
    +0x0011, +0x0005, +0x005e, +0x0009, -0x0021, +0x007f, -0x0003, -0x000b, 
    +0x001d, -0x0020, +0x0010, -0x0059, +0x0020, +0x0000, -0x001b, -0x0018, 
    +0x0027, +0x004a, +0x002d, -0x0005, -0x000a, +0x0065, +0x0015, +0x0005, 
    +0x0005, -0x0006, -0x0003, +0x0010, +0x0025, -0x002f, +0x0027, +0x000d, 
    +0x000f, +0x0041, -0x0014, +0x0038, -0x0025, +0x0071, +0x0034, +0x005c, 
    +0x000c, -0x000a, -0x0001, +0x004b, +0x0002, -0x000f, +0x001c, -0x0023, 
    +0x0025, +0x0041, -0x000d, -0x001e, -0x002e, +0x004b, -0x0002, +0x0046, 
    +0x0012, +0x0039, +0x0017, +0x0045, -0x001e, -0x000c, +0x000b, -0x0005, 
    -0x0003, +0x0016, +0x000c, -0x001d, +0x001c, +0x000d, -0x002c, +0x0032, 
    +0x000f, +0x002b, +0x001a, +0x0003, +0x001e, -0x002e, +0x002e, -0x0002, 
    -0x0040, +0x0023, -0x004b, -0x000a, -0x0019, -0x0026, -0x0051, +0x0017, 
    -0x0024, +0x001f, +0x0016, +0x0029, +0x002e, -0x003d, +0x002e, +0x0043, 
    +0x0003, +0x000c, +0x001a, +0x002a, -0x0012, +0x0013, -0x001d, -0x001b, 
    -0x001a, +0x0006, +0x0030, +0x0052, +0x000b, -0x0050, -0x0003, +0x0005, 
    +0x0049, +0x0018, +0x004f, -0x0020, +0x0062, -0x0040, -0x0005, -0x002e, 
    -0x0023, -0x001b, +0x003e, +0x0012, -0x0029, +0x0002, +0x0021, +0x002e, 
    +0x0022, -0x0040, +0x0047, -0x0063, +0x0056, +0x0002, +0x0012, -0x0053, 
    -0x003a, -0x002b, +0x004d, -0x000a, -0x0055, +0x0027, +0x0007, -0x001e, 
    -0x0042, -0x0039, +0x007f, -0x007f, -0x002a, +0x000f, +0x0032, -0x001e, 
    -0x004c, -0x0044, +0x001b, -0x004b, +0x0015, +0x0024, +0x003a, -0x0010, 
    -0x007f, +0x0013, +0x0047, -0x0046, -0x0028, +0x003c, +0x0050, +0x0036, 
    +0x0015, -0x0054, -0x0009, -0x002f, -0x0008, -0x0013, +0x002b, -0x0055, 
    -0x004d, +0x007f, -0x0011, +0x004c, -0x0042, +0x0031, +0x0003, +0x0059, 
    +0x0077, -0x0028, -0x003c, -0x0020, +0x0005, -0x0016, -0x000e, -0x0031, 
    -0x003a, +0x0068, -0x004d, +0x003e, -0x004e, -0x000e, -0x0011, +0x006b, 
    +0x005a, +0x0027, -0x0029, -0x0010, -0x0002, +0x002b, -0x0027, -0x0016, 
    -0x002b, +0x003d, -0x0020, +0x0052, -0x005c, -0x001f, +0x0010, +0x001d, 
    +0x003a, +0x004d, -0x0040, +0x0028, +0x0026, +0x0024, -0x0022, +0x0044, 
    +0x001c, -0x000d, -0x000b, +0x0011, -0x0055, -0x004f, +0x001b, -0x0038, 
    +0x0042, +0x0037, -0x0030, +0x0016, +0x0052, +0x000b, +0x0005, +0x0029, 
    +0x000a, -0x0043, -0x0026, +0x0019, -0x0039, -0x0042, +0x000f, -0x0020, 
    -0x0035, +0x003f, +0x0056, -0x0009, -0x0019, +0x0044, +0x0014, +0x000a, 
    -0x0012, -0x0023, -0x007f, -0x0024, +0x007f, -0x004c, +0x003e, +0x0005, 
    -0x0021, +0x005d, +0x0024, +0x003d, -0x0032, +0x0002, +0x0023, +0x0013, 
    -0x003a, +0x0016, -0x0047, -0x0005, +0x0044, -0x0055, +0x0020, +0x003d, 
    -0x001b, +0x0055, -0x0006, -0x003d, -0x0021, +0x0014, +0x0057, -0x0044, 
    -0x0042, +0x0005, -0x004e, +0x002b, +0x001f, -0x0061, +0x001c, +0x003f, 
    -0x0007, +0x0046, -0x0014, -0x0015, -0x0004, -0x002a, +0x0024, -0x0062, 
    -0x0068, -0x003a, -0x005e, +0x004e, -0x0022, -0x0039, -0x0005, +0x005c, 
    -0x0016, +0x001d, -0x0029, -0x003f, -0x000b, -0x0018, +0x0054, -0x002f, 
    -0x005c, -0x0056, -0x0068, +0x006f, -0x0033, +0x0052, -0x0033, +0x006e, 
    +0x0017, -0x0021, -0x003c, -0x0013, +0x0012, +0x0036, +0x000b, +0x000f, 
    -0x0021, -0x005b, -0x0032, +0x004f, -0x0053, +0x005c, -0x0039, +0x0047, 
    +0x002d, -0x0034, -0x0013, -0x000c, +0x0035, +0x0021, -0x000a, +0x0068, 
    -0x0007, -0x005a, -0x003d, -0x0011, -0x0039, +0x005b, -0x0021, -0x001c, 
    +0x0028, -0x002c, -0x000c, -0x0034, +0x0019, -0x001e, -0x0011, +0x007c, 
    +0x0004, +0x003c, -0x0015, +0x0028, -0x001b, +0x001f, -0x0019, -0x007f, 
    +0x0029, -0x0031, -0x000a, -0x0030, +0x0032, -0x007f, -0x0016, +0x005b, 
    +0x006f, +0x0079, +0x0024, -0x000f, -0x002e, +0x002f, -0x0030, -0x0027, 
    +0x002e, -0x0032, -0x0015, +0x003a, +0x0005, -0x003b, +0x001c, -0x0008, 
    +0x0047, +0x004d, +0x0057, -0x0040, -0x0007, -0x001a, -0x001b, -0x0047, 
    +0x003a, +0x0016, -0x0010, +0x007f, -0x001f, +0x0029, -0x000a, +0x002b, 
    +0x0047, -0x0035, +0x000f, -0x0049, +0x0041, +0x004f, -0x0012, +0x0004, 
    -0x003a, +0x0011, -0x0028, +0x005c, -0x001c, +0x0028, -0x0007, -0x001e, 
    +0x007f, -0x003d, +0x0038, -0x0043, -0x001c, +0x0068, -0x0006, +0x0028, 
    -0x0031, +0x0033, -0x0004, +0x0002, -0x000b, +0x0013, -0x0011, -0x0071, 
    +0x004c, -0x0060, +0x0019, +0x0023, -0x004a, +0x007f, -0x005b, +0x000f, 
    -0x0017, -0x0041, +0x0024, -0x0001, +0x003c, -0x0024, -0x0015, -0x0074, 
    -0x0029, -0x000c, -0x0002, +0x0021, -0x005c, +0x0052, -0x007f, +0x0038, 
    -0x001c, -0x0038, +0x0022, -0x003f, +0x0060, -0x0009, +0x0004, -0x0016, 
    -0x0055, -0x0005, -0x0032, +0x0013, -0x0002, +0x007f, -0x0077, -0x0024, 
    +0x0000, -0x0004, -0x0002, -0x0004, +0x000f, +0x0015, -0x0008, -0x0021, 
    -0x0079, -0x0005, -0x000e, +0x0000, +0x003c, +0x0025, +0x001b, -0x0010, 
    +0x0031, -0x0059, -0x0008, -0x0020, -0x0008, -0x0001, +0x0012, +0x003f, 
    -0x002f, +0x0025, +0x002a, +0x0019, +0x0056, -0x0006, +0x006c, +0x0037, 
    +0x0014, -0x0022, -0x0023, -0x0026, -0x0023, -0x001b, +0x0015, +0x001d, 
    -0x0013, +0x0026, +0x0037, +0x0032, +0x0066, -0x0012, +0x0071, +0x002c, 
    +0x0016, +0x0031, -0x0003, +0x0040, -0x000e, -0x0031, +0x0014, +0x0014, 
    +0x0035, +0x0024, -0x0018, +0x0054, +0x0015, -0x0057, +0x0055, -0x0031, 
    -0x0048, +0x0026, -0x0001, +0x0038, -0x0003, -0x0004, +0x0011, -0x002a, 
    +0x0047, +0x0026, -0x0029, +0x0017, -0x000b, -0x005c, +0x001a, -0x0040, 
    -0x0006, +0x0053, +0x004c, +0x0023, +0x000f, -0x004c, -0x003b, +0x0030, 
    -0x0067, +0x0004, -0x0015, +0x0000, +0x0026, +0x000e, +0x002e, +0x0002, 
    +0x0029, +0x0032, +0x007d, +0x0011, +0x0030, -0x0059, +0x000e, +0x0017, 
    -0x0050, -0x000e, -0x0066, +0x0006, -0x004f, +0x0033, +0x006e, +0x003e, 
    +0x001c, +0x003b, +0x0019, -0x000a, +0x004d, -0x002c, +0x007e, -0x0011, 
    -0x002a, +0x000d, -0x0024, +0x0011, -0x007f, +0x0027, +0x0037, +0x003e, 
    -0x0001, +0x0033, -0x0033, -0x001b, -0x0012, -0x0034, +0x0055, -0x001d, 
    -0x0022, -0x0010, -0x000b, +0x002c, -0x004f, +0x002e, -0x0001, +0x000a, 
    -0x0010, +0x0023, -0x0062, -0x000f, -0x0018, -0x001d, -0x0008, -0x0029, 
    +0x001f, +0x002e, +0x003e, +0x0024, -0x0050, +0x0037, -0x002c, -0x0047, 
    -0x0008, +0x000a, -0x0073, +0x0012, -0x003c, +0x0013, -0x007f, -0x0020, 
    +0x001f, +0x002f, +0x002b, -0x0018, +0x0027, +0x0012, -0x0027, -0x007f, 
    -0x000d, -0x0014, -0x005f, +0x001b, -0x0003, +0x0058, -0x004a, -0x0007, 
    +0x0038, +0x0024, +0x0023, -0x0049, +0x001f, -0x0010, -0x002a, -0x003c, 
    -0x000d, -0x0021, -0x0002, -0x0004, -0x0015, +0x0048, -0x0043, +0x000d, 
    +0x003b, +0x003f, +0x000a, +0x0009, +0x0050, -0x000c, +0x001e, +0x0019, 
    +0x000c, -0x0031, +0x0046, -0x0002, +0x0019, +0x0046, +0x0058, +0x0008, 
    +0x0049, +0x0043, -0x0007, +0x0024, +0x003e, -0x005c, +0x0008, +0x0000, 
    +0x0018, -0x0048, +0x0014, -0x0019, +0x002b, +0x007f, +0x0026, +0x0020, 
    +0x0065, +0x0006, +0x0018, +0x0016, +0x0022, -0x006b, -0x0058, -0x0004, 
    +0x0023, +0x0012, +0x000f, -0x002c, +0x0004, +0x0009, +0x0005, -0x004d, 
    +0x0014, +0x000e, -0x0045, +0x000c, +0x000a, +0x0039, -0x004d, +0x0024, 
    +0x002a, -0x0004, -0x000b, -0x0005, +0x0009, -0x000b, +0x004e, -0x0025, 
    -0x000c, -0x000f, +0x0010, -0x003c, -0x0004, +0x0010, -0x0071, +0x0051, 
    +0x001b, -0x000e, -0x0010, +0x0024, -0x000e, +0x0004, +0x0016, -0x001e, 
    -0x0005, -0x001c, -0x0015, -0x0064, +0x0012, +0x0044, -0x0023, +0x0033, 
    +0x0024, -0x0033, -0x0031, +0x0006, +0x0005, -0x0002, +0x0007, +0x000a, 
    +0x0007, +0x0022, -0x0011, -0x0038, -0x001b, +0x0066, -0x000d, -0x0015, 
    -0x000d, -0x002e, -0x0005, +0x002b, -0x0023, +0x0022, +0x0027, +0x0065, 
    +0x002c, +0x004a, -0x0030, -0x0024, -0x006d, +0x0062, -0x0033, -0x0052, 
    -0x0037, -0x0002, +0x0029, +0x0036, -0x0006, +0x000e, -0x001d, +0x007f, 
    +0x002e, +0x0014, -0x001e, +0x002e, -0x007f, +0x0009, -0x0034, -0x0046, 
    -0x0026, +0x0003, +0x0045, -0x002d, -0x0011, +0x0002, +0x0018, +0x0046, 
    +0x0026, +0x0018, -0x0005, +0x007e, -0x0063, -0x0056, -0x001c, -0x0038, 
    +0x0003, +0x0038, +0x0037, +0x0014, +0x000e, -0x000e, -0x0018, +0x0007, 
    +0x001e, -0x002f, +0x0030, +0x004f, -0x0007, -0x0074, -0x0038, +0x0000, 
    -0x0018, +0x001d, +0x0038, -0x0029, +0x0011, +0x0002, -0x000b, -0x0030, 
    -0x001f, -0x000e, +0x0047, +0x0035, +0x0072, -0x007f, +0x001c, +0x001b, 
    -0x000a, -0x001d, +0x0024, +0x0044, +0x0018, -0x000d, +0x001f, -0x0013, 
    -0x0038, -0x001c, +0x007f, +0x0015, +0x0069, -0x003c, +0x0030, +0x0055, 
    -0x0011, -0x0008, +0x000b, +0x002b, -0x0010, +0x0053, -0x0012, -0x000b, 
    +0x0014, -0x000e, +0x002b, -0x007f, +0x0048, -0x0035, -0x000d, +0x000b, 
    -0x0017, +0x001b, +0x002f, -0x0006, -0x0005, -0x0006, +0x0000, +0x000e, 
    -0x0022, +0x0000, +0x001d, -0x003c, +0x0054, +0x0011, -0x001c, -0x003a, 
    -0x0025, +0x000d, -0x0014, -0x001a, +0x0002, +0x0007, +0x0018, +0x0048, 
    -0x0024, +0x0017, +0x0014, +0x0002, +0x007f, +0x004c, -0x0017, -0x002f, 
    -0x0018, -0x001d, -0x0034, -0x0047, +0x0020, -0x0073, +0x0003, +0x003e, 
    -0x0004, +0x0050, -0x005f, +0x003d, +0x003d, +0x003a, +0x0007, -0x0036, 
    +0x0005, +0x0007, -0x0064, -0x000a, +0x0019, -0x0027, -0x0024, +0x0032, 
    +0x0012, -0x001b, -0x007f, +0x005f, -0x0016, -0x005d, +0x002d, -0x0004, 
    +0x0025, -0x0006, -0x003c, +0x000b, +0x0001, +0x002c, -0x0039, +0x0011, 
    -0x000c, -0x0038, -0x0007, +0x005a, -0x006e, -0x007f, +0x0037, +0x001e, 
    +0x002b, -0x0001, +0x003d, +0x0003, -0x0010, +0x0041, +0x0004, -0x0043, 
    -0x0010, -0x0022, +0x0061, +0x0030, -0x005e, +0x000f, -0x0039, +0x0030, 
    +0x0012, -0x0009, +0x0070, -0x002a, +0x0006, +0x0007, +0x0036, -0x0025, 
    -0x000f, -0x002c, +0x0053, +0x000c, -0x003b, +0x004d, -0x002c, +0x001a, 
    +0x0006, +0x0011, +0x003d, -0x0031, +0x0008, -0x002c, +0x004e, -0x0020, 
    -0x000c, +0x003d, -0x0007, +0x0008, -0x0005, +0x001c, -0x0036, +0x002c, 
    +0x0013, +0x0016, -0x0022, +0x000e, -0x0002, -0x0007, -0x0015, -0x0003, 
    +0x0019, +0x0018, -0x0020, -0x0030, +0x0006, +0x0000, +0x0039, +0x0044, 
    +0x0008, -0x0047, +0x003f, +0x0015, +0x000b, -0x0057, +0x0040, +0x0007, 
    +0x002d, -0x0017, -0x006c, +0x000f, -0x0033, +0x005b, +0x007f, +0x000d, 
    -0x0002, -0x0056, +0x0006, -0x001c, +0x000c, -0x0008, -0x0004, +0x0001, 
    +0x001a, +0x0012, -0x0042, +0x0059, -0x0045, +0x001b, +0x002a, +0x002f, 
    +0x000d, -0x0018, +0x005e, -0x0004, +0x0009, +0x0017, -0x000f, +0x0013, 
    +0x001d, +0x0050, -0x0021, +0x007f, -0x002d, -0x0009, +0x006f, -0x0004, 
    -0x000b, -0x0003, +0x0038, +0x002f, +0x001e, +0x007a, -0x000c, -0x002f, 
    -0x0033, +0x005b, -0x003f, +0x0063, -0x0036, -0x0037, +0x005c, -0x0041, 
    -0x0005, +0x0039, +0x0026, +0x0024, +0x0010, +0x005e, -0x001a, -0x001f, 
    -0x0032, +0x007f, -0x000d, -0x0011, -0x0019, -0x001b, +0x001c, -0x0047, 
    -0x001b, +0x0022, +0x0023, +0x0016, +0x0004, +0x0011, +0x001c, +0x002a, 
    -0x005e, +0x001f, -0x0021, -0x007f, +0x0021, -0x001d, +0x0054, -0x003f, 
    -0x0007, +0x0055, +0x003b, -0x0009, -0x0018, -0x0005, -0x002f, +0x002c, 
    -0x003b, +0x0019, +0x0004, -0x004d, +0x005f, +0x0004, +0x0011, +0x001e, 
    -0x0008, +0x0039, +0x000f, -0x0018, -0x0010, +0x0017, +0x0003, +0x003d, 
    -0x0025, -0x0007, +0x0010, -0x006b, +0x007f, -0x0053, +0x0004, +0x0058, 
    +0x000c, +0x0053, +0x0038, -0x000d, -0x000b, -0x004a, -0x002e, +0x0014, 
    -0x0036, -0x006b, +0x003c, -0x003b, +0x0056, -0x002b, +0x000e, +0x0049, 
    +0x003a, +0x0017, +0x0037, -0x0025, -0x0008, -0x0011, -0x0042, -0x001f, 
    +0x000f, -0x004b, -0x000d, -0x0037, +0x007e, -0x0061, -0x0010, +0x0039, 
    +0x0011, -0x002c, -0x0029, +0x0026, +0x002a, -0x0008, +0x0006, +0x003c, 
    -0x0019, +0x005d, +0x0004, +0x0011, +0x0040, +0x006b, +0x003e, +0x0005, 
    +0x0024, -0x0028, -0x001e, +0x0020, +0x003d, +0x001a, +0x0019, +0x0021, 
    +0x0009, +0x0048, +0x0011, +0x0005, +0x0044, +0x0032, +0x0026, -0x0016, 
    -0x0043, +0x0012, +0x0004, +0x000e, +0x0017, +0x0037, +0x0012, +0x002d, 
    -0x0010, +0x004d, +0x0037, -0x0072, +0x000f, +0x0027, +0x001c, -0x0076, 
    -0x001d, +0x0006, +0x0054, -0x0025, -0x0067, +0x002f, +0x0001, -0x001a, 
    +0x0018, +0x0049, -0x0045, -0x0067, +0x0007, +0x0038, +0x0029, -0x005b, 
    -0x0057, +0x0034, +0x0029, -0x0025, -0x0059, +0x0016, -0x0025, +0x000a, 
    +0x0025, +0x0015, -0x0062, -0x0024, -0x007f, -0x0008, -0x0001, -0x0021, 
    -0x0038, +0x0010, +0x0009, -0x004e, -0x0018, -0x0011, -0x0041, -0x0040, 
    -0x001b, -0x0002, -0x0063, +0x0039, -0x0076, +0x0004, +0x0009, +0x000a, 
    -0x0013, +0x0027, -0x0017, +0x0013, +0x0014, -0x0015, -0x0013, -0x0030, 
    -0x0029, -0x0037, +0x0020, +0x0068, -0x0028, -0x0054, -0x0010, +0x0041, 
    +0x000a, +0x0012, -0x002e, -0x0012, +0x0006, -0x0011, -0x000d, -0x0028, 
    +0x0005, -0x0035, +0x0060, +0x0030, +0x003f, -0x0039, -0x0063, +0x007f, 
    +0x0028, -0x0002, -0x0006, +0x0014, +0x000d, -0x001f, +0x0041, -0x000e, 
    +0x002c, -0x0060, +0x004c, +0x002e, +0x001a, -0x007f, -0x007f, +0x004e, 
    +0x0021, +0x0017, +0x000c, +0x0015, +0x0023, -0x001a, +0x0039, +0x0008, 
    +0x002f, -0x0052, +0x0005, +0x001a, +0x000c, -0x0046, -0x0045, +0x004b, 
    -0x0033, -0x0005, +0x0045, +0x0018, +0x002e, -0x000b, -0x000a, -0x002e, 
    -0x0070, +0x0002, -0x001f, -0x0054, +0x0033, -0x001d, +0x0036, +0x0027, 
    -0x0041, +0x0017, +0x0018, +0x0029, -0x001f, +0x0006, +0x000f, +0x001a, 
    -0x0027, +0x0019, +0x0004, -0x0044, -0x004a, +0x0020, +0x001d, +0x0042, 
    +0x0005, +0x0021, -0x0005, +0x003b, +0x0002, -0x0025, -0x0028, +0x002b, 
    -0x004f, +0x0012, +0x001d, -0x0002, -0x006e, +0x005a, +0x0043, +0x0017, 
    +0x0001, +0x0023, -0x0006, -0x001c, +0x000c, -0x000f, +0x0018, +0x0041, 
    -0x000e, -0x0016, +0x000e, +0x005a, -0x007f, +0x007f, -0x0005, -0x000b, 
    -0x0007, +0x0013, +0x0008, -0x0026, -0x000c, -0x0025, +0x0021, +0x003d, 
    +0x0000, -0x004c, +0x0010, +0x006d, -0x0041, +0x005c, -0x0056, -0x005c, 
    +0x0018, -0x0010, +0x003a, -0x0026, +0x0024, -0x0009, +0x0061, +0x001f, 
    +0x0027, -0x005c, -0x0023, +0x0036, -0x0028, +0x0020, -0x007f, -0x007f, 
    -0x001f, +0x0003, +0x0043, +0x0015, -0x0022, +0x0010, +0x001e, -0x0047, 
    +0x0046, -0x003a, -0x0033, +0x001e, +0x0044, +0x0031, -0x007e, -0x001f, 
    -0x0023, -0x0005, +0x0034, +0x000b, -0x0014, +0x001b, +0x000d, -0x005a, 
    +0x0065, -0x0037, +0x000c, -0x003a, +0x005f, -0x001e, -0x0045, +0x004e, 
    +0x0011, -0x001c, -0x0017, +0x000c, -0x0033, +0x0026, +0x0000, -0x001d, 
    +0x003d, -0x000d, +0x0000, -0x0015, +0x007d, -0x001b, +0x002b, +0x0049, 
    +0x0046, -0x001e, -0x0011, +0x0003, +0x0008, +0x004b, -0x000f, +0x0024, 
    +0x0014, +0x000b, +0x0003, +0x0016, +0x0054, -0x0008, +0x0054, +0x0021, 
    +0x000e, +0x0002, -0x0034, -0x0047, -0x002c, +0x0056, +0x0067, -0x0019, 
    +0x000b, +0x0018, -0x007f, +0x0023, +0x0005, -0x0003, -0x003e, +0x002a, 
    +0x0027, +0x0013, -0x0019, -0x0048, +0x0016, +0x0004, +0x0079, -0x0001, 
    +0x004a, +0x001f, -0x0034, -0x001a, +0x001e, -0x000e, -0x0052, +0x002c, 
    +0x0011, -0x0026, +0x0045, -0x002e, -0x0008, +0x0025, +0x0054, +0x005c, 
    -0x0007, +0x0037, +0x0007, -0x000f, -0x0043, +0x0008, -0x004d, +0x0006, 
    -0x005e, -0x002b, +0x0061, -0x0026, -0x002d, -0x000b, -0x0007, +0x007c, 
    +0x001e, +0x004a, +0x0038, -0x0052, -0x0053, +0x001b, -0x0035, -0x0036, 
    -0x0053, -0x0050, +0x004e, -0x001a, -0x0012, -0x0019, -0x0024, +0x004f, 
    +0x0028, +0x0021, +0x006e, -0x0033, -0x0066, +0x0033, +0x0006, -0x0051, 
    -0x007b, -0x0012, +0x0011, +0x0011, +0x0002, -0x0017, -0x0049, +0x0016, 
    +0x0048, +0x0034, +0x0014, -0x0052, -0x0045, +0x004a, -0x000a, -0x0021, 
    -0x0009, -0x001b, -0x000b, +0x001e, +0x007f, -0x002e, -0x0054, -0x0015, 
    +0x002c, -0x0019, +0x0001, +0x0020, -0x0049, +0x0028, +0x003d, +0x0013, 
    -0x0002, +0x000a, +0x0001, +0x000b, +0x0031, -0x001d, -0x0001, -0x0054, 
    -0x0029, -0x0059, -0x0019, +0x0048, -0x0035, +0x0014, +0x0012, -0x0017, 
    +0x0044, +0x003c, -0x0011, +0x000e, +0x0049, -0x0005, +0x0002, -0x0040, 
    -0x0053, -0x007f, +0x0004, +0x0057, +0x0023, -0x0049, +0x005a, +0x001d, 
    +0x003f, +0x0055, -0x0066, +0x0021, +0x003d, +0x0000, +0x000a, -0x0048, 
    -0x0047, -0x0057, +0x0048, +0x007f, +0x004f, -0x0041, +0x0034, -0x0004
};
#ifdef __cplusplus
}  // extern "C"
#endif

#ifdef __cplusplus
extern "C" {
#endif
static const int32_t __attribute__((section(".rodata.tvm"), aligned(16))) fused_nn_contrib_conv2d_NCHWc_add_constant_5[64] = {
    +0x00000008, +0x00000007, +0x00000007, +0x00000007, +0x00000007, +0x00000008, +0x00000007, +0x00000007, 
    +0x00000008, +0x00000007, +0x00000007, +0x00000007, +0x00000008, +0x00000007, +0x00000007, +0x00000007, 
    +0x00000007, +0x00000008, +0x00000008, +0x00000008, +0x00000008, +0x00000007, +0x00000007, +0x00000008, 
    +0x00000008, +0x00000008, +0x00000008, +0x00000008, +0x00000007, +0x00000007, +0x00000008, +0x00000008, 
    +0x00000007, +0x00000008, +0x00000008, +0x00000008, +0x00000008, +0x00000007, +0x00000007, +0x00000007, 
    +0x00000008, +0x00000008, +0x00000007, +0x00000008, +0x00000008, +0x00000007, +0x00000008, +0x00000008, 
    +0x00000008, +0x00000008, +0x00000008, +0x00000008, +0x00000008, +0x00000008, +0x00000008, +0x00000008, 
    +0x00000008, +0x00000007, +0x00000008, +0x00000008, +0x00000008, +0x00000007, +0x00000008, +0x00000007
};
#ifdef __cplusplus
}  // extern "C"
#endif

#ifdef __cplusplus
extern "C" {
#endif
static const int32_t __attribute__((section(".rodata.tvm"), aligned(16))) fused_nn_contrib_conv2d_NCHWc_add_constant_4[64] = {
    +0x00000000, +0x00000000, +0x00000000, +0x00000000, +0x00000000, +0x00000000, +0x00000000, +0x00000000, 
    +0x00000000, +0x00000000, +0x00000000, +0x00000000, +0x00000000, +0x00000000, +0x00000000, +0x00000000, 
    +0x00000000, +0x00000000, +0x00000000, +0x00000000, +0x00000000, +0x00000000, +0x00000000, +0x00000000, 
    +0x00000000, +0x00000000, +0x00000000, +0x00000000, +0x00000000, +0x00000000, +0x00000000, +0x00000000, 
    +0x00000000, +0x00000000, +0x00000000, +0x00000000, +0x00000000, +0x00000000, +0x00000000, +0x00000000, 
    +0x00000000, +0x00000000, +0x00000000, +0x00000000, +0x00000000, +0x00000000, +0x00000000, +0x00000000, 
    +0x00000000, +0x00000000, +0x00000000, +0x00000000, +0x00000000, +0x00000000, +0x00000000, +0x00000000, 
    +0x00000000, +0x00000000, +0x00000000, +0x00000000, +0x00000000, +0x00000000, +0x00000000, +0x00000000
};
#ifdef __cplusplus
}  // extern "C"
#endif

#ifdef __cplusplus
extern "C" {
#endif
static const int32_t __attribute__((section(".rodata.tvm"), aligned(16))) fused_nn_contrib_conv2d_NCHWc_add_constant_3[64] = {
    +0x5e4cb839, +0x4289de48, +0x556d3608, +0x42262988, +0x5581256a, +0x45de35ef, +0x43cffffc, +0x45cac722, 
    +0x7ed85612, +0x4aa062a2, +0x465b4520, +0x49b63d7e, +0x79290d95, +0x49b78cc8, +0x5f7a1948, +0x49dac39f, 
    +0x41bfc32d, +0x61af206f, +0x78575b5b, +0x7b6595f2, +0x694a4eba, +0x4b80010a, +0x44e5497e, +0x5d5b1b61, 
    +0x795597fb, +0x5d3c25ed, +0x76ffc54e, +0x55de1bae, +0x4096f631, +0x4ae7a467, +0x742e2443, +0x61f0325b, 
    +0x48734d24, +0x6dc41b90, +0x5eec1299, +0x7a9b97c8, +0x775cb13d, +0x4ab00292, +0x4efe011e, +0x41d679a8, 
    +0x7e17c656, +0x6da32dba, +0x5224c066, +0x5d79d194, +0x54f34812, +0x625165e1, +0x6dcd55e7, +0x686608d1, 
    +0x6abd05fd, +0x70f72ad6, +0x6a9dafcb, +0x4ec607a2, +0x60397640, +0x7abcd42b, +0x783c5780, +0x6d580dca, 
    +0x63ddab41, +0x536231d9, +0x5d6739c2, +0x676435f6, +0x6a1640bb, +0x464c9987, +0x5f51980b, +0x4a485531
};
#ifdef __cplusplus
}  // extern "C"
#endif

#ifdef __cplusplus
extern "C" {
#endif
static const int32_t __attribute__((section(".rodata.tvm"), aligned(16))) fused_nn_contrib_conv2d_NCHWc_constant_1[64] = {
    -0x000001e2, +0x0000060e, +0x000004e8, +0x0000056e, -0x000002a7, +0x00000d9c, -0x000007cf, -0x000000a6, 
    +0x00000431, -0x00000461, +0x00000434, +0x00000658, +0x00000274, -0x0000007e, +0x00000e68, +0x0000019c, 
    +0x0000016c, +0x000002fb, +0x00000b39, +0x000004eb, +0x00000909, +0x00000438, +0x00000594, -0x00000218, 
    +0x00000502, +0x00000a4a, -0x00000333, +0x000008de, +0x00000f71, +0x0000093a, -0x000006bf, -0x00000791, 
    +0x00000523, +0x00000de6, +0x000004d2, +0x00000c11, +0x00000ac3, +0x0000028d, +0x000000d5, +0x000004a7, 
    +0x0000016d, +0x00000329, +0x00000046, +0x0000047c, +0x00000540, +0x00000257, +0x00000911, +0x00000263, 
    +0x00000061, +0x00000205, +0x000004fb, +0x000005df, +0x00000078, -0x00000016, -0x000004ac, -0x000007e0, 
    +0x00000184, +0x00000655, +0x00000892, -0x000003ed, -0x00000f15, +0x0000080a, +0x00000567, +0x00000357
};
#ifdef __cplusplus
}  // extern "C"
#endif

#ifdef __cplusplus
extern "C" {
#endif
static const int16_t __attribute__((section(".rodata.tvm"), aligned(16))) fused_constant_2[4096] = {
    +0x0034, -0x0043, -0x002a, +0x0048, +0x0006, -0x0062, +0x000b, -0x0004, 
    -0x0052, +0x0072, -0x0058, +0x001f, -0x007e, +0x0025, -0x0013, +0x000c, 
    +0x0026, +0x0037, +0x0067, -0x0053, +0x001c, +0x000b, -0x001d, -0x0006, 
    -0x0014, -0x002f, -0x004b, +0x000e, -0x002d, -0x0058, +0x002b, -0x0027, 
    +0x0050, +0x0052, -0x0001, +0x0020, -0x007f, -0x0017, -0x0008, +0x0012, 
    -0x005e, -0x0016, -0x004e, -0x001d, +0x006d, +0x0010, +0x007f, -0x0005, 
    -0x0006, -0x0043, -0x0029, +0x000e, +0x004b, +0x0027, -0x002b, -0x002b, 
    -0x0019, -0x0032, -0x0016, +0x0002, +0x0014, -0x003f, -0x0025, +0x0023, 
    -0x0018, +0x0033, +0x001f, +0x0006, -0x000c, -0x006b, -0x0054, -0x003a, 
    -0x0047, +0x0016, -0x0006, -0x0018, +0x005d, +0x0002, +0x000d, -0x0001, 
    -0x002e, +0x0002, +0x000e, -0x001c, +0x0007, +0x001e, -0x0050, -0x003d, 
    +0x0036, -0x0029, +0x0003, -0x000f, +0x0013, -0x001e, +0x0009, +0x0027, 
    +0x004b, -0x001a, +0x0014, -0x0045, -0x0037, -0x0016, +0x0018, -0x0039, 
    +0x001c, +0x0000, +0x0002, -0x0010, -0x0022, -0x0004, +0x0017, +0x0003, 
    +0x0054, +0x0033, -0x0003, +0x000a, -0x0015, +0x0025, -0x003b, +0x0019, 
    -0x000e, -0x0072, -0x0041, -0x0024, +0x0036, -0x0035, +0x0001, -0x0004, 
    -0x0052, -0x002b, -0x0009, +0x0008, +0x0045, +0x0017, -0x000e, -0x0006, 
    +0x0000, +0x0002, +0x0004, -0x0018, +0x004b, +0x0011, +0x0049, -0x0001, 
    +0x0024, +0x002a, -0x0052, +0x0002, +0x0020, -0x002b, -0x0056, +0x0008, 
    +0x0045, +0x0033, +0x000b, +0x0008, -0x0041, -0x0034, +0x0040, -0x0058, 
    +0x0015, +0x0001, +0x0009, +0x0010, +0x003b, -0x0015, +0x0022, +0x002d, 
    +0x001f, -0x0020, +0x000e, +0x0039, +0x001a, +0x0051, +0x0059, -0x0041, 
    +0x0038, -0x0024, +0x0020, +0x0039, -0x002d, +0x0044, -0x0018, -0x005e, 
    -0x001e, +0x003e, -0x000d, +0x0040, -0x0039, +0x0018, -0x0009, -0x0017, 
    -0x001c, -0x0010, +0x0002, +0x0012, -0x0005, +0x007f, +0x000d, -0x0008, 
    -0x0006, +0x0002, -0x0035, -0x0020, +0x0017, -0x001e, +0x0029, +0x0034, 
    -0x000a, +0x000b, +0x000f, -0x007f, +0x0014, -0x0014, +0x0029, +0x0033, 
    +0x004a, -0x000d, -0x002f, -0x0007, +0x0020, -0x0058, -0x0031, +0x0007, 
    -0x0070, +0x0020, -0x002d, -0x002c, +0x001d, -0x001e, -0x001e, +0x001e, 
    -0x000f, -0x0022, -0x000b, +0x0016, -0x0070, -0x002e, -0x0004, +0x0021, 
    -0x0027, -0x001d, -0x0040, +0x001a, -0x0011, +0x0018, +0x0055, -0x0015, 
    -0x006e, +0x0000, -0x0009, -0x0011, +0x0062, -0x001b, +0x0046, -0x0001, 
    -0x0024, -0x003e, +0x0015, +0x0017, +0x0050, +0x000a, +0x0043, +0x0014, 
    -0x007f, -0x0015, +0x0000, +0x0055, +0x002e, -0x0052, -0x004f, -0x0021, 
    -0x0013, -0x003e, +0x001e, +0x0015, -0x002a, -0x0052, -0x0014, +0x005a, 
    +0x0004, +0x0049, +0x0028, -0x0027, -0x001b, -0x0077, +0x0004, +0x0005, 
    +0x002b, +0x000a, +0x003c, +0x0059, +0x0013, -0x0071, -0x0003, +0x004b, 
    +0x0000, -0x004d, +0x0030, -0x002a, +0x0014, +0x003a, -0x0029, +0x0016, 
    -0x0050, -0x0048, +0x002e, +0x0022, -0x0009, -0x006a, -0x004f, -0x0051, 
    -0x0025, +0x0007, +0x007f, -0x001d, +0x003f, +0x0033, +0x005b, +0x003c, 
    -0x002c, +0x004d, +0x002a, -0x0045, -0x0028, +0x0002, -0x0041, +0x002e, 
    -0x0020, -0x0030, +0x0036, -0x000f, +0x0004, -0x0063, +0x0026, -0x0012, 
    +0x002a, +0x0021, -0x0049, +0x003c, -0x0001, +0x0002, -0x0005, +0x0049, 
    -0x0004, -0x0029, +0x0042, -0x0038, +0x0034, +0x005b, +0x0052, -0x001c, 
    -0x0003, +0x0069, -0x000a, +0x0008, +0x0005, -0x0002, +0x0028, -0x0009, 
    -0x0008, -0x003c, -0x0014, -0x0013, +0x0001, +0x0022, +0x0019, +0x001b, 
    +0x0007, -0x006a, +0x0070, +0x0067, +0x0048, -0x0036, -0x0028, +0x001d, 
    -0x004e, +0x0009, +0x0050, -0x0028, -0x0017, -0x0079, +0x002c, +0x000d, 
    +0x0050, +0x0065, -0x0052, -0x0021, +0x0035, -0x0052, -0x006a, -0x0014, 
    -0x0001, -0x0053, -0x0034, +0x003a, +0x0002, -0x007f, -0x0052, -0x0005, 
    -0x0010, +0x0013, +0x0079, +0x0033, +0x001b, -0x001b, +0x0060, -0x0020, 
    +0x003d, +0x0033, -0x0008, -0x007f, +0x0004, -0x0040, +0x0009, +0x002f, 
    +0x0026, -0x0048, -0x0015, +0x002c, -0x0035, -0x0033, -0x000f, +0x0019, 
    +0x000a, -0x003b, +0x0037, +0x0011, +0x002c, +0x0036, -0x0032, -0x0015, 
    +0x000c, +0x0044, -0x0002, -0x0036, +0x0055, -0x0028, +0x001c, -0x0032, 
    +0x0039, +0x000b, +0x0016, -0x0037, +0x0030, +0x0015, +0x0043, -0x002a, 
    -0x0057, +0x001b, -0x001e, +0x0012, -0x001a, +0x003e, +0x000f, -0x003d, 
    +0x0005, -0x0010, -0x001d, +0x0001, -0x0021, -0x0002, +0x0059, -0x0029, 
    -0x0026, -0x003c, -0x000d, +0x0041, +0x0040, +0x0034, +0x006c, -0x0010, 
    -0x0041, +0x005a, -0x0008, -0x001a, +0x0035, +0x004a, -0x001e, -0x000a, 
    -0x0016, +0x000f, -0x000e, +0x0042, +0x001e, +0x0008, +0x003e, -0x0018, 
    +0x0008, +0x0051, +0x000d, -0x000a, +0x0016, +0x0054, +0x004e, +0x0043, 
    -0x001b, -0x0068, +0x0037, -0x003a, +0x0024, +0x0005, +0x0049, +0x0026, 
    +0x0057, -0x001e, -0x0006, -0x0030, -0x0015, -0x0049, -0x006a, +0x001f, 
    -0x007f, +0x0066, -0x0027, -0x0043, -0x0009, -0x0053, -0x002d, -0x0057, 
    -0x001a, -0x0031, -0x0020, -0x0036, +0x0016, +0x000a, +0x007f, -0x0039, 
    +0x001e, -0x0011, -0x0004, -0x000e, -0x0006, +0x000a, -0x000a, -0x0035, 
    +0x0002, +0x002b, -0x003f, -0x004f, +0x000e, -0x0036, -0x0012, +0x0024, 
    +0x0043, -0x006d, -0x003b, -0x0045, -0x005e, +0x0021, -0x0016, -0x0039, 
    +0x0053, +0x000c, +0x0049, +0x001e, +0x0010, -0x0079, -0x0032, -0x0040, 
    +0x0047, +0x003d, +0x0044, +0x002b, -0x003b, +0x0041, +0x0019, -0x0057, 
    +0x001e, +0x0016, +0x001e, +0x003c, +0x0004, -0x0038, +0x0032, -0x0020, 
    +0x0069, -0x004b, +0x0032, -0x0018, -0x002b, -0x001d, +0x000a, +0x002e, 
    -0x0009, -0x0026, +0x0021, -0x000c, +0x0011, +0x0025, +0x000f, +0x005e, 
    -0x002b, -0x0004, -0x001e, -0x0015, -0x0001, +0x007f, +0x002f, -0x0003, 
    -0x0035, +0x0034, -0x0003, +0x0043, +0x004c, +0x0028, -0x002b, -0x0018, 
    -0x0028, -0x0050, -0x0047, -0x0004, -0x0011, -0x0020, -0x004e, -0x000e, 
    -0x0056, +0x004e, +0x001c, +0x003d, -0x0048, +0x000a, -0x001c, +0x0017, 
    -0x0008, +0x004e, -0x0013, -0x0020, -0x0006, +0x000e, +0x007f, +0x003b, 
    -0x0023, -0x0044, +0x0027, +0x001d, -0x0037, +0x002d, +0x001a, +0x0071, 
    -0x0005, -0x003b, +0x0041, +0x0006, +0x0003, -0x0003, +0x0005, +0x0020, 
    +0x000f, -0x0036, -0x0060, -0x0031, -0x0022, -0x0008, +0x0046, +0x0026, 
    +0x0005, -0x000d, -0x001c, -0x001e, -0x0041, +0x0027, +0x003e, +0x0059, 
    +0x0032, +0x000e, -0x0012, -0x001e, -0x002a, -0x003c, +0x0037, -0x000b, 
    +0x0006, +0x002a, -0x001d, -0x0021, -0x0047, -0x0009, -0x001c, +0x002f, 
    -0x0024, +0x0043, -0x0030, -0x001a, -0x0027, +0x0003, +0x0023, -0x0015, 
    -0x004d, -0x000d, -0x0017, +0x0002, +0x0049, -0x0005, +0x001a, -0x0024, 
    +0x001c, -0x0011, -0x0014, -0x0018, +0x0018, +0x0020, -0x0070, -0x007f, 
    +0x002b, +0x000e, -0x0006, -0x000c, +0x0046, -0x0044, +0x0022, -0x0004, 
    +0x003e, +0x0005, -0x0045, -0x0070, +0x0011, +0x0007, +0x0022, -0x0006, 
    +0x003f, +0x002c, -0x0017, +0x001d, +0x006b, -0x005c, -0x0030, -0x0014, 
    -0x0021, +0x0022, -0x0008, +0x0052, -0x0001, +0x0020, -0x005b, -0x002e, 
    -0x0005, -0x0003, +0x005f, -0x0017, -0x003e, +0x0030, -0x0014, +0x0022, 
    +0x0014, -0x002c, +0x0035, +0x000c, +0x0017, -0x0013, -0x002a, -0x001d, 
    +0x0025, +0x0076, +0x000d, -0x001e, +0x001b, -0x0011, -0x0033, -0x001f, 
    +0x0010, +0x001f, -0x0009, -0x0059, -0x001d, +0x0045, -0x000c, +0x005a, 
    -0x0029, +0x0020, -0x002a, +0x001a, -0x002f, +0x002f, -0x001f, +0x0016, 
    -0x0023, -0x0025, -0x0070, +0x0043, -0x0050, -0x007f, +0x0002, +0x0032, 
    +0x0003, -0x0012, -0x0001, -0x001c, +0x004a, -0x0040, -0x001f, -0x000d, 
    +0x0005, +0x0016, -0x004b, -0x0046, -0x0053, +0x001b, +0x0025, -0x001a, 
    -0x000f, +0x0005, +0x0035, +0x002f, -0x0001, -0x0003, +0x002c, -0x0007, 
    -0x003b, +0x0003, +0x0011, -0x0016, -0x0010, -0x0014, -0x0025, +0x000c, 
    +0x003d, +0x0006, -0x0013, -0x002f, +0x0028, -0x0002, +0x000a, +0x0028, 
    -0x000b, -0x0041, -0x0004, -0x004a, +0x002e, +0x002f, -0x003d, +0x0003, 
    +0x000e, +0x0001, -0x005d, +0x0069, +0x0079, +0x003b, +0x0023, -0x0043, 
    -0x003c, +0x002a, -0x002a, -0x0021, -0x001a, -0x0052, +0x000d, -0x0026, 
    -0x0020, +0x0057, +0x0016, +0x005b, +0x001e, +0x000c, -0x0027, +0x0032, 
    -0x000c, -0x0019, +0x002a, -0x002b, -0x004c, +0x0031, -0x0037, +0x003e, 
    +0x0021, +0x0011, -0x001f, -0x004c, -0x0028, +0x0017, -0x0039, +0x0016, 
    -0x0062, +0x0027, +0x0027, +0x007f, -0x0012, +0x0016, +0x0017, +0x0015, 
    +0x004f, +0x0002, -0x0056, +0x0013, +0x0018, +0x0038, -0x0008, +0x0009, 
    -0x000c, +0x0030, +0x0015, -0x0032, +0x000c, -0x001c, -0x000e, -0x0044, 
    -0x0018, +0x0005, +0x000b, -0x0015, +0x0013, -0x0018, -0x0003, +0x0000, 
    -0x000a, +0x0027, -0x0005, +0x002c, +0x0033, -0x0027, +0x0022, +0x0017, 
    +0x0053, +0x002a, -0x0013, -0x002b, +0x0044, +0x001b, +0x000d, +0x0000, 
    +0x0041, -0x0061, -0x003e, -0x0019, -0x0040, +0x002b, -0x0045, -0x0042, 
    -0x0016, -0x0021, -0x000e, +0x0046, -0x0032, +0x003f, +0x0028, -0x0014, 
    -0x0020, +0x0011, +0x0009, +0x004c, -0x0008, -0x0038, +0x0030, +0x0017, 
    +0x0019, +0x0005, -0x002a, -0x0036, -0x0046, +0x0005, +0x000d, -0x0018, 
    -0x0049, -0x0019, +0x002e, +0x0001, +0x007f, +0x0016, -0x0023, -0x0018, 
    +0x002d, +0x0006, -0x0002, +0x0050, -0x001b, -0x0030, -0x007f, +0x0040, 
    -0x000d, -0x000c, -0x002d, -0x0018, -0x0075, +0x0014, -0x004b, -0x002d, 
    -0x0047, +0x0014, +0x0043, -0x000f, +0x005a, -0x0021, -0x0074, +0x0020, 
    +0x002c, -0x000c, -0x0012, -0x0024, -0x0046, +0x0000, -0x005e, -0x0024, 
    +0x000f, +0x0037, +0x0015, -0x0001, -0x001e, +0x003d, +0x001b, -0x004a, 
    -0x002e, +0x0043, +0x0016, -0x0015, +0x007d, +0x0016, -0x000d, -0x001f, 
    +0x0015, -0x000a, -0x0013, -0x0004, +0x0017, -0x0022, -0x0036, -0x0018, 
    +0x0028, +0x0014, -0x0032, -0x004d, +0x000d, -0x0041, +0x000b, -0x0034, 
    -0x001b, +0x0011, -0x004a, +0x000a, +0x002a, +0x001e, -0x0016, -0x005c, 
    -0x0013, +0x0011, -0x000c, -0x002e, +0x0013, -0x0008, +0x0010, -0x0059, 
    +0x0026, +0x002e, +0x0000, +0x0039, -0x0017, +0x002c, -0x0021, -0x0017, 
    -0x0037, -0x000c, -0x0024, +0x0027, -0x002a, +0x0023, -0x0072, -0x0039, 
    -0x0001, +0x0050, -0x001b, +0x001d, +0x000a, -0x004a, +0x0004, +0x002e, 
    +0x0025, +0x0025, +0x0043, -0x0031, +0x0050, +0x007f, -0x0006, -0x000e, 
    +0x0028, -0x0050, -0x002d, +0x0002, +0x001a, +0x000e, -0x0023, -0x0002, 
    -0x0027, +0x0051, +0x0006, +0x0009, +0x0040, -0x0030, +0x0001, -0x0007, 
    -0x001f, +0x0022, -0x000b, -0x0026, -0x0033, -0x0028, -0x0033, +0x003a, 
    +0x003d, -0x0033, +0x0069, +0x002e, -0x002c, +0x0044, +0x0008, -0x0031, 
    -0x0019, -0x0011, +0x0017, -0x0015, +0x0007, -0x003f, -0x0034, +0x0018, 
    +0x0024, -0x000e, +0x0011, -0x000e, -0x005e, -0x0051, -0x0055, -0x002b, 
    +0x0009, +0x0009, -0x0013, -0x0004, +0x0003, -0x0016, -0x002d, +0x006e, 
    +0x002d, -0x0021, +0x004e, +0x0017, -0x0011, +0x0017, +0x0005, -0x000a, 
    -0x0048, -0x000e, -0x0029, -0x000f, -0x0007, -0x0029, +0x000e, +0x0008, 
    +0x0041, -0x0003, +0x0022, +0x0011, -0x003a, +0x000f, -0x0001, -0x0021, 
    -0x0038, +0x0000, -0x001b, +0x004e, -0x001d, -0x000f, -0x0045, -0x000e, 
    +0x000c, -0x003c, +0x0029, -0x0019, +0x004b, +0x0037, -0x0004, -0x001d, 
    -0x003e, -0x0050, -0x007f, -0x001b, +0x004b, +0x0009, +0x004b, -0x005b, 
    -0x003d, -0x002e, -0x003c, +0x0051, +0x0048, +0x0034, +0x0007, -0x0005, 
    +0x0029, -0x0047, +0x002f, -0x004d, +0x0005, +0x0010, +0x0010, -0x0023, 
    -0x003a, +0x0037, -0x001b, +0x0014, -0x0032, -0x0037, -0x002c, +0x0005, 
    +0x0032, +0x0038, +0x0005, -0x0010, -0x0077, -0x000d, -0x0047, +0x001f, 
    +0x0043, -0x0007, +0x0044, -0x0040, +0x004f, -0x0049, -0x0053, -0x003a, 
    -0x002e, +0x0014, +0x0022, -0x001a, -0x0040, -0x0004, -0x000c, +0x0027, 
    -0x002f, -0x006e, -0x004d, -0x0034, +0x0011, +0x0058, +0x0029, -0x0037, 
    -0x0025, +0x000f, +0x0033, -0x0064, +0x0017, -0x0003, -0x0005, +0x0022, 
    -0x007f, +0x0017, -0x0029, -0x0026, +0x0058, +0x0013, +0x0025, +0x0032, 
    -0x003c, -0x002f, -0x0027, -0x0020, +0x0009, +0x0029, +0x0029, -0x003b, 
    +0x0048, -0x0023, +0x0032, -0x002b, -0x0003, +0x0054, -0x0039, -0x003a, 
    +0x001c, +0x0016, +0x002b, +0x007f, -0x0016, +0x006b, -0x0049, +0x0038, 
    +0x0056, +0x000f, -0x0009, -0x0025, +0x0041, +0x002b, +0x002f, +0x0024, 
    -0x0002, -0x0001, +0x0049, +0x0010, -0x0020, -0x0024, +0x0008, +0x000a, 
    -0x001f, +0x0026, -0x0012, -0x000a, +0x001b, -0x001a, +0x000c, +0x000b, 
    +0x002c, +0x0018, -0x0005, +0x0012, -0x0022, -0x001e, -0x000e, +0x0042, 
    -0x0018, -0x000d, +0x0014, -0x0003, -0x003c, -0x0020, +0x0019, -0x002b, 
    +0x0020, -0x0025, +0x004b, -0x0017, -0x0031, -0x0018, -0x0025, -0x0044, 
    -0x003e, -0x0021, -0x0038, +0x0021, +0x0025, +0x0027, +0x001a, +0x0029, 
    +0x000c, -0x0052, +0x0000, +0x002c, -0x002f, -0x0008, -0x0068, +0x0010, 
    -0x003c, -0x001a, +0x0004, -0x0015, -0x0036, -0x0008, -0x005f, +0x0001, 
    -0x000a, -0x001d, -0x0009, -0x0006, -0x000d, -0x0017, -0x0038, +0x0024, 
    -0x0033, +0x0024, -0x000b, +0x0013, -0x0075, +0x001a, -0x007f, +0x0062, 
    +0x007f, -0x0032, -0x0051, -0x0013, +0x0001, +0x000c, -0x0025, -0x0012, 
    -0x006a, -0x0008, -0x0019, +0x0026, +0x003e, -0x001d, -0x0033, -0x0023, 
    -0x0016, +0x003b, -0x0017, +0x000a, +0x0023, -0x0014, -0x004a, -0x0019, 
    -0x0010, +0x0000, -0x0021, +0x0004, -0x002c, -0x002c, -0x000c, +0x0010, 
    -0x0023, +0x0018, +0x0009, +0x0015, +0x0012, -0x007f, +0x0020, -0x000c, 
    -0x0033, -0x001a, +0x0005, +0x0041, -0x003b, +0x0000, -0x0034, +0x0025, 
    +0x0013, -0x000c, +0x0058, +0x001a, +0x001b, -0x0022, -0x0033, -0x000e, 
    -0x0006, +0x0023, +0x003d, +0x000d, -0x0029, -0x0002, -0x0031, +0x003d, 
    +0x0019, -0x0022, +0x0017, +0x0001, -0x003a, +0x0009, +0x000d, +0x0035, 
    +0x000c, +0x0011, +0x0041, -0x0048, +0x0014, +0x0012, +0x003e, -0x0026, 
    -0x0015, -0x0005, +0x0018, -0x0015, -0x0024, +0x0011, +0x0042, +0x0016, 
    +0x0007, -0x0028, +0x0028, +0x0021, +0x0023, -0x0009, -0x0029, +0x0002, 
    -0x0035, +0x001c, +0x0045, +0x002a, +0x0016, -0x0019, +0x0072, -0x001c, 
    +0x0004, +0x002f, +0x0068, -0x000f, +0x0013, +0x0003, -0x0004, +0x000b, 
    +0x0030, -0x002b, +0x000e, +0x0014, +0x0040, -0x0002, -0x0048, -0x003b, 
    -0x001c, +0x000b, -0x004e, -0x0003, +0x000a, -0x001c, -0x0018, +0x0045, 
    +0x0013, -0x001c, -0x0001, +0x007f, +0x0046, -0x0007, +0x001b, -0x004e, 
    -0x002a, +0x0029, -0x002f, +0x002b, -0x003d, +0x0049, -0x0019, -0x0031, 
    -0x0017, -0x0026, +0x0025, +0x0015, -0x001c, +0x0036, +0x0027, +0x0003, 
    -0x0008, -0x000e, -0x0016, -0x0021, +0x0007, -0x0042, +0x0035, +0x0016, 
    +0x0020, -0x001d, +0x0037, -0x0013, +0x0021, +0x0004, +0x0019, +0x0050, 
    -0x0053, +0x0042, +0x0012, +0x0009, -0x001d, +0x001f, -0x0046, -0x000a, 
    +0x007f, -0x0029, -0x0002, +0x0020, +0x0008, -0x0050, +0x000b, -0x0013, 
    +0x002e, -0x0005, +0x0010, -0x0066, +0x0024, -0x003e, +0x0007, +0x000c, 
    -0x0036, -0x0074, -0x002f, +0x002d, +0x0062, +0x0017, +0x0008, -0x0016, 
    -0x0015, +0x002b, +0x0032, -0x0010, -0x0006, -0x0077, -0x000d, -0x005b, 
    +0x0034, +0x005d, -0x001e, +0x0017, -0x0015, -0x007f, +0x000a, -0x0067, 
    -0x0039, +0x0060, -0x002d, -0x0026, -0x0058, -0x0008, -0x0032, +0x0007, 
    +0x0006, +0x0030, +0x0013, -0x003c, -0x0071, -0x001c, +0x0028, -0x000d, 
    +0x0010, -0x0058, -0x0009, -0x0067, -0x0043, -0x001d, +0x003c, -0x0005, 
    -0x003f, -0x000d, -0x0071, -0x0027, -0x0019, +0x0011, -0x001d, +0x0000, 
    +0x0001, -0x001d, -0x0064, +0x0029, -0x0007, -0x003d, +0x0042, +0x000c, 
    +0x0007, -0x003c, +0x0017, -0x005d, +0x002f, -0x001f, +0x0041, -0x0024, 
    -0x0037, +0x0016, +0x0032, -0x0017, -0x003c, -0x000b, +0x000d, +0x0015, 
    +0x0000, -0x0026, +0x000c, +0x0023, -0x000a, +0x0026, -0x001b, -0x0039, 
    -0x001a, -0x0040, -0x0008, +0x002c, -0x002e, +0x003d, -0x0009, +0x0048, 
    +0x0022, +0x0059, +0x0002, -0x004d, -0x000b, +0x0004, -0x0003, -0x003d, 
    +0x0019, -0x001c, +0x0015, -0x0018, -0x0010, +0x003b, +0x0036, +0x000c, 
    -0x0001, +0x005a, -0x0011, +0x0012, +0x0015, -0x007a, +0x002e, +0x0007, 
    -0x0012, +0x0019, +0x0020, +0x0062, -0x001f, -0x000e, +0x0011, -0x000b, 
    +0x002d, -0x000a, -0x0039, -0x0054, -0x0045, -0x0064, +0x004d, -0x0026, 
    +0x0015, -0x0060, +0x001e, -0x0008, -0x003d, +0x0032, -0x007f, -0x002f, 
    -0x001f, -0x0031, +0x0030, +0x001d, -0x000e, +0x0022, +0x0006, +0x0026, 
    +0x002c, +0x0021, +0x002a, +0x0039, -0x003e, +0x0017, -0x0072, +0x000c, 
    +0x0004, +0x001c, +0x000b, +0x0014, +0x0024, -0x0003, -0x0078, -0x0011, 
    +0x001d, -0x004d, +0x0040, +0x0025, +0x0016, +0x0022, +0x0000, -0x0076, 
    -0x0004, -0x000d, +0x001b, +0x0008, -0x0031, -0x0027, +0x001a, +0x0037, 
    -0x0014, -0x0002, +0x003b, +0x0051, -0x0024, -0x0020, +0x0006, -0x0033, 
    -0x0030, -0x000d, -0x0035, -0x0036, -0x0040, +0x0014, +0x0018, +0x003d, 
    +0x001b, +0x002f, +0x000c, -0x0027, -0x000d, -0x0027, +0x0033, +0x007a, 
    +0x0022, -0x0029, -0x0012, -0x007f, -0x000a, +0x0036, +0x001b, -0x0066, 
    +0x0000, -0x0041, +0x0040, +0x000a, +0x003a, +0x000c, -0x004a, -0x0048, 
    +0x000c, +0x0052, +0x0005, -0x0002, -0x006a, +0x004f, -0x0050, +0x003f, 
    +0x0002, -0x0022, +0x0018, -0x0019, -0x0009, -0x0060, +0x0016, +0x000d, 
    -0x0048, +0x002f, +0x002b, +0x0016, -0x0020, +0x0039, +0x0062, +0x004c, 
    -0x0006, -0x001e, -0x0049, +0x0071, +0x0017, +0x0003, +0x0021, +0x000c, 
    -0x0031, +0x0001, -0x002c, -0x0056, +0x0013, -0x007f, +0x0015, +0x0005, 
    +0x006e, +0x0009, -0x0015, -0x0033, +0x000e, -0x0041, +0x0005, +0x001f, 
    -0x002b, -0x0024, -0x0046, +0x0036, -0x0010, +0x001d, +0x0039, -0x0079, 
    +0x000a, +0x001b, -0x0016, -0x0018, -0x0027, -0x003a, -0x0001, +0x0043, 
    +0x0027, +0x0029, +0x001c, +0x0022, +0x0001, +0x0002, -0x0063, -0x0010, 
    -0x0049, -0x005a, +0x0026, -0x0062, +0x0001, +0x0026, +0x003d, +0x0039, 
    -0x0023, +0x001f, +0x0032, -0x001d, +0x0028, -0x002b, +0x0050, -0x0051, 
    -0x003b, -0x001a, +0x0003, +0x0010, +0x0007, +0x0023, -0x0013, +0x0063, 
    -0x0029, +0x0022, +0x0010, -0x0005, -0x0004, -0x003d, -0x0026, -0x000d, 
    +0x0019, -0x0010, -0x000f, +0x0059, -0x0018, +0x0012, +0x002f, -0x0010, 
    -0x0017, -0x0007, +0x0030, +0x003b, -0x0055, -0x0020, -0x0045, -0x000b, 
    -0x000e, +0x0017, -0x0042, +0x0029, +0x003d, +0x0015, +0x002f, +0x001e, 
    -0x0022, -0x0027, -0x006f, +0x0046, +0x0012, -0x001a, -0x0004, -0x002c, 
    -0x0036, -0x0044, +0x0020, +0x0030, -0x003b, +0x000f, +0x0022, +0x004e, 
    +0x0004, -0x0014, +0x0023, +0x000c, -0x0062, -0x0062, -0x0025, -0x0064, 
    -0x0007, -0x001e, +0x002a, -0x0046, +0x0023, -0x000f, -0x0050, +0x0040, 
    -0x002a, +0x0008, -0x0076, -0x001c, +0x0003, +0x000f, +0x0009, +0x006f, 
    -0x0062, +0x004f, +0x000a, -0x005e, -0x0052, -0x0034, +0x0012, +0x0039, 
    +0x000c, -0x002a, +0x0027, -0x0036, +0x0049, +0x0048, +0x0009, +0x0016, 
    -0x0011, -0x0019, -0x0033, -0x0003, +0x0024, -0x0021, -0x0046, -0x0042, 
    -0x0017, +0x0042, +0x0023, +0x0029, -0x002c, +0x0005, +0x003d, +0x0008, 
    +0x002e, +0x001e, +0x0064, +0x0069, -0x0063, -0x0016, -0x003c, -0x003c, 
    +0x007f, -0x0010, +0x0027, +0x007f, -0x002f, -0x000c, +0x003c, +0x002b, 
    -0x004a, +0x002d, +0x0007, -0x0010, -0x000f, -0x0010, +0x0002, +0x0042, 
    +0x0053, +0x001c, -0x0031, -0x0041, -0x0034, +0x0018, +0x0029, +0x001a, 
    +0x002c, +0x000f, -0x0010, +0x0059, -0x002a, -0x000b, +0x0079, +0x0055, 
    -0x0038, +0x0001, -0x001a, -0x0037, -0x004b, +0x001e, +0x0004, -0x000f, 
    -0x0045, +0x0007, +0x0036, +0x004e, -0x004c, +0x002e, +0x0017, +0x000c, 
    -0x0025, -0x000e, +0x001b, +0x0012, -0x0064, -0x0027, -0x0014, -0x001c, 
    +0x001b, +0x0000, +0x007f, -0x0004, +0x002d, -0x0070, -0x0011, -0x001b, 
    -0x0031, -0x0004, -0x001e, +0x003e, -0x000d, +0x0017, +0x000b, -0x0031, 
    +0x0002, -0x0029, +0x001e, -0x005f, +0x000e, +0x0012, +0x001a, -0x0018, 
    +0x0016, -0x0054, +0x002a, -0x0006, -0x002e, -0x002c, -0x000b, -0x004a, 
    +0x000a, -0x0036, +0x002b, +0x0040, +0x0010, +0x0008, +0x0009, -0x0039, 
    +0x0030, +0x0008, +0x003a, +0x007a, +0x0031, -0x0001, +0x0046, -0x002c, 
    -0x0012, +0x0006, -0x005f, +0x004c, +0x001d, +0x0048, +0x0008, +0x0034, 
    +0x000e, +0x005d, +0x000f, -0x000e, -0x0012, -0x0041, +0x0012, +0x000c, 
    +0x0029, -0x000b, -0x0010, -0x0038, +0x0003, -0x007f, -0x0026, -0x0030, 
    +0x000a, +0x0044, +0x0006, -0x0020, +0x000b, +0x0044, +0x0022, -0x000d, 
    +0x001e, -0x003c, -0x0012, -0x000c, +0x0018, -0x004e, -0x0032, -0x0011, 
    -0x0011, +0x001a, +0x002c, -0x0011, +0x0000, -0x0053, +0x0055, -0x007f, 
    +0x0031, +0x0034, -0x007f, +0x0017, -0x0063, +0x0029, +0x0038, +0x000e, 
    -0x0025, -0x006f, +0x000e, -0x0015, +0x0035, -0x0033, +0x001b, +0x001e, 
    -0x004f, -0x002e, +0x000e, -0x0033, -0x0042, -0x0009, -0x004e, -0x0067, 
    -0x003d, +0x000c, -0x001f, -0x000f, +0x003d, +0x003a, +0x0001, -0x0034, 
    +0x0003, -0x0007, +0x001b, -0x0023, +0x0013, -0x000f, -0x0042, +0x000c, 
    +0x000c, +0x0037, +0x0009, +0x005c, -0x000f, -0x001b, +0x002e, -0x0030, 
    +0x0021, -0x004c, -0x0022, -0x0003, -0x0015, -0x0021, -0x0036, -0x0064, 
    -0x007f, -0x0043, +0x000f, +0x0023, +0x0045, +0x002e, -0x0003, -0x006a, 
    +0x0047, -0x001f, +0x0027, +0x0021, -0x0028, -0x0048, -0x0064, -0x0026, 
    +0x0027, -0x0050, -0x0029, +0x0019, +0x0011, -0x0041, -0x002f, +0x0026, 
    -0x0025, +0x0014, -0x0030, +0x000c, +0x000f, -0x005f, -0x000f, -0x002a, 
    +0x0038, -0x0053, -0x0026, +0x0035, +0x004c, -0x0058, -0x0011, +0x000f, 
    +0x0003, -0x0006, -0x0036, +0x002f, -0x0022, -0x0001, +0x002f, -0x000a, 
    -0x0045, +0x0031, +0x0043, -0x001e, -0x0029, -0x0008, +0x0053, +0x0013, 
    +0x0007, +0x0005, +0x0006, -0x006a, -0x0002, -0x000c, -0x0009, +0x0027, 
    -0x0039, -0x003c, -0x004f, -0x0018, +0x0021, +0x003c, +0x0001, +0x0002, 
    -0x004c, -0x000d, +0x0005, -0x0027, -0x002b, -0x004b, -0x0063, -0x0014, 
    -0x0005, -0x0035, +0x0018, -0x0026, +0x0034, -0x0049, +0x0015, -0x000d, 
    -0x0004, -0x001e, -0x0014, -0x0025, -0x000a, +0x0021, -0x000a, -0x0020, 
    -0x002b, +0x005b, -0x0001, +0x004c, +0x0042, +0x0005, -0x002a, +0x003f, 
    -0x001f, -0x0046, +0x0010, -0x0030, +0x0029, +0x0007, -0x0025, -0x0019, 
    +0x0016, +0x0010, -0x0018, +0x0050, -0x004f, +0x001b, +0x000f, +0x003a, 
    -0x0004, +0x003a, +0x0006, -0x001b, +0x0007, +0x000c, +0x0040, +0x000a, 
    -0x002f, +0x0030, -0x0051, -0x0027, -0x001c, -0x0017, +0x0012, -0x000c, 
    -0x0019, -0x001c, +0x0012, +0x0025, -0x000d, +0x0000, -0x0012, +0x0020, 
    -0x002d, -0x0004, +0x0047, -0x0030, +0x0009, +0x0019, +0x000a, -0x002b, 
    -0x0020, +0x0038, -0x0007, -0x0010, -0x0028, +0x0005, +0x0025, -0x0007, 
    +0x0002, -0x0024, -0x001d, +0x0000, -0x0028, +0x0030, -0x002e, -0x000f, 
    -0x0031, +0x0001, +0x0035, +0x000a, -0x001a, +0x000a, +0x0015, +0x001f, 
    +0x0019, +0x0049, +0x0012, +0x0000, +0x0031, -0x0031, -0x0011, -0x0007, 
    -0x005b, -0x000c, -0x0009, -0x000e, +0x0025, -0x001e, -0x000e, +0x0008, 
    -0x0068, +0x0014, +0x001e, -0x0006, -0x0031, +0x0003, -0x002f, -0x0053, 
    -0x0045, +0x002b, -0x0016, +0x002d, +0x000e, -0x0009, -0x000c, +0x004e, 
    -0x002f, +0x000c, +0x0026, -0x002b, +0x0048, -0x0025, +0x002c, -0x0026, 
    +0x0073, +0x0010, -0x0003, -0x001a, -0x001f, +0x0006, -0x003a, -0x0007, 
    -0x0016, -0x0047, -0x003f, -0x003c, -0x0023, -0x0039, +0x002a, -0x003a, 
    -0x005f, +0x000e, +0x000f, +0x0012, -0x0009, +0x0018, -0x0022, +0x0026, 
    -0x0029, +0x000c, -0x0023, +0x0038, +0x0008, +0x0047, +0x0014, -0x0038, 
    +0x007f, +0x0035, -0x0015, -0x003f, -0x0014, +0x003c, +0x0007, -0x007f, 
    +0x0035, +0x0042, -0x0010, -0x0001, +0x0007, -0x0024, -0x000a, -0x0008, 
    +0x0040, +0x002b, +0x004a, +0x0003, -0x0024, -0x007f, -0x0042, -0x0014, 
    +0x0001, +0x0014, +0x0006, -0x0004, -0x0007, -0x0020, -0x0006, +0x000c, 
    +0x000b, +0x0012, +0x0016, -0x0005, +0x0055, -0x0021, +0x000e, +0x000d, 
    -0x005c, -0x003e, +0x003a, -0x0001, +0x0025, -0x001a, +0x0014, +0x0032, 
    -0x003d, -0x0044, -0x0010, +0x002f, +0x0025, -0x001a, +0x0015, -0x0039, 
    -0x0015, -0x002d, -0x002e, +0x0000, +0x0010, -0x0010, +0x003e, -0x000a, 
    -0x001a, -0x001b, +0x0016, +0x003a, -0x0019, -0x0029, +0x0000, +0x0040, 
    +0x0002, +0x0038, -0x003b, -0x0027, -0x002c, -0x0049, +0x0020, +0x0020, 
    -0x002f, +0x004c, -0x0025, -0x0028, -0x002d, -0x005d, +0x0002, +0x0006, 
    +0x002e, +0x0014, +0x0003, -0x0014, -0x004f, +0x000d, -0x0024, +0x0013, 
    -0x0029, -0x0026, +0x003d, +0x003b, +0x001d, +0x0030, +0x0023, +0x0013, 
    -0x001f, -0x002a, -0x007f, +0x0003, -0x0058, -0x001d, +0x004c, -0x0018, 
    -0x0016, +0x004c, -0x002a, +0x004e, +0x0006, +0x0000, -0x0013, -0x0067, 
    -0x000e, +0x0021, -0x0019, -0x0012, -0x002d, +0x0013, -0x001c, +0x005f, 
    -0x0011, -0x000a, +0x0002, -0x0004, +0x000c, -0x0043, +0x007f, +0x001e, 
    -0x003b, +0x0046, -0x0014, -0x001c, +0x0020, +0x001d, +0x000f, -0x0034, 
    +0x0000, +0x0020, +0x000d, -0x003b, -0x006e, +0x0010, -0x0012, -0x0032, 
    +0x0018, -0x0018, -0x0007, -0x001b, -0x001a, +0x0025, -0x0055, -0x0049, 
    -0x001c, -0x003d, +0x000e, -0x001d, -0x0051, +0x0005, +0x002f, -0x0008, 
    -0x003d, +0x0026, +0x0000, +0x0033, +0x0039, +0x002e, -0x002c, +0x001d, 
    -0x001d, +0x0064, +0x002b, +0x000d, -0x0030, -0x0017, +0x001f, +0x0012, 
    -0x004d, -0x0042, -0x000e, +0x004c, +0x0015, -0x0010, -0x004b, +0x0039, 
    +0x003d, -0x0030, -0x001e, +0x000f, +0x0031, +0x0028, +0x0000, -0x0002, 
    +0x0021, -0x0027, -0x001a, -0x0012, -0x002f, -0x0002, -0x0001, -0x0050, 
    +0x0045, +0x004e, +0x0017, -0x0020, -0x001f, -0x0016, +0x0014, -0x001c, 
    +0x0005, -0x0013, +0x0034, -0x0021, +0x000c, +0x0007, +0x000d, +0x0061, 
    -0x002f, +0x0039, +0x0005, -0x0017, -0x0053, -0x0003, +0x0003, +0x0016, 
    -0x001c, -0x003f, +0x0026, -0x000a, -0x001d, +0x000a, -0x001a, -0x004a, 
    -0x0012, +0x007f, -0x0014, +0x0010, +0x000c, +0x0032, +0x0002, +0x0027, 
    -0x000f, -0x0038, -0x002c, +0x007f, +0x0051, +0x0055, +0x0048, -0x0007, 
    +0x005e, +0x0022, -0x0020, +0x0051, -0x0006, +0x0037, +0x0035, -0x006e, 
    +0x0040, -0x0009, +0x000a, -0x000e, +0x003b, +0x002c, -0x0029, +0x0050, 
    -0x0003, -0x002c, +0x005d, -0x0012, -0x0007, -0x0031, -0x0065, +0x005b, 
    +0x0052, -0x003a, +0x002b, -0x002f, +0x001d, +0x0013, -0x0011, +0x0005, 
    +0x0038, -0x0037, -0x001f, -0x0037, -0x0045, -0x0017, +0x003a, +0x0033, 
    +0x005b, -0x000f, +0x0033, +0x0034, -0x000e, -0x002e, +0x0012, -0x0021, 
    -0x000f, -0x0057, -0x000e, +0x002d, -0x0036, -0x0054, -0x0023, -0x0078, 
    -0x000a, -0x003c, +0x001f, -0x0022, -0x000e, -0x000f, +0x000a, +0x0022, 
    +0x0024, +0x0006, +0x002d, +0x0046, +0x0029, -0x0024, +0x005e, +0x0023, 
    +0x0001, +0x0027, -0x0005, -0x0065, -0x000d, -0x0028, -0x0031, -0x0017, 
    -0x0020, -0x000b, +0x001d, +0x001d, +0x0027, -0x0041, -0x0016, -0x0003, 
    +0x0017, +0x0058, -0x0002, -0x005d, +0x0008, -0x0018, +0x0005, +0x0011, 
    +0x0005, -0x0034, -0x0011, +0x0006, -0x0026, -0x0011, -0x0010, +0x0052, 
    -0x0041, -0x0034, -0x0024, +0x002f, -0x007f, -0x0019, -0x0017, -0x0075, 
    +0x0025, +0x0015, -0x0013, -0x0014, +0x004c, +0x004f, -0x0002, -0x0024, 
    -0x0024, -0x0013, -0x0028, +0x007f, +0x001e, -0x0019, -0x002d, -0x0001, 
    +0x0041, -0x0026, +0x000f, -0x0065, +0x0005, +0x0003, -0x0011, +0x002f, 
    -0x007f, +0x0018, -0x0033, -0x007a, -0x0007, +0x0023, -0x003e, -0x002f, 
    +0x0023, -0x000a, -0x001b, -0x0007, -0x004d, -0x0004, +0x0023, -0x005c, 
    +0x0039, -0x0052, -0x0054, +0x000b, -0x006b, -0x0031, +0x000d, -0x0056, 
    -0x0013, +0x000d, +0x0053, +0x0054, +0x003a, +0x0039, +0x000e, -0x0029, 
    -0x0013, -0x0024, -0x0025, +0x005b, -0x0042, -0x0018, -0x0036, -0x0041, 
    -0x0056, +0x0025, +0x0039, -0x0004, +0x0021, +0x0005, -0x0011, -0x0008, 
    +0x0011, +0x002e, +0x000b, -0x0032, -0x003b, +0x0038, +0x0032, +0x001c, 
    +0x0003, +0x0016, -0x0013, -0x0016, +0x001a, +0x001c, +0x000f, -0x0025, 
    -0x0007, -0x0019, +0x005d, +0x004e, +0x002f, +0x001f, +0x003f, -0x0016, 
    -0x0039, +0x000e, +0x001c, -0x0001, +0x0053, -0x0017, +0x002e, +0x0030, 
    -0x0004, +0x000f, +0x001a, -0x0022, +0x0005, -0x0025, +0x0011, -0x0062, 
    +0x0061, -0x0028, -0x0022, -0x0005, -0x0040, -0x0012, -0x0006, +0x002f, 
    +0x0030, -0x0009, -0x007f, +0x0017, -0x0027, +0x0020, -0x0034, +0x000c, 
    -0x0021, +0x007f, +0x0006, -0x0021, -0x0007, -0x001b, +0x0024, +0x0012, 
    +0x0031, +0x0030, +0x0001, +0x0047, +0x0010, -0x003c, +0x001f, -0x002a, 
    +0x004e, -0x002b, -0x0013, +0x0004, -0x0078, +0x0023, -0x0044, +0x0022, 
    +0x004a, -0x0013, +0x0041, -0x0015, -0x0013, -0x0053, -0x003f, +0x003d, 
    -0x0011, -0x000f, -0x003b, -0x0028, -0x000d, -0x002e, -0x001e, +0x0002, 
    +0x0027, -0x0030, -0x0047, -0x0004, +0x002c, -0x0022, -0x001d, +0x0042, 
    +0x0032, -0x0049, -0x0060, -0x0007, -0x0009, +0x0040, +0x0003, -0x0034, 
    +0x0015, -0x0016, -0x002b, -0x0001, -0x0003, +0x001f, -0x0064, -0x000a, 
    +0x001c, +0x001f, -0x0027, +0x0025, -0x0028, -0x0017, +0x0016, +0x000b, 
    -0x0005, -0x0011, +0x0018, +0x005e, -0x000d, -0x002d, +0x001e, +0x0004, 
    +0x0052, -0x003a, +0x0009, +0x0031, +0x001e, +0x0038, +0x0072, +0x0001, 
    -0x002e, +0x0008, -0x0006, -0x002c, -0x0029, +0x0025, -0x0032, -0x0002, 
    +0x0050, -0x0027, +0x0015, +0x0061, -0x0003, -0x0025, -0x0037, +0x001c, 
    -0x000f, +0x003f, +0x0015, +0x001f, +0x0009, +0x0006, +0x0018, -0x0029, 
    +0x0022, +0x000f, +0x0005, +0x0039, +0x0013, +0x001d, -0x000c, -0x0028, 
    +0x003d, +0x0031, +0x000d, +0x002e, -0x005e, -0x0015, -0x006e, -0x0069, 
    +0x000a, -0x0021, +0x0012, -0x004c, -0x0042, +0x0036, -0x0019, -0x0007, 
    +0x0037, +0x0001, -0x001e, +0x0041, +0x0033, -0x002a, -0x000f, +0x003b, 
    +0x0039, +0x0050, +0x0037, -0x0017, +0x000a, -0x0015, -0x005a, -0x0033, 
    -0x002a, +0x0005, +0x0002, +0x0000, +0x001d, +0x0007, +0x0037, -0x0001, 
    +0x0031, +0x0014, -0x0044, +0x003f, -0x0016, +0x000a, -0x004c, -0x0065, 
    -0x0011, +0x0023, -0x0034, +0x003a, -0x0011, -0x0020, -0x0033, -0x0063, 
    -0x007f, -0x003c, +0x0006, -0x0003, -0x0006, +0x000f, +0x002a, +0x0038, 
    +0x0004, +0x0047, -0x003d, -0x0016, -0x000f, +0x005d, -0x007f, -0x003e, 
    -0x0028, -0x0032, -0x0049, -0x003c, +0x0039, -0x000d, -0x0047, +0x0023, 
    -0x0036, -0x0075, +0x0038, +0x000a, +0x000c, -0x0014, +0x0000, -0x001c, 
    +0x0027, +0x000e, -0x004b, -0x000e, -0x0010, -0x0006, +0x0022, +0x000b, 
    +0x001d, -0x0018, +0x0045, +0x006c, +0x001b, +0x0049, -0x0005, -0x002c, 
    -0x0021, +0x004d, -0x0077, +0x0050, -0x0008, -0x0018, +0x002a, +0x0054, 
    +0x0023, -0x0041, +0x002d, -0x000d, +0x0047, -0x0001, +0x005d, +0x000a, 
    -0x0016, +0x003d, -0x0002, -0x0029, -0x0030, +0x007f, -0x0007, +0x0041, 
    +0x002a, +0x006b, -0x000e, +0x0048, -0x002a, -0x0002, -0x0004, +0x000e, 
    -0x000b, -0x004e, +0x001d, -0x0007, -0x0030, +0x0077, -0x0072, +0x0013, 
    -0x0039, -0x000f, -0x0013, +0x003e, -0x0040, -0x0022, -0x0012, -0x005a, 
    -0x0016, +0x0079, -0x0056, +0x0006, -0x002a, -0x0009, +0x0011, -0x0049, 
    +0x000b, +0x0019, +0x0035, +0x002c, +0x0000, +0x0046, +0x0013, -0x007f, 
    -0x0054, +0x0029, +0x001b, -0x004a, +0x0068, -0x0015, -0x0033, +0x0024, 
    +0x0041, +0x0022, -0x0070, +0x0009, -0x0008, +0x0017, -0x001f, -0x000d, 
    +0x0027, +0x0000, -0x000b, +0x0004, +0x0026, +0x0021, -0x0035, +0x0066, 
    +0x0057, -0x001e, +0x0008, -0x0018, -0x005e, +0x004b, -0x0028, -0x0071, 
    -0x0053, -0x0001, +0x0016, -0x0017, -0x0048, +0x0033, -0x0015, +0x001a, 
    +0x004b, -0x0065, +0x000d, -0x000d, -0x001c, -0x0053, +0x0008, +0x0023, 
    +0x002e, +0x0053, -0x0065, +0x0030, +0x000d, +0x0010, -0x0014, +0x001e, 
    +0x0030, -0x0057, -0x001c, +0x0019, +0x0002, +0x0007, +0x000f, +0x005e, 
    -0x0072, -0x0020, +0x0004, -0x0023, +0x0038, +0x0016, +0x0036, -0x0048, 
    -0x0029, +0x0011, +0x0044, -0x0009, +0x0061, -0x0003, +0x0038, -0x0012, 
    +0x0059, -0x0071, +0x0026, -0x001f, +0x0012, -0x0024, -0x0018, +0x0042, 
    +0x0059, -0x0021, +0x002c, +0x0025, +0x000d, +0x0008, -0x002d, +0x0046, 
    -0x002a, -0x006a, -0x0011, +0x0005, -0x0024, -0x0045, +0x0031, -0x0067, 
    -0x0019, -0x0043, +0x0029, +0x0003, +0x0055, -0x0007, +0x0004, -0x002b, 
    -0x0063, -0x002c, -0x0005, +0x0031, -0x0010, +0x001a, -0x0001, -0x001c, 
    +0x003f, -0x0026, -0x0026, +0x007f, +0x0009, +0x001f, +0x000a, +0x005b, 
    -0x0050, +0x0035, -0x0005, +0x0058, +0x000a, +0x002e, +0x0026, -0x003e, 
    +0x007f, -0x0027, +0x007f, -0x0033, +0x003d, +0x001d, +0x0031, +0x002f, 
    -0x0065, +0x000c, +0x0023, +0x0032, +0x001d, -0x004d, -0x002e, +0x003e, 
    +0x0004, +0x006c, -0x0028, +0x0016, -0x0041, +0x003e, +0x001f, +0x0022, 
    +0x0014, -0x0039, +0x002a, +0x004f, -0x0012, -0x0019, +0x0005, -0x0041, 
    -0x001a, -0x0017, -0x0008, +0x005e, -0x0005, +0x0006, -0x0023, +0x0032, 
    +0x005e, +0x0043, +0x0050, -0x0030, -0x0012, +0x0015, +0x0013, +0x0039, 
    +0x002e, -0x003b, -0x0026, -0x0052, -0x0008, -0x0023, -0x0025, +0x001b, 
    -0x0055, +0x001d, -0x000c, -0x000e, -0x003a, -0x000b, +0x005d, -0x0071, 
    +0x0046, -0x007f, +0x0004, +0x0054, +0x0034, +0x001e, +0x0010, +0x001a, 
    +0x0003, +0x005b, -0x000c, -0x0069, +0x0006, +0x002f, +0x000a, +0x0031, 
    -0x0038, +0x0036, +0x0043, -0x0079, +0x0016, -0x0022, +0x0011, -0x0016, 
    -0x0008, +0x0049, -0x000b, -0x0025, +0x0017, +0x0057, +0x005d, -0x0016, 
    +0x002b, -0x001b, -0x0006, -0x002e, +0x0016, +0x002a, +0x0056, +0x0017, 
    +0x002a, +0x0023, +0x003e, -0x001a, -0x006a, +0x002a, +0x002f, +0x001b, 
    +0x001a, -0x0042, +0x003e, -0x0020, -0x0058, +0x0006, +0x0047, -0x004b, 
    +0x0030, +0x001a, -0x0003, +0x0039, +0x0007, +0x005f, -0x0045, +0x006a, 
    -0x001e, +0x0023, -0x0020, -0x0024, -0x0019, +0x0055, +0x006a, +0x0007, 
    +0x0018, +0x000b, +0x007c, -0x000b, -0x0035, +0x0032, -0x0064, +0x001e, 
    -0x0020, -0x000c, -0x0039, +0x007d, -0x0001, +0x005d, -0x0077, +0x001b, 
    +0x0012, -0x0011, +0x001b, +0x0010, +0x0021, +0x0047, +0x007b, +0x0020, 
    +0x0015, -0x0032, -0x0050, -0x001c, +0x0061, -0x0031, -0x000c, -0x0008, 
    +0x0060, +0x000e, -0x0010, +0x000b, +0x0026, -0x0024, -0x0068, -0x000a, 
    -0x0047, -0x006c, +0x0003, -0x0038, -0x002b, +0x002b, -0x0062, +0x0033, 
    -0x0019, -0x0011, +0x0053, +0x004c, +0x0013, -0x0024, -0x004d, -0x0007, 
    +0x005e, -0x005f, -0x0036, -0x0037, -0x005f, +0x0017, +0x002d, -0x0029, 
    -0x0005, -0x0035, -0x001b, +0x000a, -0x0006, -0x0022, +0x0035, +0x0063, 
    -0x0046, -0x004e, +0x001c, -0x001a, +0x002b, -0x0062, -0x0031, +0x0006, 
    -0x001c, -0x005c, -0x0020, +0x004c, +0x0021, +0x000f, -0x0028, +0x007b, 
    -0x0005, -0x0049, -0x0042, +0x002e, +0x0059, -0x003e, -0x002c, +0x0041, 
    -0x001a, +0x004c, -0x002f, -0x0020, +0x0011, +0x0029, -0x0036, -0x002b, 
    -0x002e, -0x0020, -0x004e, +0x0027, +0x0000, +0x002f, -0x0035, -0x0045, 
    -0x0015, +0x0002, -0x0044, +0x0003, -0x006f, -0x000b, -0x0019, -0x0013, 
    +0x0032, +0x0047, +0x0034, +0x002a, -0x0078, +0x0018, -0x0040, -0x004f, 
    -0x001e, +0x000e, -0x0001, -0x0062, +0x0030, -0x0003, -0x0017, +0x0032, 
    +0x000c, -0x003b, +0x0037, +0x005e, -0x0060, +0x0002, -0x001f, +0x0030, 
    +0x0058, -0x0024, -0x002b, -0x0008, +0x0031, -0x001c, -0x0029, +0x003d, 
    +0x004c, +0x0038, -0x0039, -0x0010, +0x006c, +0x0002, -0x0004, -0x0019, 
    -0x0057, -0x0037, +0x000c, -0x002a, +0x002b, -0x0006, -0x007c, -0x0058, 
    +0x007f, +0x0033, -0x002a, +0x0064, -0x0021, +0x0016, +0x000d, +0x0007, 
    -0x0011, -0x003b, -0x005d, -0x0011, -0x002e, -0x004f, +0x007f, +0x0057, 
    -0x0055, -0x0030, +0x0038, +0x004c, -0x0029, -0x001f, +0x0029, +0x0044, 
    -0x000f, -0x002d, +0x0001, +0x0009, -0x002e, +0x0006, -0x006a, +0x002c, 
    -0x005d, +0x0007, +0x004f, +0x0006, +0x0021, +0x0025, -0x001f, +0x000e, 
    +0x007f, -0x0015, +0x0040, +0x0015, -0x0069, -0x003e, -0x000d, -0x006c, 
    +0x0044, +0x0009, +0x0001, +0x000f, -0x003b, -0x0007, +0x0002, +0x000e, 
    -0x0066, -0x0016, -0x0030, -0x0022, -0x0057, +0x0021, -0x0045, -0x006a, 
    -0x0004, +0x000d, +0x0020, +0x0068, -0x0008, -0x005b, +0x0016, +0x0033, 
    -0x0049, -0x000c, -0x0022, -0x0004, -0x000c, -0x0046, -0x0038, -0x0023, 
    -0x0013, +0x0016, -0x002e, -0x0010, -0x0040, +0x0006, -0x0022, -0x0036, 
    +0x0047, +0x003f, -0x0018, -0x0009, +0x0016, +0x002a, -0x0072, +0x001f, 
    +0x0013, +0x001f, -0x0006, +0x0024, +0x001a, -0x001c, +0x0042, -0x0008, 
    +0x0019, -0x003e, -0x003b, -0x0035, -0x0009, +0x003e, +0x0037, +0x001a, 
    +0x003e, -0x0020, +0x0021, +0x0028, +0x003b, +0x000a, -0x0025, +0x0022, 
    +0x0003, +0x003b, +0x0008, +0x0072, +0x0043, +0x0006, +0x0046, +0x0027, 
    +0x0030, +0x003b, -0x005f, -0x007f, +0x005f, -0x0014, -0x0032, -0x000d, 
    +0x0011, -0x0002, +0x0065, -0x0026, -0x0056, -0x0025, +0x0006, -0x0048, 
    +0x002b, -0x0003, +0x0039, +0x001f, -0x0018, -0x001f, +0x002f, +0x0055, 
    +0x0012, -0x007f, +0x0014, +0x0042, +0x0077, -0x000d, -0x0033, +0x0023, 
    +0x0004, -0x003d, -0x0005, -0x0039, +0x0009, +0x000a, +0x002d, +0x0024, 
    +0x0048, -0x001e, -0x0030, +0x0012, -0x0008, +0x002f, +0x000d, -0x003d, 
    +0x0026, -0x003d, +0x0044, -0x0010, -0x0031, +0x0011, +0x002f, +0x0033, 
    -0x0004, -0x001a, -0x0024, +0x0008, -0x007f, -0x001a, -0x0075, +0x0003, 
    +0x007d, +0x004d, -0x0059, -0x0020, -0x0029, +0x0000, -0x0049, -0x003d, 
    +0x0025, +0x0006, +0x0014, +0x003a, +0x0035, -0x0008, +0x0005, +0x0003, 
    -0x001d, +0x007f, +0x0012, -0x007f, +0x0076, -0x0040, -0x0051, +0x000c, 
    +0x004d, +0x0005, +0x002a, +0x0053, +0x0005, +0x0005, +0x000d, -0x0018, 
    +0x0065, -0x0024, -0x0018, +0x000b, -0x002e, -0x002a, -0x002f, +0x002e, 
    +0x0029, -0x0016, -0x0051, +0x0004, -0x001e, +0x0034, +0x001f, -0x0005, 
    -0x0001, +0x0015, +0x0075, -0x003b, +0x001f, -0x0033, -0x0013, +0x002d, 
    -0x001b, +0x0043, -0x001b, +0x000b, +0x000a, -0x0034, -0x0042, -0x0071, 
    +0x0030, +0x0015, +0x0041, +0x0026, -0x0036, -0x0027, -0x007f, -0x0011, 
    +0x000e, -0x005f, -0x0015, +0x002d, +0x0047, -0x0031, +0x006a, -0x0047, 
    -0x0013, -0x0003, +0x0007, -0x0041, -0x0006, +0x0002, -0x003f, +0x001f, 
    +0x003b, -0x002e, +0x0013, +0x001c, +0x0056, -0x002a, +0x0043, -0x0032, 
    +0x0016, +0x000f, -0x0016, -0x002e, +0x003a, +0x0056, +0x002e, -0x0004, 
    +0x001b, +0x0012, +0x0032, -0x0028, +0x0030, -0x0023, +0x0015, -0x0018, 
    -0x0052, +0x003a, +0x0038, +0x0005, +0x0034, -0x0022, +0x0014, -0x0033, 
    -0x0004, -0x0005, +0x0006, -0x0027, -0x0013, +0x001e, +0x0014, -0x0037, 
    +0x0037, -0x0025, +0x001f, +0x0004, +0x0047, -0x005e, -0x0043, -0x0042, 
    +0x0030, +0x002f, -0x0031, +0x003a, -0x000c, +0x0000, +0x0028, -0x001f, 
    +0x0076, -0x000f, -0x004e, +0x0043, +0x003a, -0x0051, -0x0005, -0x0005, 
    -0x0078, +0x0015, -0x0004, -0x000a, +0x000d, -0x0013, +0x0021, +0x004f, 
    +0x003f, -0x0016, -0x0002, -0x0037, +0x0058, -0x000f, -0x004d, +0x004f, 
    +0x0051, +0x0007, +0x0039, +0x0044, -0x0049, +0x0017, -0x004f, +0x0000, 
    +0x007f, +0x000c, -0x0002, +0x004d, +0x0054, +0x0014, +0x0016, -0x0025, 
    +0x0026, -0x0038, +0x0018, +0x0006, +0x0009, -0x0042, -0x002d, +0x002f, 
    -0x0029, +0x0022, -0x000f, -0x0013, +0x0000, +0x0041, +0x0052, -0x0010, 
    +0x001c, -0x0028, +0x0039, +0x0002, -0x005c, -0x0030, -0x0051, +0x0007, 
    -0x000e, -0x0022, -0x0064, -0x0016, -0x002f, +0x0004, +0x0013, -0x0013, 
    +0x0021, +0x000c, +0x0031, -0x0042, -0x0001, +0x0009, -0x001a, +0x0037, 
    -0x0073, +0x000e, +0x003d, +0x004e, -0x002b, +0x0030, -0x0016, -0x0018, 
    +0x002a, +0x0023, +0x0020, -0x003b, +0x002c, -0x004b, -0x0063, +0x0041
};
#ifdef __cplusplus
}  // extern "C"
#endif

#ifdef __cplusplus
extern "C" {
#endif
static const int32_t __attribute__((section(".rodata.tvm"), aligned(16))) fused_nn_contrib_conv2d_NCHWc_add_constant_8[64] = {
    +0x00000007, +0x00000008, +0x00000007, +0x00000008, +0x00000007, +0x00000008, +0x00000007, +0x00000007, 
    +0x00000007, +0x00000007, +0x00000007, +0x00000008, +0x00000007, +0x00000007, +0x00000007, +0x00000008, 
    +0x00000007, +0x00000008, +0x00000007, +0x00000008, +0x00000007, +0x00000007, +0x00000008, +0x00000008, 
    +0x00000008, +0x00000008, +0x00000007, +0x00000007, +0x00000007, +0x00000008, +0x00000007, +0x00000008, 
    +0x00000008, +0x00000008, +0x00000007, +0x00000007, +0x00000008, +0x00000008, +0x00000007, +0x00000007, 
    +0x00000008, +0x00000008, +0x00000007, +0x00000008, +0x00000008, +0x00000007, +0x00000007, +0x00000007, 
    +0x00000008, +0x00000007, +0x00000007, +0x00000007, +0x00000008, +0x00000007, +0x00000008, +0x00000008, 
    +0x00000007, +0x00000007, +0x00000007, +0x00000008, +0x00000008, +0x00000008, +0x00000008, +0x00000008
};
#ifdef __cplusplus
}  // extern "C"
#endif

#ifdef __cplusplus
extern "C" {
#endif
static const int32_t __attribute__((section(".rodata.tvm"), aligned(16))) fused_nn_contrib_conv2d_NCHWc_add_constant_7[64] = {
    +0x00000000, +0x00000000, +0x00000000, +0x00000000, +0x00000000, +0x00000000, +0x00000000, +0x00000000, 
    +0x00000000, +0x00000000, +0x00000000, +0x00000000, +0x00000000, +0x00000000, +0x00000000, +0x00000000, 
    +0x00000000, +0x00000000, +0x00000000, +0x00000000, +0x00000000, +0x00000000, +0x00000000, +0x00000000, 
    +0x00000000, +0x00000000, +0x00000000, +0x00000000, +0x00000000, +0x00000000, +0x00000000, +0x00000000, 
    +0x00000000, +0x00000000, +0x00000000, +0x00000000, +0x00000000, +0x00000000, +0x00000000, +0x00000000, 
    +0x00000000, +0x00000000, +0x00000000, +0x00000000, +0x00000000, +0x00000000, +0x00000000, +0x00000000, 
    +0x00000000, +0x00000000, +0x00000000, +0x00000000, +0x00000000, +0x00000000, +0x00000000, +0x00000000, 
    +0x00000000, +0x00000000, +0x00000000, +0x00000000, +0x00000000, +0x00000000, +0x00000000, +0x00000000
};
#ifdef __cplusplus
}  // extern "C"
#endif

#ifdef __cplusplus
extern "C" {
#endif
static const int32_t __attribute__((section(".rodata.tvm"), aligned(16))) fused_nn_contrib_conv2d_NCHWc_add_constant_6[64] = {
    +0x488197c8, +0x5fb87123, +0x560f6c95, +0x74bc9d39, +0x47ab9015, +0x7abc3915, +0x59e8b7cf, +0x54a7b0fb, 
    +0x5351e623, +0x485eb6a3, +0x627a2bf3, +0x7d7a82ea, +0x4544abd6, +0x48b852bb, +0x4d2b93dc, +0x707bbfb4, 
    +0x48f7d7d0, +0x6824b2be, +0x4ab2160f, +0x77415658, +0x4575aa7d, +0x44e673e7, +0x6c570330, +0x6a006515, 
    +0x69df06f4, +0x7621d72b, +0x4c880cae, +0x5679eca1, +0x4daf4851, +0x75d91a69, +0x42e5b60d, +0x6fd13e49, 
    +0x6d45939b, +0x5da64d8e, +0x4100f108, +0x52d08d2f, +0x621ace5b, +0x7bb0a46e, +0x5040d8ea, +0x43487425, 
    +0x6bb575d0, +0x799ba18b, +0x54f37e2e, +0x72666bcb, +0x77a346ee, +0x56768c6b, +0x4f0d12ae, +0x52209cef, 
    +0x701580bc, +0x46ca1c83, +0x443b3bd1, +0x4cd269a6, +0x7eab2c92, +0x58297e58, +0x715f171e, +0x7e010e01, 
    +0x5204ac7c, +0x415dd025, +0x41ddea4b, +0x6a58eb1f, +0x71e4069e, +0x6ad2345e, +0x75d9aca9, +0x71daab1a
};
#ifdef __cplusplus
}  // extern "C"
#endif

#ifdef __cplusplus
extern "C" {
#endif
static const int32_t __attribute__((section(".rodata.tvm"), aligned(16))) fused_nn_contrib_conv2d_NCHWc_constant_2[64] = {
    +0x000008fc, +0x00000cf5, +0x0000051a, +0x000002d0, -0x00001578, +0x000002a9, -0x00000a8b, +0x00000095, 
    +0x000006f4, -0x0000013f, +0x00000034, +0x000006ca, +0x0000058e, +0x0000070f, -0x000005bb, +0x00000444, 
    +0x00000241, +0x0000161c, -0x0000085f, -0x0000062a, -0x000000ae, -0x0000032d, -0x00000086, -0x00000cb2, 
    +0x00000413, +0x00000eaf, -0x000008b2, +0x0000034e, +0x000004bc, +0x00000973, -0x000005ec, +0x00000c0a, 
    +0x000007ab, -0x000010bd, -0x00000523, +0x00000f05, -0x00000593, +0x0000137d, +0x00000014, -0x000008fe, 
    +0x00000202, +0x0000118d, +0x000004c7, +0x000008fe, -0x00000111, +0x0000014e, +0x0000039f, -0x000000b3, 
    +0x000002e9, +0x000010c9, -0x000010ad, -0x000000bb, -0x0000099d, -0x0000053d, +0x00001750, -0x00000e2f, 
    -0x00000d35, +0x00000f5d, +0x000003fa, +0x0000024d, -0x00000c41, -0x00001d42, +0x000009b6, +0x000006af
};
#ifdef __cplusplus
}  // extern "C"
#endif

#ifdef __cplusplus
extern "C" {
#endif
static const int16_t __attribute__((section(".rodata.tvm"), aligned(16))) fused_constant_4[4096] = {
    +0x0017, -0x007f, -0x0038, -0x003b, -0x0030, +0x0013, -0x000d, +0x0039, 
    -0x007f, -0x002a, -0x0026, +0x004c, -0x0032, -0x0045, +0x0020, +0x003a, 
    -0x0034, +0x000c, -0x0042, +0x0042, +0x001b, +0x002e, -0x0078, -0x0001, 
    -0x003b, +0x0029, -0x003c, -0x0037, +0x0035, -0x0025, -0x001a, -0x0019, 
    -0x0038, -0x0004, +0x0009, -0x0066, -0x0042, +0x003a, -0x0061, -0x0002, 
    +0x000f, +0x0013, -0x0002, -0x0058, +0x0014, +0x000f, -0x0036, +0x0025, 
    +0x005b, -0x0029, -0x0020, +0x001d, +0x0024, +0x0043, +0x0006, -0x006d, 
    -0x0044, -0x0022, +0x001c, -0x0013, +0x001d, +0x000b, -0x0005, -0x0010, 
    +0x000a, +0x003d, -0x0006, -0x0016, -0x0036, +0x003a, -0x003b, -0x0032, 
    +0x0001, -0x0028, +0x0040, +0x003a, +0x0037, +0x0018, -0x0002, -0x0003, 
    +0x0070, -0x0021, +0x001b, +0x0026, -0x0043, +0x0031, +0x0058, +0x000b, 
    -0x003c, +0x0045, +0x002d, -0x0002, +0x0050, -0x006d, -0x002f, +0x001b, 
    -0x0031, -0x0040, -0x004d, -0x002d, -0x0059, +0x0008, +0x005c, -0x004e, 
    +0x001c, +0x0006, -0x002a, +0x0032, -0x0043, -0x001e, +0x0001, +0x000e, 
    -0x0073, -0x0023, -0x003a, -0x000a, -0x0018, -0x0019, +0x0005, +0x0039, 
    +0x0031, +0x000c, +0x0016, +0x003c, -0x0033, -0x001e, +0x0030, -0x004c, 
    +0x0014, +0x0042, +0x003e, +0x0027, +0x0026, +0x0015, +0x0008, -0x0032, 
    +0x002a, -0x002f, -0x000c, -0x0030, +0x002f, +0x003d, +0x0036, -0x0011, 
    -0x0001, +0x0037, -0x007f, +0x003c, +0x0007, -0x0006, +0x0000, +0x0038, 
    +0x0002, -0x0058, +0x007e, +0x0052, +0x0051, -0x003f, +0x0029, +0x0005, 
    +0x0058, -0x0013, +0x000c, -0x0044, +0x0027, -0x0007, +0x0059, +0x000f, 
    -0x004f, -0x0024, +0x0037, -0x0015, +0x000e, -0x0017, -0x0023, -0x0023, 
    +0x003d, +0x000b, +0x0040, -0x007f, +0x0021, +0x001b, +0x0002, -0x002f, 
    -0x001d, -0x004d, +0x0010, -0x002d, -0x0007, -0x0003, +0x000b, +0x000b, 
    -0x0017, +0x0058, -0x0018, +0x0034, -0x002c, -0x004d, +0x0040, -0x0033, 
    -0x0017, +0x001f, -0x003b, -0x001e, -0x002a, +0x0045, -0x0005, +0x0044, 
    -0x001a, -0x0053, -0x0006, +0x0011, -0x0039, +0x005f, +0x001c, +0x002f, 
    +0x003d, -0x003d, +0x005d, -0x005c, -0x0034, -0x0047, -0x002c, +0x001d, 
    +0x0039, -0x0052, +0x0018, -0x0007, -0x0006, +0x001e, -0x0065, +0x001f, 
    -0x001e, -0x0005, -0x0060, -0x000a, -0x002f, -0x001a, +0x005a, -0x0049, 
    +0x0030, -0x0023, -0x003e, -0x0025, +0x0010, -0x0029, -0x0039, +0x0008, 
    +0x0062, +0x0021, +0x0026, +0x002d, +0x0011, -0x0005, +0x0042, +0x0010, 
    +0x000e, -0x004b, -0x0012, +0x001c, -0x0030, +0x003c, -0x003a, +0x0012, 
    -0x0006, -0x0034, +0x0009, +0x0007, -0x003d, -0x0020, +0x001e, -0x002b, 
    -0x000d, -0x0041, +0x000a, +0x000b, +0x0015, +0x004c, -0x002a, +0x007f, 
    -0x0026, -0x0040, +0x0043, +0x0046, +0x000f, -0x003a, +0x0031, +0x002d, 
    +0x0018, +0x0030, -0x001a, -0x0013, +0x001a, -0x007f, +0x003f, +0x001e, 
    -0x000f, +0x0018, +0x000b, -0x001c, +0x0027, -0x002a, +0x0008, +0x0015, 
    +0x004c, +0x001b, -0x0028, -0x001f, +0x0031, -0x005f, -0x0032, -0x0029, 
    +0x0009, +0x0038, -0x000e, -0x0012, +0x0028, -0x001a, +0x0022, -0x0038, 
    +0x000f, -0x0042, +0x0014, -0x0008, +0x0042, +0x001d, +0x0056, +0x000a, 
    +0x0069, +0x0033, +0x002c, -0x004d, +0x0016, -0x002a, +0x0023, +0x000e, 
    +0x0000, +0x000a, +0x0017, +0x0004, -0x0012, -0x0037, -0x0045, -0x0009, 
    +0x004e, +0x0008, +0x0006, +0x001d, -0x0037, +0x0054, -0x0009, +0x0004, 
    +0x000c, -0x0032, -0x002e, -0x0037, +0x005d, +0x002d, +0x0010, -0x0032, 
    +0x001c, +0x0057, +0x0052, +0x0047, +0x0035, +0x0026, +0x0000, -0x0001, 
    +0x0019, -0x0003, +0x007f, -0x001a, +0x0048, -0x0012, -0x0006, +0x001c, 
    +0x0022, -0x0013, +0x0009, -0x0003, +0x004b, -0x0022, +0x0006, -0x000b, 
    +0x0028, +0x0020, -0x0008, -0x0006, +0x002b, -0x0026, -0x0002, -0x0034, 
    +0x0028, -0x0029, -0x000b, +0x0001, -0x000b, -0x007f, +0x0053, +0x0011, 
    -0x0002, +0x004b, -0x001d, +0x0024, -0x0077, -0x000d, -0x000d, -0x0021, 
    +0x0062, -0x002d, -0x003e, -0x000c, -0x0036, +0x0017, +0x0008, -0x0026, 
    -0x0014, -0x0002, +0x0002, +0x0014, -0x0001, +0x0044, +0x003f, +0x0025, 
    +0x007f, +0x0028, -0x0016, +0x0025, +0x004a, -0x000d, -0x0005, +0x0046, 
    -0x0007, -0x006b, +0x0031, -0x0025, +0x000c, -0x0009, +0x0016, +0x000b, 
    +0x003f, -0x001c, +0x000b, -0x0049, +0x0011, -0x0019, -0x001d, +0x001d, 
    +0x001e, +0x0015, -0x0013, +0x001d, -0x001a, -0x0021, +0x0000, +0x0041, 
    -0x0054, +0x0056, +0x000f, -0x0005, +0x0057, +0x002d, +0x0002, +0x002b, 
    -0x004f, -0x0010, +0x0002, +0x0023, -0x0031, -0x0008, -0x0015, -0x0017, 
    -0x000f, -0x0007, -0x0024, -0x0004, +0x0001, +0x0015, -0x0014, -0x0047, 
    -0x001f, +0x000d, +0x002a, -0x0069, +0x0031, -0x000e, +0x0040, -0x0044, 
    -0x0014, -0x005f, +0x0000, -0x0011, -0x0019, +0x0014, +0x0066, +0x002f, 
    -0x0004, +0x005a, -0x0036, -0x000a, +0x0004, +0x0074, -0x002c, +0x001b, 
    +0x0009, -0x005c, +0x0014, -0x002d, -0x0001, -0x000e, -0x0026, -0x0045, 
    -0x0066, -0x0035, +0x0029, -0x007f, +0x0034, +0x0026, +0x0022, +0x0035, 
    +0x000c, +0x0014, -0x0009, +0x0019, +0x0007, -0x0023, +0x0014, -0x0046, 
    +0x002a, +0x0026, -0x001b, -0x0026, -0x0073, +0x004d, -0x0028, +0x007e, 
    -0x0040, -0x002b, +0x0026, +0x0051, -0x003a, +0x0005, +0x002e, +0x001d, 
    -0x0026, +0x004a, +0x0008, +0x0020, -0x0028, +0x0014, +0x0006, -0x0050, 
    +0x0051, -0x0008, +0x0001, -0x003d, +0x001c, +0x0056, +0x0005, +0x0043, 
    +0x0012, +0x0027, +0x0025, -0x006d, +0x0019, -0x0044, -0x0007, -0x0056, 
    -0x0009, +0x0052, -0x0025, -0x0009, +0x007f, +0x002d, -0x001a, +0x0034, 
    -0x001a, -0x0030, -0x0013, -0x005e, -0x000c, -0x0074, +0x0020, +0x0027, 
    -0x0019, +0x001b, -0x0039, -0x0037, +0x0023, -0x000e, -0x0013, +0x000d, 
    -0x0034, +0x003d, -0x007f, -0x0022, +0x002b, -0x0008, +0x0013, -0x0013, 
    -0x0061, +0x0005, +0x001f, +0x0032, +0x0051, -0x0046, +0x0041, +0x002e, 
    -0x001e, -0x002b, +0x0017, +0x0034, +0x0008, -0x0017, -0x0016, -0x0010, 
    +0x0044, +0x0025, -0x0004, +0x0018, -0x004e, -0x003a, +0x001b, -0x0056, 
    +0x0026, -0x0040, -0x002e, -0x003c, +0x005b, +0x0035, -0x000f, +0x000c, 
    -0x002e, -0x0045, -0x0006, -0x0050, -0x004d, -0x0015, +0x0016, +0x0007, 
    +0x0025, +0x0017, -0x0032, +0x0028, +0x003f, +0x0037, -0x0011, -0x0025, 
    -0x0052, -0x0023, -0x0021, -0x0033, +0x002e, -0x002c, -0x0018, -0x000a, 
    +0x0006, -0x0056, +0x000c, -0x001c, +0x000e, +0x0010, -0x000d, +0x0041, 
    +0x0013, +0x001e, -0x0062, +0x0049, -0x000d, +0x0020, -0x000b, -0x000c, 
    +0x004d, -0x0028, -0x0004, +0x003f, -0x0042, -0x007f, -0x0020, -0x003b, 
    -0x0011, +0x0059, +0x0009, -0x000e, -0x0009, +0x002c, -0x0010, -0x0006, 
    +0x0025, -0x001c, -0x001c, -0x0011, +0x0042, -0x0002, +0x0005, -0x0004, 
    +0x0009, +0x005c, +0x002d, +0x0003, -0x0047, -0x001d, +0x002f, +0x0053, 
    -0x0010, -0x003b, -0x0007, +0x000f, +0x0001, -0x0028, +0x0003, -0x0052, 
    -0x0015, -0x001d, +0x003a, -0x0019, -0x0021, +0x0037, +0x001f, -0x0018, 
    -0x0046, -0x0003, +0x001c, +0x0004, +0x0000, -0x0034, -0x000d, +0x004b, 
    -0x001a, +0x001b, +0x0030, -0x0067, -0x0046, -0x0023, -0x0002, +0x0016, 
    +0x003e, -0x000d, -0x000a, +0x0004, -0x0006, +0x000e, +0x0018, +0x0027, 
    -0x0048, +0x0047, -0x0034, -0x0033, +0x0016, +0x002e, +0x0010, -0x0012, 
    -0x0024, -0x0015, -0x001e, +0x0054, -0x0054, +0x0022, +0x001c, +0x0011, 
    +0x0059, +0x002c, +0x003c, +0x000d, +0x0030, +0x0014, -0x0016, -0x0003, 
    -0x0027, -0x000f, -0x0009, +0x0040, -0x0042, +0x0015, +0x004b, +0x004c, 
    +0x0013, -0x0021, -0x0006, +0x0049, +0x000d, -0x0062, -0x0039, +0x0012, 
    -0x003a, +0x0060, -0x0004, -0x0035, +0x001f, +0x002a, +0x0031, +0x004e, 
    -0x0003, -0x0020, -0x004a, -0x0019, +0x0013, +0x0063, +0x002a, +0x0015, 
    +0x002c, +0x0021, +0x000d, -0x0012, +0x002c, +0x002a, +0x0001, -0x0047, 
    -0x0004, +0x0058, -0x0007, -0x0019, +0x0049, +0x0021, +0x007f, +0x0060, 
    +0x0021, +0x001b, -0x004b, -0x0030, +0x002d, -0x0057, -0x003d, +0x0013, 
    -0x000a, -0x0015, +0x0039, -0x0028, +0x0005, +0x0025, +0x002b, -0x0016, 
    +0x0033, -0x0032, -0x000b, +0x003a, -0x0010, -0x000f, +0x002e, +0x0050, 
    -0x0061, +0x000c, -0x000a, +0x0022, +0x0015, -0x0012, -0x005a, -0x002a, 
    -0x0026, -0x004d, -0x0037, -0x0035, -0x001c, -0x003b, +0x000a, -0x006c, 
    -0x0011, -0x0048, -0x003e, +0x0053, +0x0009, +0x001e, -0x0011, -0x0036, 
    -0x002d, -0x003a, -0x001f, -0x001c, -0x007f, -0x0013, +0x004d, -0x007f, 
    +0x003a, +0x002c, -0x0009, -0x001f, +0x0005, -0x0024, -0x0050, -0x0005, 
    +0x0027, +0x007f, +0x0017, -0x0072, +0x0020, -0x0001, +0x0042, -0x0014, 
    -0x0037, +0x0038, +0x0007, -0x0040, +0x0027, +0x002a, +0x0024, -0x002b, 
    -0x0040, -0x0025, +0x0003, -0x002a, +0x0023, -0x000f, +0x001f, +0x0029, 
    -0x0047, +0x0066, +0x0033, -0x0021, -0x002c, +0x0069, +0x004c, -0x0035, 
    -0x0023, -0x0033, -0x0027, +0x0025, -0x0014, -0x0073, -0x001e, -0x0002, 
    -0x003b, +0x0021, +0x001a, +0x0040, -0x0041, -0x0050, +0x0057, +0x0037, 
    +0x0029, +0x0048, -0x0016, -0x0041, +0x0016, -0x0042, -0x0037, +0x0035, 
    +0x000a, -0x0061, +0x0021, +0x004e, +0x000c, -0x005b, -0x0041, +0x0038, 
    +0x0022, +0x002d, +0x0006, +0x0061, -0x0004, -0x0056, -0x002f, +0x0021, 
    -0x0017, -0x0030, -0x0025, -0x000e, -0x0034, +0x003d, -0x000a, +0x0023, 
    -0x004a, +0x0053, -0x0001, -0x001b, +0x000c, +0x0015, +0x0030, +0x0023, 
    +0x0025, +0x000e, +0x002c, +0x0028, +0x0014, +0x001f, +0x0004, -0x001f, 
    -0x000f, +0x0004, -0x0025, +0x0006, -0x0020, -0x0027, -0x0025, -0x004d, 
    -0x0040, -0x003f, +0x0032, +0x0000, +0x0007, -0x0040, -0x0011, +0x0061, 
    +0x0002, -0x0037, +0x0029, +0x0009, +0x003d, -0x0018, +0x0052, +0x0030, 
    -0x000c, -0x0036, +0x000f, -0x0026, +0x0037, -0x0042, -0x0043, -0x006a, 
    -0x0031, -0x0021, +0x001d, -0x0007, +0x0017, -0x003d, -0x0015, +0x0017, 
    +0x0004, +0x000e, -0x0002, -0x004b, -0x001f, +0x0036, -0x0008, -0x0035, 
    -0x0020, -0x0033, +0x0002, -0x001e, +0x0024, -0x006d, +0x004f, -0x0061, 
    -0x0035, -0x004d, -0x0037, -0x000e, +0x001f, +0x000d, -0x000f, -0x0010, 
    -0x004a, -0x0004, -0x0017, +0x0004, -0x0020, -0x0015, +0x0012, +0x000a, 
    -0x000b, +0x0065, +0x006b, -0x0039, +0x0029, -0x000a, +0x003b, +0x0008, 
    -0x0067, +0x003e, +0x0039, +0x0051, +0x0021, +0x0016, -0x0052, +0x0034, 
    -0x002a, -0x0056, -0x001a, +0x0004, +0x005c, +0x0017, +0x002c, +0x004c, 
    +0x0065, -0x0009, +0x0029, -0x0058, -0x0017, -0x0010, -0x0038, -0x0017, 
    -0x0022, +0x007f, +0x000c, -0x0002, -0x0028, +0x0034, +0x0055, +0x0053, 
    +0x0004, -0x002d, -0x007f, -0x002f, +0x0010, -0x0015, -0x0026, -0x0033, 
    +0x0044, +0x0055, +0x003c, -0x0028, -0x0004, +0x002a, -0x0024, -0x0028, 
    -0x0010, +0x0039, -0x0013, +0x001b, -0x0023, +0x0016, +0x0010, +0x0047, 
    +0x0001, -0x0002, -0x0048, -0x0024, -0x0079, -0x0020, -0x003e, +0x0003, 
    +0x001f, -0x0036, -0x0004, -0x002f, +0x0058, -0x0003, -0x001b, -0x002d, 
    -0x000b, -0x005b, +0x001d, +0x002b, -0x007f, +0x0013, +0x0023, -0x0009, 
    -0x001a, -0x0025, -0x006d, -0x0028, +0x0006, -0x0014, +0x003b, +0x001d, 
    -0x003f, -0x0036, -0x0019, +0x0028, +0x0001, -0x005d, -0x0042, +0x004f, 
    +0x0033, -0x0014, -0x0013, +0x003d, +0x0007, -0x001c, -0x0008, -0x0033, 
    -0x0025, +0x0043, +0x0018, -0x000f, +0x0007, -0x001a, +0x000a, -0x0057, 
    -0x0027, -0x0012, -0x0035, -0x001d, -0x0012, -0x0063, -0x0020, +0x0000, 
    +0x0054, -0x0038, +0x005f, +0x004b, +0x0002, -0x003c, -0x0009, -0x0031, 
    +0x0012, -0x0020, +0x0040, -0x0011, -0x0002, -0x001f, +0x0021, +0x0030, 
    +0x0003, -0x0006, +0x0002, -0x0069, +0x0046, -0x0030, -0x0012, +0x0045, 
    -0x0009, -0x0036, +0x0020, +0x0051, -0x003f, +0x001c, -0x0005, +0x0055, 
    -0x001c, +0x0016, -0x0018, +0x0014, +0x002b, -0x0006, +0x0052, -0x0007, 
    +0x0019, +0x0009, +0x0017, +0x0038, +0x002f, -0x0064, +0x0012, -0x0030, 
    -0x0007, -0x0010, -0x0043, -0x0048, -0x0052, -0x0027, +0x0044, +0x007f, 
    +0x0032, +0x0036, -0x001b, +0x0024, +0x0028, +0x000e, +0x007c, +0x001b, 
    -0x0003, -0x001a, +0x0032, +0x002f, +0x0008, -0x005f, -0x0051, +0x0000, 
    -0x0024, -0x003c, -0x002d, +0x0000, -0x001a, -0x000a, +0x0058, +0x001e, 
    +0x0016, +0x000a, +0x0021, +0x0037, +0x0046, -0x0011, -0x003a, +0x0046, 
    -0x0017, -0x001b, +0x004f, -0x0018, +0x0017, -0x0032, +0x0015, +0x001e, 
    +0x0027, -0x0052, +0x003e, +0x004d, -0x0020, +0x0001, -0x0006, +0x001b, 
    -0x0038, +0x0008, +0x0017, +0x0026, +0x002d, -0x003f, +0x002a, -0x002e, 
    -0x0012, +0x0036, +0x0037, -0x0034, +0x007f, +0x0035, +0x003f, +0x0037, 
    -0x0027, -0x0005, -0x0019, +0x0017, -0x000f, +0x002a, -0x0014, -0x0074, 
    +0x001e, -0x0013, +0x0001, +0x002c, -0x0013, +0x0025, +0x002b, +0x004d, 
    +0x003f, -0x0006, -0x002a, -0x0020, +0x0021, +0x0016, -0x0033, +0x002b, 
    -0x003c, -0x0059, -0x0029, +0x003b, +0x004c, -0x0021, -0x0044, -0x0055, 
    +0x000c, +0x002b, +0x000c, +0x003a, -0x0017, +0x0027, +0x0000, +0x0008, 
    +0x000d, -0x001a, +0x0006, +0x005a, -0x0012, -0x000c, -0x0037, +0x0002, 
    -0x000c, +0x004c, +0x0010, -0x0047, -0x0046, +0x0036, +0x0000, -0x0035, 
    -0x0026, +0x0027, -0x001f, -0x0015, +0x0007, +0x0032, -0x0026, -0x0070, 
    +0x0049, +0x0055, -0x0003, +0x0025, -0x0069, +0x0037, +0x0005, -0x000a, 
    +0x0053, -0x007f, -0x002d, -0x0078, -0x000d, -0x0049, +0x0000, +0x003f, 
    -0x0013, -0x0013, -0x0070, +0x001a, -0x001d, +0x002d, +0x003f, +0x005e, 
    -0x000c, +0x007d, +0x0044, +0x0071, -0x0014, -0x0074, +0x0031, +0x0047, 
    -0x0009, -0x0028, +0x0006, +0x0052, -0x0004, -0x0016, +0x000d, +0x004d, 
    +0x0062, -0x0038, +0x0058, +0x0053, +0x0030, -0x0006, -0x0037, +0x006e, 
    +0x003a, +0x003d, -0x0053, +0x0059, +0x0014, -0x0048, +0x0008, +0x003d, 
    -0x0049, -0x0021, -0x0007, -0x001b, +0x0040, -0x001a, -0x005d, -0x001b, 
    -0x0006, -0x0027, +0x002f, -0x003e, -0x0008, +0x006f, -0x0005, -0x0022, 
    +0x001e, +0x0035, +0x002b, +0x0032, +0x003e, -0x0029, +0x005b, +0x003b, 
    +0x0012, -0x007e, +0x0017, -0x0019, +0x0031, +0x0057, +0x0018, +0x0033, 
    -0x0049, +0x0059, -0x007f, -0x0016, -0x0039, +0x0060, +0x0037, -0x000e, 
    +0x0020, +0x0018, -0x0047, +0x0003, +0x003a, +0x004c, -0x003a, -0x0033, 
    -0x0007, -0x0056, +0x0005, +0x002e, +0x005e, -0x0066, +0x0069, -0x001d, 
    +0x0050, -0x0004, -0x0004, -0x003f, +0x0033, -0x004f, +0x0048, -0x000f, 
    -0x0026, -0x001c, -0x000b, -0x0014, -0x0018, +0x0010, -0x0001, +0x007f, 
    +0x0019, +0x0024, -0x0058, -0x0043, +0x0006, -0x0009, -0x0002, -0x0032, 
    +0x0047, +0x0024, -0x0012, +0x0028, +0x000b, +0x0015, -0x0065, +0x0021, 
    +0x003f, +0x0020, -0x0023, +0x0059, -0x003c, -0x0035, -0x000b, -0x0014, 
    -0x0068, +0x003e, +0x001d, -0x0047, -0x0011, +0x0047, +0x002a, -0x0017, 
    -0x004c, +0x000f, -0x001d, -0x0040, -0x0064, -0x0042, -0x007f, +0x0055, 
    +0x000e, +0x0023, +0x001e, -0x005c, -0x000a, +0x0016, +0x000a, +0x0061, 
    +0x0007, +0x0049, -0x003e, -0x000b, +0x0026, +0x001a, +0x0014, +0x001d, 
    -0x003d, -0x0011, -0x000c, -0x0014, -0x0007, -0x0005, +0x0034, +0x0039, 
    +0x0047, -0x0039, +0x002e, -0x0022, -0x0044, +0x0020, +0x000f, +0x0016, 
    -0x006d, -0x003c, +0x002f, -0x001f, +0x0047, -0x0020, -0x0018, -0x0011, 
    +0x0015, -0x004c, -0x000f, +0x0003, +0x0008, +0x0023, -0x002d, +0x0000, 
    -0x002c, +0x0033, +0x0010, -0x0027, -0x001c, +0x004c, -0x0030, -0x002d, 
    -0x0026, -0x0062, +0x000e, +0x0020, +0x0043, -0x0050, -0x0012, +0x0033, 
    +0x0008, -0x000a, -0x0014, -0x002d, +0x000e, +0x0036, +0x000b, +0x0025, 
    +0x0007, +0x003f, -0x0013, +0x0021, -0x0013, -0x001d, +0x002e, -0x0011, 
    +0x003a, +0x0015, +0x001b, +0x0038, -0x0027, -0x0002, +0x0009, +0x0044, 
    -0x0058, +0x0011, -0x003b, -0x0005, -0x000e, -0x0031, -0x0025, -0x0032, 
    -0x001c, -0x0008, +0x0039, -0x0017, -0x006e, -0x001d, -0x0004, -0x0027, 
    +0x0037, -0x0062, +0x0013, -0x000c, +0x0005, -0x004b, -0x006c, -0x000f, 
    +0x001b, -0x007d, -0x0043, +0x0011, +0x007f, -0x0056, +0x0036, -0x0058, 
    -0x0007, +0x001f, +0x0006, -0x0003, -0x0013, +0x001e, -0x0030, +0x0022, 
    +0x0043, +0x002c, +0x0032, +0x0033, -0x0033, +0x002e, -0x0011, -0x0027, 
    -0x004c, -0x0044, -0x0008, -0x0010, +0x004c, -0x0050, +0x0024, +0x000b, 
    -0x0023, -0x0017, -0x0003, +0x000a, +0x0020, +0x001d, +0x0052, +0x0036, 
    -0x0024, +0x0009, -0x002a, -0x0010, -0x0032, -0x0044, -0x0029, -0x0008, 
    +0x0001, -0x002b, +0x0037, +0x001d, +0x0079, +0x0003, -0x000f, +0x0023, 
    -0x0058, -0x0067, +0x001c, +0x0015, -0x004d, -0x0009, +0x000b, -0x0003, 
    +0x0031, -0x001f, -0x0025, -0x0011, -0x002b, +0x0043, +0x0033, -0x0001, 
    +0x0021, -0x000b, +0x007f, +0x0017, -0x0022, +0x0029, +0x0018, -0x0051, 
    -0x002d, -0x0021, -0x0025, -0x0049, -0x0028, -0x0068, +0x0042, -0x007f, 
    +0x002d, -0x000e, +0x0003, -0x0039, +0x000e, +0x001b, +0x0027, -0x0020, 
    +0x0021, +0x0004, +0x002b, +0x0056, +0x0017, +0x006e, +0x0040, -0x0023, 
    -0x0003, -0x0014, +0x0009, +0x000e, -0x0071, +0x001a, +0x002a, +0x004b, 
    +0x003e, -0x0025, +0x002a, -0x0015, -0x0012, -0x002e, +0x0028, +0x001e, 
    -0x001f, +0x0023, -0x0038, +0x001e, +0x0015, +0x0054, -0x003e, +0x003c, 
    -0x0008, +0x002b, +0x0027, -0x000d, +0x001b, -0x0014, -0x0012, -0x0014, 
    -0x0027, +0x001f, +0x0000, -0x002d, -0x003b, +0x0037, -0x003a, +0x000a, 
    +0x001e, -0x0059, +0x001a, -0x000d, -0x003d, -0x007f, -0x0031, -0x002e, 
    +0x001a, -0x001c, -0x0042, -0x002e, -0x002b, -0x0033, -0x0010, +0x002c, 
    -0x0011, -0x000a, +0x0025, +0x0000, +0x0025, -0x0051, +0x0007, -0x0028, 
    -0x004d, -0x0028, -0x0046, -0x000e, -0x0025, +0x0037, -0x0043, +0x004a, 
    +0x0043, -0x0058, -0x006c, +0x0003, -0x0006, -0x0012, +0x005e, -0x0034, 
    +0x0042, -0x0014, -0x0008, -0x0031, -0x0010, -0x002b, -0x001a, -0x000a, 
    +0x0028, -0x0009, -0x0032, -0x0025, +0x0012, +0x0006, -0x000c, -0x0001, 
    +0x0042, +0x0008, -0x0042, +0x001f, -0x003c, +0x005c, -0x002f, +0x000f, 
    +0x0020, -0x0018, -0x001e, +0x0025, +0x000a, +0x003b, -0x003d, +0x003d, 
    -0x002f, -0x0019, +0x0011, +0x0025, -0x0017, +0x0044, -0x000e, -0x003d, 
    +0x0013, +0x0021, +0x0072, -0x002a, -0x0029, -0x000a, +0x002e, -0x0015, 
    +0x0007, +0x0003, +0x002c, -0x0008, -0x001b, -0x003d, +0x007f, -0x0003, 
    +0x0046, +0x002e, -0x001c, -0x0007, +0x0045, +0x002c, -0x003e, -0x0063, 
    +0x0012, -0x006f, -0x0037, +0x0012, +0x0029, -0x0016, +0x002d, +0x0011, 
    -0x0031, +0x0013, +0x0024, +0x002c, -0x0061, +0x0056, -0x0005, +0x0025, 
    +0x0024, -0x0023, +0x0075, -0x0035, -0x0034, +0x0023, +0x001f, +0x0066, 
    +0x0014, -0x0047, -0x005d, -0x0042, -0x002b, +0x0016, +0x003e, -0x001b, 
    -0x0010, -0x0013, -0x0055, -0x0029, +0x0024, +0x0014, +0x0008, +0x0036, 
    -0x002f, -0x001d, +0x0035, -0x0035, -0x000c, +0x0018, +0x002d, -0x0010, 
    -0x0020, -0x0009, +0x0038, -0x007f, +0x000d, +0x003c, +0x0042, -0x006a, 
    -0x004b, -0x006d, +0x0021, +0x0015, +0x0025, -0x0003, +0x0009, -0x0023, 
    -0x000a, -0x000a, -0x0004, -0x001b, +0x002a, -0x0041, -0x0056, -0x0038, 
    -0x003f, -0x001f, +0x0035, +0x0022, +0x0004, -0x0040, -0x003f, -0x0009, 
    +0x0012, -0x000f, +0x0044, -0x0031, -0x0074, +0x003c, -0x003b, +0x0002, 
    +0x0022, -0x0035, -0x0005, -0x0007, +0x002b, -0x0002, +0x0011, +0x000b, 
    -0x0027, +0x0033, -0x0043, +0x0002, +0x0018, -0x000f, +0x000a, -0x007f, 
    +0x003c, +0x0009, -0x0046, +0x002e, -0x0023, -0x0040, -0x0005, -0x003f, 
    -0x0010, -0x007f, +0x0011, -0x0020, +0x0048, +0x0008, -0x0038, -0x000f, 
    +0x001f, -0x0020, +0x0023, +0x003d, +0x0011, +0x001c, +0x0038, -0x0005, 
    -0x0055, +0x000c, -0x004b, +0x001c, -0x007f, -0x0041, +0x005f, +0x0053, 
    -0x001d, +0x000d, +0x0041, +0x0009, +0x0011, -0x0021, +0x0033, +0x0048, 
    +0x002d, -0x003e, +0x0007, +0x0009, -0x0001, +0x004b, -0x0044, +0x001d, 
    -0x0008, +0x005b, -0x002f, +0x0006, -0x0012, +0x0051, +0x005b, -0x0052, 
    -0x0036, -0x006b, -0x001d, +0x001f, -0x0011, +0x0031, -0x007f, +0x001e, 
    -0x0011, -0x0060, +0x0042, +0x0004, -0x0020, -0x002b, +0x003c, -0x0007, 
    -0x0015, -0x0013, +0x002d, -0x0035, +0x0022, +0x0018, -0x005e, -0x007f, 
    -0x001e, -0x0016, +0x0016, -0x001f, +0x0039, +0x001f, +0x003f, +0x0018, 
    +0x0054, -0x0043, -0x0010, +0x000d, +0x0007, +0x0067, -0x002d, +0x0010, 
    -0x002c, +0x002f, -0x0028, +0x0031, -0x002d, +0x0022, +0x000c, -0x0030, 
    +0x002c, -0x000b, +0x000c, -0x0032, -0x0001, +0x0033, +0x0053, -0x0042, 
    +0x0000, -0x0024, -0x0056, -0x006e, +0x0051, +0x0001, -0x003f, -0x0006, 
    -0x0012, -0x0070, +0x0050, +0x002b, +0x0038, -0x0018, +0x0035, -0x0039, 
    -0x001b, +0x001a, -0x003f, +0x0011, +0x000e, -0x004e, -0x001a, +0x001b, 
    -0x005d, +0x0038, +0x0010, -0x0008, -0x001f, +0x0065, -0x0041, -0x0028, 
    +0x0033, +0x001f, +0x001d, -0x0039, -0x0019, +0x0030, +0x0015, -0x0004, 
    -0x0025, -0x000e, +0x0049, -0x0021, -0x0018, +0x003b, -0x0004, +0x002c, 
    +0x0052, +0x005f, +0x001d, -0x0037, +0x0016, -0x0020, -0x001b, +0x000d, 
    -0x000c, -0x0043, +0x0066, +0x003c, +0x0023, +0x001c, -0x003a, -0x001f, 
    -0x006f, +0x0013, -0x0030, +0x0009, -0x0011, +0x003b, +0x0032, -0x0039, 
    +0x0049, -0x0006, +0x001e, -0x002b, +0x0005, -0x002b, -0x002c, -0x003c, 
    +0x000e, -0x003a, +0x0037, +0x0026, -0x0024, +0x0042, -0x0035, -0x002c, 
    -0x004f, -0x0004, +0x003e, +0x0005, -0x0011, -0x000e, +0x0018, +0x004f, 
    -0x0004, +0x0053, -0x0017, -0x003a, -0x0020, +0x0027, -0x002f, -0x003a, 
    -0x002d, +0x007a, -0x000c, -0x000d, -0x0003, +0x0072, -0x0027, +0x0011, 
    +0x000a, +0x0033, -0x0005, +0x0011, +0x0027, +0x0067, -0x0028, -0x0014, 
    -0x007f, -0x002e, -0x003e, -0x0005, -0x0040, +0x005a, +0x0037, +0x0039, 
    +0x001e, +0x0032, -0x000e, -0x0033, -0x0061, -0x0034, -0x004a, +0x0043, 
    +0x0013, +0x003c, -0x0023, -0x0034, +0x0015, +0x0051, +0x0039, +0x003f, 
    +0x0013, +0x000a, +0x006d, -0x000b, -0x0004, +0x0003, -0x000b, +0x0008, 
    +0x0015, +0x006b, +0x0027, +0x0037, -0x0037, +0x0072, -0x0024, -0x0041, 
    -0x0034, -0x002d, +0x0033, -0x0017, +0x0005, -0x0004, +0x0003, +0x002e, 
    -0x0056, -0x0066, -0x0028, -0x0053, -0x0044, +0x007f, +0x006a, +0x0007, 
    -0x001b, -0x0038, -0x0021, -0x0002, +0x0023, -0x0027, +0x000e, +0x0000, 
    +0x003e, +0x007a, -0x0010, -0x0049, +0x007a, -0x0048, +0x004c, -0x0013, 
    -0x0023, -0x0023, +0x0047, +0x001c, +0x0002, -0x002e, -0x004e, -0x0021, 
    -0x0043, +0x0030, +0x0015, +0x004e, -0x0045, +0x000c, +0x0024, +0x000b, 
    +0x003b, -0x001f, -0x0024, -0x0067, -0x0025, -0x002c, +0x0026, +0x005a, 
    -0x002f, +0x001b, +0x0025, +0x0029, -0x0033, -0x004c, -0x0025, -0x003f, 
    -0x0027, -0x0031, +0x0004, +0x0009, +0x005c, -0x0027, +0x0016, +0x001c, 
    -0x0027, -0x0015, +0x0034, -0x0006, -0x0022, -0x006f, -0x000b, -0x003d, 
    -0x005e, +0x001c, +0x0000, -0x000d, +0x003c, -0x000d, +0x0004, +0x002e, 
    +0x001e, -0x0017, -0x002e, -0x0015, +0x0016, +0x0027, +0x0001, -0x004a, 
    +0x0041, -0x0026, +0x0052, -0x002b, +0x006d, +0x0005, +0x0008, +0x0011, 
    +0x006e, -0x0006, -0x001e, -0x0016, +0x000e, -0x0024, +0x002f, -0x0029, 
    +0x0054, -0x0023, +0x003a, -0x000a, +0x002e, +0x0029, -0x007f, -0x0021, 
    +0x000e, -0x000c, +0x0027, -0x0014, -0x001d, +0x0023, -0x001d, +0x005e, 
    -0x0016, -0x0011, -0x0006, +0x0021, -0x007f, -0x0023, -0x003f, +0x0038, 
    +0x0048, -0x000b, +0x0032, +0x002e, -0x0018, -0x000d, -0x002c, +0x0014, 
    +0x0020, -0x007f, +0x0013, -0x002a, -0x0037, +0x0029, +0x001c, -0x0046, 
    -0x0057, +0x0005, -0x0038, +0x0019, +0x005a, -0x0060, +0x006d, +0x002b, 
    +0x0048, -0x0004, +0x002b, +0x0010, -0x0056, -0x0068, -0x0039, +0x0023, 
    -0x0047, -0x001e, -0x005c, -0x0032, +0x0070, +0x0012, -0x0033, -0x000a, 
    -0x0048, -0x005a, +0x004b, +0x000b, +0x0029, +0x0005, -0x0058, -0x0015, 
    -0x001e, -0x0019, -0x001d, +0x0008, +0x0007, -0x002c, -0x002d, +0x004c, 
    -0x000c, +0x001a, +0x001a, -0x0053, +0x0024, -0x004a, +0x0024, +0x0033, 
    -0x000a, -0x0011, -0x0002, -0x002b, +0x001d, +0x001d, -0x0010, -0x003e, 
    -0x0047, +0x0006, -0x0027, -0x005b, +0x0007, +0x0035, +0x0028, +0x0043, 
    +0x0013, -0x0011, +0x0005, +0x0040, +0x006e, +0x0025, +0x0013, -0x000d, 
    +0x0066, +0x0037, +0x0023, +0x0033, +0x007b, -0x000a, -0x002a, +0x000d, 
    -0x0035, +0x001c, +0x0006, +0x000e, -0x0013, +0x004b, +0x001e, -0x000c, 
    +0x000d, +0x0015, +0x0014, +0x007f, -0x0001, +0x0022, +0x0065, +0x0038, 
    +0x0041, -0x0007, +0x0007, -0x001a, -0x0040, -0x0040, +0x0004, -0x0021, 
    -0x0018, -0x002f, +0x0002, +0x0004, -0x0024, -0x0015, -0x0031, +0x003d, 
    +0x0048, +0x0016, -0x000f, +0x002b, +0x0037, -0x003f, -0x0015, +0x0001, 
    +0x000a, +0x0000, -0x000e, +0x0008, +0x001b, -0x0054, +0x002d, +0x000d, 
    -0x0035, +0x0012, -0x0049, +0x001c, -0x0008, +0x0033, -0x0050, +0x005e, 
    -0x0027, -0x0042, -0x0023, +0x0038, -0x0031, -0x0041, +0x000b, -0x0015, 
    +0x0054, -0x000f, +0x0001, -0x0016, +0x0012, +0x0034, +0x0014, +0x0075, 
    -0x003c, +0x007e, -0x003b, +0x0024, +0x000c, +0x0032, -0x0006, -0x000a, 
    -0x0047, +0x0042, +0x000a, -0x000a, +0x0037, -0x0056, -0x0044, +0x000d, 
    -0x0041, +0x0035, -0x0071, +0x0005, +0x0017, +0x0055, -0x0005, -0x0016, 
    -0x0069, -0x0021, -0x0006, -0x0024, +0x001e, +0x0006, -0x002f, -0x0010, 
    -0x0012, -0x000b, +0x0012, +0x0001, -0x0031, +0x0022, +0x0051, -0x0001, 
    -0x002f, +0x0018, -0x004f, +0x0007, -0x0037, -0x0005, -0x0003, +0x0017, 
    +0x0015, +0x0016, +0x002c, -0x0026, -0x006b, +0x0010, +0x0030, +0x001c, 
    -0x002f, -0x0029, -0x003e, -0x003f, +0x0018, -0x000c, +0x002d, -0x000d, 
    +0x0000, +0x0017, +0x003d, -0x0024, -0x0037, -0x0020, +0x0027, +0x002f, 
    +0x003b, -0x0020, +0x0028, -0x0030, -0x002c, -0x0004, -0x0019, -0x0018, 
    -0x0055, -0x0011, +0x0001, -0x0013, -0x0045, -0x002e, -0x001b, -0x0041, 
    -0x000c, -0x000b, -0x0002, -0x000b, -0x0068, -0x000a, +0x000c, -0x0001, 
    +0x000d, +0x002b, -0x002a, +0x0037, +0x0022, -0x0063, -0x003c, -0x0023, 
    +0x0059, +0x0005, +0x000a, +0x001c, +0x0056, +0x0012, +0x0059, +0x0076, 
    -0x0007, -0x0035, -0x000c, -0x001e, -0x0032, +0x000f, +0x000c, +0x0040, 
    +0x0016, +0x004f, -0x003e, +0x0022, -0x0016, -0x0061, -0x0010, +0x0012, 
    -0x0020, -0x0029, +0x005c, -0x001e, -0x0027, +0x0019, -0x0035, +0x0041, 
    +0x0040, -0x0023, -0x0024, -0x0040, -0x0004, +0x0020, -0x0023, -0x001d, 
    +0x0003, +0x0003, +0x0067, -0x003b, -0x0007, -0x0046, -0x0042, +0x0061, 
    +0x0041, +0x0011, -0x001c, -0x0047, -0x000c, -0x0068, -0x0030, +0x002d, 
    -0x0064, -0x005a, -0x0023, +0x000d, -0x0053, -0x003b, -0x000c, -0x0051, 
    +0x0030, -0x0037, +0x003c, -0x0043, -0x006d, -0x000a, -0x0012, +0x0003, 
    -0x0033, -0x0019, +0x0007, -0x002d, -0x002d, +0x001e, -0x0023, -0x001e, 
    +0x002d, +0x0020, +0x001c, -0x000e, +0x005d, -0x0056, +0x003b, -0x007f, 
    +0x0017, -0x0029, -0x0023, -0x001f, +0x0041, -0x001b, +0x003b, -0x005e, 
    -0x001c, -0x003b, +0x0021, +0x0033, -0x0028, +0x0028, -0x0046, +0x0006, 
    +0x001a, +0x0008, -0x0003, -0x0048, -0x0024, -0x001a, -0x0023, -0x0012, 
    +0x004d, +0x0006, -0x0005, +0x001b, -0x0035, -0x005a, +0x003d, -0x0014, 
    +0x007f, +0x001e, +0x0024, -0x002d, +0x0033, +0x0019, -0x0002, +0x0001, 
    +0x0029, -0x002d, -0x0012, +0x0009, +0x0039, -0x007f, -0x000a, -0x0010, 
    -0x0026, +0x002e, -0x007f, +0x0037, -0x003b, +0x001b, +0x0030, -0x003f, 
    +0x0014, +0x002f, -0x004e, -0x007b, -0x0029, +0x0013, -0x003b, -0x000d, 
    -0x0032, +0x000a, +0x0042, +0x007c, +0x0070, +0x000b, -0x0025, +0x002b, 
    -0x000a, +0x000d, +0x002a, +0x0033, +0x0042, -0x0029, +0x007d, -0x0022, 
    -0x0017, +0x003d, +0x0024, +0x0004, +0x0043, +0x0023, +0x002f, +0x0015, 
    -0x0024, -0x0042, +0x001c, -0x002c, +0x005a, -0x000f, -0x003a, -0x000b, 
    -0x0015, +0x0019, +0x0010, -0x0028, +0x005e, -0x002b, -0x0020, +0x0005, 
    -0x003e, +0x007f, +0x0021, +0x0014, -0x0019, +0x0039, +0x0047, -0x0038, 
    -0x0035, +0x0012, -0x002c, -0x0032, -0x007d, -0x001a, -0x007f, +0x002b, 
    +0x0009, +0x003a, +0x0019, +0x0009, -0x007f, -0x001c, -0x0029, +0x000c, 
    +0x0068, +0x000d, -0x000d, +0x0036, +0x0033, -0x0029, +0x002b, +0x0018, 
    +0x0027, -0x000b, +0x0015, +0x004e, -0x001f, +0x0009, +0x0009, -0x002e, 
    -0x0001, +0x000d, +0x0001, -0x0028, -0x0016, +0x0020, +0x003d, +0x0048, 
    -0x0027, -0x0027, -0x0040, +0x0031, +0x0071, +0x0001, -0x002f, +0x0037, 
    +0x005a, +0x0028, +0x001a, -0x0009, -0x0049, +0x002e, +0x0030, -0x0044, 
    +0x002d, -0x0001, -0x0038, -0x0016, +0x006e, -0x0009, +0x0042, +0x0021, 
    +0x0017, +0x0010, -0x0013, -0x0020, -0x0005, -0x0031, +0x0020, -0x0009, 
    -0x0005, -0x0018, -0x0010, -0x0052, +0x0003, -0x0017, -0x0032, -0x0031, 
    -0x0031, -0x001b, -0x0030, +0x0009, +0x0009, +0x0039, +0x0035, -0x0013, 
    +0x0043, +0x001c, +0x0018, -0x0015, -0x001a, +0x0016, +0x0018, +0x0009, 
    +0x0034, -0x003a, +0x0020, -0x0007, -0x000a, +0x0006, -0x0031, +0x0009, 
    +0x0044, -0x003c, -0x0015, +0x0004, -0x004d, +0x0012, -0x0037, +0x001c, 
    -0x002a, +0x0007, +0x002b, -0x0072, -0x0016, -0x0046, -0x000b, +0x002d, 
    +0x002c, -0x0043, -0x0062, -0x002c, -0x0004, +0x0000, +0x0000, +0x001d, 
    -0x0034, -0x0001, -0x0019, -0x0009, -0x0019, -0x000b, -0x0022, +0x005a, 
    -0x0030, +0x000e, -0x0005, -0x002e, -0x003d, +0x0020, +0x0013, +0x004f, 
    -0x0011, +0x000b, -0x0018, -0x0013, -0x0015, -0x0058, -0x0027, +0x0042, 
    +0x0041, -0x002e, -0x002f, +0x000a, +0x0006, -0x001c, +0x0004, +0x0045, 
    +0x0001, +0x0020, +0x001e, -0x002c, +0x0030, +0x0040, +0x0007, -0x007f, 
    +0x0024, -0x003f, -0x0050, -0x0017, -0x0047, -0x000b, +0x0010, +0x000e, 
    +0x0003, -0x0008, -0x0006, -0x0032, -0x0010, -0x0044, -0x0006, -0x002a, 
    +0x000b, -0x001d, +0x004e, +0x0009, -0x0017, +0x0013, -0x0055, +0x001c, 
    +0x000a, +0x0001, +0x0025, +0x0063, +0x0015, +0x0029, -0x0042, -0x000a, 
    -0x0002, -0x0009, -0x0001, +0x000a, +0x0052, +0x002b, +0x0020, -0x0008, 
    +0x002d, +0x0020, +0x001e, +0x0016, +0x0057, -0x0029, -0x004a, +0x0032, 
    +0x0034, -0x0018, +0x0017, -0x001a, -0x002c, -0x0043, -0x0014, -0x000a, 
    +0x001a, +0x0002, -0x002e, +0x001a, -0x001a, +0x0029, -0x0035, +0x001f, 
    -0x0001, -0x001f, +0x0034, +0x000b, -0x001d, -0x000a, +0x000c, +0x007f, 
    -0x005d, -0x0031, +0x0060, -0x0006, -0x0039, +0x0039, -0x000e, +0x0017, 
    -0x0041, -0x0026, +0x0023, -0x0015, +0x002c, +0x0052, -0x000e, +0x000d, 
    +0x004c, +0x000a, +0x005d, +0x0043, -0x0002, -0x0021, -0x0012, +0x0038, 
    -0x0054, +0x0020, -0x000d, -0x001a, -0x0032, -0x002f, -0x0040, +0x002e, 
    +0x0045, +0x0046, +0x0060, -0x000e, -0x0024, -0x003f, -0x0021, -0x0055, 
    -0x0042, -0x0023, -0x001c, +0x000f, -0x0066, +0x004e, -0x0009, -0x004b, 
    -0x0024, -0x0009, +0x006a, +0x004b, -0x0062, +0x0009, +0x0034, -0x002e, 
    +0x0007, -0x0055, +0x0058, -0x0058, -0x0053, -0x0037, +0x0024, -0x0052, 
    -0x0020, +0x000e, -0x003c, +0x002e, +0x002a, +0x0022, -0x001d, +0x0013, 
    -0x0006, -0x0001, +0x0017, -0x0022, +0x0033, -0x0043, +0x0019, -0x0021, 
    -0x0031, +0x001a, +0x0054, +0x0062, -0x0034, +0x001e, -0x0004, +0x0004, 
    +0x000b, +0x0019, +0x001b, -0x0016, -0x0030, -0x0028, -0x001f, -0x0002, 
    +0x0012, -0x0027, -0x0014, -0x002c, +0x007f, -0x0030, +0x0071, +0x0031, 
    +0x0015, -0x0002, +0x001c, -0x0024, -0x0047, -0x0030, +0x003d, -0x0021, 
    +0x004c, -0x001d, -0x0009, -0x0002, +0x001f, -0x0024, +0x000f, +0x0047, 
    -0x0042, -0x0043, -0x000d, -0x000c, -0x0049, +0x001a, +0x001d, -0x0018, 
    +0x002d, -0x000b, -0x0014, +0x001a, -0x000b, -0x005f, +0x007f, -0x007d, 
    -0x0026, +0x0026, +0x000c, +0x0001, -0x0010, +0x0010, +0x0010, -0x0015, 
    +0x000e, -0x0018, -0x0051, -0x0017, +0x0061, -0x001b, +0x0006, +0x000a, 
    -0x0006, -0x003a, +0x004e, +0x0063, +0x0002, -0x0034, -0x001f, -0x003a, 
    +0x0036, -0x002c, +0x0035, -0x0017, +0x000c, -0x000d, +0x0039, -0x0046, 
    -0x005b, -0x0047, -0x002f, +0x000a, -0x002a, -0x002c, +0x000c, -0x0008, 
    +0x0025, -0x0027, +0x003f, +0x003a, +0x0001, +0x005d, -0x0025, +0x0023, 
    +0x0034, -0x0017, +0x003c, -0x0060, +0x0017, -0x007f, -0x0013, +0x0020, 
    -0x0031, +0x002a, -0x0009, +0x002e, +0x0044, -0x001f, +0x0066, +0x0021, 
    +0x000d, -0x0039, +0x003a, -0x001f, -0x004d, +0x004a, -0x0002, -0x0004, 
    +0x0031, -0x004d, -0x003d, +0x002c, +0x004d, +0x001c, -0x0044, +0x0006, 
    -0x003c, +0x001f, +0x001d, +0x0067, +0x0007, +0x0032, +0x000e, -0x0044, 
    -0x0020, +0x000b, -0x0004, -0x0008, +0x0023, -0x0012, -0x003f, -0x0022, 
    +0x0021, -0x0058, -0x0043, +0x0054, +0x0006, -0x0006, -0x0074, +0x0065, 
    +0x0014, +0x0029, +0x0013, +0x0052, +0x0049, +0x002c, -0x0026, -0x0005, 
    +0x0024, +0x0013, +0x0027, +0x004f, -0x0007, +0x0028, -0x004b, -0x0001, 
    -0x000e, -0x002e, +0x002b, -0x001e, -0x0012, -0x0025, +0x0031, +0x0022, 
    -0x0017, +0x0018, -0x0021, +0x003b, +0x0037, -0x0006, -0x0061, -0x0002, 
    +0x0056, -0x0009, +0x0037, +0x0028, +0x0045, +0x0001, -0x0015, +0x004f, 
    -0x0006, +0x0031, -0x000b, +0x002e, +0x0046, -0x0044, -0x0003, +0x000e, 
    +0x0011, -0x0006, -0x004d, -0x003b, -0x001a, -0x0039, +0x0077, +0x0020, 
    -0x0004, -0x0028, -0x007e, -0x003b, -0x0046, -0x001c, +0x0051, +0x0009, 
    -0x0041, -0x0012, +0x0017, +0x004e, +0x0001, +0x000e, -0x0009, +0x0041, 
    +0x001f, -0x0012, -0x0013, -0x0053, -0x0010, +0x001f, -0x0027, +0x0002, 
    -0x0030, +0x002d, +0x0002, -0x0026, +0x001c, +0x000c, +0x0035, +0x007f, 
    +0x0017, -0x0030, -0x002f, +0x0038, +0x000f, +0x0004, -0x001d, -0x0039, 
    +0x002e, +0x000a, +0x0052, -0x0027, +0x0001, +0x0070, -0x000b, +0x001d, 
    +0x004a, +0x0032, +0x0011, -0x0073, -0x0042, +0x0010, -0x006e, +0x001b, 
    -0x000a, -0x007f, -0x0011, +0x001d, -0x0065, +0x000a, -0x0046, +0x0051, 
    -0x0018, -0x0009, -0x001c, -0x0020, +0x0050, +0x0029, -0x003f, -0x0042, 
    -0x0025, +0x0020, +0x002d, -0x0009, +0x007f, -0x003b, +0x0074, -0x005f, 
    -0x003d, -0x003a, +0x0025, +0x002d, -0x003f, -0x0030, -0x001d, +0x0029, 
    +0x0014, -0x0037, -0x0014, +0x000d, +0x0012, -0x0036, -0x007f, +0x0011, 
    +0x0032, +0x0020, -0x004e, -0x0029, +0x001c, +0x0023, -0x005f, -0x002f, 
    +0x0000, +0x004a, -0x0016, -0x003d, -0x000a, +0x0038, +0x0008, +0x001f, 
    +0x0008, +0x0020, +0x0072, +0x0013, -0x0016, +0x0001, -0x001e, +0x004f, 
    -0x001a, +0x004a, -0x000f, +0x0015, +0x003a, -0x002b, -0x004f, +0x005f, 
    +0x002b, +0x003f, +0x0019, +0x000b, -0x0022, +0x001e, -0x0031, -0x0044, 
    +0x000b, +0x003f, +0x0014, -0x002f, +0x004d, +0x0011, +0x0001, -0x0008, 
    +0x000f, +0x0024, +0x0069, +0x0045, +0x0026, +0x0000, +0x0064, -0x000c, 
    +0x000c, +0x0018, -0x000a, +0x0008, +0x0043, +0x001e, -0x003a, +0x0039, 
    -0x0016, -0x0038, -0x003b, +0x0007, -0x0027, -0x0011, -0x002c, +0x0018, 
    +0x0009, +0x0030, -0x002f, -0x005d, -0x0005, +0x001d, -0x006e, -0x0034, 
    +0x0017, -0x0053, -0x0019, +0x0012, -0x0006, +0x0005, +0x0050, -0x0034, 
    +0x005a, +0x0011, +0x0066, +0x0007, +0x0004, -0x003b, +0x0003, -0x0022, 
    +0x0063, -0x0034, -0x0047, -0x003c, +0x002a, -0x0012, -0x0036, +0x001d, 
    +0x0037, -0x0052, -0x0001, -0x0029, +0x0048, +0x0009, +0x002f, +0x004f, 
    +0x001b, +0x0017, +0x0048, +0x0038, -0x001a, -0x004e, -0x0005, +0x001a, 
    -0x000f, +0x0028, -0x0047, +0x0069, -0x002c, +0x0047, -0x0018, -0x0003, 
    +0x0034, -0x006d, -0x0034, -0x0012, +0x000c, -0x0031, +0x0037, -0x000e, 
    +0x001c, +0x0002, +0x0009, +0x0045, -0x0014, +0x001a, +0x007f, +0x0013, 
    -0x001a, +0x004e, +0x003d, +0x007f, +0x002c, -0x0067, +0x003c, -0x001c, 
    -0x0010, -0x0006, -0x0052, -0x0035, -0x0030, +0x002a, +0x000f, -0x0059, 
    +0x0068, -0x0032, +0x0037, -0x0027, +0x0036, -0x0014, +0x0052, +0x002c, 
    -0x0011, +0x0012, -0x002d, +0x003f, +0x002e, +0x000a, -0x001e, -0x001e, 
    +0x007f, +0x003d, +0x000e, +0x0028, -0x0036, +0x007f, -0x002f, -0x006b, 
    +0x0038, -0x0013, +0x0036, +0x001c, +0x004a, -0x0007, -0x0069, +0x0011, 
    -0x0052, -0x003a, -0x0045, +0x0018, -0x0005, -0x0018, -0x001f, +0x002a, 
    +0x003a, -0x000e, +0x000b, -0x0024, -0x0058, +0x003a, +0x001f, +0x002a, 
    +0x0008, -0x0045, -0x0014, -0x002e, +0x0020, -0x0017, -0x002c, +0x000d, 
    -0x001b, +0x002e, +0x0023, +0x0033, -0x002f, -0x0050, -0x002b, +0x0032, 
    -0x0036, +0x0012, +0x0022, +0x0001, +0x004f, -0x0001, -0x0006, -0x0021, 
    +0x0040, -0x0051, +0x002a, -0x0068, +0x0011, -0x0038, -0x003c, -0x000e, 
    +0x001f, +0x002c, +0x0033, -0x0044, +0x0045, -0x0018, +0x000f, -0x0023, 
    +0x000e, -0x005c, -0x0032, +0x002c, +0x0020, -0x0049, -0x0013, -0x0018, 
    +0x0002, +0x003d, +0x0066, +0x000c, +0x0033, -0x0019, -0x0016, +0x0034, 
    -0x002b, +0x0032, +0x000a, -0x0026, -0x0018, -0x001e, +0x002e, -0x0009, 
    +0x0025, +0x0003, +0x0005, +0x0045, +0x0003, -0x004e, -0x0023, +0x000a, 
    +0x001e, +0x0031, -0x0061, +0x0028, -0x0034, +0x0016, +0x0049, -0x005b, 
    -0x005b, -0x0025, +0x0054, -0x003c, -0x0027, +0x007b, -0x0044, +0x0005, 
    +0x003f, +0x004b, -0x001d, +0x001c, -0x0033, -0x001f, +0x000e, +0x0004, 
    +0x0023, +0x0019, -0x0016, -0x007d, -0x0046, +0x0047, -0x0006, +0x004a, 
    +0x001d, -0x000d, -0x0031, -0x0010, -0x0008, -0x0030, +0x002a, -0x0021, 
    -0x001a, +0x001b, +0x001c, -0x0057, -0x0006, -0x0007, -0x004a, +0x0010, 
    +0x0013, -0x002d, +0x0058, +0x0030, +0x0010, -0x0022, -0x000a, -0x0034, 
    -0x0067, +0x002c, +0x0033, -0x0030, +0x0012, +0x0029, -0x0041, -0x004e, 
    -0x001a, +0x0047, +0x0022, -0x0039, +0x0018, -0x002f, -0x007d, +0x004a, 
    -0x0027, +0x002b, +0x0018, +0x0028, -0x0025, -0x0038, -0x001e, +0x0005, 
    +0x0021, +0x004a, -0x000b, +0x0028, +0x006f, -0x0020, +0x0005, +0x0011, 
    -0x002d, +0x0044, -0x0071, +0x002b, +0x0018, +0x0028, +0x0003, +0x0029, 
    +0x005c, -0x000f, +0x0037, -0x0020, +0x0026, +0x0029, +0x0031, -0x007f, 
    +0x0039, +0x0020, +0x0047, -0x0008, +0x004c, +0x0017, -0x0014, +0x001b, 
    +0x006c, -0x000d, +0x0000, +0x001b, +0x001d, +0x0037, -0x001d, -0x0034, 
    -0x0029, -0x0014, -0x0041, +0x0009, +0x0027, +0x0022, +0x0044, -0x000c, 
    -0x001a, -0x0054, +0x004a, +0x0002, -0x000b, +0x0016, +0x000d, +0x0033, 
    -0x0053, -0x0002, +0x001b, -0x001e, +0x0045, +0x004f, -0x0056, +0x0056, 
    +0x0013, +0x007f, -0x0040, -0x0020, -0x002c, +0x004f, -0x0044, -0x001a, 
    +0x007f, +0x001a, -0x001f, -0x0064, +0x0008, +0x003b, +0x001e, +0x0057, 
    -0x003e, -0x0033, +0x0031, -0x0026, +0x003a, -0x0004, -0x0014, -0x000c, 
    -0x0008, +0x0075, -0x0021, +0x001a, +0x004c, +0x0051, +0x0009, -0x000d, 
    +0x0007, +0x001f, -0x0030, +0x000c, +0x003e, +0x002d, -0x0016, +0x0003, 
    +0x0009, -0x0004, +0x003d, +0x0058, +0x001d, -0x001b, +0x000d, -0x000d, 
    +0x0023, +0x0033, -0x0054, +0x0012, -0x001d, +0x0025, -0x0025, -0x001f, 
    +0x000a, -0x000e, -0x0004, +0x002e, -0x003b, -0x0020, -0x0031, -0x0063, 
    +0x0028, +0x0065, -0x005d, -0x000d, +0x0028, +0x003e, -0x001e, +0x001e, 
    +0x001a, +0x005e, +0x0004, -0x0045, -0x0053, +0x003a, +0x003e, -0x0075, 
    -0x002b, +0x0001, -0x0003, +0x0013, +0x0044, +0x003b, +0x001c, -0x0011, 
    -0x0016, +0x002a, -0x007f, +0x0028, -0x001d, +0x0048, -0x001d, +0x000f, 
    +0x005d, -0x006f, +0x0013, +0x0015, +0x003c, +0x0015, -0x0001, +0x0006, 
    +0x002d, -0x0011, -0x0013, -0x0020, -0x0001, +0x001b, -0x0007, +0x0025, 
    -0x0016, -0x0021, +0x002e, +0x003f, -0x005f, -0x0042, -0x0029, -0x001c, 
    -0x0053, -0x0022, +0x0008, -0x0027, -0x0057, +0x000c, +0x0020, -0x004a, 
    -0x0010, +0x0038, -0x0011, +0x0014, -0x0011, -0x000c, +0x002c, +0x002f, 
    +0x006a, +0x005f, -0x002e, -0x0048, -0x002e, -0x0028, -0x0001, -0x002c, 
    -0x0001, -0x0002, -0x000b, +0x0040, +0x0076, -0x0008, -0x0035, +0x004a, 
    +0x0008, +0x001d, +0x0022, -0x002e, -0x0009, -0x0001, +0x0039, -0x0052, 
    -0x0041, +0x000c, +0x001b, -0x0026, -0x002a, -0x0042, -0x0006, +0x001c
};
#ifdef __cplusplus
}  // extern "C"
#endif

#ifdef __cplusplus
extern "C" {
#endif
static const int32_t __attribute__((section(".rodata.tvm"), aligned(16))) fused_nn_contrib_conv2d_NCHWc_add_constant_11[64] = {
    +0x00000008, +0x00000007, +0x00000007, +0x00000007, +0x00000007, +0x00000007, +0x00000007, +0x00000006, 
    +0x00000007, +0x00000007, +0x00000007, +0x00000007, +0x00000007, +0x00000008, +0x00000007, +0x00000007, 
    +0x00000007, +0x00000007, +0x00000007, +0x00000007, +0x00000008, +0x00000007, +0x00000007, +0x00000007, 
    +0x00000007, +0x00000007, +0x00000007, +0x00000007, +0x00000007, +0x00000007, +0x00000007, +0x00000007, 
    +0x00000007, +0x00000006, +0x00000007, +0x00000007, +0x00000007, +0x00000007, +0x00000007, +0x00000007, 
    +0x00000008, +0x00000007, +0x00000007, +0x00000007, +0x00000006, +0x00000008, +0x00000007, +0x00000007, 
    +0x00000007, +0x00000007, +0x00000007, +0x00000008, +0x00000007, +0x00000007, +0x00000007, +0x00000007, 
    +0x00000007, +0x00000007, +0x00000007, +0x00000007, +0x00000007, +0x00000007, +0x00000007, +0x00000007
};
#ifdef __cplusplus
}  // extern "C"
#endif

#ifdef __cplusplus
extern "C" {
#endif
static const int32_t __attribute__((section(".rodata.tvm"), aligned(16))) fused_nn_contrib_conv2d_NCHWc_add_constant_10[64] = {
    +0x00000000, +0x00000000, +0x00000000, +0x00000000, +0x00000000, +0x00000000, +0x00000000, +0x00000000, 
    +0x00000000, +0x00000000, +0x00000000, +0x00000000, +0x00000000, +0x00000000, +0x00000000, +0x00000000, 
    +0x00000000, +0x00000000, +0x00000000, +0x00000000, +0x00000000, +0x00000000, +0x00000000, +0x00000000, 
    +0x00000000, +0x00000000, +0x00000000, +0x00000000, +0x00000000, +0x00000000, +0x00000000, +0x00000000, 
    +0x00000000, +0x00000000, +0x00000000, +0x00000000, +0x00000000, +0x00000000, +0x00000000, +0x00000000, 
    +0x00000000, +0x00000000, +0x00000000, +0x00000000, +0x00000000, +0x00000000, +0x00000000, +0x00000000, 
    +0x00000000, +0x00000000, +0x00000000, +0x00000000, +0x00000000, +0x00000000, +0x00000000, +0x00000000, 
    +0x00000000, +0x00000000, +0x00000000, +0x00000000, +0x00000000, +0x00000000, +0x00000000, +0x00000000
};
#ifdef __cplusplus
}  // extern "C"
#endif

#ifdef __cplusplus
extern "C" {
#endif
static const int32_t __attribute__((section(".rodata.tvm"), aligned(16))) fused_nn_contrib_conv2d_NCHWc_add_constant_9[64] = {
    +0x76209c20, +0x6c16d8fa, +0x523a8891, +0x475e1b17, +0x4f17b168, +0x483e98d3, +0x5a20f825, +0x43b1b48c, 
    +0x63ecd7b5, +0x6aa56291, +0x56d42069, +0x51f01123, +0x5dbe49da, +0x55c57822, +0x558e433c, +0x78cd1efa, 
    +0x668bba78, +0x77a59483, +0x5185d0d9, +0x4ffd2f3e, +0x7d11de27, +0x78eaeb56, +0x58a1f881, +0x4c023ae4, 
    +0x569c572a, +0x6184e798, +0x6fddf1e0, +0x57885d70, +0x70f78cf1, +0x4fc053b4, +0x6a84bc1f, +0x596a7a0c, 
    +0x659d5f88, +0x421cfc96, +0x4fa76afd, +0x7f54fdd8, +0x5ba544db, +0x445cf8f3, +0x6b562329, +0x5403cea8, 
    +0x7b359571, +0x4324ea84, +0x66684688, +0x5c48655c, +0x429ecfa3, +0x78540fd6, +0x730f712b, +0x4b167322, 
    +0x5bb996e7, +0x69bc01ab, +0x7be518cf, +0x7fda95a2, +0x406b3712, +0x5da6caaf, +0x5611d966, +0x53852a99, 
    +0x6514c245, +0x653c9be4, +0x41098963, +0x501b3573, +0x5b527bcf, +0x46fc6bdd, +0x64de02ef, +0x6a3bbc3b
};
#ifdef __cplusplus
}  // extern "C"
#endif

#ifdef __cplusplus
extern "C" {
#endif
static const int32_t __attribute__((section(".rodata.tvm"), aligned(16))) fused_nn_contrib_conv2d_NCHWc_constant_3[64] = {
    +0x00000219, -0x00000262, +0x00001091, +0x00000d33, -0x00000060, -0x00000299, +0x00000724, -0x00000aad, 
    -0x00000785, +0x000006be, +0x0000054c, +0x00000f40, -0x000002cd, -0x000010c7, +0x00000c24, +0x00000471, 
    -0x00000cb5, +0x000004b1, -0x000006d2, +0x00000073, -0x00001863, +0x00000c8c, -0x00000146, +0x0000074b, 
    +0x000002e2, +0x00000611, +0x000000fa, -0x00000977, -0x000005aa, -0x000002af, -0x000006d9, -0x00000180, 
    +0x000007d6, +0x000007a6, -0x000002d9, -0x00001001, -0x00001047, +0x00001f26, -0x00000163, +0x00000989, 
    +0x0000078a, +0x00000197, +0x000016ee, -0x00000519, -0x0000051e, -0x00000d8e, +0x00000839, +0x000020ae, 
    -0x00001139, +0x0000022b, +0x0000089e, +0x00001db0, -0x0000035e, +0x000007aa, -0x00000cad, +0x0000040b, 
    -0x00000d6f, -0x00000ad4, -0x0000065a, +0x00000807, -0x0000051f, -0x000004a6, +0x00000b89, +0x00001326
};
#ifdef __cplusplus
}  // extern "C"
#endif

#ifdef __cplusplus
extern "C" {
#endif
static const int16_t __attribute__((section(".rodata.tvm"), aligned(16))) fused_constant_6[4096] = {
    -0x0062, -0x0045, +0x002a, -0x001e, -0x002e, -0x0025, +0x0036, -0x0060, 
    +0x0015, +0x0031, -0x0050, +0x0050, -0x0049, -0x000c, -0x0028, +0x002b, 
    -0x0013, +0x0008, +0x0017, -0x0026, -0x0055, -0x0010, -0x0013, -0x0044, 
    +0x0015, +0x000d, -0x0057, -0x0002, +0x0035, +0x0018, +0x0022, -0x0027, 
    -0x001f, -0x004e, -0x0024, -0x0005, +0x0064, +0x0043, -0x0001, -0x0005, 
    -0x0013, -0x0004, -0x0076, +0x002b, -0x0024, -0x004f, -0x002e, -0x0001, 
    +0x004f, -0x0029, +0x005b, +0x0000, +0x0008, +0x0019, -0x001b, +0x0052, 
    +0x0068, -0x0040, +0x0039, +0x003e, +0x006f, -0x003b, +0x005b, -0x0038, 
    -0x0036, +0x0000, -0x0005, -0x001f, +0x0013, +0x0000, -0x000f, +0x000c, 
    -0x0078, +0x0025, -0x001f, +0x0034, +0x0028, -0x003b, +0x0053, +0x007f, 
    -0x0039, +0x0026, +0x0031, +0x0049, -0x0012, -0x0052, +0x0005, -0x002f, 
    -0x0003, +0x0007, +0x001b, +0x0002, -0x0041, -0x0010, -0x0020, +0x003c, 
    -0x0034, +0x000f, -0x000d, +0x0054, -0x003a, -0x0033, +0x0052, +0x0004, 
    +0x0027, +0x0069, -0x0061, -0x0039, +0x0013, +0x0026, +0x002b, +0x000a, 
    -0x0072, -0x0026, -0x0042, +0x0053, +0x0065, +0x0043, -0x0002, -0x0065, 
    -0x002f, -0x0078, +0x0010, +0x0017, +0x0051, +0x007e, -0x0029, +0x0011, 
    -0x006b, +0x001b, +0x0041, -0x0030, +0x001a, -0x001f, -0x0074, +0x0016, 
    +0x0051, -0x001c, +0x001c, -0x0044, -0x006b, -0x0006, -0x0043, -0x0072, 
    +0x0076, +0x003f, +0x0010, +0x0020, +0x0047, -0x0013, -0x0040, +0x0009, 
    -0x0043, +0x000f, +0x0015, -0x0041, -0x0027, -0x0021, -0x006e, -0x0014, 
    +0x0009, +0x0049, -0x002f, +0x007a, -0x0034, +0x0052, +0x0018, -0x0003, 
    +0x0042, -0x007f, -0x0029, -0x003d, -0x0063, +0x0019, -0x0018, +0x0015, 
    +0x0066, +0x0002, -0x001a, +0x0013, -0x005f, +0x0011, -0x0026, +0x0006, 
    +0x005d, +0x0001, +0x0010, +0x0041, +0x005d, -0x0009, +0x0053, +0x0011, 
    +0x0028, -0x000b, +0x0017, -0x003d, -0x0068, +0x0028, +0x0037, +0x0001, 
    -0x0004, -0x0020, -0x001b, -0x0009, +0x004c, +0x001a, -0x0037, +0x0033, 
    -0x002d, +0x0035, +0x0029, -0x0027, +0x0018, +0x0067, -0x007f, -0x000c, 
    -0x0050, +0x0004, +0x0034, -0x0022, -0x0067, +0x002b, -0x0008, +0x0030, 
    +0x0006, -0x003f, -0x001a, -0x004c, +0x006e, +0x0016, +0x0069, -0x0023, 
    +0x0005, +0x0001, -0x0022, -0x007d, -0x007c, +0x0009, -0x001b, +0x0011, 
    +0x007f, +0x002d, +0x0004, -0x0013, +0x0074, +0x001e, -0x002c, -0x001f, 
    -0x0028, -0x0042, -0x000f, +0x0025, +0x0040, -0x000a, -0x0073, +0x0019, 
    -0x0003, +0x0010, +0x002b, +0x002b, -0x0017, +0x000c, -0x002e, -0x0002, 
    +0x0030, -0x003b, -0x0010, -0x001e, +0x0013, -0x001f, +0x0014, -0x0013, 
    -0x0023, +0x000a, +0x0001, +0x0009, -0x000e, +0x001c, -0x002a, -0x000f, 
    -0x0022, -0x0050, -0x004b, -0x0017, -0x000b, +0x003a, +0x000c, +0x001a, 
    -0x0036, -0x007f, +0x0020, +0x001f, -0x001d, +0x0034, +0x0026, -0x000a, 
    -0x0037, -0x0001, -0x000e, +0x002b, +0x0012, +0x0039, +0x000c, +0x001b, 
    +0x0035, +0x0000, -0x0025, +0x007f, +0x004e, +0x001d, -0x0006, -0x0027, 
    -0x0056, -0x0045, -0x0013, +0x0015, -0x002c, -0x0023, +0x0019, -0x002d, 
    +0x000d, -0x001f, +0x000d, +0x002b, +0x000a, +0x000a, -0x0024, -0x003d, 
    -0x0011, +0x0019, -0x002b, +0x0005, -0x0041, +0x0008, +0x0036, +0x003c, 
    +0x006a, -0x0004, +0x0047, +0x0020, -0x0016, -0x001a, -0x0012, +0x0034, 
    -0x007f, +0x000c, +0x0001, -0x000d, -0x003e, -0x001d, -0x0005, -0x0029, 
    -0x0030, +0x000a, +0x0033, +0x000c, +0x002b, +0x0023, +0x0068, -0x0007, 
    +0x0011, -0x001f, +0x0011, +0x0063, +0x0004, -0x001f, +0x0035, +0x0023, 
    -0x001f, -0x0043, -0x0036, -0x0029, +0x0027, +0x0079, -0x001d, +0x0031, 
    +0x0001, -0x0015, +0x0038, -0x000d, +0x0027, +0x0021, +0x0008, -0x0025, 
    +0x0033, +0x0034, -0x0035, +0x0009, -0x0014, -0x0050, -0x007f, -0x0011, 
    -0x0032, -0x000d, -0x001e, +0x0005, -0x002a, -0x0006, -0x0056, -0x0014, 
    +0x0021, +0x0011, +0x0027, +0x000d, -0x0017, -0x0012, -0x000b, -0x0011, 
    +0x0020, +0x000c, +0x0037, -0x0005, -0x0025, +0x0019, -0x0016, +0x001f, 
    +0x0000, +0x0016, +0x0016, -0x0007, +0x0048, +0x000f, +0x0010, -0x003a, 
    +0x0002, +0x0003, +0x0034, -0x0020, -0x001b, +0x000d, -0x001e, -0x0012, 
    +0x000f, +0x005c, -0x0018, -0x002c, -0x001a, -0x000f, -0x002f, -0x002b, 
    -0x003e, -0x000b, +0x002f, -0x0005, +0x0024, -0x0043, -0x0001, +0x0012, 
    +0x0009, +0x003e, -0x0019, +0x0038, -0x0006, -0x0024, +0x003a, +0x0011, 
    +0x000b, -0x0068, +0x000f, -0x0001, -0x003d, -0x0007, +0x001a, +0x002a, 
    -0x003b, -0x0006, +0x003b, -0x0005, -0x0024, +0x0026, +0x0009, +0x0010, 
    -0x0021, -0x0021, +0x0013, -0x0031, +0x0020, +0x0043, -0x0027, +0x000d, 
    +0x004d, -0x0014, -0x0028, +0x0004, -0x001c, +0x002f, -0x0020, -0x0019, 
    -0x0009, +0x000d, -0x001f, +0x0034, +0x0055, -0x0013, +0x001e, -0x000c, 
    -0x000a, -0x0041, -0x0015, +0x000f, +0x000c, -0x003b, -0x0058, +0x0018, 
    +0x005b, -0x003a, +0x0017, -0x0010, -0x0040, -0x0035, -0x004b, -0x0009, 
    -0x0023, +0x0037, +0x0032, -0x0062, -0x0032, -0x002a, -0x004e, +0x004e, 
    +0x0007, +0x002a, +0x0012, -0x0010, +0x0009, -0x0051, +0x0004, -0x0015, 
    -0x0011, +0x000f, +0x0077, -0x003c, -0x0013, +0x002f, -0x0003, -0x0045, 
    +0x0010, -0x0028, -0x0010, -0x0020, +0x002f, +0x0011, -0x0004, -0x005d, 
    -0x003a, +0x0035, -0x000d, +0x0034, +0x0026, -0x0033, -0x003e, -0x0021, 
    -0x0022, +0x000e, -0x004b, -0x0013, +0x0033, +0x0012, -0x0012, +0x0004, 
    -0x000f, +0x0019, -0x0016, -0x002f, +0x0008, +0x0056, +0x004f, -0x001d, 
    -0x0042, +0x0002, -0x0004, -0x003f, +0x0026, -0x0005, -0x000f, +0x0006, 
    -0x001d, +0x000e, -0x0056, +0x002d, +0x002b, +0x0024, +0x0035, -0x0013, 
    +0x003d, -0x0053, +0x0056, -0x007f, -0x0013, +0x000e, +0x001a, +0x0006, 
    +0x0028, -0x002d, +0x0010, +0x0026, +0x0006, -0x002f, -0x0003, -0x0006, 
    +0x0003, -0x0031, +0x0000, -0x003d, -0x0019, -0x0042, -0x0012, -0x000d, 
    +0x007f, +0x003e, +0x0002, -0x0002, +0x0027, -0x007f, +0x007f, -0x0031, 
    -0x005b, -0x0038, -0x0030, +0x0024, -0x001c, -0x0044, +0x002e, -0x002f, 
    +0x0015, -0x0021, +0x001b, +0x0016, +0x0038, +0x0057, +0x000b, -0x002e, 
    +0x0041, +0x0007, -0x0052, +0x0015, +0x0011, +0x001f, +0x002e, +0x0003, 
    +0x0014, +0x0047, -0x0062, +0x0026, +0x0019, -0x0058, -0x0039, -0x0016, 
    +0x0005, +0x0043, -0x0060, +0x0011, +0x0010, -0x0008, -0x0006, -0x0001, 
    -0x0036, +0x001a, -0x0038, +0x0050, -0x0023, +0x0001, +0x0025, -0x0040, 
    +0x0014, -0x000f, +0x0047, +0x000c, +0x0018, -0x0029, -0x0027, -0x005c, 
    +0x0001, +0x000c, -0x0011, +0x004d, +0x0028, -0x0076, -0x003e, -0x001f, 
    -0x0026, +0x0015, +0x0054, +0x001d, -0x0004, -0x0013, +0x0020, -0x001c, 
    +0x001e, +0x0030, +0x003c, -0x002f, -0x000f, +0x0000, +0x0003, -0x000a, 
    -0x0006, +0x0048, -0x0066, +0x0019, +0x001b, +0x0015, -0x0009, -0x0005, 
    +0x0032, +0x004c, -0x002f, -0x0066, -0x000e, -0x0020, -0x000c, +0x0006, 
    +0x0013, -0x0046, +0x0021, +0x0038, +0x0030, -0x0057, +0x0046, +0x0010, 
    +0x004c, -0x0051, +0x0053, -0x0010, -0x001d, -0x0021, -0x002b, -0x0034, 
    -0x0013, +0x000c, +0x003c, +0x000c, +0x002a, +0x000a, -0x005a, +0x0055, 
    -0x002f, +0x0013, +0x001e, +0x0013, +0x0015, -0x0066, -0x001f, -0x0012, 
    -0x003c, -0x003b, -0x007d, +0x0008, +0x0000, -0x0029, +0x0035, +0x0006, 
    +0x004b, +0x004a, +0x0014, -0x0032, +0x001e, +0x0039, +0x0029, +0x004a, 
    -0x0002, +0x000f, +0x0024, -0x003b, -0x004c, +0x0042, -0x0006, -0x003c, 
    +0x0031, -0x0033, +0x007a, +0x0037, +0x0002, -0x007f, -0x000d, -0x0022, 
    -0x005b, +0x0021, +0x004d, -0x0005, +0x005d, -0x004d, -0x007f, -0x001e, 
    -0x0018, +0x0028, -0x002d, +0x002c, -0x0015, +0x0055, -0x002f, -0x0013, 
    -0x005b, +0x006a, +0x0024, +0x0026, +0x0036, -0x0013, -0x0020, -0x001d, 
    +0x006b, +0x004d, +0x001c, -0x0007, +0x0022, +0x000a, -0x0018, -0x004a, 
    +0x0015, -0x001e, -0x0021, -0x000c, -0x0077, +0x0008, -0x0035, +0x001b, 
    -0x0002, -0x0062, -0x006b, -0x004d, -0x002b, +0x0055, +0x000e, -0x002c, 
    -0x0015, -0x002c, -0x0037, +0x001f, +0x002a, +0x0022, +0x0024, -0x003a, 
    -0x0048, -0x0016, -0x0067, +0x001a, -0x0041, -0x0013, -0x006c, +0x0003, 
    -0x0015, +0x0002, +0x0072, -0x0002, -0x0019, +0x0010, +0x0052, +0x0009, 
    -0x0011, +0x002e, +0x0020, +0x0042, -0x0016, +0x005f, -0x0011, +0x0024, 
    -0x0013, +0x0017, +0x0005, -0x0023, -0x0035, -0x000c, -0x0029, -0x0015, 
    +0x0062, -0x001d, -0x000d, -0x000c, +0x0039, -0x002b, -0x0008, +0x0016, 
    -0x0044, +0x0039, -0x0013, -0x000c, -0x0041, -0x0003, +0x0029, +0x0014, 
    -0x000f, +0x000a, -0x0025, +0x0060, +0x0033, -0x0026, +0x0066, +0x0035, 
    +0x0025, -0x003d, +0x0032, +0x003b, -0x0024, +0x0043, -0x002d, -0x001f, 
    -0x0051, +0x001c, +0x0010, -0x000b, -0x0013, -0x0050, -0x0035, -0x0014, 
    +0x003a, -0x0041, -0x0044, -0x0013, -0x0001, +0x0037, +0x0049, -0x0026, 
    +0x001a, +0x0030, +0x002e, -0x001e, +0x001c, +0x0040, +0x0037, -0x0012, 
    +0x0014, +0x0039, +0x0051, +0x000f, +0x002d, +0x0025, -0x001f, +0x0019, 
    -0x002f, -0x000d, +0x0013, +0x0027, +0x003a, -0x0025, +0x0059, -0x0015, 
    +0x005e, -0x007b, +0x0026, -0x0010, +0x0043, -0x0037, +0x002c, -0x0025, 
    -0x0029, +0x0033, -0x0007, +0x000a, +0x0000, -0x001c, -0x002f, +0x0028, 
    +0x0053, +0x000e, -0x0016, -0x002e, +0x0033, -0x0056, -0x0022, +0x0021, 
    +0x0000, -0x0053, -0x000b, +0x0014, -0x000f, +0x0022, +0x0063, +0x0027, 
    +0x0072, -0x0023, +0x0001, +0x001c, -0x002d, +0x0012, -0x000d, +0x0042, 
    -0x007f, -0x0009, +0x003e, +0x0002, +0x0023, -0x0022, -0x006e, -0x0016, 
    -0x0064, +0x002d, -0x000d, +0x001c, -0x0037, -0x000f, -0x0057, -0x0049, 
    +0x0019, +0x0041, -0x007a, -0x0050, +0x0031, -0x0066, -0x000e, -0x0022, 
    -0x0025, -0x0001, -0x0055, -0x000b, +0x0015, -0x0026, -0x0008, -0x001a, 
    -0x007c, +0x0044, +0x0005, +0x007f, +0x0028, -0x0020, -0x0067, +0x0044, 
    +0x000a, +0x000f, -0x0014, -0x004f, +0x0027, -0x0064, -0x0047, -0x0039, 
    -0x0033, +0x0026, -0x0012, -0x0066, -0x0024, -0x0015, -0x0023, +0x0035, 
    -0x0027, -0x0038, -0x0016, -0x0029, -0x001b, -0x000f, +0x0006, -0x0001, 
    -0x000d, +0x0012, -0x0016, +0x0044, -0x000c, +0x002a, +0x0034, +0x0010, 
    +0x000d, +0x0011, +0x0007, -0x0022, -0x0060, -0x0002, -0x005c, +0x004c, 
    +0x003b, -0x0002, +0x001a, +0x002e, +0x0051, -0x002a, +0x0024, -0x0048, 
    +0x0009, -0x0018, -0x0031, +0x0032, +0x000b, -0x0036, +0x003a, +0x0006, 
    +0x0057, +0x007f, +0x0006, +0x005c, +0x0052, +0x001f, +0x0019, -0x0044, 
    -0x0017, +0x001f, -0x0017, +0x0004, +0x004d, +0x0009, +0x0044, -0x0047, 
    -0x000e, +0x0019, -0x0020, +0x0068, +0x0035, +0x001c, -0x0003, -0x0036, 
    -0x0035, +0x0011, +0x001f, -0x0047, +0x0057, +0x000b, +0x0018, -0x0051, 
    -0x006d, -0x0005, +0x0007, +0x0008, -0x0035, -0x0010, -0x002a, -0x000b, 
    -0x0013, -0x001f, +0x0012, -0x005a, +0x0034, +0x002d, +0x004f, +0x0042, 
    +0x002f, -0x0026, +0x003c, -0x000a, +0x001d, +0x000e, +0x0039, -0x0015, 
    +0x0034, -0x002a, +0x000a, -0x000b, -0x0019, -0x002e, -0x0052, +0x0018, 
    -0x0039, -0x0043, -0x0048, -0x000f, +0x0019, -0x0055, -0x0002, +0x0018, 
    -0x0063, +0x0038, -0x0024, +0x0038, +0x007f, -0x0019, +0x0054, -0x0021, 
    +0x003c, +0x0001, +0x0038, +0x0026, +0x0032, +0x000c, -0x0053, -0x000c, 
    -0x003d, -0x0016, -0x0006, +0x0044, +0x0033, +0x0001, -0x0042, +0x0027, 
    +0x0045, -0x000c, -0x0020, +0x005d, +0x002f, +0x000a, -0x000f, -0x004b, 
    -0x0031, -0x0004, -0x0007, -0x002b, -0x003f, -0x0014, +0x003c, -0x0041, 
    +0x0028, -0x0029, -0x0030, +0x005f, -0x0040, +0x0043, +0x0039, -0x0027, 
    -0x006b, +0x0016, +0x0049, -0x0064, -0x0047, +0x0004, +0x002e, -0x001f, 
    -0x002a, +0x0002, -0x0008, -0x002c, -0x003d, -0x001b, -0x0004, +0x002f, 
    +0x0016, +0x0024, +0x000e, +0x007f, -0x0001, +0x0049, -0x001d, +0x0045, 
    +0x0009, +0x0003, +0x0030, -0x0037, +0x0014, +0x000c, +0x000e, -0x0018, 
    -0x0019, +0x0012, -0x0074, +0x0006, +0x000c, +0x000a, -0x0009, -0x0077, 
    +0x0012, -0x0015, -0x0010, +0x004e, +0x0047, -0x0016, +0x000d, +0x004e, 
    +0x003b, -0x0013, +0x000b, -0x000a, -0x001d, -0x0047, +0x0010, +0x0042, 
    +0x0028, +0x0008, +0x000a, -0x003c, -0x0045, +0x0008, +0x0012, -0x000a, 
    +0x002b, +0x0019, -0x002a, +0x003f, +0x0045, -0x001c, +0x002f, +0x001f, 
    +0x002a, +0x0039, -0x0026, +0x001f, -0x003d, -0x0049, -0x007f, -0x0055, 
    -0x0006, +0x0049, -0x0005, +0x0026, +0x0010, -0x0046, -0x000e, -0x002b, 
    +0x0049, +0x0019, +0x000a, -0x0008, +0x0057, -0x0004, +0x001f, -0x005d, 
    +0x001e, -0x000d, +0x0026, +0x000c, -0x0017, +0x0017, -0x0027, +0x0002, 
    +0x0015, +0x002f, +0x0019, -0x0014, -0x0030, -0x000d, +0x0067, +0x0000, 
    -0x003a, +0x0021, +0x0009, +0x003e, +0x0001, +0x0049, +0x0002, +0x001d, 
    +0x004a, -0x0002, -0x0002, -0x0042, +0x007f, +0x0003, +0x001a, +0x003a, 
    +0x002a, -0x001e, -0x0016, -0x0027, +0x0041, -0x002d, -0x002a, +0x0031, 
    -0x0019, -0x001a, +0x004d, +0x0021, +0x0008, +0x001e, +0x0034, -0x003f, 
    +0x001c, +0x0017, -0x0010, +0x0035, -0x0071, +0x0003, -0x0034, -0x0047, 
    +0x0068, -0x0018, -0x0051, +0x0013, +0x0011, -0x0027, +0x0003, +0x0026, 
    -0x002f, -0x0019, +0x001d, -0x0036, +0x0005, -0x0007, -0x0005, -0x005c, 
    -0x0073, -0x0004, -0x002e, +0x001e, -0x005e, +0x0007, -0x002a, -0x004e, 
    +0x0057, +0x0004, -0x0008, -0x0047, +0x003f, +0x0013, +0x0029, -0x0043, 
    +0x004f, +0x0018, +0x0019, +0x0038, +0x0029, -0x001f, -0x003c, +0x001b, 
    +0x0022, -0x0009, +0x0030, -0x0006, -0x0010, +0x000e, -0x0051, +0x0032, 
    +0x0007, -0x002f, -0x0008, -0x0014, +0x0035, -0x0040, +0x0000, -0x0047, 
    +0x0020, -0x0050, -0x001e, +0x002b, +0x005b, -0x0014, -0x000c, +0x001d, 
    +0x006c, +0x0014, +0x0061, +0x0013, -0x0068, +0x0016, -0x003f, -0x0034, 
    +0x0000, -0x0035, +0x000a, +0x001b, +0x0041, -0x0018, +0x0021, -0x0026, 
    +0x0061, +0x0035, +0x0025, -0x001e, +0x0025, -0x0013, +0x0048, +0x0026, 
    +0x0042, -0x000e, -0x000c, -0x0022, -0x0005, -0x0024, +0x0010, +0x0041, 
    -0x0065, -0x007f, -0x000a, -0x0012, -0x0036, -0x004b, -0x006a, -0x0055, 
    -0x003f, +0x000b, +0x001a, +0x0034, +0x0015, +0x0003, -0x0003, +0x0026, 
    +0x0014, +0x001d, -0x0010, +0x0001, -0x0009, +0x004a, -0x0015, +0x0049, 
    -0x0013, -0x001a, +0x000c, +0x0075, -0x007b, +0x0048, -0x007f, -0x0017, 
    -0x0023, -0x0016, -0x0006, +0x000a, +0x0042, -0x0059, -0x0058, +0x0012, 
    -0x001f, -0x0036, -0x0073, +0x0014, -0x0002, -0x003c, +0x000f, -0x0028, 
    +0x003b, +0x0022, +0x0055, -0x0062, +0x0027, +0x0028, +0x0052, +0x0014, 
    -0x0017, -0x0010, -0x0036, -0x0011, +0x0057, -0x0015, +0x0010, -0x0028, 
    +0x003e, -0x0030, -0x001a, +0x0011, +0x0011, -0x003f, +0x0017, +0x0039, 
    +0x0035, +0x003e, +0x002b, -0x003b, -0x000d, +0x0010, +0x001c, -0x000b, 
    -0x001b, +0x0015, +0x0026, -0x0003, -0x0041, +0x0021, -0x0026, -0x007f, 
    +0x002c, -0x0036, -0x001f, -0x0049, +0x0039, -0x0006, -0x0042, +0x000a, 
    +0x0002, +0x0003, -0x0015, +0x001b, -0x007f, -0x0010, +0x002d, +0x0006, 
    -0x0017, +0x0027, +0x0019, +0x001c, -0x002f, -0x0021, +0x0020, +0x002e, 
    +0x001b, +0x0029, +0x0026, -0x003f, +0x002b, +0x005a, +0x0050, -0x0023, 
    -0x0010, +0x0022, -0x0058, -0x000b, +0x001c, -0x002d, -0x0024, -0x001c, 
    -0x0027, +0x002b, +0x0000, +0x0006, -0x002a, +0x0027, -0x0015, +0x003c, 
    +0x0079, -0x0013, -0x001b, +0x001d, +0x0014, -0x000f, +0x000a, -0x001d, 
    -0x002c, +0x0013, -0x0033, +0x0026, -0x0061, +0x0024, -0x0031, +0x0049, 
    -0x007a, +0x0052, +0x001b, +0x0018, -0x002f, -0x004c, +0x0000, +0x0026, 
    +0x0011, -0x001c, +0x0068, +0x0021, +0x005c, +0x001b, +0x0000, +0x000a, 
    -0x002f, -0x0028, -0x001a, +0x000b, -0x003f, -0x002b, -0x001b, -0x005f, 
    +0x0033, +0x0014, +0x002c, -0x001c, -0x0032, +0x0012, +0x003c, -0x000f, 
    -0x0047, +0x0050, +0x000e, +0x0011, +0x0035, +0x0027, -0x0024, +0x000a, 
    +0x002d, +0x004a, +0x0015, -0x007f, +0x0044, -0x007f, +0x0001, +0x007d, 
    -0x0030, +0x004c, -0x0009, -0x001b, +0x0016, +0x0033, -0x0070, +0x0026, 
    +0x0040, -0x005a, -0x001d, -0x000e, +0x0044, -0x003c, +0x0012, +0x0017, 
    -0x0046, -0x0017, +0x002c, -0x005f, +0x0011, +0x0019, -0x000d, +0x0004, 
    +0x000b, +0x004e, -0x000a, -0x0050, +0x003e, +0x000b, -0x0048, -0x0049, 
    -0x0040, +0x0018, +0x0009, -0x0022, +0x0005, +0x0035, -0x003a, -0x0001, 
    -0x000e, -0x0051, -0x0013, +0x001b, -0x0028, +0x0035, +0x001a, +0x0035, 
    -0x0033, +0x0013, -0x000f, -0x0066, +0x000a, -0x003f, -0x0015, -0x001c, 
    +0x0067, -0x001d, +0x0039, +0x0009, +0x0008, -0x0007, +0x0031, +0x0046, 
    -0x0045, +0x000f, +0x0000, -0x0013, +0x001f, +0x0017, +0x002c, -0x0004, 
    -0x000e, -0x0028, +0x0019, -0x000f, +0x006a, +0x002d, -0x000a, +0x0050, 
    -0x000f, +0x002c, +0x000b, +0x0007, -0x0038, -0x0043, +0x007f, -0x000f, 
    +0x003c, -0x004d, -0x0034, -0x0013, -0x0021, +0x0014, -0x0046, -0x001c, 
    -0x0037, -0x002d, -0x000d, +0x004f, +0x001b, -0x005c, +0x0057, -0x0055, 
    -0x001e, -0x0037, +0x0053, -0x0034, +0x0007, -0x0022, -0x0008, -0x000c, 
    +0x002a, +0x001e, -0x003c, +0x0009, -0x0045, -0x0053, +0x0026, +0x000e, 
    -0x0016, -0x0035, +0x0021, +0x001a, +0x000b, -0x0016, +0x0000, -0x0003, 
    -0x0075, -0x004e, -0x0023, -0x0022, -0x000b, +0x001b, -0x0004, +0x0010, 
    +0x0012, +0x002b, -0x002e, +0x0007, +0x001a, -0x003d, -0x003d, +0x0008, 
    -0x0024, -0x0026, +0x0002, +0x0065, +0x0021, -0x002d, -0x002f, -0x0004, 
    +0x0030, -0x0022, -0x0024, -0x0046, +0x001a, -0x001d, +0x0027, -0x0003, 
    -0x0001, +0x0015, +0x0048, -0x0020, -0x0034, +0x0017, -0x003f, +0x001a, 
    -0x0031, -0x0039, +0x0024, -0x0001, -0x0007, -0x0041, +0x0009, -0x000f, 
    +0x0058, -0x0029, -0x007f, -0x0005, -0x0004, +0x0028, +0x0000, -0x0026, 
    +0x0013, -0x0010, +0x001b, -0x0007, -0x0007, -0x0039, -0x0010, +0x0020, 
    -0x0037, +0x0028, -0x001f, -0x000d, -0x0031, +0x002c, +0x001f, -0x0008, 
    -0x0044, +0x0013, +0x0076, +0x0017, -0x001d, -0x0017, +0x004a, -0x0004, 
    +0x0055, +0x0034, +0x0028, +0x0026, +0x005d, +0x0021, +0x000e, -0x0012, 
    +0x0003, -0x002d, +0x003a, -0x0006, +0x0018, +0x000f, -0x000c, +0x0026, 
    -0x0004, -0x0016, -0x0001, +0x0007, +0x0005, -0x000f, -0x0015, -0x0003, 
    -0x001d, +0x002c, +0x003c, +0x0010, -0x0016, -0x0031, +0x002e, -0x0026, 
    +0x000c, +0x0025, -0x0024, -0x003a, +0x003e, -0x0001, +0x0022, -0x0043, 
    +0x0016, +0x0013, -0x0003, +0x001f, +0x006e, -0x0028, +0x0002, -0x0013, 
    -0x0011, -0x0030, +0x005e, +0x001a, -0x0007, -0x001a, +0x0012, +0x0049, 
    -0x0047, +0x001d, -0x0011, +0x0001, +0x0031, +0x0017, -0x002b, +0x0007, 
    +0x000b, -0x001e, +0x0017, -0x0051, +0x0008, -0x0027, -0x001a, -0x003d, 
    -0x0017, +0x0016, +0x0017, +0x0063, -0x0027, -0x007e, -0x0028, -0x0016, 
    -0x0040, -0x0017, +0x002e, +0x0010, -0x007f, +0x003f, +0x0050, +0x0027, 
    +0x0003, -0x0044, +0x0034, +0x0012, -0x001b, +0x0016, -0x000b, -0x003a, 
    -0x0034, -0x0016, +0x0008, +0x0020, -0x001f, -0x000b, -0x0050, +0x001d, 
    -0x002a, +0x004e, -0x002d, +0x0056, +0x0014, -0x001e, +0x0026, +0x0057, 
    -0x0003, -0x007f, +0x002e, +0x005c, -0x000d, -0x0007, -0x0024, +0x0015, 
    +0x0079, -0x0046, -0x0006, -0x003d, +0x0023, +0x000d, -0x003d, +0x0005, 
    -0x0021, +0x0036, +0x002a, -0x0012, +0x0048, +0x0013, +0x0003, -0x001c, 
    -0x001b, -0x0029, -0x0040, -0x0003, +0x0007, -0x0018, +0x0010, -0x000f, 
    +0x000f, +0x0065, +0x0016, -0x0036, -0x001a, +0x0012, +0x0000, +0x0025, 
    +0x0020, +0x0036, -0x001b, -0x0033, +0x002f, +0x001b, -0x0032, -0x0040, 
    +0x000f, -0x000f, -0x0044, +0x003f, +0x0042, -0x0001, +0x0020, -0x0001, 
    -0x001a, -0x001e, +0x000f, -0x0042, -0x000c, -0x0005, -0x0027, -0x000c, 
    -0x000f, +0x000e, +0x000c, +0x002e, +0x0045, +0x001d, +0x0026, +0x003e, 
    -0x0045, -0x0025, -0x0026, +0x007f, -0x006c, -0x001c, -0x004f, -0x0079, 
    -0x000d, +0x0039, -0x0005, +0x004d, +0x0061, -0x002f, -0x0029, +0x0011, 
    -0x0009, +0x0021, +0x0007, +0x0065, +0x002f, -0x003e, +0x0032, +0x0012, 
    -0x002d, +0x0057, -0x0008, +0x0041, +0x0028, +0x0021, -0x0006, +0x0031, 
    -0x0010, -0x0035, +0x0015, -0x004f, -0x0046, -0x0008, -0x0005, -0x0016, 
    +0x0000, -0x0024, +0x0032, -0x0016, -0x0040, +0x0006, +0x002e, +0x0008, 
    +0x0020, +0x0005, +0x000a, +0x003e, +0x001c, +0x000a, +0x0052, +0x003d, 
    +0x0064, +0x0008, +0x002e, -0x001e, -0x001f, +0x0009, +0x007f, -0x003e, 
    -0x0056, -0x002e, +0x0012, +0x007f, +0x0004, -0x0005, -0x0014, -0x000c, 
    -0x0021, -0x001f, -0x0027, +0x000c, -0x0029, +0x001e, -0x0036, +0x005d, 
    -0x002a, +0x0003, -0x0015, +0x0001, -0x0007, -0x0014, -0x0006, -0x0018, 
    -0x001b, -0x002d, -0x003c, -0x0047, -0x003b, +0x002a, -0x0042, +0x002c, 
    +0x0038, -0x002d, +0x000c, -0x0022, +0x0012, +0x0034, +0x002c, -0x001f, 
    +0x007f, +0x0029, -0x0046, +0x002f, -0x000e, -0x0014, -0x0030, +0x0010, 
    -0x005e, -0x0003, -0x0038, -0x001d, -0x001b, +0x0034, -0x003b, -0x0008, 
    +0x0049, -0x0002, +0x001b, +0x002c, -0x0012, +0x0028, +0x005a, -0x0014, 
    +0x0042, +0x001c, -0x000a, -0x0012, -0x0022, +0x0022, +0x0034, +0x0041, 
    -0x0055, -0x0011, -0x0025, +0x0003, +0x003a, -0x0038, +0x0041, +0x002a, 
    +0x0010, -0x0012, -0x0010, +0x0033, -0x002b, +0x0036, +0x0031, -0x0034, 
    +0x0056, +0x0021, -0x0030, +0x000c, +0x0001, -0x0039, +0x0003, -0x0004, 
    -0x0042, -0x0006, -0x0031, +0x0022, -0x006f, -0x0015, -0x0010, -0x0013, 
    +0x0022, -0x0002, -0x0028, -0x0069, -0x0069, +0x0012, -0x0008, +0x0016, 
    +0x004e, -0x0046, -0x000c, +0x002d, -0x0012, -0x0022, +0x0001, +0x0019, 
    +0x0017, +0x0008, +0x0037, +0x002e, -0x001c, +0x0024, +0x0017, +0x0067, 
    -0x0031, -0x002c, +0x003f, -0x0055, -0x000c, +0x003b, +0x0053, -0x006a, 
    +0x0030, +0x0005, +0x0006, -0x001b, -0x0011, +0x0030, -0x0068, +0x001d, 
    +0x002e, +0x0025, +0x000f, +0x0019, -0x003e, -0x0038, -0x0012, +0x0011, 
    -0x0027, -0x002a, -0x0045, -0x0036, +0x006c, +0x0017, -0x0022, -0x0003, 
    -0x0035, +0x0001, -0x003a, +0x0004, +0x0075, -0x000d, +0x002f, +0x001b, 
    -0x0021, -0x001d, +0x000c, +0x0027, -0x0020, -0x007f, +0x0026, +0x000b, 
    -0x0018, +0x0033, +0x0014, +0x0027, -0x004e, -0x0004, +0x0011, +0x0004, 
    -0x0002, +0x0018, +0x0011, -0x0006, +0x0061, -0x0007, +0x002c, +0x002c, 
    -0x002e, +0x0007, -0x001e, -0x0004, +0x002f, -0x002d, -0x002b, -0x002f, 
    +0x0032, -0x002c, -0x0005, +0x0000, +0x000d, -0x000d, +0x0027, +0x0021, 
    -0x0037, -0x0016, +0x0046, +0x0069, +0x0032, -0x0013, +0x0003, -0x000f, 
    -0x0033, -0x001b, -0x0015, +0x000b, +0x0026, -0x0027, +0x004d, +0x000e, 
    +0x0022, -0x0055, -0x002e, -0x0039, +0x0051, -0x002e, -0x0016, -0x0051, 
    -0x000b, -0x0038, +0x0046, +0x0001, +0x0039, -0x0022, -0x0031, -0x0047, 
    -0x0004, -0x0068, -0x0038, +0x0038, +0x000a, +0x0050, -0x0010, -0x0015, 
    -0x0024, -0x002c, +0x0013, -0x001c, +0x000a, -0x002b, -0x0030, +0x0039, 
    +0x004d, -0x0078, -0x0032, +0x0000, +0x0037, -0x002f, -0x001b, -0x0049, 
    +0x0030, +0x000d, -0x001e, -0x004c, +0x001c, +0x0002, +0x001e, +0x0005, 
    +0x0061, +0x0001, -0x0034, -0x005d, -0x007f, -0x0052, -0x001e, +0x0016, 
    +0x0014, -0x006e, +0x0042, +0x000a, -0x0003, -0x0020, +0x001c, -0x0052, 
    +0x0039, -0x0022, +0x000f, -0x002f, +0x0030, -0x0062, +0x0040, +0x0008, 
    -0x001a, -0x000e, +0x0044, +0x0026, +0x000d, +0x001b, -0x007f, -0x0023, 
    +0x0024, -0x000c, -0x000f, -0x0038, +0x0023, +0x003d, +0x0004, +0x001a, 
    +0x0030, -0x0005, +0x0030, -0x0005, -0x0011, -0x0002, -0x0007, +0x0007, 
    +0x002b, -0x007f, +0x0028, +0x0018, +0x0061, -0x0009, +0x002a, -0x0014, 
    -0x0031, -0x001f, -0x0029, +0x0025, -0x003e, -0x000f, +0x0012, -0x0021, 
    -0x0009, -0x004b, -0x003e, +0x0047, -0x0041, -0x0024, -0x0039, -0x002e, 
    +0x0024, -0x005a, +0x001d, -0x0038, -0x0040, +0x0065, -0x0030, -0x003b, 
    +0x0027, -0x0025, +0x0034, -0x002d, -0x0030, -0x003c, +0x0007, -0x0018, 
    -0x0003, +0x0042, +0x0010, +0x0026, +0x0016, +0x0055, -0x0016, +0x0015, 
    +0x006f, +0x0013, +0x002b, -0x000c, -0x000f, -0x000f, +0x0037, +0x002e, 
    -0x0025, +0x0008, +0x0012, -0x0012, -0x0060, +0x0042, +0x0037, -0x004d, 
    -0x0006, +0x004d, -0x0026, +0x005a, -0x0014, +0x000a, -0x002c, -0x002d, 
    +0x0016, -0x0033, +0x0006, +0x0044, -0x0028, -0x000f, -0x0075, +0x0037, 
    +0x0011, -0x001f, +0x003a, -0x0037, -0x0028, -0x002f, -0x0017, -0x0010, 
    +0x0038, -0x002b, +0x0023, +0x0011, +0x0054, +0x0032, +0x001a, -0x007f, 
    +0x0071, -0x0037, +0x003e, -0x0003, +0x0026, -0x0009, +0x0023, +0x0042, 
    -0x0022, +0x002e, +0x0055, -0x0016, +0x002c, +0x0066, +0x0021, -0x0007, 
    +0x0034, +0x0052, -0x0054, +0x001f, -0x003e, -0x003f, -0x004b, +0x0006, 
    +0x0004, -0x0075, -0x0034, +0x001c, -0x002c, +0x0039, -0x0039, +0x001b, 
    +0x0006, +0x0018, +0x005d, -0x002e, -0x005d, -0x0045, -0x0035, +0x003f, 
    +0x0025, -0x0011, -0x000d, +0x0026, -0x0055, +0x0028, +0x006c, +0x0012, 
    -0x0022, +0x0005, +0x0021, +0x0010, -0x0015, -0x0026, +0x0008, -0x0009, 
    -0x0022, +0x0014, +0x001b, +0x002f, +0x0013, -0x0018, -0x004d, -0x004c, 
    +0x004a, -0x0029, +0x0010, +0x0063, +0x001a, +0x007f, +0x002b, -0x0029, 
    +0x0026, +0x0003, -0x0018, -0x004f, -0x004a, +0x0057, +0x004d, +0x0049, 
    -0x0023, -0x0001, -0x0027, -0x0045, +0x0023, +0x001c, -0x002c, -0x005f, 
    -0x0036, -0x004f, -0x0033, +0x002c, -0x003c, -0x001f, -0x0030, -0x000a, 
    +0x0034, -0x0066, -0x004c, +0x0035, +0x0005, +0x0051, -0x0024, +0x000b, 
    +0x0048, -0x0022, -0x0052, -0x0068, -0x0005, -0x002c, -0x0042, +0x000c, 
    +0x000e, +0x001a, +0x002f, +0x0060, +0x0010, +0x0063, +0x000c, -0x001a, 
    -0x006c, -0x0047, +0x003d, +0x0008, -0x0007, -0x0011, -0x0001, +0x003f, 
    +0x0055, +0x0032, +0x002a, +0x003b, -0x0040, -0x0056, +0x0014, -0x0018, 
    -0x0011, -0x0022, -0x0053, -0x0009, -0x004f, +0x005d, -0x001c, -0x0003, 
    -0x007f, +0x0030, -0x0034, +0x0059, -0x004a, -0x006c, +0x0017, +0x000a, 
    -0x000d, -0x001d, -0x0006, -0x007f, -0x005d, +0x003a, +0x0008, +0x0014, 
    -0x007d, +0x0034, -0x0009, +0x0020, -0x000f, -0x000a, -0x0017, +0x005d, 
    -0x0004, -0x0043, +0x0037, -0x000b, -0x001a, +0x001d, +0x003b, -0x005d, 
    -0x0030, -0x0027, -0x0042, -0x0001, +0x0007, -0x0043, -0x001a, -0x003a, 
    +0x0024, -0x0042, -0x002d, -0x0040, -0x000d, +0x0027, +0x0004, -0x0012, 
    +0x0034, -0x0036, +0x0014, -0x003c, +0x0063, +0x0066, +0x002e, +0x0030, 
    -0x002c, -0x003a, -0x0024, -0x0050, -0x0057, +0x0031, +0x0019, -0x0077, 
    +0x0033, +0x003e, -0x0023, +0x0028, -0x0024, -0x0030, +0x003a, -0x0008, 
    +0x002b, -0x006f, +0x000c, -0x004a, -0x003d, -0x0062, -0x0012, -0x0029, 
    -0x0013, -0x0010, -0x0015, +0x0031, +0x000c, +0x0059, -0x0073, +0x002e, 
    +0x0023, +0x0007, -0x0039, +0x0018, -0x001a, -0x0003, -0x002a, +0x0042, 
    -0x004a, -0x001e, +0x0035, +0x000e, -0x004b, +0x002c, -0x0030, -0x0001, 
    -0x002c, -0x0040, -0x0027, -0x000c, +0x0007, -0x001d, +0x0004, +0x0028, 
    -0x0027, +0x0005, +0x000e, +0x0022, +0x002f, -0x0037, +0x003c, -0x0010, 
    +0x001a, +0x0018, +0x001f, -0x002b, -0x0026, -0x0049, -0x004e, +0x0008, 
    +0x0019, +0x0027, +0x0041, +0x0059, +0x0036, -0x001e, +0x0005, -0x0039, 
    +0x002a, +0x000c, -0x0045, +0x0027, -0x006f, -0x001c, -0x0042, +0x0028, 
    +0x004f, +0x0052, +0x006d, -0x0004, -0x0042, +0x0012, -0x003b, +0x001e, 
    +0x0012, -0x0008, -0x007f, +0x001e, -0x0007, -0x0040, -0x001a, +0x0017, 
    -0x002c, +0x0013, +0x0027, -0x0050, -0x0033, +0x002d, -0x0019, -0x0027, 
    +0x0036, +0x0004, -0x0011, -0x007f, +0x0025, -0x0016, +0x0016, +0x004d, 
    +0x003d, +0x0043, -0x0029, +0x0033, -0x0029, -0x0036, -0x0046, -0x002f, 
    +0x0070, -0x000f, +0x0002, +0x000d, -0x0002, +0x0058, -0x001f, -0x004b, 
    -0x0014, -0x001f, -0x0018, -0x001d, -0x0023, +0x0026, -0x000b, +0x0010, 
    -0x0012, -0x001c, -0x0006, +0x0000, +0x003f, +0x0025, +0x003f, +0x0031, 
    +0x0013, +0x0036, -0x0031, +0x0008, +0x0044, +0x0035, +0x0025, -0x0008, 
    +0x0022, +0x0003, +0x001e, -0x0022, -0x0048, +0x001e, -0x002a, -0x0040, 
    +0x0037, +0x0028, -0x0014, +0x003f, -0x001b, -0x000a, +0x0022, -0x0070, 
    -0x0022, -0x0004, +0x0014, -0x001c, -0x0053, +0x0005, -0x0007, +0x0034, 
    -0x0014, +0x003b, -0x0018, -0x0005, -0x0034, -0x002c, +0x0028, +0x0028, 
    +0x0005, -0x002f, +0x000a, -0x007e, -0x0031, +0x0024, +0x003d, +0x003f, 
    +0x0022, +0x007f, +0x002b, -0x0053, -0x0020, -0x0025, -0x002b, -0x0019, 
    +0x0007, -0x0015, +0x0002, +0x0058, +0x0006, +0x000e, -0x000b, +0x003f, 
    -0x0036, -0x005f, -0x0013, -0x0024, +0x0051, +0x004e, -0x0012, -0x0079, 
    -0x0006, -0x0022, -0x007f, -0x0056, -0x000a, +0x0026, +0x0007, -0x0060, 
    -0x0011, +0x0000, -0x003c, -0x003e, +0x0011, -0x007a, +0x0018, -0x0039, 
    -0x0042, -0x003b, +0x0004, +0x000d, -0x0008, +0x0066, -0x0005, +0x0010, 
    +0x0014, +0x002a, +0x002d, +0x0013, +0x0014, +0x001a, +0x0006, -0x0022, 
    +0x0056, +0x0060, +0x0000, -0x0032, +0x000c, -0x0025, +0x0039, -0x0030, 
    +0x007f, +0x004d, -0x002c, +0x003e, -0x0012, +0x0029, +0x0006, -0x003c, 
    +0x0013, +0x0042, +0x0009, -0x0054, -0x0032, -0x0008, +0x0005, -0x003b, 
    -0x000f, +0x0027, +0x000f, -0x0002, +0x0018, -0x0047, +0x0029, +0x0051, 
    +0x0037, -0x0006, -0x001e, -0x0029, +0x003b, -0x004b, -0x0031, -0x0053, 
    -0x001d, -0x0020, -0x0015, -0x0073, +0x003d, +0x0004, -0x000b, -0x0024, 
    +0x0017, +0x0011, +0x0005, -0x0015, -0x0051, +0x005b, -0x0036, -0x0041, 
    -0x0005, +0x002e, -0x003d, +0x000d, -0x001c, +0x0032, +0x0029, -0x0002, 
    +0x0016, -0x0014, -0x0019, -0x0052, -0x0017, +0x0002, -0x0015, +0x0068, 
    +0x0018, -0x002f, -0x0019, +0x0011, -0x002b, +0x0036, -0x0026, -0x0051, 
    +0x0000, +0x0005, +0x007a, +0x000a, -0x0006, +0x0022, -0x0050, +0x0047, 
    -0x0027, +0x003a, -0x002a, +0x002b, +0x0001, +0x0012, -0x0037, +0x0028, 
    +0x0042, +0x000a, +0x0021, +0x0018, -0x0025, -0x0050, +0x0011, +0x002b, 
    -0x0014, +0x0026, +0x0010, -0x0007, -0x0003, +0x0041, +0x0006, -0x000f, 
    +0x001d, -0x003d, -0x000b, +0x0008, +0x001f, -0x0008, -0x000f, +0x000f, 
    +0x0044, -0x000c, -0x002b, -0x0023, +0x005e, -0x0009, +0x002d, -0x0015, 
    +0x0065, +0x0009, +0x000c, -0x0022, +0x0027, -0x003b, -0x0010, -0x007f, 
    -0x0009, -0x0047, +0x0010, -0x0005, +0x0029, -0x002e, -0x0011, -0x004d, 
    +0x0026, -0x0029, +0x0029, +0x0047, -0x0039, -0x001a, +0x0029, +0x0015, 
    -0x001c, -0x0010, +0x0048, +0x0006, -0x000b, -0x0002, +0x001f, +0x0003, 
    +0x0021, -0x0024, -0x0006, -0x0047, +0x002b, -0x0040, -0x002d, -0x0031, 
    -0x002a, +0x0025, -0x002a, -0x001e, +0x0020, +0x002b, +0x0022, -0x0001, 
    -0x000f, -0x0035, +0x0021, -0x0030, -0x0028, -0x001c, +0x0001, +0x0015, 
    +0x0037, -0x0025, +0x0033, +0x0012, +0x003b, +0x0056, -0x0036, -0x002b, 
    +0x006d, -0x001f, -0x002d, -0x0017, -0x004a, -0x0043, -0x002c, -0x0061, 
    +0x003b, -0x0049, -0x005a, +0x000f, +0x0001, +0x000a, -0x0017, -0x003b, 
    +0x0014, +0x002f, +0x001d, +0x000b, +0x0022, +0x0005, -0x001a, +0x0000, 
    -0x003f, -0x0011, -0x0026, -0x0031, +0x0041, -0x0039, -0x0051, -0x001e, 
    -0x000c, +0x007f, -0x0014, -0x0010, -0x0015, +0x007e, +0x0029, -0x0016, 
    -0x003a, -0x0016, +0x0028, -0x000e, -0x0006, +0x0037, -0x002c, +0x0009, 
    -0x0006, +0x0029, +0x0046, +0x0046, -0x002c, +0x002a, -0x0036, -0x0032, 
    +0x0029, -0x0042, +0x0018, -0x0030, -0x000a, +0x005a, -0x000e, -0x0027, 
    +0x0009, +0x0048, -0x0028, -0x0040, +0x004c, +0x0036, -0x0036, +0x0027, 
    +0x005c, -0x0001, -0x006a, +0x0023, -0x0010, -0x0058, +0x0008, -0x0033, 
    +0x0002, -0x001b, +0x0019, -0x0034, -0x002f, -0x002b, +0x0043, -0x0002, 
    -0x0019, +0x0004, -0x002a, +0x000b, +0x0051, -0x0059, -0x007f, -0x0043, 
    +0x000a, -0x0053, -0x0015, +0x003a, -0x007f, +0x003f, -0x002c, -0x0040, 
    -0x0005, +0x0023, -0x000c, -0x0045, -0x000d, -0x0022, +0x0002, -0x0026, 
    +0x0015, -0x002a, -0x0042, +0x003c, -0x000c, +0x0040, +0x000b, -0x0001, 
    -0x004b, -0x0036, +0x0020, -0x0039, +0x0034, +0x0021, +0x003d, -0x003e, 
    +0x0028, -0x0014, +0x001d, -0x001c, -0x003d, +0x0000, +0x0041, +0x0005, 
    -0x0004, -0x0001, +0x0038, -0x000c, -0x000a, +0x0024, +0x0018, -0x0024, 
    -0x0068, +0x005f, -0x0015, +0x0050, -0x0016, -0x0038, +0x002d, +0x0013, 
    +0x003f, -0x001b, +0x0018, -0x0047, +0x002b, -0x002b, -0x0020, -0x0057, 
    -0x0003, +0x0011, -0x001b, +0x0050, -0x0021, +0x0015, +0x0052, +0x0038, 
    -0x000b, +0x004e, -0x0035, -0x002f, +0x004e, -0x0033, +0x0045, -0x005e, 
    -0x0026, +0x0043, -0x0021, -0x003a, +0x0033, +0x001b, +0x001d, -0x003f, 
    -0x002d, -0x0035, -0x000f, -0x0045, -0x0006, +0x0015, +0x0035, +0x005e, 
    -0x007e, -0x0027, -0x000b, +0x0031, -0x001e, -0x000d, +0x000b, -0x006a, 
    +0x001d, -0x000e, -0x0015, -0x0019, +0x0060, -0x000b, +0x0062, -0x0005, 
    +0x001e, -0x0039, -0x0004, +0x0022, +0x0022, -0x0045, +0x001b, +0x003a, 
    -0x0024, -0x0037, -0x0023, -0x0042, -0x0001, +0x0018, +0x007f, +0x0055, 
    +0x0073, +0x0040, -0x0041, +0x0017, +0x0002, +0x001b, -0x0027, +0x0011, 
    +0x0037, -0x0009, +0x0058, -0x0038, +0x0017, -0x0048, +0x0005, +0x0052, 
    -0x0054, -0x0044, -0x0023, -0x002a, -0x001b, -0x0017, -0x004e, -0x001b, 
    +0x0014, +0x006c, -0x001d, +0x0016, -0x007e, -0x0006, +0x0012, +0x000d, 
    +0x006e, +0x0037, +0x001a, -0x0002, -0x0005, +0x000d, -0x002a, +0x0075, 
    +0x0018, -0x0009, +0x001a, +0x0039, +0x007b, +0x0051, +0x0019, -0x0059, 
    -0x0030, +0x0031, -0x0046, +0x002d, +0x0011, -0x0013, +0x0013, +0x0012, 
    -0x007f, +0x000a, -0x0014, +0x003f, -0x0009, +0x0008, +0x0016, -0x0009, 
    +0x0000, +0x000c, +0x0002, -0x0036, +0x0062, -0x002c, +0x0019, +0x0017, 
    +0x0045, -0x003b, -0x0005, -0x0004, -0x002b, -0x003b, -0x0030, -0x0026, 
    -0x0022, -0x0038, +0x002f, +0x0042, -0x0002, -0x0060, +0x002c, +0x0007, 
    -0x004a, +0x003f, -0x0002, -0x006c, +0x001a, +0x007f, +0x0004, -0x0033, 
    -0x004f, -0x0043, +0x0024, -0x0029, -0x0034, -0x002b, +0x0028, -0x0006, 
    -0x000f, -0x0018, -0x005a, -0x003b, -0x003d, +0x004a, -0x002c, -0x0029, 
    +0x0018, -0x0020, +0x0019, -0x0010, +0x004b, -0x002e, -0x001f, -0x001f, 
    +0x000a, -0x0024, +0x0015, +0x0015, -0x002f, -0x002d, +0x0023, +0x006a, 
    +0x000a, -0x003b, +0x003c, +0x0034, -0x0005, -0x0019, +0x002a, -0x002e, 
    +0x0065, +0x0031, +0x0036, +0x000e, -0x0079, -0x001e, -0x0045, -0x0038, 
    -0x000c, -0x0031, -0x0029, -0x0024, -0x002a, +0x0027, +0x0024, -0x0050, 
    -0x0046, +0x0011, +0x0001, +0x000c, +0x0015, +0x000a, -0x0003, +0x007f, 
    -0x0020, +0x0027, +0x0025, +0x0017, -0x0054, -0x000e, -0x0009, +0x0007, 
    +0x0027, -0x0025, +0x0017, -0x0067, +0x0055, -0x004f, +0x0027, -0x0013, 
    -0x000c, -0x003f, +0x0046, +0x0004, +0x0030, -0x0053, -0x0001, -0x001d, 
    +0x001e, -0x0018, +0x0024, -0x000e, -0x002d, +0x0022, +0x0018, +0x0039, 
    -0x0014, -0x002d, -0x001a, +0x000d, +0x0011, +0x000c, -0x001d, +0x0078, 
    -0x0030, +0x0006, -0x001e, +0x000a, +0x0069, +0x0000, -0x0044, -0x0037, 
    +0x0023, +0x005a, -0x001d, +0x0000, -0x0029, -0x001d, +0x0016, -0x0001, 
    +0x0011, -0x007f, -0x0013, +0x0066, +0x0043, +0x000c, +0x0000, -0x004e, 
    +0x0014, +0x0044, +0x0018, -0x006e, -0x000f, +0x0034, +0x0035, -0x0001, 
    +0x004d, -0x0015, -0x0013, +0x0036, +0x0056, +0x0047, +0x003e, +0x0016, 
    +0x0032, -0x0019, -0x0031, +0x0003, -0x0037, -0x0010, -0x000b, -0x0003, 
    -0x0001, -0x004a, +0x003a, +0x000d, +0x0043, +0x001e, -0x0028, +0x007f, 
    +0x000c, +0x0022, +0x0044, -0x001a, -0x000d, -0x0017, +0x002a, +0x0003, 
    -0x002e, -0x0030, -0x000e, +0x005d, +0x0034, -0x004f, +0x0030, -0x0030, 
    -0x002a, -0x001e, -0x004d, -0x001b, -0x0010, +0x0020, -0x0006, -0x0005, 
    +0x0016, +0x002e, +0x0047, +0x0016, -0x0023, -0x0044, +0x003b, -0x0032, 
    +0x0008, -0x004c, -0x001b, +0x0034, +0x0015, +0x000d, -0x0029, -0x0015, 
    +0x0005, +0x0060, -0x0006, +0x000f, -0x007f, -0x001b, -0x0027, +0x0010, 
    +0x0017, +0x006b, +0x0014, -0x0020, -0x0041, +0x005d, +0x0004, -0x0008, 
    -0x0037, +0x0011, -0x0071, +0x0034, -0x0006, +0x0011, +0x0001, +0x0017, 
    +0x0021, +0x0033, -0x0024, +0x004e, -0x0003, +0x0049, +0x0054, +0x0013, 
    -0x000d, -0x002f, -0x004b, +0x0027, +0x000f, +0x0012, -0x004b, -0x0037, 
    +0x003d, -0x0035, -0x002b, -0x005c, -0x0031, -0x0011, +0x0015, -0x0073, 
    +0x0020, +0x0006, +0x0003, +0x0010, +0x0046, -0x000f, +0x001e, +0x0013, 
    -0x0008, -0x0039, +0x000f, -0x0015, -0x0020, +0x0029, +0x0020, -0x0043, 
    +0x0037, -0x0003, +0x0029, +0x0053, -0x004a, -0x0002, -0x001e, +0x0007, 
    -0x000e, +0x003a, -0x003a, -0x001e, +0x0015, +0x0067, +0x0016, -0x002e, 
    -0x0016, -0x001a, +0x0002, +0x0028, -0x000f, -0x0027, -0x0015, +0x0002, 
    -0x0042, +0x001b, +0x004d, -0x000a, +0x0003, +0x003e, -0x002a, -0x0001, 
    +0x0031, -0x0019, -0x0010, +0x005f, -0x0047, +0x003b, +0x000f, +0x0007, 
    -0x0004, +0x0009, +0x001a, -0x0019, +0x0046, +0x003a, -0x0023, +0x0051, 
    +0x0034, -0x0004, +0x002b, +0x0024, -0x0003, +0x002b, +0x0036, -0x005d, 
    -0x000c, +0x0000, +0x003f, +0x0011, +0x0001, +0x001b, +0x000f, +0x001c, 
    +0x0053, +0x002e, +0x0012, -0x002f, +0x0036, +0x0043, -0x002b, -0x0017, 
    +0x0048, +0x002d, -0x0049, -0x0038, -0x0010, +0x0012, -0x0011, +0x0023, 
    +0x003e, -0x0029, +0x007f, +0x0013, -0x002b, -0x0053, -0x0017, -0x0057, 
    +0x000e, -0x0006, +0x0053, -0x0007, -0x0012, -0x0040, -0x004a, -0x007f, 
    -0x0036, +0x0023, -0x0006, +0x001d, -0x0001, +0x0066, -0x0001, -0x004f, 
    +0x000e, -0x002f, -0x005f, -0x0009, -0x001d, +0x0002, -0x0009, -0x0051, 
    -0x0003, +0x0039, +0x0040, +0x0024, +0x001d, -0x0041, -0x0047, -0x000d, 
    +0x0000, +0x002a, -0x0045, +0x002e, +0x000c, -0x000b, -0x007f, -0x0053, 
    +0x003d, -0x002f, -0x0007, +0x001f, +0x000e, +0x0036, -0x0022, -0x0050, 
    +0x000e, -0x0031, +0x0036, +0x0022, -0x0019, -0x0022, -0x002a, +0x0017, 
    -0x0030, -0x0035, -0x0036, +0x0034, +0x0063, -0x0023, -0x0060, -0x0032, 
    -0x0057, +0x007f, -0x005d, +0x0031, -0x005b, +0x0031, -0x0031, -0x002f, 
    +0x002d, +0x0001, +0x0048, -0x0033, +0x001c, +0x0048, -0x0015, +0x000f, 
    +0x0009, -0x0077, +0x0043, -0x000a, -0x002f, +0x0021, +0x002f, -0x003b, 
    -0x0002, -0x0009, +0x0036, -0x0009, -0x0039, -0x0072, +0x0015, -0x0033, 
    +0x0057, +0x0029, -0x001c, -0x0022, -0x0043, +0x003d, -0x000c, +0x0018, 
    +0x001c, -0x0024, -0x0068, -0x002f, -0x0019, +0x002c, +0x0017, -0x0025, 
    -0x002b, -0x0004, +0x0034, -0x0028, +0x0015, +0x0043, -0x0010, -0x002e, 
    +0x0043, -0x0042, -0x0004, +0x0019, +0x0043, +0x001b, +0x003a, -0x006c, 
    +0x007f, -0x0033, +0x005f, -0x003f, +0x001c, +0x0027, -0x0056, +0x004a, 
    +0x001a, -0x0051, +0x0035, +0x0017, -0x001c, -0x004c, +0x0045, +0x0027, 
    -0x000f, +0x001e, +0x0022, -0x002e, +0x0000, -0x0024, -0x004d, -0x001a, 
    -0x001a, -0x0027, +0x002f, -0x0040, +0x001c, +0x0021, -0x0038, +0x0034, 
    -0x003a, +0x0037, -0x000c, +0x0027, -0x0015, -0x003a, +0x000d, +0x001d, 
    +0x007c, +0x005f, +0x0061, -0x002b, +0x0032, -0x0078, -0x0025, -0x0034, 
    +0x0045, -0x006e, -0x0039, +0x0044, -0x0043, +0x0049, -0x001e, +0x0012, 
    +0x0012, +0x0008, -0x002a, +0x0006, -0x0021, -0x0041, -0x000e, +0x0007, 
    -0x0001, +0x0041, +0x005d, +0x0014, +0x0027, +0x0013, -0x0031, +0x0016, 
    +0x0053, +0x0031, -0x002d, +0x003b, -0x0059, -0x0036, -0x002e, -0x003b, 
    +0x0017, +0x0064, +0x001d, +0x001e, +0x0013, +0x0070, +0x000d, -0x0025, 
    -0x0036, +0x0026, +0x000c, -0x0005, -0x0027, +0x000c, -0x0002, +0x0048, 
    +0x002c, +0x001b, +0x004c, -0x001c, -0x0027, +0x0014, -0x0013, -0x007f, 
    -0x002c, +0x000d, -0x0019, +0x0027, +0x0055, +0x001c, +0x0018, -0x0018, 
    -0x0030, +0x000d, +0x0055, +0x0000, +0x0007, +0x0024, -0x0010, -0x0016, 
    +0x0033, +0x0051, -0x0023, -0x002c, +0x000d, -0x004b, -0x002b, -0x0045, 
    -0x002e, -0x0012, -0x0011, -0x0026, -0x0001, -0x002d, -0x0026, +0x0012
};
#ifdef __cplusplus
}  // extern "C"
#endif

#ifdef __cplusplus
extern "C" {
#endif
static const int32_t __attribute__((section(".rodata.tvm"), aligned(16))) fused_nn_contrib_dense_pack_constant[12] = {
    -0x000000a0, -0x0000000a, -0x0000004d, -0x00000067, -0x0000003e, -0x0000005d, -0x000000b5, -0x00000063, 
    -0x0000000f, -0x0000007b, -0x000000a0, +0x000000a6
};
#ifdef __cplusplus
}  // extern "C"
#endif

#ifdef __cplusplus
extern "C" {
#endif
static const int16_t __attribute__((section(".rodata.tvm"), aligned(16))) fused_constant_9[768] = {
    -0x0010, +0x002f, -0x0041, +0x0031, +0x0027, -0x0019, +0x003f, -0x001c, 
    -0x0026, -0x0058, +0x002d, +0x004d, -0x003b, -0x0014, +0x001c, +0x0029, 
    -0x0025, -0x003c, -0x002a, -0x0022, -0x004f, -0x001e, -0x0006, -0x000a, 
    -0x000a, +0x002d, -0x005a, -0x0055, +0x0024, +0x0048, -0x003e, -0x0041, 
    +0x003a, -0x003b, +0x0037, -0x0034, +0x0022, -0x0003, -0x003a, -0x0034, 
    +0x0023, +0x0001, -0x001c, -0x003d, -0x0018, -0x0034, -0x0038, -0x0006, 
    -0x0042, -0x0037, -0x001c, -0x000b, +0x0004, +0x002c, +0x0017, +0x0000, 
    -0x0020, +0x0039, -0x0042, -0x0008, -0x0033, -0x001f, +0x000e, -0x0013, 
    -0x002b, +0x001b, +0x003e, +0x0018, -0x0053, -0x004c, +0x0021, +0x0048, 
    -0x0055, -0x0041, -0x0031, -0x003f, -0x0051, -0x002d, -0x005e, -0x0026, 
    +0x0021, -0x0013, +0x003d, -0x0040, -0x0047, -0x002a, +0x003d, +0x0043, 
    -0x0024, -0x005c, -0x0031, -0x0046, +0x0018, -0x002f, +0x004d, +0x0044, 
    -0x0005, +0x0036, -0x003b, +0x0022, -0x0028, -0x004a, +0x000d, +0x002c, 
    -0x0002, +0x0018, -0x004e, -0x004e, -0x0040, +0x004b, -0x003a, +0x0021, 
    -0x0013, -0x000d, +0x0027, +0x0009, -0x004d, +0x0008, -0x0059, -0x001c, 
    +0x000c, -0x0023, -0x0015, -0x0039, -0x0025, +0x0015, -0x0007, -0x0001, 
    -0x0019, -0x003f, +0x0029, -0x0035, -0x0031, -0x0046, -0x0058, -0x0031, 
    +0x001e, +0x001b, +0x0010, -0x0047, +0x002c, -0x0042, -0x0063, +0x0018, 
    +0x000d, -0x004e, +0x0004, +0x0025, -0x002b, +0x0038, -0x0011, -0x0034, 
    +0x002e, -0x0001, -0x0020, -0x0029, -0x0002, -0x0040, +0x0031, +0x0019, 
    -0x0042, -0x0045, -0x000a, -0x000c, +0x000d, -0x0014, +0x0001, +0x0005, 
    -0x0035, +0x0002, +0x002d, -0x003e, +0x0003, +0x0032, +0x0018, +0x0037, 
    -0x0035, -0x002c, +0x0016, -0x001f, +0x0028, -0x0004, -0x0039, -0x0026, 
    +0x0004, -0x0027, -0x002d, +0x002d, -0x0016, +0x0029, -0x0033, -0x0054, 
    -0x0043, -0x0006, -0x0043, -0x002b, +0x000c, +0x0018, -0x0004, -0x002c, 
    -0x0014, -0x0025, -0x001c, +0x003a, +0x0026, +0x0005, -0x0048, +0x0006, 
    +0x0038, +0x0026, -0x0040, +0x002d, +0x0017, +0x0029, +0x0023, +0x0022, 
    -0x001f, +0x0027, -0x000f, -0x003b, -0x005b, -0x0045, -0x0016, -0x003f, 
    -0x0016, +0x000b, +0x0032, -0x0039, -0x0018, -0x002c, +0x003b, -0x0039, 
    -0x0032, -0x002e, +0x0009, +0x0005, +0x003c, -0x0029, -0x0046, -0x0051, 
    +0x0029, -0x0043, +0x0024, +0x0002, -0x004e, -0x005d, +0x0004, +0x000d, 
    -0x0024, -0x003b, +0x0005, -0x0037, +0x0031, -0x0047, -0x0029, +0x0026, 
    +0x0003, +0x0032, -0x003b, +0x0034, -0x001b, -0x000e, -0x003d, -0x0044, 
    -0x005c, -0x0041, +0x0011, -0x0028, -0x0008, -0x0050, +0x003d, +0x000c, 
    -0x0032, +0x0039, -0x003f, -0x0032, -0x0024, -0x0032, -0x001f, +0x0001, 
    -0x0037, +0x001e, +0x000b, -0x0028, +0x0016, -0x0034, -0x0020, +0x0038, 
    -0x0041, -0x0047, -0x001e, -0x0026, -0x0002, +0x0012, -0x0020, -0x0044, 
    -0x002d, -0x0031, -0x0025, -0x0033, +0x003c, +0x0026, -0x004c, -0x0032, 
    -0x0049, -0x0003, -0x0039, +0x0026, -0x0038, -0x0031, -0x0027, +0x0010, 
    -0x000b, -0x0036, +0x0025, -0x0038, -0x0022, -0x000b, +0x000a, -0x002b, 
    +0x001f, -0x0029, -0x003b, -0x003f, -0x004e, +0x0003, +0x0035, -0x0024, 
    +0x0040, -0x0026, -0x0038, -0x002e, +0x0030, -0x0017, +0x002e, +0x0003, 
    +0x0005, +0x000a, +0x002d, +0x002b, -0x005b, -0x005d, +0x0034, +0x0001, 
    -0x0006, +0x001c, -0x0023, +0x0034, -0x001e, -0x0006, +0x003a, -0x002a, 
    +0x002e, -0x0013, -0x0024, +0x0043, -0x003f, +0x003c, -0x003f, -0x0041, 
    -0x0012, +0x001b, -0x004e, +0x000f, +0x000b, +0x0023, -0x001c, -0x0013, 
    -0x0038, -0x0034, +0x0017, +0x000b, +0x0022, +0x0021, -0x004f, +0x0036, 
    +0x0016, -0x0040, +0x003d, +0x0000, -0x004e, +0x0021, -0x0054, -0x002d, 
    -0x0048, -0x0013, +0x0032, -0x0061, -0x0022, -0x0023, -0x0044, +0x002d, 
    -0x0035, -0x003e, +0x0036, -0x000a, -0x0027, +0x0045, +0x0017, -0x0043, 
    -0x003b, -0x0016, +0x0042, -0x0025, -0x0034, +0x0000, -0x0039, +0x003b, 
    -0x0017, -0x005e, -0x0005, -0x0048, -0x0048, +0x0007, +0x003a, -0x0003, 
    -0x0043, +0x0026, -0x003b, -0x0020, -0x0038, -0x0034, +0x003b, -0x001f, 
    -0x004a, -0x000f, -0x0026, -0x0017, +0x0004, -0x001d, +0x002f, +0x0049, 
    -0x0014, -0x0020, +0x0010, +0x004f, +0x0042, -0x0020, -0x002f, +0x001b, 
    -0x004c, +0x0026, -0x007f, -0x0018, -0x0032, +0x0007, +0x0001, -0x0030, 
    -0x0031, +0x0038, -0x0037, -0x0052, -0x0015, +0x0014, -0x002d, -0x001e, 
    -0x0006, -0x001e, -0x0048, -0x0001, +0x000c, +0x0028, -0x004f, -0x0020, 
    -0x001e, +0x001a, +0x003c, -0x0003, +0x0025, -0x0044, -0x0006, +0x000c, 
    -0x0022, -0x001f, +0x0002, +0x001b, +0x0025, -0x0041, -0x001f, -0x0004, 
    +0x0045, -0x0045, -0x0002, -0x0026, -0x004d, +0x001d, -0x000e, -0x000f, 
    -0x0045, +0x0049, +0x000f, -0x0025, +0x0021, -0x003a, -0x002d, -0x0031, 
    +0x0024, -0x001b, +0x002b, -0x004b, -0x000c, -0x0050, +0x0020, +0x001e, 
    -0x0030, +0x000e, -0x0040, +0x000d, +0x0010, +0x0040, +0x0006, +0x002c, 
    -0x003e, -0x003e, -0x0027, +0x0037, +0x001e, -0x003d, +0x002a, -0x0054, 
    -0x0033, +0x002b, +0x003c, -0x001c, -0x0041, -0x0009, -0x002d, +0x001c, 
    -0x0023, -0x004c, -0x001d, +0x0024, -0x006e, +0x0029, +0x003f, -0x0059, 
    -0x0009, -0x004e, -0x0050, +0x000f, -0x001b, -0x002e, +0x0024, -0x0045, 
    -0x0045, +0x0021, +0x0005, +0x0048, +0x0037, -0x004c, +0x0032, -0x0024, 
    +0x002e, -0x0051, -0x001f, -0x0049, -0x0050, -0x0015, -0x0014, +0x0039, 
    +0x0030, -0x000b, -0x002e, -0x002e, -0x0045, +0x0047, +0x0024, -0x0044, 
    -0x0012, +0x0004, -0x0041, -0x0049, -0x001b, +0x002b, -0x0051, +0x0022, 
    -0x0007, -0x003b, +0x0023, -0x0019, -0x001c, +0x0035, -0x0019, -0x0034, 
    +0x004a, -0x000a, +0x001a, -0x0017, +0x001d, +0x000c, -0x0012, -0x004e, 
    +0x000a, -0x001f, -0x0057, -0x002a, +0x003d, -0x0009, -0x0032, -0x0026, 
    +0x004e, -0x0040, -0x0042, -0x0002, -0x0039, -0x0023, -0x0058, +0x0015, 
    +0x000e, +0x004b, -0x0056, -0x0025, +0x002e, -0x0058, -0x0050, +0x0041, 
    +0x0021, +0x0029, +0x003b, +0x001a, -0x000a, -0x003a, -0x0023, -0x0011, 
    -0x0028, -0x003c, -0x0061, +0x0032, -0x0021, -0x000c, -0x0031, -0x000d, 
    -0x000c, +0x0000, -0x0062, +0x0038, -0x001f, +0x001d, -0x0034, +0x000a, 
    -0x0069, +0x000d, -0x001a, +0x0040, +0x0021, +0x0008, -0x0036, +0x0023, 
    +0x0024, +0x002f, +0x0021, +0x002d, -0x000a, +0x000e, -0x0013, -0x0012, 
    -0x002e, +0x000a, +0x0018, -0x0022, -0x0017, -0x0016, -0x0014, -0x0025, 
    -0x000b, +0x002b, +0x0040, -0x0016, -0x003d, +0x0018, +0x004c, -0x0009, 
    -0x003a, +0x0039, +0x0043, -0x002c, +0x0043, -0x002b, -0x0010, -0x0022, 
    -0x001d, -0x000c, +0x003d, +0x0037, -0x002e, +0x0016, -0x003d, -0x0027, 
    -0x002c, -0x001a, -0x0009, +0x0015, -0x0044, -0x0042, -0x0029, +0x0044, 
    -0x0019, +0x0017, +0x0049, -0x000d, -0x0027, +0x0016, -0x0024, +0x0045, 
    -0x0061, +0x0016, -0x0040, +0x0008, +0x0009, +0x001b, +0x001e, +0x001e, 
    -0x0067, -0x0007, +0x002d, -0x0012, +0x0011, -0x003a, +0x0022, -0x0031, 
    -0x004e, -0x004e, -0x0040, +0x0042, -0x0034, -0x0017, -0x0028, -0x0054, 
    -0x0009, -0x0028, -0x0073, +0x0021, -0x002c, -0x001a, -0x0038, +0x004e, 
    +0x0027, -0x0021, +0x0000, +0x002f, -0x0015, -0x005b, -0x0027, +0x0008, 
    -0x000b, -0x001b, -0x005f, -0x002b, -0x0034, +0x002e, -0x003c, -0x000e, 
    -0x003d, +0x000d, -0x0050, +0x0045, -0x004c, -0x004b, -0x005e, +0x0012, 
    -0x002e, -0x0008, -0x0023, +0x0014, -0x006f, -0x002a, -0x005a, -0x0009
};
#ifdef __cplusplus
}  // extern "C"
#endif

#ifdef __cplusplus
extern "C" {
#endif
static const int32_t __attribute__((section(".rodata.tvm"), aligned(16))) fused_nn_contrib_depthwise_conv2d_NCHWc_add_constant_2[64] = {
    +0x00000007, +0x00000006, +0x00000005, +0x00000006, +0x00000006, +0x00000005, +0x00000006, +0x00000007, 
    +0x00000006, +0x00000007, +0x00000006, +0x00000007, +0x00000005, +0x00000007, +0x00000006, +0x00000006, 
    +0x00000006, +0x00000006, +0x00000007, +0x00000006, +0x00000007, +0x00000006, +0x00000006, +0x00000006, 
    +0x00000007, +0x00000007, +0x00000006, +0x00000005, +0x00000006, +0x00000007, +0x00000006, +0x00000005, 
    +0x00000006, +0x00000007, +0x00000006, +0x00000007, +0x00000006, +0x00000007, +0x00000006, +0x00000007, 
    +0x00000007, +0x00000006, +0x00000005, +0x00000006, +0x00000005, +0x00000006, +0x00000006, +0x00000006, 
    +0x00000006, +0x00000007, +0x00000007, +0x00000005, +0x00000007, +0x00000006, +0x00000006, +0x00000007, 
    +0x00000007, +0x00000006, +0x00000006, +0x00000006, +0x00000006, +0x00000007, +0x00000006, +0x00000006
};
#ifdef __cplusplus
}  // extern "C"
#endif

#ifdef __cplusplus
extern "C" {
#endif
static const int32_t __attribute__((section(".rodata.tvm"), aligned(16))) fused_nn_contrib_depthwise_conv2d_NCHWc_add_constant_1[64] = {
    +0x00000000, +0x00000000, +0x00000000, +0x00000000, +0x00000000, +0x00000000, +0x00000000, +0x00000000, 
    +0x00000000, +0x00000000, +0x00000000, +0x00000000, +0x00000000, +0x00000000, +0x00000000, +0x00000000, 
    +0x00000000, +0x00000000, +0x00000000, +0x00000000, +0x00000000, +0x00000000, +0x00000000, +0x00000000, 
    +0x00000000, +0x00000000, +0x00000000, +0x00000000, +0x00000000, +0x00000000, +0x00000000, +0x00000000, 
    +0x00000000, +0x00000000, +0x00000000, +0x00000000, +0x00000000, +0x00000000, +0x00000000, +0x00000000, 
    +0x00000000, +0x00000000, +0x00000000, +0x00000000, +0x00000000, +0x00000000, +0x00000000, +0x00000000, 
    +0x00000000, +0x00000000, +0x00000000, +0x00000000, +0x00000000, +0x00000000, +0x00000000, +0x00000000, 
    +0x00000000, +0x00000000, +0x00000000, +0x00000000, +0x00000000, +0x00000000, +0x00000000, +0x00000000
};
#ifdef __cplusplus
}  // extern "C"
#endif

#ifdef __cplusplus
extern "C" {
#endif
static const int32_t __attribute__((section(".rodata.tvm"), aligned(16))) fused_nn_contrib_depthwise_conv2d_NCHWc_add_constant[64] = {
    +0x5b74639b, +0x7fbc1b62, +0x481f4197, +0x5838ec6e, +0x576ae4db, +0x46ebe206, +0x737f3122, +0x543027ad, 
    +0x64ccb0d8, +0x614ecc4e, +0x5826491d, +0x727836a5, +0x494fbb73, +0x4e939f69, +0x4c68d207, +0x500ba228, 
    +0x70f66b77, +0x53bbf919, +0x7eb54aaa, +0x54ecfe9f, +0x6b72a8b9, +0x4fa45695, +0x76f5ec75, +0x626993b3, 
    +0x7ff89c0d, +0x70beafda, +0x488ba1d7, +0x41ae6715, +0x650a115c, +0x718a643b, +0x74e59b29, +0x40a9f743, 
    +0x65e1cccf, +0x58ace81a, +0x68235989, +0x5ccee005, +0x68a52f8e, +0x495d433d, +0x55347e0b, +0x69662523, 
    +0x79580fa5, +0x500f8857, +0x4302ac13, +0x54ba3322, +0x40afe6e4, +0x46a9ac23, +0x60c6761a, +0x6db1ddb0, 
    +0x7007a989, +0x75d60935, +0x480e0537, +0x5bac4af2, +0x75eb75d7, +0x687977bf, +0x44feaeea, +0x6ec547aa, 
    +0x6c08e268, +0x49dfbd64, +0x76e6f100, +0x504e4d84, +0x6990830e, +0x553c3392, +0x5674c2e5, +0x49a0b552
};
#ifdef __cplusplus
}  // extern "C"
#endif

#ifdef __cplusplus
extern "C" {
#endif
static const int32_t __attribute__((section(".rodata.tvm"), aligned(16))) fused_nn_contrib_depthwise_conv2d_NCHWc_constant[64] = {
    +0x000005a7, -0x00000016, +0x000000c9, +0x0000006f, -0x000000ea, +0x00000081, -0x0000000c, +0x00000168, 
    +0x00000008, -0x000000c1, -0x0000001e, +0x00000006, -0x0000002f, +0x00000018, -0x0000001b, +0x0000009d, 
    +0x00000067, +0x000002b6, +0x0000002a, -0x000000b1, +0x00000251, +0x00000181, -0x0000000d, +0x00000268, 
    +0x00000250, +0x00000355, +0x000003fa, +0x0000000e, +0x00000058, -0x000000ec, +0x0000028a, +0x0000005d, 
    +0x0000000d, +0x00000514, -0x00000002, -0x0000000e, +0x00000076, +0x00000160, +0x000000b0, +0x00000121, 
    -0x0000006a, -0x00000084, -0x00000093, +0x00000269, -0x000000a6, -0x00000081, +0x00000075, +0x00000005, 
    +0x00000118, +0x00000365, +0x00000596, -0x000000a5, +0x0000009e, +0x00000191, +0x000000b6, +0x0000052d, 
    +0x00000096, +0x0000015d, +0x00000052, -0x00000054, +0x0000014d, +0x00000188, +0x000001c8, +0x00000350
};
#ifdef __cplusplus
}  // extern "C"
#endif

#ifdef __cplusplus
extern "C" {
#endif
static const int16_t __attribute__((section(".rodata.tvm"), aligned(16))) fused_constant_1[576] = {
    -0x0072, +0x007f, +0x000a, +0x000e, -0x001e, -0x0046, -0x0023, -0x0019, 
    +0x0053, -0x0026, -0x0050, +0x0030, -0x007f, -0x003c, -0x0029, +0x000a, 
    -0x000d, -0x0056, +0x0000, -0x0046, -0x0052, +0x0007, +0x005c, -0x003c, 
    -0x0057, -0x0007, -0x003b, -0x0024, -0x004c, -0x0010, -0x000a, +0x007f, 
    +0x0026, +0x0010, +0x007f, -0x0026, +0x001c, -0x001d, +0x0034, -0x004a, 
    -0x000b, -0x0019, +0x000e, +0x0027, +0x000b, -0x0076, -0x007f, -0x002d, 
    -0x0033, +0x0036, +0x0045, +0x0002, +0x0023, +0x0009, -0x0017, +0x002b, 
    +0x0010, -0x007f, -0x006d, -0x0076, +0x007f, +0x0016, +0x0013, -0x0056, 
    -0x000d, -0x001c, +0x0023, +0x007f, -0x000d, -0x0052, -0x0029, -0x0053, 
    +0x0042, -0x000b, +0x006f, +0x0024, -0x007f, +0x0044, +0x002a, +0x0062, 
    +0x006a, +0x0041, -0x006c, -0x0068, +0x0014, +0x0040, -0x0036, +0x0050, 
    -0x002c, +0x007f, -0x000a, -0x006d, +0x0055, -0x002a, +0x007f, +0x006e, 
    +0x0015, -0x0013, -0x000c, +0x004b, +0x0018, +0x0016, -0x004b, -0x007f, 
    -0x0015, +0x000a, +0x0075, +0x0010, -0x0015, +0x002f, -0x0006, +0x0025, 
    -0x002e, -0x007f, -0x0028, +0x0011, -0x001b, -0x0002, -0x005d, -0x0042, 
    -0x001e, +0x005e, +0x0033, +0x007f, +0x007f, -0x003e, -0x0031, -0x0046, 
    +0x0009, +0x000d, -0x005f, -0x000f, -0x000a, +0x0070, -0x001c, -0x0069, 
    -0x0013, -0x0003, +0x007f, -0x002c, +0x0001, -0x004d, +0x003b, -0x0012, 
    -0x0044, -0x0024, +0x006b, -0x0018, +0x0010, +0x0020, +0x004e, +0x001e, 
    +0x0031, -0x0015, -0x0031, +0x002a, -0x0048, -0x0045, -0x006e, +0x0073, 
    -0x0003, -0x001c, +0x0018, +0x0053, -0x004b, -0x007f, -0x007f, -0x0032, 
    +0x007f, -0x000b, -0x0017, +0x007f, -0x0020, -0x001b, +0x0013, +0x006c, 
    -0x0059, -0x006e, -0x0042, -0x005f, +0x0046, -0x007f, -0x0015, -0x000f, 
    -0x003e, +0x0011, +0x000d, -0x0005, +0x007f, +0x001c, +0x0016, +0x007f, 
    -0x007b, -0x0053, +0x002b, -0x003a, -0x0053, +0x002d, +0x002b, -0x0019, 
    +0x0020, -0x0006, -0x0021, +0x0027, -0x007d, -0x0052, +0x0019, -0x0027, 
    -0x000b, +0x0008, -0x0021, -0x0017, +0x006b, +0x0037, -0x007f, +0x0006, 
    -0x003e, -0x0050, -0x0035, +0x000d, -0x007d, -0x0031, -0x0036, +0x0035, 
    -0x0007, -0x001d, -0x000e, +0x0026, +0x007f, -0x0061, -0x002f, +0x0040, 
    -0x005c, -0x0030, -0x007f, -0x0033, +0x0010, -0x0054, -0x0021, +0x007f, 
    +0x0006, -0x002b, +0x0026, -0x0025, -0x002d, +0x0062, -0x005e, -0x0014, 
    -0x003e, -0x007f, -0x0024, -0x0037, -0x0048, +0x0047, -0x0008, -0x0007, 
    +0x0008, +0x0051, -0x0058, +0x000a, -0x000a, +0x003b, -0x0068, -0x0038, 
    -0x0034, +0x007f, -0x0005, -0x001c, +0x001c, +0x0028, -0x0067, +0x0010, 
    +0x0043, -0x0013, -0x0036, -0x0063, -0x002d, -0x0033, +0x002d, +0x0057, 
    +0x0017, -0x000b, -0x007f, +0x0004, +0x007f, -0x0012, -0x0001, -0x007f, 
    +0x0021, -0x0039, -0x0017, -0x000d, -0x003f, +0x000c, -0x0037, -0x0036, 
    +0x000e, -0x001c, -0x0017, +0x0011, +0x002a, -0x0079, +0x007f, +0x004a, 
    -0x0059, +0x0057, -0x0021, +0x0021, -0x002b, -0x006d, -0x002c, +0x003d, 
    -0x000e, -0x007b, -0x0035, +0x007f, +0x007f, +0x0003, -0x0001, -0x0048, 
    +0x000f, -0x007f, +0x003c, -0x0042, -0x0012, +0x002c, -0x0007, -0x0018, 
    +0x0001, -0x0056, -0x005e, +0x005f, -0x0057, -0x0047, -0x0011, -0x004f, 
    +0x000e, +0x0072, -0x002e, -0x004a, +0x007f, -0x0063, +0x0038, +0x007f, 
    -0x0058, +0x0024, +0x0008, -0x0021, +0x0005, +0x007a, -0x001d, -0x001c, 
    -0x0033, -0x006d, +0x007f, -0x0079, -0x0003, +0x007f, -0x0018, +0x0022, 
    +0x007f, -0x003a, +0x007f, -0x0010, -0x0076, +0x002a, -0x0007, -0x0048, 
    +0x004f, +0x006e, +0x003d, +0x0039, -0x0039, -0x0059, -0x0037, -0x006c, 
    -0x0014, +0x0053, +0x0008, -0x0015, +0x007b, +0x0007, -0x0003, -0x000b, 
    +0x000b, +0x007f, -0x002a, -0x007f, +0x003f, -0x0052, +0x0039, +0x001f, 
    -0x003c, -0x0027, +0x0040, -0x0032, -0x001c, -0x0036, +0x0015, +0x007f, 
    +0x0010, +0x007f, +0x0007, +0x0044, -0x0008, +0x0066, -0x0050, +0x0028, 
    -0x0045, +0x0006, +0x0025, -0x0033, -0x0002, -0x006e, -0x0025, +0x0064, 
    -0x0027, -0x0002, -0x004f, +0x0025, +0x007f, -0x0019, -0x0052, -0x0047, 
    +0x0008, +0x002d, +0x0026, +0x0015, +0x0040, -0x0014, +0x007f, +0x000d, 
    +0x000f, +0x0024, -0x0070, +0x0007, -0x000a, -0x0050, +0x000b, -0x0008, 
    -0x0044, -0x002f, +0x002a, -0x0001, -0x0013, +0x001e, -0x007f, -0x0003, 
    +0x0034, -0x007f, +0x0012, +0x0043, -0x007f, -0x0024, +0x0010, +0x0069, 
    -0x0008, -0x001f, -0x007d, +0x0022, +0x0028, -0x0067, -0x0015, -0x0006, 
    -0x0033, +0x0049, -0x0014, +0x007f, -0x0048, +0x0018, -0x0061, -0x0015, 
    -0x0043, +0x000f, +0x0033, -0x0043, +0x002b, -0x0026, +0x0001, +0x0057, 
    +0x0074, +0x0007, +0x007f, -0x007f, -0x0011, +0x0007, -0x001a, -0x005a, 
    -0x004b, -0x007f, +0x005a, +0x0020, +0x007f, +0x0015, +0x002a, -0x004a, 
    -0x0034, -0x0027, -0x005f, -0x003f, -0x003f, -0x004b, +0x003e, +0x001b, 
    -0x0040, +0x0021, -0x0035, -0x0014, +0x0077, +0x000b, +0x0008, +0x007f, 
    -0x007f, -0x0015, -0x005d, -0x004f, -0x005b, +0x002f, +0x007d, +0x0069, 
    +0x0042, -0x007f, +0x0011, -0x003a, -0x0017, -0x0017, -0x007f, -0x0039, 
    +0x003c, -0x002a, +0x0004, -0x0017, -0x0023, -0x004d, -0x0013, -0x0032, 
    -0x001a, +0x0051, -0x000b, +0x0034, -0x0001, +0x007b, -0x007f, -0x006d, 
    +0x0035, -0x0052, +0x001c, +0x000e, -0x006e, -0x0029, +0x001d, +0x000e, 
    -0x005e, +0x007f, -0x0040, -0x007f, +0x001b, -0x0069, -0x000d, -0x0007, 
    -0x0048, -0x003f, -0x0004, -0x0011, -0x007f, +0x001a, +0x002c, -0x0052, 
    -0x0003, +0x0002, -0x002b, -0x001d, +0x0049, -0x0070, +0x0022, +0x0048
};
#ifdef __cplusplus
}  // extern "C"
#endif

#ifdef __cplusplus
extern "C" {
#endif
static const int32_t __attribute__((section(".rodata.tvm"), aligned(16))) fused_nn_contrib_depthwise_conv2d_NCHWc_add_constant_5[64] = {
    +0x00000006, +0x00000007, +0x00000007, +0x00000007, +0x00000006, +0x00000006, +0x00000007, +0x00000007, 
    +0x00000007, +0x00000006, +0x00000007, +0x00000006, +0x00000007, +0x00000007, +0x00000006, +0x00000006, 
    +0x00000007, +0x00000007, +0x00000006, +0x00000006, +0x00000006, +0x00000006, +0x00000006, +0x00000007, 
    +0x00000006, +0x00000006, +0x00000006, +0x00000006, +0x00000006, +0x00000007, +0x00000006, +0x00000006, 
    +0x00000007, +0x00000006, +0x00000005, +0x00000006, +0x00000006, +0x00000007, +0x00000007, +0x00000006, 
    +0x00000006, +0x00000007, +0x00000006, +0x00000006, +0x00000006, +0x00000006, +0x00000006, +0x00000007, 
    +0x00000006, +0x00000007, +0x00000006, +0x00000006, +0x00000006, +0x00000007, +0x00000007, +0x00000007, 
    +0x00000006, +0x00000007, +0x00000005, +0x00000006, +0x00000007, +0x00000006, +0x00000006, +0x00000006
};
#ifdef __cplusplus
}  // extern "C"
#endif

#ifdef __cplusplus
extern "C" {
#endif
static const int32_t __attribute__((section(".rodata.tvm"), aligned(16))) fused_nn_contrib_depthwise_conv2d_NCHWc_add_constant_4[64] = {
    +0x00000000, +0x00000000, +0x00000000, +0x00000000, +0x00000000, +0x00000000, +0x00000000, +0x00000000, 
    +0x00000000, +0x00000000, +0x00000000, +0x00000000, +0x00000000, +0x00000000, +0x00000000, +0x00000000, 
    +0x00000000, +0x00000000, +0x00000000, +0x00000000, +0x00000000, +0x00000000, +0x00000000, +0x00000000, 
    +0x00000000, +0x00000000, +0x00000000, +0x00000000, +0x00000000, +0x00000000, +0x00000000, +0x00000000, 
    +0x00000000, +0x00000000, +0x00000000, +0x00000000, +0x00000000, +0x00000000, +0x00000000, +0x00000000, 
    +0x00000000, +0x00000000, +0x00000000, +0x00000000, +0x00000000, +0x00000000, +0x00000000, +0x00000000, 
    +0x00000000, +0x00000000, +0x00000000, +0x00000000, +0x00000000, +0x00000000, +0x00000000, +0x00000000, 
    +0x00000000, +0x00000000, +0x00000000, +0x00000000, +0x00000000, +0x00000000, +0x00000000, +0x00000000
};
#ifdef __cplusplus
}  // extern "C"
#endif

#ifdef __cplusplus
extern "C" {
#endif
static const int32_t __attribute__((section(".rodata.tvm"), aligned(16))) fused_nn_contrib_depthwise_conv2d_NCHWc_add_constant_3[64] = {
    +0x489d780a, +0x7d21deee, +0x7bcb2cb3, +0x78506922, +0x4aea1201, +0x41f0fc11, +0x535da7aa, +0x692fc75d, 
    +0x60d36ece, +0x5d1c9df0, +0x718b9b5f, +0x5592e92f, +0x7764004d, +0x702ae878, +0x5e262272, +0x4babc595, 
    +0x758edb03, +0x636e3a80, +0x429dcf60, +0x630488a9, +0x70296754, +0x42dae2ff, +0x5107eebd, +0x5b7fe00f, 
    +0x6759554d, +0x5202ed49, +0x584222ac, +0x5552795c, +0x561dd6f1, +0x59e4cab6, +0x500027a0, +0x4883f6ac, 
    +0x6669504f, +0x6beac91e, +0x41ddbd62, +0x54bb00af, +0x52b2a876, +0x5e744646, +0x6b7ab428, +0x77cfc5bd, 
    +0x5194606b, +0x79049a4d, +0x42b6d4fe, +0x5dd6fcee, +0x6a52f7df, +0x44291717, +0x74024e67, +0x7549c6da, 
    +0x71027ef0, +0x576fb42b, +0x5e36724f, +0x75864bb9, +0x4d2fe533, +0x6ae3edea, +0x64a70fcb, +0x614442b7, 
    +0x494eb9eb, +0x6f2274f3, +0x46ab16a3, +0x4281141b, +0x65b2a2cc, +0x4559c89f, +0x70d108f0, +0x53bc675d
};
#ifdef __cplusplus
}  // extern "C"
#endif

#ifdef __cplusplus
extern "C" {
#endif
static const int32_t __attribute__((section(".rodata.tvm"), aligned(16))) fused_nn_contrib_depthwise_conv2d_NCHWc_constant_1[64] = {
    -0x00000022, -0x000001ba, +0x00000682, -0x000006df, -0x00000193, -0x0000016b, +0x000004ab, +0x00000812, 
    -0x00000675, +0x0000023f, -0x00000257, -0x0000001e, +0x000008ee, -0x000001cd, +0x0000030f, +0x0000011a, 
    -0x0000024b, +0x000007cd, +0x00000140, -0x00000268, -0x000000ff, -0x000008d1, +0x000001f0, -0x000004ad, 
    -0x0000051c, -0x00000154, -0x000002d6, +0x00000264, +0x0000060f, -0x00000a67, -0x00000606, -0x0000020f, 
    -0x0000018e, +0x00000211, +0x000000e3, +0x00000025, +0x00000477, -0x0000015d, +0x0000011c, +0x00000368, 
    -0x000001ab, -0x0000060f, +0x00000773, +0x00000780, -0x00000308, -0x00000223, -0x00000074, -0x0000092d, 
    +0x0000053f, +0x000006c2, -0x00000525, +0x000001c5, -0x0000040d, +0x00000243, -0x00000038, -0x00000318, 
    -0x0000017f, +0x0000007a, +0x00000189, -0x000006c9, -0x00000407, +0x00000587, -0x000003b5, -0x000000ee
};
#ifdef __cplusplus
}  // extern "C"
#endif

#ifdef __cplusplus
extern "C" {
#endif
static const int16_t __attribute__((section(".rodata.tvm"), aligned(16))) fused_constant_3[576] = {
    -0x000b, +0x0002, -0x001c, +0x007f, +0x0016, +0x0020, +0x0021, +0x003a, 
    +0x0020, +0x007f, -0x000c, +0x0027, +0x0066, -0x0055, -0x0024, +0x0071, 
    -0x007f, +0x0027, -0x0032, +0x004e, -0x002f, +0x005b, -0x003b, -0x0039, 
    +0x0054, +0x0005, -0x007f, +0x0052, -0x003f, +0x002a, -0x003e, +0x0021, 
    +0x001a, -0x004a, -0x0012, -0x003b, -0x0007, +0x0028, -0x0069, -0x0034, 
    +0x005b, +0x0057, -0x001a, -0x007f, +0x002d, -0x007f, +0x001a, +0x001e, 
    -0x0011, +0x0064, -0x0040, +0x0019, +0x002a, +0x0022, -0x001d, -0x0062, 
    -0x000b, -0x0078, +0x007f, -0x0054, -0x0014, +0x001d, -0x0055, -0x0018, 
    +0x0035, +0x005b, -0x0054, -0x0029, -0x007f, -0x0012, +0x0045, -0x002f, 
    +0x0044, -0x001e, +0x0058, -0x002b, +0x0036, +0x0038, +0x0027, -0x0026, 
    -0x001c, -0x0006, -0x0041, -0x0007, +0x007f, -0x0018, +0x0010, -0x0022, 
    +0x003c, +0x0015, +0x004d, -0x0001, -0x001e, +0x0018, -0x007f, -0x0022, 
    +0x003f, -0x003d, +0x0035, +0x0024, +0x003e, +0x0000, -0x0038, +0x007f, 
    +0x0051, -0x007f, -0x0006, -0x0029, -0x0040, +0x0077, -0x004b, -0x0030, 
    -0x0043, -0x006c, -0x007f, +0x007f, -0x003a, +0x0053, +0x0025, -0x0059, 
    +0x0003, +0x0063, -0x001a, +0x0018, -0x0056, -0x0045, +0x0036, +0x0012, 
    +0x0015, +0x0026, +0x0027, -0x003d, -0x001c, -0x0007, -0x0018, +0x0006, 
    -0x007f, -0x002a, +0x003a, +0x001f, -0x0018, +0x007f, -0x004f, -0x007f, 
    +0x007f, -0x005f, -0x004e, -0x007f, -0x0016, -0x0059, +0x000d, +0x005c, 
    +0x0017, -0x0045, +0x003c, +0x0021, +0x0046, -0x0014, -0x0039, -0x003d, 
    +0x0051, -0x003d, -0x001c, +0x003c, +0x0029, +0x0026, +0x007f, +0x0068, 
    -0x006d, -0x007f, -0x0047, +0x000e, +0x0019, -0x0022, -0x0039, -0x0018, 
    -0x007c, +0x0046, +0x0032, +0x0015, +0x007f, +0x0039, +0x0040, +0x0070, 
    -0x0062, -0x0002, -0x0013, +0x000b, +0x000d, -0x0026, +0x0035, +0x007b, 
    +0x000b, +0x007f, -0x0017, +0x007f, -0x003b, +0x003b, -0x003d, +0x0014, 
    +0x003d, +0x0027, +0x0042, -0x0026, +0x0005, +0x0074, -0x002b, +0x0019, 
    -0x0027, +0x0073, -0x007f, +0x0008, +0x0042, +0x002b, +0x0033, -0x002a, 
    +0x0063, +0x003f, +0x007f, +0x0012, +0x003e, +0x0022, +0x0026, +0x0057, 
    -0x000c, +0x0042, +0x0012, -0x0044, +0x0023, -0x0002, +0x0038, +0x0028, 
    +0x0034, +0x003f, +0x0003, +0x002d, +0x0018, -0x0025, +0x0021, -0x007f, 
    -0x001c, -0x007c, -0x0009, -0x000e, +0x007f, +0x007f, -0x0029, +0x0040, 
    +0x002a, -0x0046, +0x005b, -0x007f, -0x0017, +0x007f, +0x0012, +0x0035, 
    +0x002c, +0x0073, +0x0041, -0x0069, -0x0012, +0x0072, +0x0033, -0x0040, 
    -0x0024, +0x007d, +0x0003, +0x001a, +0x0024, +0x004a, +0x007f, +0x0011, 
    -0x0037, +0x0037, +0x000d, +0x0016, -0x0075, -0x0007, +0x001e, +0x0028, 
    +0x0008, -0x0001, +0x0046, +0x007f, -0x007f, +0x0074, +0x0022, +0x0028, 
    -0x0068, +0x0013, +0x0037, -0x0017, +0x0015, -0x005e, -0x002c, -0x0038, 
    +0x0066, -0x007f, +0x000c, +0x007f, -0x0032, +0x0030, -0x0006, -0x001c, 
    +0x0014, -0x002c, -0x0041, -0x004c, +0x0018, -0x0032, +0x000a, +0x002e, 
    -0x0007, +0x003a, -0x0043, +0x0039, +0x005c, +0x0009, -0x0001, -0x002b, 
    +0x007f, +0x0066, +0x007f, -0x0010, -0x003d, -0x003e, -0x005b, +0x0025, 
    +0x002e, -0x0043, +0x0030, +0x005f, +0x000e, -0x0037, +0x005d, -0x001d, 
    -0x0011, +0x0062, -0x004c, -0x000a, -0x0065, -0x0067, +0x007f, +0x000a, 
    +0x0060, +0x0063, -0x0078, -0x0046, -0x007f, +0x005a, -0x0055, -0x007f, 
    -0x0066, +0x001f, +0x002c, -0x0024, +0x003a, +0x007f, -0x0011, -0x0038, 
    -0x001f, +0x002f, +0x0016, -0x0014, +0x0009, +0x007f, -0x003c, -0x007f, 
    -0x0037, +0x0039, -0x007f, -0x0015, +0x0063, +0x0011, -0x0045, -0x002c, 
    +0x0006, +0x0016, -0x002a, -0x0039, -0x0008, +0x0021, -0x0077, +0x0026, 
    +0x007f, +0x0043, +0x001c, -0x003c, +0x0023, +0x002e, -0x0028, -0x0053, 
    -0x0013, -0x003d, -0x0064, -0x0046, +0x002d, -0x001e, -0x0014, +0x004b, 
    +0x000f, +0x007f, -0x0031, +0x0016, -0x007f, -0x004e, +0x007f, +0x004d, 
    +0x0040, -0x0006, -0x0064, +0x007f, +0x002b, +0x004b, +0x001a, +0x0002, 
    -0x001a, -0x0016, +0x0044, +0x003f, +0x0033, -0x0002, +0x001e, +0x005f, 
    +0x0023, +0x0013, +0x000f, +0x0035, +0x0048, -0x0038, -0x0022, +0x0034, 
    +0x000d, -0x0055, +0x005d, +0x0060, -0x0022, -0x0011, +0x0049, -0x007f, 
    -0x001f, -0x0029, -0x0047, +0x001b, -0x0013, +0x006a, +0x0039, -0x0017, 
    -0x0046, -0x0064, +0x0052, -0x000d, -0x003f, -0x0061, +0x007f, +0x0026, 
    +0x0046, +0x006c, +0x0043, -0x006d, -0x002d, -0x007f, +0x0029, +0x002c, 
    -0x007f, -0x0030, -0x0008, +0x0019, +0x0062, -0x005f, +0x0075, -0x0005, 
    +0x007f, +0x007f, +0x005b, -0x007f, -0x0015, -0x006a, -0x004e, +0x0004, 
    +0x001a, -0x0078, +0x001c, +0x0079, -0x0021, +0x0044, +0x0022, -0x000f, 
    +0x0008, +0x000a, -0x007f, +0x0055, +0x0025, -0x0036, -0x000f, +0x0043, 
    +0x0017, -0x0017, -0x001f, +0x0014, +0x0015, +0x005c, -0x002a, +0x0067, 
    +0x0010, -0x002d, -0x007f, +0x0058, +0x0044, +0x0047, -0x0025, +0x0039, 
    +0x0003, -0x000d, -0x0033, +0x0031, -0x007f, -0x0004, -0x001d, +0x0047, 
    +0x005b, +0x005d, +0x002b, +0x003f, -0x003d, -0x005c, -0x003e, +0x0018, 
    -0x0005, -0x001c, +0x0053, +0x0065, +0x0037, +0x0041, +0x0001, -0x001d, 
    -0x0027, -0x007f, +0x006f, +0x007f, +0x006a, +0x0029, +0x004f, -0x003e, 
    +0x0038, -0x0001, -0x003b, +0x0006, -0x002e, -0x0011, +0x007f, -0x007f, 
    +0x0050, +0x0028, +0x0046, -0x003b, +0x0031, -0x000b, -0x000d, +0x0042, 
    +0x0018, +0x000a, +0x0010, +0x0016, -0x007f, -0x0037, +0x0009, +0x0011, 
    +0x004a, -0x006d, +0x0016, +0x0063, +0x001b, -0x007f, -0x0001, +0x005e
};
#ifdef __cplusplus
}  // extern "C"
#endif

#ifdef __cplusplus
extern "C" {
#endif
static const int32_t __attribute__((section(".rodata.tvm"), aligned(16))) fused_nn_contrib_depthwise_conv2d_NCHWc_add_constant_8[64] = {
    +0x00000007, +0x00000006, +0x00000007, +0x00000007, +0x00000007, +0x00000007, +0x00000007, +0x00000006, 
    +0x00000007, +0x00000007, +0x00000007, +0x00000006, +0x00000006, +0x00000007, +0x00000007, +0x00000007, 
    +0x00000006, +0x00000006, +0x00000007, +0x00000007, +0x00000007, +0x00000007, +0x00000007, +0x00000007, 
    +0x00000006, +0x00000007, +0x00000006, +0x00000006, +0x00000006, +0x00000006, +0x00000007, +0x00000006, 
    +0x00000006, +0x00000007, +0x00000006, +0x00000007, +0x00000007, +0x00000007, +0x00000007, +0x00000007, 
    +0x00000007, +0x00000006, +0x00000007, +0x00000006, +0x00000007, +0x00000006, +0x00000007, +0x00000007, 
    +0x00000007, +0x00000006, +0x00000007, +0x00000007, +0x00000007, +0x00000007, +0x00000006, +0x00000007, 
    +0x00000007, +0x00000007, +0x00000007, +0x00000006, +0x00000007, +0x00000007, +0x00000006, +0x00000006
};
#ifdef __cplusplus
}  // extern "C"
#endif

#ifdef __cplusplus
extern "C" {
#endif
static const int32_t __attribute__((section(".rodata.tvm"), aligned(16))) fused_nn_contrib_depthwise_conv2d_NCHWc_add_constant_7[64] = {
    +0x00000000, +0x00000000, +0x00000000, +0x00000000, +0x00000000, +0x00000000, +0x00000000, +0x00000000, 
    +0x00000000, +0x00000000, +0x00000000, +0x00000000, +0x00000000, +0x00000000, +0x00000000, +0x00000000, 
    +0x00000000, +0x00000000, +0x00000000, +0x00000000, +0x00000000, +0x00000000, +0x00000000, +0x00000000, 
    +0x00000000, +0x00000000, +0x00000000, +0x00000000, +0x00000000, +0x00000000, +0x00000000, +0x00000000, 
    +0x00000000, +0x00000000, +0x00000000, +0x00000000, +0x00000000, +0x00000000, +0x00000000, +0x00000000, 
    +0x00000000, +0x00000000, +0x00000000, +0x00000000, +0x00000000, +0x00000000, +0x00000000, +0x00000000, 
    +0x00000000, +0x00000000, +0x00000000, +0x00000000, +0x00000000, +0x00000000, +0x00000000, +0x00000000, 
    +0x00000000, +0x00000000, +0x00000000, +0x00000000, +0x00000000, +0x00000000, +0x00000000, +0x00000000
};
#ifdef __cplusplus
}  // extern "C"
#endif

#ifdef __cplusplus
extern "C" {
#endif
static const int32_t __attribute__((section(".rodata.tvm"), aligned(16))) fused_nn_contrib_depthwise_conv2d_NCHWc_add_constant_6[64] = {
    +0x60296088, +0x58a6343a, +0x511e9d2a, +0x4bf3a930, +0x5e7e2b73, +0x665c83f4, +0x51cd9357, +0x441d46f5, 
    +0x55c07f92, +0x73b2178c, +0x5b46cf8c, +0x51b6d772, +0x47b423f5, +0x692af57d, +0x4b6345b5, +0x7e841a3f, 
    +0x46804a0f, +0x4ff87a25, +0x66faba95, +0x4e30fcba, +0x5f40800c, +0x7884f804, +0x6f663194, +0x6f35cba4, 
    +0x4052bddb, +0x581bee52, +0x5a9f0a0e, +0x429e2f27, +0x41b57778, +0x64375231, +0x5ecad764, +0x49912fa4, 
    +0x4507ce4f, +0x5b02bac0, +0x4358a355, +0x59852897, +0x64389519, +0x707a41d3, +0x598c6459, +0x55ba9834, 
    +0x671c321a, +0x42d56964, +0x62140e1c, +0x5bc20c38, +0x7188a7e8, +0x42508d88, +0x722acbf9, +0x51b05c08, 
    +0x632ef672, +0x4bd13f33, +0x50c35751, +0x5b8495cf, +0x75e005c2, +0x6202f30e, +0x510ad2ea, +0x56bb68ec, 
    +0x5892a158, +0x54eccc4e, +0x7ee81876, +0x4e7ca8ca, +0x5352cac2, +0x55d28171, +0x41fa233a, +0x66160b27
};
#ifdef __cplusplus
}  // extern "C"
#endif

#ifdef __cplusplus
extern "C" {
#endif
static const int32_t __attribute__((section(".rodata.tvm"), aligned(16))) fused_nn_contrib_depthwise_conv2d_NCHWc_constant_2[64] = {
    +0x0000040a, +0x00000a27, +0x0000059c, -0x000009d1, -0x00000738, +0x00000ee0, +0x00000e50, -0x00000416, 
    +0x00000815, -0x000008ce, -0x00000c0b, -0x00000192, +0x000003f0, -0x0000060e, -0x00000bcd, +0x00000c83, 
    -0x000008ba, +0x000003f3, -0x00000839, -0x000002fb, +0x00000403, +0x00000a44, -0x00000708, +0x00000145, 
    -0x000008e2, +0x000010d0, +0x000005cf, -0x000000c2, -0x000008c0, +0x00000748, -0x00000b4e, -0x000002f2, 
    +0x0000087c, -0x000005da, -0x0000056e, +0x00001056, -0x000008ea, +0x00000d24, -0x000006d4, +0x00000886, 
    -0x00000b7b, -0x0000037a, -0x000005fc, -0x000001ec, +0x00000022, +0x000009b1, +0x00000577, -0x00000f9b, 
    +0x000004a6, -0x0000076a, +0x00000e20, -0x00000f5d, -0x000001d8, +0x00000a66, -0x00000391, +0x0000052a, 
    +0x00000121, +0x00000cc6, +0x00000aea, +0x00000956, -0x00000c51, -0x0000089f, +0x0000076b, +0x000003cb
};
#ifdef __cplusplus
}  // extern "C"
#endif

#ifdef __cplusplus
extern "C" {
#endif
static const int16_t __attribute__((section(".rodata.tvm"), aligned(16))) fused_constant_5[576] = {
    -0x0001, -0x0040, -0x0051, +0x007f, +0x005e, -0x0020, -0x007f, -0x0019, 
    -0x007f, -0x007f, +0x0007, +0x0032, -0x0037, -0x0037, +0x0005, +0x0070, 
    +0x004d, -0x001c, -0x0075, +0x003f, -0x0041, -0x0038, +0x003e, +0x007d, 
    -0x002a, -0x005d, +0x0048, +0x0063, +0x0041, +0x0008, -0x003b, +0x005c, 
    -0x003a, -0x003b, +0x0070, +0x0040, +0x0045, -0x0026, -0x007f, -0x000e, 
    +0x0053, -0x000b, +0x0004, +0x0030, -0x0012, -0x004d, -0x0069, -0x0022, 
    -0x000a, -0x003b, -0x001d, -0x0013, +0x005c, -0x0055, +0x0006, +0x0044, 
    -0x0032, -0x007f, -0x0067, -0x0002, +0x007f, -0x003b, -0x0077, -0x005d, 
    +0x0013, -0x0039, +0x0019, +0x007f, -0x0031, -0x006f, -0x005e, -0x0028, 
    +0x0023, +0x006a, +0x002d, -0x0059, -0x003d, +0x0040, +0x003a, +0x0068, 
    -0x007e, +0x0037, +0x007f, -0x0033, +0x003c, +0x0024, -0x0035, -0x001f, 
    -0x005c, +0x0034, +0x003e, +0x0037, -0x0016, +0x001a, +0x005f, -0x0023, 
    -0x0003, +0x007f, +0x003c, +0x0039, -0x007f, +0x0016, +0x002a, -0x0043, 
    -0x0004, -0x003a, +0x006d, +0x007f, +0x000f, +0x007f, +0x0062, -0x0034, 
    +0x0030, +0x0040, +0x0071, -0x0003, -0x007f, +0x0015, +0x007f, -0x000b, 
    -0x001f, +0x0012, +0x005a, -0x002d, +0x0027, +0x004c, +0x0069, -0x001f, 
    -0x0044, -0x006e, -0x0010, -0x0070, -0x003c, +0x003b, +0x005c, -0x0063, 
    +0x0046, +0x001f, +0x0037, +0x002a, -0x004e, -0x0021, -0x0006, -0x007f, 
    +0x0014, +0x0015, +0x004b, +0x005c, -0x0015, +0x0011, +0x0027, -0x0032, 
    +0x006b, -0x0075, +0x0000, -0x007f, +0x003c, +0x0049, +0x002b, +0x006f, 
    +0x0024, -0x0050, +0x001b, +0x0005, +0x0030, -0x0019, -0x003d, -0x0058, 
    +0x007f, +0x0054, +0x007f, +0x000e, +0x000a, -0x007f, +0x004e, +0x002e, 
    +0x000f, +0x001b, -0x0001, -0x0004, -0x0005, -0x001b, +0x0040, -0x007f, 
    -0x0062, -0x001a, +0x007f, +0x005c, +0x0013, -0x0020, +0x0068, -0x0041, 
    +0x000e, -0x0026, +0x0008, -0x0048, -0x005b, -0x001d, +0x0052, +0x002d, 
    +0x0059, -0x0009, -0x000c, +0x0002, +0x007f, -0x007f, +0x001d, +0x0023, 
    -0x0043, -0x000a, +0x002c, -0x0010, -0x0028, -0x0048, +0x000c, -0x0002, 
    +0x007f, -0x000c, +0x0035, -0x000d, -0x0026, -0x002d, -0x0039, +0x0057, 
    +0x004c, -0x0042, -0x0036, -0x005c, +0x000f, -0x0032, -0x0001, -0x0004, 
    +0x003b, -0x0053, +0x0026, +0x0021, +0x002f, -0x0059, -0x0023, -0x003a, 
    +0x0046, -0x007f, -0x007f, -0x0008, +0x0056, -0x0059, -0x002d, +0x0015, 
    +0x0051, -0x0046, -0x0028, -0x007f, +0x0028, +0x0031, +0x0039, -0x007b, 
    +0x0017, +0x0002, +0x0009, -0x005a, +0x0017, -0x007f, +0x0034, -0x0007, 
    +0x0000, +0x001e, +0x002c, -0x001d, +0x0051, -0x0019, +0x0024, +0x0001, 
    +0x0014, -0x003f, +0x004a, +0x0025, +0x0013, +0x0016, +0x006a, -0x0019, 
    +0x007f, -0x001c, +0x0015, +0x0070, +0x0021, -0x0015, +0x007f, +0x007f, 
    -0x004c, -0x000a, -0x003b, -0x000f, -0x007f, -0x000b, -0x0033, -0x0038, 
    +0x0003, -0x000d, +0x0001, -0x0025, +0x0007, +0x007f, +0x0034, -0x003d, 
    -0x0055, +0x0017, +0x0013, -0x0023, -0x0026, -0x0019, +0x004d, -0x007f, 
    +0x000e, +0x0048, -0x0013, -0x0013, -0x0054, +0x004c, +0x0068, -0x006c, 
    +0x0061, +0x000d, +0x007f, -0x0051, +0x007f, -0x0079, +0x001c, +0x0075, 
    +0x000d, -0x007f, +0x007f, -0x003b, +0x003c, -0x0059, +0x0033, -0x001a, 
    -0x001a, -0x0051, -0x0019, +0x0051, +0x0032, -0x0075, +0x0038, -0x002d, 
    +0x0039, +0x0026, +0x0046, -0x0066, -0x0013, -0x004b, -0x000c, -0x006d, 
    +0x0079, +0x002f, +0x002e, -0x007f, +0x003f, +0x002f, +0x0040, -0x0006, 
    +0x005b, +0x002c, +0x007f, +0x0051, +0x0031, -0x0077, +0x0013, +0x0034, 
    +0x0021, -0x000e, -0x0033, -0x006b, +0x003f, +0x0011, +0x0035, +0x000c, 
    +0x003b, -0x0024, +0x0019, +0x002c, +0x0042, -0x0024, -0x0051, -0x0019, 
    +0x0055, +0x007f, +0x002b, -0x001e, +0x005e, +0x0058, +0x0019, +0x0073, 
    +0x007f, -0x001d, -0x0016, -0x007f, -0x0035, -0x0038, +0x0061, +0x004c, 
    +0x0058, -0x0013, -0x0052, +0x0057, -0x002d, -0x007f, -0x003f, +0x0051, 
    -0x0027, -0x0036, +0x004a, +0x0033, +0x0035, +0x000d, -0x007f, -0x0041, 
    -0x0036, -0x004a, -0x002c, +0x0052, +0x000f, -0x0049, +0x0037, +0x007c, 
    +0x002a, +0x0030, -0x0019, -0x0004, -0x007f, -0x0021, -0x006f, +0x007f, 
    +0x007f, +0x006e, -0x0047, +0x007f, -0x000e, +0x0035, -0x007f, +0x0076, 
    -0x0046, -0x0007, -0x0068, +0x005b, +0x002a, +0x000f, -0x0039, +0x004a, 
    -0x0015, +0x0021, -0x0015, +0x005f, -0x0031, +0x0059, -0x0024, +0x0044, 
    +0x0007, -0x0048, -0x002f, +0x0010, -0x0078, +0x0026, +0x0002, +0x0038, 
    -0x0068, +0x007f, +0x0038, -0x0026, +0x0029, -0x0007, -0x006c, +0x0047, 
    +0x002c, -0x004e, +0x0032, -0x005a, +0x0066, -0x003a, +0x007f, +0x002e, 
    -0x001a, -0x0031, -0x001b, +0x0006, +0x0015, -0x0008, -0x0033, -0x005e, 
    +0x000d, +0x000a, +0x0027, +0x0032, -0x007f, -0x007f, +0x0020, +0x0020, 
    -0x000e, -0x0056, +0x002b, -0x007f, +0x0042, +0x000b, -0x001e, +0x0039, 
    -0x007f, -0x001f, -0x0070, -0x007b, +0x000f, -0x0046, +0x0022, -0x0025, 
    +0x0010, -0x0041, -0x002f, -0x007f, -0x0061, -0x0046, -0x0027, -0x0013, 
    -0x0012, -0x007f, +0x0013, -0x000c, +0x006b, -0x0058, -0x0041, -0x003f, 
    -0x0074, -0x004e, +0x0001, -0x0043, +0x0037, -0x000d, +0x0013, +0x001f, 
    +0x005a, -0x000d, -0x007f, -0x0002, +0x0059, +0x0015, +0x0009, -0x0017, 
    +0x006c, +0x0005, -0x007f, +0x0018, +0x001f, +0x0014, -0x0043, +0x0020, 
    +0x001b, +0x006e, +0x0043, -0x0025, +0x0061, -0x0019, -0x0037, +0x0012, 
    -0x0009, +0x0028, -0x0035, +0x0037, +0x007f, +0x0050, +0x0037, -0x007f, 
    +0x0037, +0x0054, -0x0034, -0x002b, +0x0020, +0x007f, -0x006a, -0x000e
};
#ifdef __cplusplus
}  // extern "C"
#endif

#ifdef __cplusplus
extern "C" {
#endif
static const int32_t __attribute__((section(".rodata.tvm"), aligned(16))) fused_nn_contrib_depthwise_conv2d_NCHWc_add_constant_11[64] = {
    +0x00000007, +0x00000007, +0x00000007, +0x00000007, +0x00000006, +0x00000006, +0x00000007, +0x00000007, 
    +0x00000008, +0x00000007, +0x00000008, +0x00000006, +0x00000007, +0x00000006, +0x00000007, +0x00000008, 
    +0x00000007, +0x00000008, +0x00000006, +0x00000007, +0x00000008, +0x00000007, +0x00000007, +0x00000007, 
    +0x00000007, +0x00000007, +0x00000007, +0x00000007, +0x00000007, +0x00000006, +0x00000007, +0x00000007, 
    +0x00000007, +0x00000007, +0x00000007, +0x00000007, +0x00000007, +0x00000007, +0x00000008, +0x00000007, 
    +0x00000006, +0x00000007, +0x00000007, +0x00000007, +0x00000007, +0x00000008, +0x00000007, +0x00000007, 
    +0x00000008, +0x00000007, +0x00000008, +0x00000007, +0x00000006, +0x00000007, +0x00000007, +0x00000007, 
    +0x00000008, +0x00000007, +0x00000007, +0x00000007, +0x00000008, +0x00000007, +0x00000007, +0x00000007
};
#ifdef __cplusplus
}  // extern "C"
#endif

#ifdef __cplusplus
extern "C" {
#endif
static const int32_t __attribute__((section(".rodata.tvm"), aligned(16))) fused_nn_contrib_depthwise_conv2d_NCHWc_add_constant_10[64] = {
    +0x00000000, +0x00000000, +0x00000000, +0x00000000, +0x00000000, +0x00000000, +0x00000000, +0x00000000, 
    +0x00000000, +0x00000000, +0x00000000, +0x00000000, +0x00000000, +0x00000000, +0x00000000, +0x00000000, 
    +0x00000000, +0x00000000, +0x00000000, +0x00000000, +0x00000000, +0x00000000, +0x00000000, +0x00000000, 
    +0x00000000, +0x00000000, +0x00000000, +0x00000000, +0x00000000, +0x00000000, +0x00000000, +0x00000000, 
    +0x00000000, +0x00000000, +0x00000000, +0x00000000, +0x00000000, +0x00000000, +0x00000000, +0x00000000, 
    +0x00000000, +0x00000000, +0x00000000, +0x00000000, +0x00000000, +0x00000000, +0x00000000, +0x00000000, 
    +0x00000000, +0x00000000, +0x00000000, +0x00000000, +0x00000000, +0x00000000, +0x00000000, +0x00000000, 
    +0x00000000, +0x00000000, +0x00000000, +0x00000000, +0x00000000, +0x00000000, +0x00000000, +0x00000000
};
#ifdef __cplusplus
}  // extern "C"
#endif

#ifdef __cplusplus
extern "C" {
#endif
static const int32_t __attribute__((section(".rodata.tvm"), aligned(16))) fused_nn_contrib_depthwise_conv2d_NCHWc_add_constant_9[64] = {
    +0x4548bddd, +0x4b7a89b5, +0x58040c8a, +0x45570b52, +0x4d4907cf, +0x5d5403ca, +0x5decd572, +0x55fc4146, 
    +0x51834060, +0x479b0452, +0x7ead4722, +0x48291038, +0x61dc88b6, +0x70ee1af6, +0x4d7c56d0, +0x7ef9680d, 
    +0x49d5ddae, +0x75db3a7c, +0x49f5c348, +0x5f983717, +0x70e484c5, +0x54284163, +0x57f421e7, +0x6a31a538, 
    +0x761ffd7b, +0x61033faa, +0x6a23b699, +0x67029d2b, +0x5db58baf, +0x5baa76e7, +0x65050a8f, +0x569e5653, 
    +0x4306d00a, +0x5f17c131, +0x69dc8fce, +0x4a429d38, +0x553a23a3, +0x78cc952b, +0x6ee08b72, +0x57386e17, 
    +0x525653ae, +0x7ba6164f, +0x5b5ffa28, +0x54707652, +0x74488000, +0x54c5685d, +0x4f3dc820, +0x4f5c2019, 
    +0x7faa2905, +0x53b0ea59, +0x761a2e5a, +0x4d5c6c8c, +0x4990e952, +0x616d4f38, +0x46a93ede, +0x4da49fed, 
    +0x69d57af4, +0x6a768cc0, +0x66608b9c, +0x4f3587fc, +0x7334d951, +0x4442fff8, +0x4abc49ad, +0x426e3dbe
};
#ifdef __cplusplus
}  // extern "C"
#endif

#ifdef __cplusplus
extern "C" {
#endif
static const int32_t __attribute__((section(".rodata.tvm"), aligned(16))) fused_nn_contrib_depthwise_conv2d_NCHWc_constant_3[64] = {
    -0x000010b0, +0x0000180c, -0x00000f3b, +0x000018ad, -0x00000ae7, -0x000004d6, +0x00000e16, +0x000012bb, 
    -0x00001b14, +0x000006f2, +0x000010ef, -0x00000812, -0x000006b3, -0x0000041e, -0x00000df7, +0x00001738, 
    -0x000010b3, +0x000024d9, -0x000006e8, +0x00001469, -0x00000ff0, +0x000013db, -0x00000e8f, -0x00001095, 
    +0x00000cce, -0x00000c10, -0x000002e6, -0x00000e6f, +0x00000cb7, -0x0000062d, -0x00000a83, +0x000004fc, 
    +0x00001ddc, +0x000019b3, -0x00001311, +0x000014f3, -0x00001060, -0x00000f29, +0x00002538, +0x000015a1, 
    -0x000006c8, -0x00000a4d, +0x000016be, +0x0000121a, +0x00000795, -0x000015b6, +0x00001975, +0x00002203, 
    -0x000011cd, -0x000007c9, +0x000027cf, -0x00000c60, -0x00000485, -0x00000c32, -0x000010c4, +0x000020a1, 
    -0x0000141c, +0x00000cf4, -0x00000ae2, +0x000018ea, +0x000018d1, -0x00000bc9, +0x00001ea6, +0x00001c16
};
#ifdef __cplusplus
}  // extern "C"
#endif

#ifdef __cplusplus
extern "C" {
#endif
static const int16_t __attribute__((section(".rodata.tvm"), aligned(16))) fused_constant_7[576] = {
    +0x004e, -0x007f, +0x007f, -0x004f, +0x0024, -0x005e, +0x0072, -0x0010, 
    +0x007f, -0x0045, +0x0063, -0x0026, -0x0003, -0x002c, +0x0011, -0x001c, 
    +0x0012, -0x0028, +0x001f, -0x000d, +0x000e, -0x0038, +0x0017, -0x001f, 
    +0x0065, -0x0022, +0x004f, -0x0076, +0x001b, -0x0037, +0x005a, -0x002c, 
    +0x0066, -0x0069, +0x0067, -0x007f, +0x007a, +0x0077, -0x007f, -0x000a, 
    +0x007f, +0x007b, -0x004a, -0x003a, +0x0018, +0x0068, -0x0068, -0x003f, 
    -0x000b, +0x0001, -0x0007, -0x0056, +0x0027, -0x000c, -0x0013, -0x003d, 
    +0x0042, -0x0018, +0x0007, -0x0038, +0x0047, +0x007a, -0x006d, -0x0064, 
    +0x005a, +0x007f, -0x0056, -0x007f, +0x0013, +0x007e, -0x0019, -0x0065, 
    +0x007f, +0x007f, -0x007f, +0x005e, +0x005b, -0x007e, -0x0048, +0x0055, 
    +0x0025, -0x0013, +0x0067, +0x001e, +0x0027, +0x0006, -0x006e, +0x0026, 
    +0x0035, -0x006c, -0x0016, +0x0029, +0x0037, +0x0033, +0x0007, +0x001b, 
    +0x002b, +0x0027, -0x0068, +0x003c, +0x003a, -0x0075, -0x003d, +0x003d, 
    +0x0066, -0x0041, +0x002c, -0x007f, -0x0047, +0x007a, +0x0065, -0x007f, 
    +0x003b, +0x007f, +0x0060, -0x002e, +0x005c, +0x006d, +0x0010, -0x0046, 
    -0x007f, +0x0028, +0x001d, +0x0000, +0x002d, +0x0030, +0x0016, +0x0002, 
    +0x003b, +0x0030, -0x000a, +0x0015, -0x0054, +0x0058, +0x004f, -0x0063, 
    -0x0011, +0x005c, +0x007f, -0x004f, +0x003c, +0x005e, +0x005d, -0x006a, 
    +0x0072, -0x0057, +0x0070, -0x0040, +0x007f, -0x0057, +0x0054, -0x006b, 
    +0x0068, -0x0072, +0x0053, -0x0059, +0x0017, -0x0056, +0x0008, +0x0006, 
    +0x0010, -0x0002, -0x0013, -0x0013, +0x0028, -0x0040, -0x0011, -0x0002, 
    +0x0067, -0x0056, +0x007f, -0x0049, +0x005c, -0x0060, +0x006e, -0x007f, 
    +0x005a, -0x007f, +0x0061, -0x005b, +0x0047, -0x005e, +0x0052, +0x004c, 
    +0x0046, -0x007f, +0x007f, +0x0074, +0x0029, -0x0024, +0x005b, +0x007f, 
    +0x0050, -0x001e, -0x0013, +0x0027, -0x0006, -0x0039, +0x0025, +0x004c, 
    +0x003f, -0x002b, +0x003f, +0x0011, +0x0047, -0x007d, +0x0045, +0x0052, 
    +0x007f, -0x0077, +0x007e, +0x0041, +0x003c, -0x0020, +0x0060, +0x0016, 
    -0x007f, +0x0078, +0x005a, +0x0057, -0x0041, +0x0036, +0x0073, +0x004c, 
    -0x0034, +0x0044, +0x0050, +0x0050, -0x001f, +0x0000, +0x000e, +0x0028, 
    -0x0018, +0x0018, -0x0017, +0x0020, +0x0011, -0x0007, +0x0007, +0x002c, 
    -0x004e, +0x007c, -0x005e, +0x007f, -0x0039, +0x0060, -0x0069, +0x0063, 
    -0x0044, +0x007f, -0x007f, +0x0066, -0x005c, +0x0065, +0x007f, -0x0024, 
    +0x0014, +0x0041, +0x0065, +0x0020, -0x006a, +0x0070, +0x0067, +0x0015, 
    -0x002a, +0x0004, -0x0007, -0x0063, +0x0020, -0x0003, +0x0004, +0x0000, 
    -0x005d, +0x000f, -0x0004, -0x0006, -0x007f, +0x007f, +0x0070, -0x007f, 
    +0x0043, +0x0075, +0x0059, +0x0012, -0x0071, +0x006b, +0x0071, +0x001f, 
    -0x0077, -0x0060, +0x0035, -0x007f, -0x0037, -0x006e, +0x001f, -0x0079, 
    -0x0077, -0x000f, +0x002f, -0x0002, -0x002f, -0x0012, +0x003d, -0x004f, 
    -0x0011, -0x0017, +0x000d, -0x003a, -0x0008, -0x000b, +0x004e, -0x000d, 
    -0x0055, -0x0033, +0x0006, -0x005a, -0x0027, -0x007f, +0x0034, -0x0072, 
    -0x007f, -0x006e, +0x007f, +0x001b, +0x000c, +0x007f, -0x007d, -0x002a, 
    +0x0036, +0x006e, -0x005e, -0x0038, +0x0029, +0x003b, -0x004b, -0x002b, 
    +0x0005, -0x001b, -0x0046, -0x007f, +0x0010, -0x0007, -0x002a, -0x002f, 
    +0x000e, -0x000c, -0x0021, -0x0017, +0x004e, +0x005e, -0x0047, -0x0077, 
    +0x007f, +0x005b, -0x007a, -0x004f, +0x005d, +0x004f, -0x007f, -0x0068, 
    +0x005f, +0x005e, -0x007f, -0x007f, +0x0064, +0x005c, -0x0070, -0x0008, 
    +0x0040, +0x0076, -0x0055, -0x005b, +0x000e, -0x0003, +0x0000, -0x0021, 
    +0x0011, +0x0019, +0x0005, +0x000f, +0x0030, -0x0005, +0x0000, -0x001c, 
    +0x007f, +0x0073, -0x005d, -0x0062, +0x007e, +0x0071, -0x0062, -0x001c, 
    +0x004f, +0x007f, -0x0051, -0x006c, -0x0040, +0x0055, -0x0052, -0x007c, 
    -0x007f, +0x007f, -0x0044, -0x0069, +0x0021, +0x0057, -0x0017, -0x0038, 
    -0x0022, +0x0008, -0x0027, -0x0011, +0x0003, +0x001f, -0x0033, -0x002c, 
    +0x0011, +0x0013, -0x0033, -0x0028, -0x001e, +0x0055, -0x006d, -0x007b, 
    -0x0001, +0x0043, -0x007f, -0x007f, +0x0045, +0x0055, -0x002e, -0x005a, 
    +0x0069, +0x0045, -0x0042, +0x001f, +0x007f, -0x0029, -0x007f, +0x007f, 
    +0x0074, -0x004a, -0x0061, +0x006a, +0x0013, +0x0042, -0x0021, -0x003b, 
    +0x0029, +0x0042, -0x0044, +0x0026, +0x0027, -0x0045, -0x0047, +0x001b, 
    -0x001f, +0x007f, -0x005d, -0x006c, +0x000b, +0x002c, -0x0054, +0x0037, 
    +0x0012, -0x002a, -0x0051, +0x0074, +0x007f, +0x007f, +0x006c, -0x002f, 
    +0x004c, +0x0063, +0x004d, -0x0046, +0x007f, +0x0058, +0x004c, +0x0006, 
    -0x0012, +0x000a, +0x0015, -0x003e, -0x0029, -0x0003, +0x001d, -0x0049, 
    -0x0019, +0x001d, +0x0002, -0x003b, +0x0069, +0x0049, +0x0042, -0x0044, 
    +0x0031, +0x003e, +0x0055, -0x007f, +0x005e, +0x0069, +0x007f, -0x0078, 
    +0x0059, -0x0056, +0x007f, -0x0074, +0x0064, -0x001a, +0x0054, -0x0022, 
    +0x0059, +0x0011, +0x0072, -0x006a, +0x0020, -0x0028, +0x0007, +0x0001, 
    +0x0025, -0x001a, -0x0002, +0x002e, +0x0032, +0x0009, +0x0012, +0x000c, 
    +0x0020, -0x007f, +0x0049, -0x0041, +0x0069, -0x002d, +0x0043, -0x0059, 
    +0x007f, +0x0012, +0x007c, -0x007f, -0x007a, +0x0070, -0x0044, -0x006b, 
    +0x000a, +0x004f, -0x0064, -0x0027, -0x0050, +0x0061, -0x0056, -0x0015, 
    -0x006d, -0x000f, -0x0028, -0x0042, +0x0034, +0x0001, -0x0006, -0x0054, 
    -0x007f, -0x0011, -0x0006, -0x0045, -0x0050, +0x0057, -0x0061, -0x0020, 
    +0x0020, +0x0037, -0x007f, -0x0056, -0x0067, +0x007f, -0x0071, -0x007f
};
#ifdef __cplusplus
}  // extern "C"
#endif
#ifdef __cplusplus
extern "C"
#endif
TVM_DLL int32_t tvmgen_default_fused_layout_transform_cast_subtract_layout_transform(void* args, int32_t* arg_type_ids, int32_t num_args, void* out_ret_value, int32_t* out_ret_tcode, void* resource_handle) {
  int32_t p0_code = arg_type_ids[0];
  int32_t T_layout_trans_code = arg_type_ids[1];
  void* p0 = (((TVMValue*)args)[0].v_handle);
  void* T_layout_trans = (((TVMValue*)args)[1].v_handle);
  void* p0_1 = (((DLTensor*)p0)[0].data);
  void* tvmgen_default_fused_layout_transform_cast_subtract_layout_transform_p0_shape = (((DLTensor*)p0)[0].shape);
  void* tvmgen_default_fused_layout_transform_cast_subtract_layout_transform_p0_strides = (((DLTensor*)p0)[0].strides);
  int32_t dev_id = (((DLTensor*)p0)[0].device.device_id);
  void* T_layout_trans_1 = (((DLTensor*)T_layout_trans)[0].data);
  void* tvmgen_default_fused_layout_transform_cast_subtract_layout_transform_T_layout_trans_shape = (((DLTensor*)T_layout_trans)[0].shape);
  void* tvmgen_default_fused_layout_transform_cast_subtract_layout_transform_T_layout_trans_strides = (((DLTensor*)T_layout_trans)[0].strides);
  if (!(tvmgen_default_fused_layout_transform_cast_subtract_layout_transform_p0_strides == NULL)) {
  }
  if (!(tvmgen_default_fused_layout_transform_cast_subtract_layout_transform_T_layout_trans_strides == NULL)) {
  }
  for (int32_t ax0_ax1_fused_ax2_fused = 0; ax0_ax1_fused_ax2_fused < 49; ++ax0_ax1_fused_ax2_fused) {
    for (int32_t ax3 = 0; ax3 < 10; ++ax3) {
      int32_t cse_var_1 = ((ax0_ax1_fused_ax2_fused * 10) + ax3);
      ((int16_t*)T_layout_trans_1)[cse_var_1] = (((int16_t)((int8_t*)p0_1)[cse_var_1]) - (int16_t)87);
    }
  }
  return 0;
}

#ifdef __cplusplus
extern "C"
#endif
TVM_DLL int32_t tvmgen_default_fused_layout_transform_layout_transform_reshape_cast_subtract(void* args, int32_t* arg_type_ids, int32_t num_args, void* out_ret_value, int32_t* out_ret_tcode, void* resource_handle) {
  int32_t p0_code = arg_type_ids[0];
  int32_t T_subtract_code = arg_type_ids[1];
  void* p0 = (((TVMValue*)args)[0].v_handle);
  void* T_subtract = (((TVMValue*)args)[1].v_handle);
  void* p0_1 = (((DLTensor*)p0)[0].data);
  void* tvmgen_default_fused_layout_transform_layout_transform_reshape_cast_subtract_p0_shape = (((DLTensor*)p0)[0].shape);
  void* tvmgen_default_fused_layout_transform_layout_transform_reshape_cast_subtract_p0_strides = (((DLTensor*)p0)[0].strides);
  int32_t dev_id = (((DLTensor*)p0)[0].device.device_id);
  void* T_subtract_1 = (((DLTensor*)T_subtract)[0].data);
  void* tvmgen_default_fused_layout_transform_layout_transform_reshape_cast_subtract_T_subtract_shape = (((DLTensor*)T_subtract)[0].shape);
  void* tvmgen_default_fused_layout_transform_layout_transform_reshape_cast_subtract_T_subtract_strides = (((DLTensor*)T_subtract)[0].strides);
  if (!(tvmgen_default_fused_layout_transform_layout_transform_reshape_cast_subtract_p0_strides == NULL)) {
  }
  if (!(tvmgen_default_fused_layout_transform_layout_transform_reshape_cast_subtract_T_subtract_strides == NULL)) {
  }
  for (int32_t ax1_outer = 0; ax1_outer < 4; ++ax1_outer) {
    for (int32_t ax1_inner = 0; ax1_inner < 16; ++ax1_inner) {
      int32_t cse_var_1 = ((ax1_outer * 16) + ax1_inner);
      ((int16_t*)T_subtract_1)[cse_var_1] = (((int16_t)((int8_t*)p0_1)[cse_var_1]) - (int16_t)-128);
    }
  }
  return 0;
}

#ifdef __cplusplus
extern "C"
#endif
TVM_DLL int32_t tvmgen_default_fused_nn_avg_pool2d_cast(void* args, int32_t* arg_type_ids, int32_t num_args, void* out_ret_value, int32_t* out_ret_tcode, void* resource_handle) {
  int32_t p0_code = arg_type_ids[0];
  int32_t T_cast_code = arg_type_ids[1];
  void* p0 = (((TVMValue*)args)[0].v_handle);
  void* T_cast = (((TVMValue*)args)[1].v_handle);
  void* p0_1 = (((DLTensor*)p0)[0].data);
  void* tvmgen_default_fused_nn_avg_pool2d_cast_p0_shape = (((DLTensor*)p0)[0].shape);
  void* tvmgen_default_fused_nn_avg_pool2d_cast_p0_strides = (((DLTensor*)p0)[0].strides);
  int32_t dev_id = (((DLTensor*)p0)[0].device.device_id);
  void* T_cast_1 = (((DLTensor*)T_cast)[0].data);
  void* tvmgen_default_fused_nn_avg_pool2d_cast_T_cast_shape = (((DLTensor*)T_cast)[0].shape);
  void* tvmgen_default_fused_nn_avg_pool2d_cast_T_cast_strides = (((DLTensor*)T_cast)[0].strides);
  if (!(tvmgen_default_fused_nn_avg_pool2d_cast_p0_strides == NULL)) {
  }
  if (!(tvmgen_default_fused_nn_avg_pool2d_cast_T_cast_strides == NULL)) {
  }
  int32_t pool_sum[64];
  for (int32_t ax0_ax1_fused_ax2_fused = 0; ax0_ax1_fused_ax2_fused < 16; ++ax0_ax1_fused_ax2_fused) {
    for (int32_t ax4_init = 0; ax4_init < 4; ++ax4_init) {
      pool_sum[((ax0_ax1_fused_ax2_fused * 4) + ax4_init)] = 0;
    }
    for (int32_t rv0_rv1_fused = 0; rv0_rv1_fused < 125; ++rv0_rv1_fused) {
      for (int32_t ax4 = 0; ax4 < 4; ++ax4) {
        int32_t cse_var_1 = ((ax0_ax1_fused_ax2_fused * 4) + ax4);
        pool_sum[cse_var_1] = (pool_sum[cse_var_1] + ((int32_t*)p0_1)[(((ax0_ax1_fused_ax2_fused * 500) + (rv0_rv1_fused * 4)) + ax4)]);
      }
    }
  }
  for (int32_t ax0_ax1_fused = 0; ax0_ax1_fused < 16; ++ax0_ax1_fused) {
    for (int32_t ax4_1 = 0; ax4_1 < 4; ++ax4_1) {
      int32_t cse_var_2 = ((ax0_ax1_fused * 4) + ax4_1);
      ((int8_t*)T_cast_1)[cse_var_2] = ((int8_t)(pool_sum[cse_var_2] / 125));
    }
  }
  return 0;
}

#ifdef __cplusplus
extern "C"
#endif
TVM_DLL int32_t tvmgen_default_fused_nn_contrib_conv2d_NCHWc_add_fixed_point_multiply_per_axis_add_clip(void* args, int32_t* arg_type_ids, int32_t num_args, void* out_ret_value, int32_t* out_ret_tcode, void* resource_handle) {
  int32_t p0_code = arg_type_ids[0];
  int32_t compute_code = arg_type_ids[1];
  void* p0 = (((TVMValue*)args)[0].v_handle);
  void* compute = (((TVMValue*)args)[1].v_handle);
  void* p0_1 = (((DLTensor*)p0)[0].data);
  void* tvmgen_default_fused_nn_contrib_conv2d_NCHWc_add_fixed_point_multiply_per_axis_add_clip_p0_shape = (((DLTensor*)p0)[0].shape);
  void* tvmgen_default_fused_nn_contrib_conv2d_NCHWc_add_fixed_point_multiply_per_axis_add_clip_p0_strides = (((DLTensor*)p0)[0].strides);
  int32_t dev_id = (((DLTensor*)p0)[0].device.device_id);
  void* compute_1 = (((DLTensor*)compute)[0].data);
  void* tvmgen_default_fused_nn_contrib_conv2d_NCHWc_add_fixed_point_multiply_per_axis_add_clip_compute_shape = (((DLTensor*)compute)[0].shape);
  void* tvmgen_default_fused_nn_contrib_conv2d_NCHWc_add_fixed_point_multiply_per_axis_add_clip_compute_strides = (((DLTensor*)compute)[0].strides);
  if (!(tvmgen_default_fused_nn_contrib_conv2d_NCHWc_add_fixed_point_multiply_per_axis_add_clip_p0_strides == NULL)) {
  }
  if (!(tvmgen_default_fused_nn_contrib_conv2d_NCHWc_add_fixed_point_multiply_per_axis_add_clip_compute_strides == NULL)) {
  }
  for (int32_t i0_i1_fused_i2_outer_fused = 0; i0_i1_fused_i2_outer_fused < 80; ++i0_i1_fused_i2_outer_fused) {
    int32_t conv2d_NCHWc_global[100];
    for (int32_t oc_block_c_init = 0; oc_block_c_init < 4; ++oc_block_c_init) {
      conv2d_NCHWc_global[oc_block_c_init] = 0;
    }
    for (int32_t oc_block_c_init_1 = 0; oc_block_c_init_1 < 4; ++oc_block_c_init_1) {
      conv2d_NCHWc_global[(oc_block_c_init_1 + 4)] = 0;
    }
    for (int32_t oc_block_c_init_2 = 0; oc_block_c_init_2 < 4; ++oc_block_c_init_2) {
      conv2d_NCHWc_global[(oc_block_c_init_2 + 8)] = 0;
    }
    for (int32_t oc_block_c_init_3 = 0; oc_block_c_init_3 < 4; ++oc_block_c_init_3) {
      conv2d_NCHWc_global[(oc_block_c_init_3 + 12)] = 0;
    }
    for (int32_t oc_block_c_init_4 = 0; oc_block_c_init_4 < 4; ++oc_block_c_init_4) {
      conv2d_NCHWc_global[(oc_block_c_init_4 + 16)] = 0;
    }
    for (int32_t oc_block_c_init_5 = 0; oc_block_c_init_5 < 4; ++oc_block_c_init_5) {
      conv2d_NCHWc_global[(oc_block_c_init_5 + 20)] = 0;
    }
    for (int32_t oc_block_c_init_6 = 0; oc_block_c_init_6 < 4; ++oc_block_c_init_6) {
      conv2d_NCHWc_global[(oc_block_c_init_6 + 24)] = 0;
    }
    for (int32_t oc_block_c_init_7 = 0; oc_block_c_init_7 < 4; ++oc_block_c_init_7) {
      conv2d_NCHWc_global[(oc_block_c_init_7 + 28)] = 0;
    }
    for (int32_t oc_block_c_init_8 = 0; oc_block_c_init_8 < 4; ++oc_block_c_init_8) {
      conv2d_NCHWc_global[(oc_block_c_init_8 + 32)] = 0;
    }
    for (int32_t oc_block_c_init_9 = 0; oc_block_c_init_9 < 4; ++oc_block_c_init_9) {
      conv2d_NCHWc_global[(oc_block_c_init_9 + 36)] = 0;
    }
    for (int32_t oc_block_c_init_10 = 0; oc_block_c_init_10 < 4; ++oc_block_c_init_10) {
      conv2d_NCHWc_global[(oc_block_c_init_10 + 40)] = 0;
    }
    for (int32_t oc_block_c_init_11 = 0; oc_block_c_init_11 < 4; ++oc_block_c_init_11) {
      conv2d_NCHWc_global[(oc_block_c_init_11 + 44)] = 0;
    }
    for (int32_t oc_block_c_init_12 = 0; oc_block_c_init_12 < 4; ++oc_block_c_init_12) {
      conv2d_NCHWc_global[(oc_block_c_init_12 + 48)] = 0;
    }
    for (int32_t oc_block_c_init_13 = 0; oc_block_c_init_13 < 4; ++oc_block_c_init_13) {
      conv2d_NCHWc_global[(oc_block_c_init_13 + 52)] = 0;
    }
    for (int32_t oc_block_c_init_14 = 0; oc_block_c_init_14 < 4; ++oc_block_c_init_14) {
      conv2d_NCHWc_global[(oc_block_c_init_14 + 56)] = 0;
    }
    for (int32_t oc_block_c_init_15 = 0; oc_block_c_init_15 < 4; ++oc_block_c_init_15) {
      conv2d_NCHWc_global[(oc_block_c_init_15 + 60)] = 0;
    }
    for (int32_t oc_block_c_init_16 = 0; oc_block_c_init_16 < 4; ++oc_block_c_init_16) {
      conv2d_NCHWc_global[(oc_block_c_init_16 + 64)] = 0;
    }
    for (int32_t oc_block_c_init_17 = 0; oc_block_c_init_17 < 4; ++oc_block_c_init_17) {
      conv2d_NCHWc_global[(oc_block_c_init_17 + 68)] = 0;
    }
    for (int32_t oc_block_c_init_18 = 0; oc_block_c_init_18 < 4; ++oc_block_c_init_18) {
      conv2d_NCHWc_global[(oc_block_c_init_18 + 72)] = 0;
    }
    for (int32_t oc_block_c_init_19 = 0; oc_block_c_init_19 < 4; ++oc_block_c_init_19) {
      conv2d_NCHWc_global[(oc_block_c_init_19 + 76)] = 0;
    }
    for (int32_t oc_block_c_init_20 = 0; oc_block_c_init_20 < 4; ++oc_block_c_init_20) {
      conv2d_NCHWc_global[(oc_block_c_init_20 + 80)] = 0;
    }
    for (int32_t oc_block_c_init_21 = 0; oc_block_c_init_21 < 4; ++oc_block_c_init_21) {
      conv2d_NCHWc_global[(oc_block_c_init_21 + 84)] = 0;
    }
    for (int32_t oc_block_c_init_22 = 0; oc_block_c_init_22 < 4; ++oc_block_c_init_22) {
      conv2d_NCHWc_global[(oc_block_c_init_22 + 88)] = 0;
    }
    for (int32_t oc_block_c_init_23 = 0; oc_block_c_init_23 < 4; ++oc_block_c_init_23) {
      conv2d_NCHWc_global[(oc_block_c_init_23 + 92)] = 0;
    }
    for (int32_t oc_block_c_init_24 = 0; oc_block_c_init_24 < 4; ++oc_block_c_init_24) {
      conv2d_NCHWc_global[(oc_block_c_init_24 + 96)] = 0;
    }
    for (int32_t ic_outer = 0; ic_outer < 16; ++ic_outer) {
      for (int32_t ic_inner = 0; ic_inner < 4; ++ic_inner) {
        for (int32_t oc_block_c = 0; oc_block_c < 4; ++oc_block_c) {
          conv2d_NCHWc_global[oc_block_c] = (conv2d_NCHWc_global[oc_block_c] + (((int32_t)((int16_t*)p0_1)[(((ic_outer * 500) + ((i0_i1_fused_i2_outer_fused % 5) * 100)) + ic_inner)]) * ((int32_t)((int16_t*)fused_constant_8)[(((((i0_i1_fused_i2_outer_fused / 5) * 256) + (ic_outer * 16)) + (ic_inner * 4)) + oc_block_c)])));
        }
        for (int32_t oc_block_c_1 = 0; oc_block_c_1 < 4; ++oc_block_c_1) {
          int32_t cse_var_1 = (oc_block_c_1 + 4);
          conv2d_NCHWc_global[cse_var_1] = (conv2d_NCHWc_global[cse_var_1] + (((int32_t)((int16_t*)p0_1)[((((ic_outer * 500) + ((i0_i1_fused_i2_outer_fused % 5) * 100)) + ic_inner) + 4)]) * ((int32_t)((int16_t*)fused_constant_8)[(((((i0_i1_fused_i2_outer_fused / 5) * 256) + (ic_outer * 16)) + (ic_inner * 4)) + oc_block_c_1)])));
        }
        for (int32_t oc_block_c_2 = 0; oc_block_c_2 < 4; ++oc_block_c_2) {
          int32_t cse_var_2 = (oc_block_c_2 + 8);
          conv2d_NCHWc_global[cse_var_2] = (conv2d_NCHWc_global[cse_var_2] + (((int32_t)((int16_t*)p0_1)[((((ic_outer * 500) + ((i0_i1_fused_i2_outer_fused % 5) * 100)) + ic_inner) + 8)]) * ((int32_t)((int16_t*)fused_constant_8)[(((((i0_i1_fused_i2_outer_fused / 5) * 256) + (ic_outer * 16)) + (ic_inner * 4)) + oc_block_c_2)])));
        }
        for (int32_t oc_block_c_3 = 0; oc_block_c_3 < 4; ++oc_block_c_3) {
          int32_t cse_var_3 = (oc_block_c_3 + 12);
          conv2d_NCHWc_global[cse_var_3] = (conv2d_NCHWc_global[cse_var_3] + (((int32_t)((int16_t*)p0_1)[((((ic_outer * 500) + ((i0_i1_fused_i2_outer_fused % 5) * 100)) + ic_inner) + 12)]) * ((int32_t)((int16_t*)fused_constant_8)[(((((i0_i1_fused_i2_outer_fused / 5) * 256) + (ic_outer * 16)) + (ic_inner * 4)) + oc_block_c_3)])));
        }
        for (int32_t oc_block_c_4 = 0; oc_block_c_4 < 4; ++oc_block_c_4) {
          int32_t cse_var_4 = (oc_block_c_4 + 16);
          conv2d_NCHWc_global[cse_var_4] = (conv2d_NCHWc_global[cse_var_4] + (((int32_t)((int16_t*)p0_1)[((((ic_outer * 500) + ((i0_i1_fused_i2_outer_fused % 5) * 100)) + ic_inner) + 16)]) * ((int32_t)((int16_t*)fused_constant_8)[(((((i0_i1_fused_i2_outer_fused / 5) * 256) + (ic_outer * 16)) + (ic_inner * 4)) + oc_block_c_4)])));
        }
        for (int32_t oc_block_c_5 = 0; oc_block_c_5 < 4; ++oc_block_c_5) {
          int32_t cse_var_5 = (oc_block_c_5 + 20);
          conv2d_NCHWc_global[cse_var_5] = (conv2d_NCHWc_global[cse_var_5] + (((int32_t)((int16_t*)p0_1)[((((ic_outer * 500) + ((i0_i1_fused_i2_outer_fused % 5) * 100)) + ic_inner) + 20)]) * ((int32_t)((int16_t*)fused_constant_8)[(((((i0_i1_fused_i2_outer_fused / 5) * 256) + (ic_outer * 16)) + (ic_inner * 4)) + oc_block_c_5)])));
        }
        for (int32_t oc_block_c_6 = 0; oc_block_c_6 < 4; ++oc_block_c_6) {
          int32_t cse_var_6 = (oc_block_c_6 + 24);
          conv2d_NCHWc_global[cse_var_6] = (conv2d_NCHWc_global[cse_var_6] + (((int32_t)((int16_t*)p0_1)[((((ic_outer * 500) + ((i0_i1_fused_i2_outer_fused % 5) * 100)) + ic_inner) + 24)]) * ((int32_t)((int16_t*)fused_constant_8)[(((((i0_i1_fused_i2_outer_fused / 5) * 256) + (ic_outer * 16)) + (ic_inner * 4)) + oc_block_c_6)])));
        }
        for (int32_t oc_block_c_7 = 0; oc_block_c_7 < 4; ++oc_block_c_7) {
          int32_t cse_var_7 = (oc_block_c_7 + 28);
          conv2d_NCHWc_global[cse_var_7] = (conv2d_NCHWc_global[cse_var_7] + (((int32_t)((int16_t*)p0_1)[((((ic_outer * 500) + ((i0_i1_fused_i2_outer_fused % 5) * 100)) + ic_inner) + 28)]) * ((int32_t)((int16_t*)fused_constant_8)[(((((i0_i1_fused_i2_outer_fused / 5) * 256) + (ic_outer * 16)) + (ic_inner * 4)) + oc_block_c_7)])));
        }
        for (int32_t oc_block_c_8 = 0; oc_block_c_8 < 4; ++oc_block_c_8) {
          int32_t cse_var_8 = (oc_block_c_8 + 32);
          conv2d_NCHWc_global[cse_var_8] = (conv2d_NCHWc_global[cse_var_8] + (((int32_t)((int16_t*)p0_1)[((((ic_outer * 500) + ((i0_i1_fused_i2_outer_fused % 5) * 100)) + ic_inner) + 32)]) * ((int32_t)((int16_t*)fused_constant_8)[(((((i0_i1_fused_i2_outer_fused / 5) * 256) + (ic_outer * 16)) + (ic_inner * 4)) + oc_block_c_8)])));
        }
        for (int32_t oc_block_c_9 = 0; oc_block_c_9 < 4; ++oc_block_c_9) {
          int32_t cse_var_9 = (oc_block_c_9 + 36);
          conv2d_NCHWc_global[cse_var_9] = (conv2d_NCHWc_global[cse_var_9] + (((int32_t)((int16_t*)p0_1)[((((ic_outer * 500) + ((i0_i1_fused_i2_outer_fused % 5) * 100)) + ic_inner) + 36)]) * ((int32_t)((int16_t*)fused_constant_8)[(((((i0_i1_fused_i2_outer_fused / 5) * 256) + (ic_outer * 16)) + (ic_inner * 4)) + oc_block_c_9)])));
        }
        for (int32_t oc_block_c_10 = 0; oc_block_c_10 < 4; ++oc_block_c_10) {
          int32_t cse_var_10 = (oc_block_c_10 + 40);
          conv2d_NCHWc_global[cse_var_10] = (conv2d_NCHWc_global[cse_var_10] + (((int32_t)((int16_t*)p0_1)[((((ic_outer * 500) + ((i0_i1_fused_i2_outer_fused % 5) * 100)) + ic_inner) + 40)]) * ((int32_t)((int16_t*)fused_constant_8)[(((((i0_i1_fused_i2_outer_fused / 5) * 256) + (ic_outer * 16)) + (ic_inner * 4)) + oc_block_c_10)])));
        }
        for (int32_t oc_block_c_11 = 0; oc_block_c_11 < 4; ++oc_block_c_11) {
          int32_t cse_var_11 = (oc_block_c_11 + 44);
          conv2d_NCHWc_global[cse_var_11] = (conv2d_NCHWc_global[cse_var_11] + (((int32_t)((int16_t*)p0_1)[((((ic_outer * 500) + ((i0_i1_fused_i2_outer_fused % 5) * 100)) + ic_inner) + 44)]) * ((int32_t)((int16_t*)fused_constant_8)[(((((i0_i1_fused_i2_outer_fused / 5) * 256) + (ic_outer * 16)) + (ic_inner * 4)) + oc_block_c_11)])));
        }
        for (int32_t oc_block_c_12 = 0; oc_block_c_12 < 4; ++oc_block_c_12) {
          int32_t cse_var_12 = (oc_block_c_12 + 48);
          conv2d_NCHWc_global[cse_var_12] = (conv2d_NCHWc_global[cse_var_12] + (((int32_t)((int16_t*)p0_1)[((((ic_outer * 500) + ((i0_i1_fused_i2_outer_fused % 5) * 100)) + ic_inner) + 48)]) * ((int32_t)((int16_t*)fused_constant_8)[(((((i0_i1_fused_i2_outer_fused / 5) * 256) + (ic_outer * 16)) + (ic_inner * 4)) + oc_block_c_12)])));
        }
        for (int32_t oc_block_c_13 = 0; oc_block_c_13 < 4; ++oc_block_c_13) {
          int32_t cse_var_13 = (oc_block_c_13 + 52);
          conv2d_NCHWc_global[cse_var_13] = (conv2d_NCHWc_global[cse_var_13] + (((int32_t)((int16_t*)p0_1)[((((ic_outer * 500) + ((i0_i1_fused_i2_outer_fused % 5) * 100)) + ic_inner) + 52)]) * ((int32_t)((int16_t*)fused_constant_8)[(((((i0_i1_fused_i2_outer_fused / 5) * 256) + (ic_outer * 16)) + (ic_inner * 4)) + oc_block_c_13)])));
        }
        for (int32_t oc_block_c_14 = 0; oc_block_c_14 < 4; ++oc_block_c_14) {
          int32_t cse_var_14 = (oc_block_c_14 + 56);
          conv2d_NCHWc_global[cse_var_14] = (conv2d_NCHWc_global[cse_var_14] + (((int32_t)((int16_t*)p0_1)[((((ic_outer * 500) + ((i0_i1_fused_i2_outer_fused % 5) * 100)) + ic_inner) + 56)]) * ((int32_t)((int16_t*)fused_constant_8)[(((((i0_i1_fused_i2_outer_fused / 5) * 256) + (ic_outer * 16)) + (ic_inner * 4)) + oc_block_c_14)])));
        }
        for (int32_t oc_block_c_15 = 0; oc_block_c_15 < 4; ++oc_block_c_15) {
          int32_t cse_var_15 = (oc_block_c_15 + 60);
          conv2d_NCHWc_global[cse_var_15] = (conv2d_NCHWc_global[cse_var_15] + (((int32_t)((int16_t*)p0_1)[((((ic_outer * 500) + ((i0_i1_fused_i2_outer_fused % 5) * 100)) + ic_inner) + 60)]) * ((int32_t)((int16_t*)fused_constant_8)[(((((i0_i1_fused_i2_outer_fused / 5) * 256) + (ic_outer * 16)) + (ic_inner * 4)) + oc_block_c_15)])));
        }
        for (int32_t oc_block_c_16 = 0; oc_block_c_16 < 4; ++oc_block_c_16) {
          int32_t cse_var_16 = (oc_block_c_16 + 64);
          conv2d_NCHWc_global[cse_var_16] = (conv2d_NCHWc_global[cse_var_16] + (((int32_t)((int16_t*)p0_1)[((((ic_outer * 500) + ((i0_i1_fused_i2_outer_fused % 5) * 100)) + ic_inner) + 64)]) * ((int32_t)((int16_t*)fused_constant_8)[(((((i0_i1_fused_i2_outer_fused / 5) * 256) + (ic_outer * 16)) + (ic_inner * 4)) + oc_block_c_16)])));
        }
        for (int32_t oc_block_c_17 = 0; oc_block_c_17 < 4; ++oc_block_c_17) {
          int32_t cse_var_17 = (oc_block_c_17 + 68);
          conv2d_NCHWc_global[cse_var_17] = (conv2d_NCHWc_global[cse_var_17] + (((int32_t)((int16_t*)p0_1)[((((ic_outer * 500) + ((i0_i1_fused_i2_outer_fused % 5) * 100)) + ic_inner) + 68)]) * ((int32_t)((int16_t*)fused_constant_8)[(((((i0_i1_fused_i2_outer_fused / 5) * 256) + (ic_outer * 16)) + (ic_inner * 4)) + oc_block_c_17)])));
        }
        for (int32_t oc_block_c_18 = 0; oc_block_c_18 < 4; ++oc_block_c_18) {
          int32_t cse_var_18 = (oc_block_c_18 + 72);
          conv2d_NCHWc_global[cse_var_18] = (conv2d_NCHWc_global[cse_var_18] + (((int32_t)((int16_t*)p0_1)[((((ic_outer * 500) + ((i0_i1_fused_i2_outer_fused % 5) * 100)) + ic_inner) + 72)]) * ((int32_t)((int16_t*)fused_constant_8)[(((((i0_i1_fused_i2_outer_fused / 5) * 256) + (ic_outer * 16)) + (ic_inner * 4)) + oc_block_c_18)])));
        }
        for (int32_t oc_block_c_19 = 0; oc_block_c_19 < 4; ++oc_block_c_19) {
          int32_t cse_var_19 = (oc_block_c_19 + 76);
          conv2d_NCHWc_global[cse_var_19] = (conv2d_NCHWc_global[cse_var_19] + (((int32_t)((int16_t*)p0_1)[((((ic_outer * 500) + ((i0_i1_fused_i2_outer_fused % 5) * 100)) + ic_inner) + 76)]) * ((int32_t)((int16_t*)fused_constant_8)[(((((i0_i1_fused_i2_outer_fused / 5) * 256) + (ic_outer * 16)) + (ic_inner * 4)) + oc_block_c_19)])));
        }
        for (int32_t oc_block_c_20 = 0; oc_block_c_20 < 4; ++oc_block_c_20) {
          int32_t cse_var_20 = (oc_block_c_20 + 80);
          conv2d_NCHWc_global[cse_var_20] = (conv2d_NCHWc_global[cse_var_20] + (((int32_t)((int16_t*)p0_1)[((((ic_outer * 500) + ((i0_i1_fused_i2_outer_fused % 5) * 100)) + ic_inner) + 80)]) * ((int32_t)((int16_t*)fused_constant_8)[(((((i0_i1_fused_i2_outer_fused / 5) * 256) + (ic_outer * 16)) + (ic_inner * 4)) + oc_block_c_20)])));
        }
        for (int32_t oc_block_c_21 = 0; oc_block_c_21 < 4; ++oc_block_c_21) {
          int32_t cse_var_21 = (oc_block_c_21 + 84);
          conv2d_NCHWc_global[cse_var_21] = (conv2d_NCHWc_global[cse_var_21] + (((int32_t)((int16_t*)p0_1)[((((ic_outer * 500) + ((i0_i1_fused_i2_outer_fused % 5) * 100)) + ic_inner) + 84)]) * ((int32_t)((int16_t*)fused_constant_8)[(((((i0_i1_fused_i2_outer_fused / 5) * 256) + (ic_outer * 16)) + (ic_inner * 4)) + oc_block_c_21)])));
        }
        for (int32_t oc_block_c_22 = 0; oc_block_c_22 < 4; ++oc_block_c_22) {
          int32_t cse_var_22 = (oc_block_c_22 + 88);
          conv2d_NCHWc_global[cse_var_22] = (conv2d_NCHWc_global[cse_var_22] + (((int32_t)((int16_t*)p0_1)[((((ic_outer * 500) + ((i0_i1_fused_i2_outer_fused % 5) * 100)) + ic_inner) + 88)]) * ((int32_t)((int16_t*)fused_constant_8)[(((((i0_i1_fused_i2_outer_fused / 5) * 256) + (ic_outer * 16)) + (ic_inner * 4)) + oc_block_c_22)])));
        }
        for (int32_t oc_block_c_23 = 0; oc_block_c_23 < 4; ++oc_block_c_23) {
          int32_t cse_var_23 = (oc_block_c_23 + 92);
          conv2d_NCHWc_global[cse_var_23] = (conv2d_NCHWc_global[cse_var_23] + (((int32_t)((int16_t*)p0_1)[((((ic_outer * 500) + ((i0_i1_fused_i2_outer_fused % 5) * 100)) + ic_inner) + 92)]) * ((int32_t)((int16_t*)fused_constant_8)[(((((i0_i1_fused_i2_outer_fused / 5) * 256) + (ic_outer * 16)) + (ic_inner * 4)) + oc_block_c_23)])));
        }
        for (int32_t oc_block_c_24 = 0; oc_block_c_24 < 4; ++oc_block_c_24) {
          int32_t cse_var_24 = (oc_block_c_24 + 96);
          conv2d_NCHWc_global[cse_var_24] = (conv2d_NCHWc_global[cse_var_24] + (((int32_t)((int16_t*)p0_1)[((((ic_outer * 500) + ((i0_i1_fused_i2_outer_fused % 5) * 100)) + ic_inner) + 96)]) * ((int32_t)((int16_t*)fused_constant_8)[(((((i0_i1_fused_i2_outer_fused / 5) * 256) + (ic_outer * 16)) + (ic_inner * 4)) + oc_block_c_24)])));
        }
      }
    }
    for (int32_t i2_inner = 0; i2_inner < 5; ++i2_inner) {
      for (int32_t i3_inner = 0; i3_inner < 5; ++i3_inner) {
        for (int32_t i4 = 0; i4 < 4; ++i4) {
          int32_t cse_var_27 = (i2_inner * 20);
          int32_t cse_var_26 = (i3_inner * 4);
          int32_t cse_var_25 = (((i0_i1_fused_i2_outer_fused / 5) * 4) + i4);
          int32_t v_ = ((int32_t)(((((int64_t)(conv2d_NCHWc_global[((cse_var_27 + cse_var_26) + i4)] + ((int32_t*)fused_nn_contrib_conv2d_NCHWc_constant_4)[cse_var_25])) * ((int64_t)((int32_t*)fused_nn_contrib_conv2d_NCHWc_add_constant_12)[cse_var_25])) + ((int64_t)1 << ((int64_t)((((int32_t*)fused_nn_contrib_conv2d_NCHWc_add_constant_14)[cse_var_25] + 31) - 1)))) >> ((int64_t)(((int32_t*)fused_nn_contrib_conv2d_NCHWc_add_constant_14)[cse_var_25] + 31)))) - 128;
          int32_t v__1 = (v_) < (127) ? (v_) : (127);
          ((int32_t*)compute_1)[((((i0_i1_fused_i2_outer_fused * 100) + cse_var_27) + cse_var_26) + i4)] = ((v__1) > (-128) ? (v__1) : (-128));
        }
      }
    }
  }
  return 0;
}

#ifdef __cplusplus
extern "C"
#endif
TVM_DLL int32_t tvmgen_default_fused_nn_contrib_conv2d_NCHWc_add_fixed_point_multiply_per_axis_add_clip_cast_ca_f68cd3c4a6332098_(void* args, int32_t* arg_type_ids, int32_t num_args, void* out_ret_value, int32_t* out_ret_tcode, void* resource_handle) {
  int32_t p0_code = arg_type_ids[0];
  int32_t T_subtract_code = arg_type_ids[1];
  void* p0 = (((TVMValue*)args)[0].v_handle);
  void* T_subtract = (((TVMValue*)args)[1].v_handle);
  void* p0_1 = (((DLTensor*)p0)[0].data);
  void* tvmgen_default_fused_nn_contrib_conv2d_NCHWc_add_fixed_point_multiply_per_axis_add_clip_cast_ca_f68cd3c4a6332098__p0_shape = (((DLTensor*)p0)[0].shape);
  void* tvmgen_default_fused_nn_contrib_conv2d_NCHWc_add_fixed_point_multiply_per_axis_add_clip_cast_ca_f68cd3c4a6332098__p0_strides = (((DLTensor*)p0)[0].strides);
  int32_t dev_id = (((DLTensor*)p0)[0].device.device_id);
  void* T_subtract_1 = (((DLTensor*)T_subtract)[0].data);
  void* tvmgen_default_fused_nn_contrib_conv2d_NCHWc_add_fixed_point_multiply_per_axis_add_clip_cast_ca_f68cd3c4a6332098__T_subtract_shape = (((DLTensor*)T_subtract)[0].shape);
  void* tvmgen_default_fused_nn_contrib_conv2d_NCHWc_add_fixed_point_multiply_per_axis_add_clip_cast_ca_f68cd3c4a6332098__T_subtract_strides = (((DLTensor*)T_subtract)[0].strides);
  if (!(tvmgen_default_fused_nn_contrib_conv2d_NCHWc_add_fixed_point_multiply_per_axis_add_clip_cast_ca_f68cd3c4a6332098__p0_strides == NULL)) {
  }
  if (!(tvmgen_default_fused_nn_contrib_conv2d_NCHWc_add_fixed_point_multiply_per_axis_add_clip_cast_ca_f68cd3c4a6332098__T_subtract_strides == NULL)) {
  }
  void* data_pad = TVMBackendAllocWorkspace(1, dev_id, (uint64_t)1392, 0, 16);
  if (data_pad == NULL) {
    return -1;
  }
  for (int32_t i0_i1_fused_i2_fused = 0; i0_i1_fused_i2_fused < 58; ++i0_i1_fused_i2_fused) {
    for (int32_t i3 = 0; i3 < 12; ++i3) {
      ((int16_t*)data_pad)[((i0_i1_fused_i2_fused * 12) + i3)] = (((((4 <= i0_i1_fused_i2_fused) && (i0_i1_fused_i2_fused < 53)) && (1 <= i3)) && (i3 < 11)) ? ((int16_t*)p0_1)[(((i0_i1_fused_i2_fused * 10) + i3) - 41)] : (int16_t)0);
    }
  }
  for (int32_t ax0_ax1_fused_ax2_fused = 0; ax0_ax1_fused_ax2_fused < 400; ++ax0_ax1_fused_ax2_fused) {
    int32_t conv2d_NCHWc_global[20];
    for (int32_t oc_block_c_init = 0; oc_block_c_init < 4; ++oc_block_c_init) {
      conv2d_NCHWc_global[oc_block_c_init] = 0;
    }
    for (int32_t oc_block_c_init_1 = 0; oc_block_c_init_1 < 4; ++oc_block_c_init_1) {
      conv2d_NCHWc_global[(oc_block_c_init_1 + 4)] = 0;
    }
    for (int32_t oc_block_c_init_2 = 0; oc_block_c_init_2 < 4; ++oc_block_c_init_2) {
      conv2d_NCHWc_global[(oc_block_c_init_2 + 8)] = 0;
    }
    for (int32_t oc_block_c_init_3 = 0; oc_block_c_init_3 < 4; ++oc_block_c_init_3) {
      conv2d_NCHWc_global[(oc_block_c_init_3 + 12)] = 0;
    }
    for (int32_t oc_block_c_init_4 = 0; oc_block_c_init_4 < 4; ++oc_block_c_init_4) {
      conv2d_NCHWc_global[(oc_block_c_init_4 + 16)] = 0;
    }
    for (int32_t kh = 0; kh < 10; ++kh) {
      for (int32_t kw = 0; kw < 4; ++kw) {
        for (int32_t oc_block_c = 0; oc_block_c < 4; ++oc_block_c) {
          conv2d_NCHWc_global[oc_block_c] = (conv2d_NCHWc_global[oc_block_c] + (((int32_t)((int16_t*)data_pad)[((((ax0_ax1_fused_ax2_fused % 25) * 24) + (kh * 12)) + kw)]) * ((int32_t)((int16_t*)fused_constant)[(((((ax0_ax1_fused_ax2_fused / 25) * 160) + (kh * 16)) + (kw * 4)) + oc_block_c)])));
        }
        for (int32_t oc_block_c_1 = 0; oc_block_c_1 < 4; ++oc_block_c_1) {
          int32_t cse_var_1 = (oc_block_c_1 + 4);
          conv2d_NCHWc_global[cse_var_1] = (conv2d_NCHWc_global[cse_var_1] + (((int32_t)((int16_t*)data_pad)[(((((ax0_ax1_fused_ax2_fused % 25) * 24) + (kh * 12)) + kw) + 2)]) * ((int32_t)((int16_t*)fused_constant)[(((((ax0_ax1_fused_ax2_fused / 25) * 160) + (kh * 16)) + (kw * 4)) + oc_block_c_1)])));
        }
        for (int32_t oc_block_c_2 = 0; oc_block_c_2 < 4; ++oc_block_c_2) {
          int32_t cse_var_2 = (oc_block_c_2 + 8);
          conv2d_NCHWc_global[cse_var_2] = (conv2d_NCHWc_global[cse_var_2] + (((int32_t)((int16_t*)data_pad)[(((((ax0_ax1_fused_ax2_fused % 25) * 24) + (kh * 12)) + kw) + 4)]) * ((int32_t)((int16_t*)fused_constant)[(((((ax0_ax1_fused_ax2_fused / 25) * 160) + (kh * 16)) + (kw * 4)) + oc_block_c_2)])));
        }
        for (int32_t oc_block_c_3 = 0; oc_block_c_3 < 4; ++oc_block_c_3) {
          int32_t cse_var_3 = (oc_block_c_3 + 12);
          conv2d_NCHWc_global[cse_var_3] = (conv2d_NCHWc_global[cse_var_3] + (((int32_t)((int16_t*)data_pad)[(((((ax0_ax1_fused_ax2_fused % 25) * 24) + (kh * 12)) + kw) + 6)]) * ((int32_t)((int16_t*)fused_constant)[(((((ax0_ax1_fused_ax2_fused / 25) * 160) + (kh * 16)) + (kw * 4)) + oc_block_c_3)])));
        }
        for (int32_t oc_block_c_4 = 0; oc_block_c_4 < 4; ++oc_block_c_4) {
          int32_t cse_var_4 = (oc_block_c_4 + 16);
          conv2d_NCHWc_global[cse_var_4] = (conv2d_NCHWc_global[cse_var_4] + (((int32_t)((int16_t*)data_pad)[(((((ax0_ax1_fused_ax2_fused % 25) * 24) + (kh * 12)) + kw) + 8)]) * ((int32_t)((int16_t*)fused_constant)[(((((ax0_ax1_fused_ax2_fused / 25) * 160) + (kh * 16)) + (kw * 4)) + oc_block_c_4)])));
        }
      }
    }
    for (int32_t ax3_inner = 0; ax3_inner < 5; ++ax3_inner) {
      for (int32_t ax4 = 0; ax4 < 4; ++ax4) {
        int32_t cse_var_6 = (ax3_inner * 4);
        int32_t cse_var_5 = (((ax0_ax1_fused_ax2_fused / 25) * 4) + ax4);
        int32_t v_ = ((int32_t)(((((int64_t)(conv2d_NCHWc_global[(cse_var_6 + ax4)] + ((int32_t*)fused_nn_contrib_conv2d_NCHWc_constant)[cse_var_5])) * ((int64_t)((int32_t*)fused_nn_contrib_conv2d_NCHWc_add_constant)[cse_var_5])) + ((int64_t)1 << ((int64_t)((((int32_t*)fused_nn_contrib_conv2d_NCHWc_add_constant_2)[cse_var_5] + 31) - 1)))) >> ((int64_t)(((int32_t*)fused_nn_contrib_conv2d_NCHWc_add_constant_2)[cse_var_5] + 31)))) - 128;
        int32_t v__1 = (v_) < (127) ? (v_) : (127);
        ((int16_t*)T_subtract_1)[(((ax0_ax1_fused_ax2_fused * 20) + cse_var_6) + ax4)] = (((int16_t)((int8_t)((v__1) > (-128) ? (v__1) : (-128)))) - (int16_t)-128);
      }
    }
  }
  if (TVMBackendFreeWorkspace(1, dev_id, data_pad) != 0) {
    return -1;
  }
  return 0;
}

#ifdef __cplusplus
extern "C"
#endif
TVM_DLL int32_t tvmgen_default_fused_nn_contrib_conv2d_NCHWc_add_fixed_point_multiply_per_axis_add_clip_cast_ca_f68cd3c4a6332098__1(void* args, int32_t* arg_type_ids, int32_t num_args, void* out_ret_value, int32_t* out_ret_tcode, void* resource_handle) {
  int32_t p0_code = arg_type_ids[0];
  int32_t T_subtract_code = arg_type_ids[1];
  void* p0 = (((TVMValue*)args)[0].v_handle);
  void* T_subtract = (((TVMValue*)args)[1].v_handle);
  void* p0_1 = (((DLTensor*)p0)[0].data);
  void* tvmgen_default_fused_nn_contrib_conv2d_NCHWc_add_fixed_point_multiply_per_axis_add_clip_cast_ca_f68cd3c4a6332098__1_p0_shape = (((DLTensor*)p0)[0].shape);
  void* tvmgen_default_fused_nn_contrib_conv2d_NCHWc_add_fixed_point_multiply_per_axis_add_clip_cast_ca_f68cd3c4a6332098__1_p0_strides = (((DLTensor*)p0)[0].strides);
  int32_t dev_id = (((DLTensor*)p0)[0].device.device_id);
  void* T_subtract_1 = (((DLTensor*)T_subtract)[0].data);
  void* tvmgen_default_fused_nn_contrib_conv2d_NCHWc_add_fixed_point_multiply_per_axis_add_clip_cast_ca_f68cd3c4a6332098__1_T_subtract_shape = (((DLTensor*)T_subtract)[0].shape);
  void* tvmgen_default_fused_nn_contrib_conv2d_NCHWc_add_fixed_point_multiply_per_axis_add_clip_cast_ca_f68cd3c4a6332098__1_T_subtract_strides = (((DLTensor*)T_subtract)[0].strides);
  if (!(tvmgen_default_fused_nn_contrib_conv2d_NCHWc_add_fixed_point_multiply_per_axis_add_clip_cast_ca_f68cd3c4a6332098__1_p0_strides == NULL)) {
  }
  if (!(tvmgen_default_fused_nn_contrib_conv2d_NCHWc_add_fixed_point_multiply_per_axis_add_clip_cast_ca_f68cd3c4a6332098__1_T_subtract_strides == NULL)) {
  }
  for (int32_t ax0_ax1_fused_ax2_outer_fused = 0; ax0_ax1_fused_ax2_outer_fused < 80; ++ax0_ax1_fused_ax2_outer_fused) {
    int32_t conv2d_NCHWc_global[100];
    for (int32_t oc_block_c_init = 0; oc_block_c_init < 4; ++oc_block_c_init) {
      conv2d_NCHWc_global[oc_block_c_init] = 0;
    }
    for (int32_t oc_block_c_init_1 = 0; oc_block_c_init_1 < 4; ++oc_block_c_init_1) {
      conv2d_NCHWc_global[(oc_block_c_init_1 + 4)] = 0;
    }
    for (int32_t oc_block_c_init_2 = 0; oc_block_c_init_2 < 4; ++oc_block_c_init_2) {
      conv2d_NCHWc_global[(oc_block_c_init_2 + 8)] = 0;
    }
    for (int32_t oc_block_c_init_3 = 0; oc_block_c_init_3 < 4; ++oc_block_c_init_3) {
      conv2d_NCHWc_global[(oc_block_c_init_3 + 12)] = 0;
    }
    for (int32_t oc_block_c_init_4 = 0; oc_block_c_init_4 < 4; ++oc_block_c_init_4) {
      conv2d_NCHWc_global[(oc_block_c_init_4 + 16)] = 0;
    }
    for (int32_t oc_block_c_init_5 = 0; oc_block_c_init_5 < 4; ++oc_block_c_init_5) {
      conv2d_NCHWc_global[(oc_block_c_init_5 + 20)] = 0;
    }
    for (int32_t oc_block_c_init_6 = 0; oc_block_c_init_6 < 4; ++oc_block_c_init_6) {
      conv2d_NCHWc_global[(oc_block_c_init_6 + 24)] = 0;
    }
    for (int32_t oc_block_c_init_7 = 0; oc_block_c_init_7 < 4; ++oc_block_c_init_7) {
      conv2d_NCHWc_global[(oc_block_c_init_7 + 28)] = 0;
    }
    for (int32_t oc_block_c_init_8 = 0; oc_block_c_init_8 < 4; ++oc_block_c_init_8) {
      conv2d_NCHWc_global[(oc_block_c_init_8 + 32)] = 0;
    }
    for (int32_t oc_block_c_init_9 = 0; oc_block_c_init_9 < 4; ++oc_block_c_init_9) {
      conv2d_NCHWc_global[(oc_block_c_init_9 + 36)] = 0;
    }
    for (int32_t oc_block_c_init_10 = 0; oc_block_c_init_10 < 4; ++oc_block_c_init_10) {
      conv2d_NCHWc_global[(oc_block_c_init_10 + 40)] = 0;
    }
    for (int32_t oc_block_c_init_11 = 0; oc_block_c_init_11 < 4; ++oc_block_c_init_11) {
      conv2d_NCHWc_global[(oc_block_c_init_11 + 44)] = 0;
    }
    for (int32_t oc_block_c_init_12 = 0; oc_block_c_init_12 < 4; ++oc_block_c_init_12) {
      conv2d_NCHWc_global[(oc_block_c_init_12 + 48)] = 0;
    }
    for (int32_t oc_block_c_init_13 = 0; oc_block_c_init_13 < 4; ++oc_block_c_init_13) {
      conv2d_NCHWc_global[(oc_block_c_init_13 + 52)] = 0;
    }
    for (int32_t oc_block_c_init_14 = 0; oc_block_c_init_14 < 4; ++oc_block_c_init_14) {
      conv2d_NCHWc_global[(oc_block_c_init_14 + 56)] = 0;
    }
    for (int32_t oc_block_c_init_15 = 0; oc_block_c_init_15 < 4; ++oc_block_c_init_15) {
      conv2d_NCHWc_global[(oc_block_c_init_15 + 60)] = 0;
    }
    for (int32_t oc_block_c_init_16 = 0; oc_block_c_init_16 < 4; ++oc_block_c_init_16) {
      conv2d_NCHWc_global[(oc_block_c_init_16 + 64)] = 0;
    }
    for (int32_t oc_block_c_init_17 = 0; oc_block_c_init_17 < 4; ++oc_block_c_init_17) {
      conv2d_NCHWc_global[(oc_block_c_init_17 + 68)] = 0;
    }
    for (int32_t oc_block_c_init_18 = 0; oc_block_c_init_18 < 4; ++oc_block_c_init_18) {
      conv2d_NCHWc_global[(oc_block_c_init_18 + 72)] = 0;
    }
    for (int32_t oc_block_c_init_19 = 0; oc_block_c_init_19 < 4; ++oc_block_c_init_19) {
      conv2d_NCHWc_global[(oc_block_c_init_19 + 76)] = 0;
    }
    for (int32_t oc_block_c_init_20 = 0; oc_block_c_init_20 < 4; ++oc_block_c_init_20) {
      conv2d_NCHWc_global[(oc_block_c_init_20 + 80)] = 0;
    }
    for (int32_t oc_block_c_init_21 = 0; oc_block_c_init_21 < 4; ++oc_block_c_init_21) {
      conv2d_NCHWc_global[(oc_block_c_init_21 + 84)] = 0;
    }
    for (int32_t oc_block_c_init_22 = 0; oc_block_c_init_22 < 4; ++oc_block_c_init_22) {
      conv2d_NCHWc_global[(oc_block_c_init_22 + 88)] = 0;
    }
    for (int32_t oc_block_c_init_23 = 0; oc_block_c_init_23 < 4; ++oc_block_c_init_23) {
      conv2d_NCHWc_global[(oc_block_c_init_23 + 92)] = 0;
    }
    for (int32_t oc_block_c_init_24 = 0; oc_block_c_init_24 < 4; ++oc_block_c_init_24) {
      conv2d_NCHWc_global[(oc_block_c_init_24 + 96)] = 0;
    }
    for (int32_t ic_outer = 0; ic_outer < 16; ++ic_outer) {
      for (int32_t ic_inner = 0; ic_inner < 4; ++ic_inner) {
        for (int32_t oc_block_c = 0; oc_block_c < 4; ++oc_block_c) {
          conv2d_NCHWc_global[oc_block_c] = (conv2d_NCHWc_global[oc_block_c] + (((int32_t)((int16_t*)p0_1)[(((ic_outer * 500) + ((ax0_ax1_fused_ax2_outer_fused % 5) * 100)) + ic_inner)]) * ((int32_t)((int16_t*)fused_constant_2)[(((((ax0_ax1_fused_ax2_outer_fused / 5) * 256) + (ic_outer * 16)) + (ic_inner * 4)) + oc_block_c)])));
        }
        for (int32_t oc_block_c_1 = 0; oc_block_c_1 < 4; ++oc_block_c_1) {
          int32_t cse_var_1 = (oc_block_c_1 + 4);
          conv2d_NCHWc_global[cse_var_1] = (conv2d_NCHWc_global[cse_var_1] + (((int32_t)((int16_t*)p0_1)[((((ic_outer * 500) + ((ax0_ax1_fused_ax2_outer_fused % 5) * 100)) + ic_inner) + 4)]) * ((int32_t)((int16_t*)fused_constant_2)[(((((ax0_ax1_fused_ax2_outer_fused / 5) * 256) + (ic_outer * 16)) + (ic_inner * 4)) + oc_block_c_1)])));
        }
        for (int32_t oc_block_c_2 = 0; oc_block_c_2 < 4; ++oc_block_c_2) {
          int32_t cse_var_2 = (oc_block_c_2 + 8);
          conv2d_NCHWc_global[cse_var_2] = (conv2d_NCHWc_global[cse_var_2] + (((int32_t)((int16_t*)p0_1)[((((ic_outer * 500) + ((ax0_ax1_fused_ax2_outer_fused % 5) * 100)) + ic_inner) + 8)]) * ((int32_t)((int16_t*)fused_constant_2)[(((((ax0_ax1_fused_ax2_outer_fused / 5) * 256) + (ic_outer * 16)) + (ic_inner * 4)) + oc_block_c_2)])));
        }
        for (int32_t oc_block_c_3 = 0; oc_block_c_3 < 4; ++oc_block_c_3) {
          int32_t cse_var_3 = (oc_block_c_3 + 12);
          conv2d_NCHWc_global[cse_var_3] = (conv2d_NCHWc_global[cse_var_3] + (((int32_t)((int16_t*)p0_1)[((((ic_outer * 500) + ((ax0_ax1_fused_ax2_outer_fused % 5) * 100)) + ic_inner) + 12)]) * ((int32_t)((int16_t*)fused_constant_2)[(((((ax0_ax1_fused_ax2_outer_fused / 5) * 256) + (ic_outer * 16)) + (ic_inner * 4)) + oc_block_c_3)])));
        }
        for (int32_t oc_block_c_4 = 0; oc_block_c_4 < 4; ++oc_block_c_4) {
          int32_t cse_var_4 = (oc_block_c_4 + 16);
          conv2d_NCHWc_global[cse_var_4] = (conv2d_NCHWc_global[cse_var_4] + (((int32_t)((int16_t*)p0_1)[((((ic_outer * 500) + ((ax0_ax1_fused_ax2_outer_fused % 5) * 100)) + ic_inner) + 16)]) * ((int32_t)((int16_t*)fused_constant_2)[(((((ax0_ax1_fused_ax2_outer_fused / 5) * 256) + (ic_outer * 16)) + (ic_inner * 4)) + oc_block_c_4)])));
        }
        for (int32_t oc_block_c_5 = 0; oc_block_c_5 < 4; ++oc_block_c_5) {
          int32_t cse_var_5 = (oc_block_c_5 + 20);
          conv2d_NCHWc_global[cse_var_5] = (conv2d_NCHWc_global[cse_var_5] + (((int32_t)((int16_t*)p0_1)[((((ic_outer * 500) + ((ax0_ax1_fused_ax2_outer_fused % 5) * 100)) + ic_inner) + 20)]) * ((int32_t)((int16_t*)fused_constant_2)[(((((ax0_ax1_fused_ax2_outer_fused / 5) * 256) + (ic_outer * 16)) + (ic_inner * 4)) + oc_block_c_5)])));
        }
        for (int32_t oc_block_c_6 = 0; oc_block_c_6 < 4; ++oc_block_c_6) {
          int32_t cse_var_6 = (oc_block_c_6 + 24);
          conv2d_NCHWc_global[cse_var_6] = (conv2d_NCHWc_global[cse_var_6] + (((int32_t)((int16_t*)p0_1)[((((ic_outer * 500) + ((ax0_ax1_fused_ax2_outer_fused % 5) * 100)) + ic_inner) + 24)]) * ((int32_t)((int16_t*)fused_constant_2)[(((((ax0_ax1_fused_ax2_outer_fused / 5) * 256) + (ic_outer * 16)) + (ic_inner * 4)) + oc_block_c_6)])));
        }
        for (int32_t oc_block_c_7 = 0; oc_block_c_7 < 4; ++oc_block_c_7) {
          int32_t cse_var_7 = (oc_block_c_7 + 28);
          conv2d_NCHWc_global[cse_var_7] = (conv2d_NCHWc_global[cse_var_7] + (((int32_t)((int16_t*)p0_1)[((((ic_outer * 500) + ((ax0_ax1_fused_ax2_outer_fused % 5) * 100)) + ic_inner) + 28)]) * ((int32_t)((int16_t*)fused_constant_2)[(((((ax0_ax1_fused_ax2_outer_fused / 5) * 256) + (ic_outer * 16)) + (ic_inner * 4)) + oc_block_c_7)])));
        }
        for (int32_t oc_block_c_8 = 0; oc_block_c_8 < 4; ++oc_block_c_8) {
          int32_t cse_var_8 = (oc_block_c_8 + 32);
          conv2d_NCHWc_global[cse_var_8] = (conv2d_NCHWc_global[cse_var_8] + (((int32_t)((int16_t*)p0_1)[((((ic_outer * 500) + ((ax0_ax1_fused_ax2_outer_fused % 5) * 100)) + ic_inner) + 32)]) * ((int32_t)((int16_t*)fused_constant_2)[(((((ax0_ax1_fused_ax2_outer_fused / 5) * 256) + (ic_outer * 16)) + (ic_inner * 4)) + oc_block_c_8)])));
        }
        for (int32_t oc_block_c_9 = 0; oc_block_c_9 < 4; ++oc_block_c_9) {
          int32_t cse_var_9 = (oc_block_c_9 + 36);
          conv2d_NCHWc_global[cse_var_9] = (conv2d_NCHWc_global[cse_var_9] + (((int32_t)((int16_t*)p0_1)[((((ic_outer * 500) + ((ax0_ax1_fused_ax2_outer_fused % 5) * 100)) + ic_inner) + 36)]) * ((int32_t)((int16_t*)fused_constant_2)[(((((ax0_ax1_fused_ax2_outer_fused / 5) * 256) + (ic_outer * 16)) + (ic_inner * 4)) + oc_block_c_9)])));
        }
        for (int32_t oc_block_c_10 = 0; oc_block_c_10 < 4; ++oc_block_c_10) {
          int32_t cse_var_10 = (oc_block_c_10 + 40);
          conv2d_NCHWc_global[cse_var_10] = (conv2d_NCHWc_global[cse_var_10] + (((int32_t)((int16_t*)p0_1)[((((ic_outer * 500) + ((ax0_ax1_fused_ax2_outer_fused % 5) * 100)) + ic_inner) + 40)]) * ((int32_t)((int16_t*)fused_constant_2)[(((((ax0_ax1_fused_ax2_outer_fused / 5) * 256) + (ic_outer * 16)) + (ic_inner * 4)) + oc_block_c_10)])));
        }
        for (int32_t oc_block_c_11 = 0; oc_block_c_11 < 4; ++oc_block_c_11) {
          int32_t cse_var_11 = (oc_block_c_11 + 44);
          conv2d_NCHWc_global[cse_var_11] = (conv2d_NCHWc_global[cse_var_11] + (((int32_t)((int16_t*)p0_1)[((((ic_outer * 500) + ((ax0_ax1_fused_ax2_outer_fused % 5) * 100)) + ic_inner) + 44)]) * ((int32_t)((int16_t*)fused_constant_2)[(((((ax0_ax1_fused_ax2_outer_fused / 5) * 256) + (ic_outer * 16)) + (ic_inner * 4)) + oc_block_c_11)])));
        }
        for (int32_t oc_block_c_12 = 0; oc_block_c_12 < 4; ++oc_block_c_12) {
          int32_t cse_var_12 = (oc_block_c_12 + 48);
          conv2d_NCHWc_global[cse_var_12] = (conv2d_NCHWc_global[cse_var_12] + (((int32_t)((int16_t*)p0_1)[((((ic_outer * 500) + ((ax0_ax1_fused_ax2_outer_fused % 5) * 100)) + ic_inner) + 48)]) * ((int32_t)((int16_t*)fused_constant_2)[(((((ax0_ax1_fused_ax2_outer_fused / 5) * 256) + (ic_outer * 16)) + (ic_inner * 4)) + oc_block_c_12)])));
        }
        for (int32_t oc_block_c_13 = 0; oc_block_c_13 < 4; ++oc_block_c_13) {
          int32_t cse_var_13 = (oc_block_c_13 + 52);
          conv2d_NCHWc_global[cse_var_13] = (conv2d_NCHWc_global[cse_var_13] + (((int32_t)((int16_t*)p0_1)[((((ic_outer * 500) + ((ax0_ax1_fused_ax2_outer_fused % 5) * 100)) + ic_inner) + 52)]) * ((int32_t)((int16_t*)fused_constant_2)[(((((ax0_ax1_fused_ax2_outer_fused / 5) * 256) + (ic_outer * 16)) + (ic_inner * 4)) + oc_block_c_13)])));
        }
        for (int32_t oc_block_c_14 = 0; oc_block_c_14 < 4; ++oc_block_c_14) {
          int32_t cse_var_14 = (oc_block_c_14 + 56);
          conv2d_NCHWc_global[cse_var_14] = (conv2d_NCHWc_global[cse_var_14] + (((int32_t)((int16_t*)p0_1)[((((ic_outer * 500) + ((ax0_ax1_fused_ax2_outer_fused % 5) * 100)) + ic_inner) + 56)]) * ((int32_t)((int16_t*)fused_constant_2)[(((((ax0_ax1_fused_ax2_outer_fused / 5) * 256) + (ic_outer * 16)) + (ic_inner * 4)) + oc_block_c_14)])));
        }
        for (int32_t oc_block_c_15 = 0; oc_block_c_15 < 4; ++oc_block_c_15) {
          int32_t cse_var_15 = (oc_block_c_15 + 60);
          conv2d_NCHWc_global[cse_var_15] = (conv2d_NCHWc_global[cse_var_15] + (((int32_t)((int16_t*)p0_1)[((((ic_outer * 500) + ((ax0_ax1_fused_ax2_outer_fused % 5) * 100)) + ic_inner) + 60)]) * ((int32_t)((int16_t*)fused_constant_2)[(((((ax0_ax1_fused_ax2_outer_fused / 5) * 256) + (ic_outer * 16)) + (ic_inner * 4)) + oc_block_c_15)])));
        }
        for (int32_t oc_block_c_16 = 0; oc_block_c_16 < 4; ++oc_block_c_16) {
          int32_t cse_var_16 = (oc_block_c_16 + 64);
          conv2d_NCHWc_global[cse_var_16] = (conv2d_NCHWc_global[cse_var_16] + (((int32_t)((int16_t*)p0_1)[((((ic_outer * 500) + ((ax0_ax1_fused_ax2_outer_fused % 5) * 100)) + ic_inner) + 64)]) * ((int32_t)((int16_t*)fused_constant_2)[(((((ax0_ax1_fused_ax2_outer_fused / 5) * 256) + (ic_outer * 16)) + (ic_inner * 4)) + oc_block_c_16)])));
        }
        for (int32_t oc_block_c_17 = 0; oc_block_c_17 < 4; ++oc_block_c_17) {
          int32_t cse_var_17 = (oc_block_c_17 + 68);
          conv2d_NCHWc_global[cse_var_17] = (conv2d_NCHWc_global[cse_var_17] + (((int32_t)((int16_t*)p0_1)[((((ic_outer * 500) + ((ax0_ax1_fused_ax2_outer_fused % 5) * 100)) + ic_inner) + 68)]) * ((int32_t)((int16_t*)fused_constant_2)[(((((ax0_ax1_fused_ax2_outer_fused / 5) * 256) + (ic_outer * 16)) + (ic_inner * 4)) + oc_block_c_17)])));
        }
        for (int32_t oc_block_c_18 = 0; oc_block_c_18 < 4; ++oc_block_c_18) {
          int32_t cse_var_18 = (oc_block_c_18 + 72);
          conv2d_NCHWc_global[cse_var_18] = (conv2d_NCHWc_global[cse_var_18] + (((int32_t)((int16_t*)p0_1)[((((ic_outer * 500) + ((ax0_ax1_fused_ax2_outer_fused % 5) * 100)) + ic_inner) + 72)]) * ((int32_t)((int16_t*)fused_constant_2)[(((((ax0_ax1_fused_ax2_outer_fused / 5) * 256) + (ic_outer * 16)) + (ic_inner * 4)) + oc_block_c_18)])));
        }
        for (int32_t oc_block_c_19 = 0; oc_block_c_19 < 4; ++oc_block_c_19) {
          int32_t cse_var_19 = (oc_block_c_19 + 76);
          conv2d_NCHWc_global[cse_var_19] = (conv2d_NCHWc_global[cse_var_19] + (((int32_t)((int16_t*)p0_1)[((((ic_outer * 500) + ((ax0_ax1_fused_ax2_outer_fused % 5) * 100)) + ic_inner) + 76)]) * ((int32_t)((int16_t*)fused_constant_2)[(((((ax0_ax1_fused_ax2_outer_fused / 5) * 256) + (ic_outer * 16)) + (ic_inner * 4)) + oc_block_c_19)])));
        }
        for (int32_t oc_block_c_20 = 0; oc_block_c_20 < 4; ++oc_block_c_20) {
          int32_t cse_var_20 = (oc_block_c_20 + 80);
          conv2d_NCHWc_global[cse_var_20] = (conv2d_NCHWc_global[cse_var_20] + (((int32_t)((int16_t*)p0_1)[((((ic_outer * 500) + ((ax0_ax1_fused_ax2_outer_fused % 5) * 100)) + ic_inner) + 80)]) * ((int32_t)((int16_t*)fused_constant_2)[(((((ax0_ax1_fused_ax2_outer_fused / 5) * 256) + (ic_outer * 16)) + (ic_inner * 4)) + oc_block_c_20)])));
        }
        for (int32_t oc_block_c_21 = 0; oc_block_c_21 < 4; ++oc_block_c_21) {
          int32_t cse_var_21 = (oc_block_c_21 + 84);
          conv2d_NCHWc_global[cse_var_21] = (conv2d_NCHWc_global[cse_var_21] + (((int32_t)((int16_t*)p0_1)[((((ic_outer * 500) + ((ax0_ax1_fused_ax2_outer_fused % 5) * 100)) + ic_inner) + 84)]) * ((int32_t)((int16_t*)fused_constant_2)[(((((ax0_ax1_fused_ax2_outer_fused / 5) * 256) + (ic_outer * 16)) + (ic_inner * 4)) + oc_block_c_21)])));
        }
        for (int32_t oc_block_c_22 = 0; oc_block_c_22 < 4; ++oc_block_c_22) {
          int32_t cse_var_22 = (oc_block_c_22 + 88);
          conv2d_NCHWc_global[cse_var_22] = (conv2d_NCHWc_global[cse_var_22] + (((int32_t)((int16_t*)p0_1)[((((ic_outer * 500) + ((ax0_ax1_fused_ax2_outer_fused % 5) * 100)) + ic_inner) + 88)]) * ((int32_t)((int16_t*)fused_constant_2)[(((((ax0_ax1_fused_ax2_outer_fused / 5) * 256) + (ic_outer * 16)) + (ic_inner * 4)) + oc_block_c_22)])));
        }
        for (int32_t oc_block_c_23 = 0; oc_block_c_23 < 4; ++oc_block_c_23) {
          int32_t cse_var_23 = (oc_block_c_23 + 92);
          conv2d_NCHWc_global[cse_var_23] = (conv2d_NCHWc_global[cse_var_23] + (((int32_t)((int16_t*)p0_1)[((((ic_outer * 500) + ((ax0_ax1_fused_ax2_outer_fused % 5) * 100)) + ic_inner) + 92)]) * ((int32_t)((int16_t*)fused_constant_2)[(((((ax0_ax1_fused_ax2_outer_fused / 5) * 256) + (ic_outer * 16)) + (ic_inner * 4)) + oc_block_c_23)])));
        }
        for (int32_t oc_block_c_24 = 0; oc_block_c_24 < 4; ++oc_block_c_24) {
          int32_t cse_var_24 = (oc_block_c_24 + 96);
          conv2d_NCHWc_global[cse_var_24] = (conv2d_NCHWc_global[cse_var_24] + (((int32_t)((int16_t*)p0_1)[((((ic_outer * 500) + ((ax0_ax1_fused_ax2_outer_fused % 5) * 100)) + ic_inner) + 96)]) * ((int32_t)((int16_t*)fused_constant_2)[(((((ax0_ax1_fused_ax2_outer_fused / 5) * 256) + (ic_outer * 16)) + (ic_inner * 4)) + oc_block_c_24)])));
        }
      }
    }
    for (int32_t ax2_inner = 0; ax2_inner < 5; ++ax2_inner) {
      for (int32_t ax3_inner = 0; ax3_inner < 5; ++ax3_inner) {
        for (int32_t ax4 = 0; ax4 < 4; ++ax4) {
          int32_t cse_var_27 = (ax2_inner * 20);
          int32_t cse_var_26 = (ax3_inner * 4);
          int32_t cse_var_25 = (((ax0_ax1_fused_ax2_outer_fused / 5) * 4) + ax4);
          int32_t v_ = ((int32_t)(((((int64_t)(conv2d_NCHWc_global[((cse_var_27 + cse_var_26) + ax4)] + ((int32_t*)fused_nn_contrib_conv2d_NCHWc_constant_1)[cse_var_25])) * ((int64_t)((int32_t*)fused_nn_contrib_conv2d_NCHWc_add_constant_3)[cse_var_25])) + ((int64_t)1 << ((int64_t)((((int32_t*)fused_nn_contrib_conv2d_NCHWc_add_constant_5)[cse_var_25] + 31) - 1)))) >> ((int64_t)(((int32_t*)fused_nn_contrib_conv2d_NCHWc_add_constant_5)[cse_var_25] + 31)))) - 128;
          int32_t v__1 = (v_) < (127) ? (v_) : (127);
          ((int16_t*)T_subtract_1)[((((ax0_ax1_fused_ax2_outer_fused * 100) + cse_var_27) + cse_var_26) + ax4)] = (((int16_t)((int8_t)((v__1) > (-128) ? (v__1) : (-128)))) - (int16_t)-128);
        }
      }
    }
  }
  return 0;
}

#ifdef __cplusplus
extern "C"
#endif
TVM_DLL int32_t tvmgen_default_fused_nn_contrib_conv2d_NCHWc_add_fixed_point_multiply_per_axis_add_clip_cast_ca_f68cd3c4a6332098__2(void* args, int32_t* arg_type_ids, int32_t num_args, void* out_ret_value, int32_t* out_ret_tcode, void* resource_handle) {
  int32_t p0_code = arg_type_ids[0];
  int32_t T_subtract_code = arg_type_ids[1];
  void* p0 = (((TVMValue*)args)[0].v_handle);
  void* T_subtract = (((TVMValue*)args)[1].v_handle);
  void* p0_1 = (((DLTensor*)p0)[0].data);
  void* tvmgen_default_fused_nn_contrib_conv2d_NCHWc_add_fixed_point_multiply_per_axis_add_clip_cast_ca_f68cd3c4a6332098__2_p0_shape = (((DLTensor*)p0)[0].shape);
  void* tvmgen_default_fused_nn_contrib_conv2d_NCHWc_add_fixed_point_multiply_per_axis_add_clip_cast_ca_f68cd3c4a6332098__2_p0_strides = (((DLTensor*)p0)[0].strides);
  int32_t dev_id = (((DLTensor*)p0)[0].device.device_id);
  void* T_subtract_1 = (((DLTensor*)T_subtract)[0].data);
  void* tvmgen_default_fused_nn_contrib_conv2d_NCHWc_add_fixed_point_multiply_per_axis_add_clip_cast_ca_f68cd3c4a6332098__2_T_subtract_shape = (((DLTensor*)T_subtract)[0].shape);
  void* tvmgen_default_fused_nn_contrib_conv2d_NCHWc_add_fixed_point_multiply_per_axis_add_clip_cast_ca_f68cd3c4a6332098__2_T_subtract_strides = (((DLTensor*)T_subtract)[0].strides);
  if (!(tvmgen_default_fused_nn_contrib_conv2d_NCHWc_add_fixed_point_multiply_per_axis_add_clip_cast_ca_f68cd3c4a6332098__2_p0_strides == NULL)) {
  }
  if (!(tvmgen_default_fused_nn_contrib_conv2d_NCHWc_add_fixed_point_multiply_per_axis_add_clip_cast_ca_f68cd3c4a6332098__2_T_subtract_strides == NULL)) {
  }
  for (int32_t ax0_ax1_fused_ax2_outer_fused = 0; ax0_ax1_fused_ax2_outer_fused < 80; ++ax0_ax1_fused_ax2_outer_fused) {
    int32_t conv2d_NCHWc_global[100];
    for (int32_t oc_block_c_init = 0; oc_block_c_init < 4; ++oc_block_c_init) {
      conv2d_NCHWc_global[oc_block_c_init] = 0;
    }
    for (int32_t oc_block_c_init_1 = 0; oc_block_c_init_1 < 4; ++oc_block_c_init_1) {
      conv2d_NCHWc_global[(oc_block_c_init_1 + 4)] = 0;
    }
    for (int32_t oc_block_c_init_2 = 0; oc_block_c_init_2 < 4; ++oc_block_c_init_2) {
      conv2d_NCHWc_global[(oc_block_c_init_2 + 8)] = 0;
    }
    for (int32_t oc_block_c_init_3 = 0; oc_block_c_init_3 < 4; ++oc_block_c_init_3) {
      conv2d_NCHWc_global[(oc_block_c_init_3 + 12)] = 0;
    }
    for (int32_t oc_block_c_init_4 = 0; oc_block_c_init_4 < 4; ++oc_block_c_init_4) {
      conv2d_NCHWc_global[(oc_block_c_init_4 + 16)] = 0;
    }
    for (int32_t oc_block_c_init_5 = 0; oc_block_c_init_5 < 4; ++oc_block_c_init_5) {
      conv2d_NCHWc_global[(oc_block_c_init_5 + 20)] = 0;
    }
    for (int32_t oc_block_c_init_6 = 0; oc_block_c_init_6 < 4; ++oc_block_c_init_6) {
      conv2d_NCHWc_global[(oc_block_c_init_6 + 24)] = 0;
    }
    for (int32_t oc_block_c_init_7 = 0; oc_block_c_init_7 < 4; ++oc_block_c_init_7) {
      conv2d_NCHWc_global[(oc_block_c_init_7 + 28)] = 0;
    }
    for (int32_t oc_block_c_init_8 = 0; oc_block_c_init_8 < 4; ++oc_block_c_init_8) {
      conv2d_NCHWc_global[(oc_block_c_init_8 + 32)] = 0;
    }
    for (int32_t oc_block_c_init_9 = 0; oc_block_c_init_9 < 4; ++oc_block_c_init_9) {
      conv2d_NCHWc_global[(oc_block_c_init_9 + 36)] = 0;
    }
    for (int32_t oc_block_c_init_10 = 0; oc_block_c_init_10 < 4; ++oc_block_c_init_10) {
      conv2d_NCHWc_global[(oc_block_c_init_10 + 40)] = 0;
    }
    for (int32_t oc_block_c_init_11 = 0; oc_block_c_init_11 < 4; ++oc_block_c_init_11) {
      conv2d_NCHWc_global[(oc_block_c_init_11 + 44)] = 0;
    }
    for (int32_t oc_block_c_init_12 = 0; oc_block_c_init_12 < 4; ++oc_block_c_init_12) {
      conv2d_NCHWc_global[(oc_block_c_init_12 + 48)] = 0;
    }
    for (int32_t oc_block_c_init_13 = 0; oc_block_c_init_13 < 4; ++oc_block_c_init_13) {
      conv2d_NCHWc_global[(oc_block_c_init_13 + 52)] = 0;
    }
    for (int32_t oc_block_c_init_14 = 0; oc_block_c_init_14 < 4; ++oc_block_c_init_14) {
      conv2d_NCHWc_global[(oc_block_c_init_14 + 56)] = 0;
    }
    for (int32_t oc_block_c_init_15 = 0; oc_block_c_init_15 < 4; ++oc_block_c_init_15) {
      conv2d_NCHWc_global[(oc_block_c_init_15 + 60)] = 0;
    }
    for (int32_t oc_block_c_init_16 = 0; oc_block_c_init_16 < 4; ++oc_block_c_init_16) {
      conv2d_NCHWc_global[(oc_block_c_init_16 + 64)] = 0;
    }
    for (int32_t oc_block_c_init_17 = 0; oc_block_c_init_17 < 4; ++oc_block_c_init_17) {
      conv2d_NCHWc_global[(oc_block_c_init_17 + 68)] = 0;
    }
    for (int32_t oc_block_c_init_18 = 0; oc_block_c_init_18 < 4; ++oc_block_c_init_18) {
      conv2d_NCHWc_global[(oc_block_c_init_18 + 72)] = 0;
    }
    for (int32_t oc_block_c_init_19 = 0; oc_block_c_init_19 < 4; ++oc_block_c_init_19) {
      conv2d_NCHWc_global[(oc_block_c_init_19 + 76)] = 0;
    }
    for (int32_t oc_block_c_init_20 = 0; oc_block_c_init_20 < 4; ++oc_block_c_init_20) {
      conv2d_NCHWc_global[(oc_block_c_init_20 + 80)] = 0;
    }
    for (int32_t oc_block_c_init_21 = 0; oc_block_c_init_21 < 4; ++oc_block_c_init_21) {
      conv2d_NCHWc_global[(oc_block_c_init_21 + 84)] = 0;
    }
    for (int32_t oc_block_c_init_22 = 0; oc_block_c_init_22 < 4; ++oc_block_c_init_22) {
      conv2d_NCHWc_global[(oc_block_c_init_22 + 88)] = 0;
    }
    for (int32_t oc_block_c_init_23 = 0; oc_block_c_init_23 < 4; ++oc_block_c_init_23) {
      conv2d_NCHWc_global[(oc_block_c_init_23 + 92)] = 0;
    }
    for (int32_t oc_block_c_init_24 = 0; oc_block_c_init_24 < 4; ++oc_block_c_init_24) {
      conv2d_NCHWc_global[(oc_block_c_init_24 + 96)] = 0;
    }
    for (int32_t ic_outer = 0; ic_outer < 16; ++ic_outer) {
      for (int32_t ic_inner = 0; ic_inner < 4; ++ic_inner) {
        for (int32_t oc_block_c = 0; oc_block_c < 4; ++oc_block_c) {
          conv2d_NCHWc_global[oc_block_c] = (conv2d_NCHWc_global[oc_block_c] + (((int32_t)((int16_t*)p0_1)[(((ic_outer * 500) + ((ax0_ax1_fused_ax2_outer_fused % 5) * 100)) + ic_inner)]) * ((int32_t)((int16_t*)fused_constant_4)[(((((ax0_ax1_fused_ax2_outer_fused / 5) * 256) + (ic_outer * 16)) + (ic_inner * 4)) + oc_block_c)])));
        }
        for (int32_t oc_block_c_1 = 0; oc_block_c_1 < 4; ++oc_block_c_1) {
          int32_t cse_var_1 = (oc_block_c_1 + 4);
          conv2d_NCHWc_global[cse_var_1] = (conv2d_NCHWc_global[cse_var_1] + (((int32_t)((int16_t*)p0_1)[((((ic_outer * 500) + ((ax0_ax1_fused_ax2_outer_fused % 5) * 100)) + ic_inner) + 4)]) * ((int32_t)((int16_t*)fused_constant_4)[(((((ax0_ax1_fused_ax2_outer_fused / 5) * 256) + (ic_outer * 16)) + (ic_inner * 4)) + oc_block_c_1)])));
        }
        for (int32_t oc_block_c_2 = 0; oc_block_c_2 < 4; ++oc_block_c_2) {
          int32_t cse_var_2 = (oc_block_c_2 + 8);
          conv2d_NCHWc_global[cse_var_2] = (conv2d_NCHWc_global[cse_var_2] + (((int32_t)((int16_t*)p0_1)[((((ic_outer * 500) + ((ax0_ax1_fused_ax2_outer_fused % 5) * 100)) + ic_inner) + 8)]) * ((int32_t)((int16_t*)fused_constant_4)[(((((ax0_ax1_fused_ax2_outer_fused / 5) * 256) + (ic_outer * 16)) + (ic_inner * 4)) + oc_block_c_2)])));
        }
        for (int32_t oc_block_c_3 = 0; oc_block_c_3 < 4; ++oc_block_c_3) {
          int32_t cse_var_3 = (oc_block_c_3 + 12);
          conv2d_NCHWc_global[cse_var_3] = (conv2d_NCHWc_global[cse_var_3] + (((int32_t)((int16_t*)p0_1)[((((ic_outer * 500) + ((ax0_ax1_fused_ax2_outer_fused % 5) * 100)) + ic_inner) + 12)]) * ((int32_t)((int16_t*)fused_constant_4)[(((((ax0_ax1_fused_ax2_outer_fused / 5) * 256) + (ic_outer * 16)) + (ic_inner * 4)) + oc_block_c_3)])));
        }
        for (int32_t oc_block_c_4 = 0; oc_block_c_4 < 4; ++oc_block_c_4) {
          int32_t cse_var_4 = (oc_block_c_4 + 16);
          conv2d_NCHWc_global[cse_var_4] = (conv2d_NCHWc_global[cse_var_4] + (((int32_t)((int16_t*)p0_1)[((((ic_outer * 500) + ((ax0_ax1_fused_ax2_outer_fused % 5) * 100)) + ic_inner) + 16)]) * ((int32_t)((int16_t*)fused_constant_4)[(((((ax0_ax1_fused_ax2_outer_fused / 5) * 256) + (ic_outer * 16)) + (ic_inner * 4)) + oc_block_c_4)])));
        }
        for (int32_t oc_block_c_5 = 0; oc_block_c_5 < 4; ++oc_block_c_5) {
          int32_t cse_var_5 = (oc_block_c_5 + 20);
          conv2d_NCHWc_global[cse_var_5] = (conv2d_NCHWc_global[cse_var_5] + (((int32_t)((int16_t*)p0_1)[((((ic_outer * 500) + ((ax0_ax1_fused_ax2_outer_fused % 5) * 100)) + ic_inner) + 20)]) * ((int32_t)((int16_t*)fused_constant_4)[(((((ax0_ax1_fused_ax2_outer_fused / 5) * 256) + (ic_outer * 16)) + (ic_inner * 4)) + oc_block_c_5)])));
        }
        for (int32_t oc_block_c_6 = 0; oc_block_c_6 < 4; ++oc_block_c_6) {
          int32_t cse_var_6 = (oc_block_c_6 + 24);
          conv2d_NCHWc_global[cse_var_6] = (conv2d_NCHWc_global[cse_var_6] + (((int32_t)((int16_t*)p0_1)[((((ic_outer * 500) + ((ax0_ax1_fused_ax2_outer_fused % 5) * 100)) + ic_inner) + 24)]) * ((int32_t)((int16_t*)fused_constant_4)[(((((ax0_ax1_fused_ax2_outer_fused / 5) * 256) + (ic_outer * 16)) + (ic_inner * 4)) + oc_block_c_6)])));
        }
        for (int32_t oc_block_c_7 = 0; oc_block_c_7 < 4; ++oc_block_c_7) {
          int32_t cse_var_7 = (oc_block_c_7 + 28);
          conv2d_NCHWc_global[cse_var_7] = (conv2d_NCHWc_global[cse_var_7] + (((int32_t)((int16_t*)p0_1)[((((ic_outer * 500) + ((ax0_ax1_fused_ax2_outer_fused % 5) * 100)) + ic_inner) + 28)]) * ((int32_t)((int16_t*)fused_constant_4)[(((((ax0_ax1_fused_ax2_outer_fused / 5) * 256) + (ic_outer * 16)) + (ic_inner * 4)) + oc_block_c_7)])));
        }
        for (int32_t oc_block_c_8 = 0; oc_block_c_8 < 4; ++oc_block_c_8) {
          int32_t cse_var_8 = (oc_block_c_8 + 32);
          conv2d_NCHWc_global[cse_var_8] = (conv2d_NCHWc_global[cse_var_8] + (((int32_t)((int16_t*)p0_1)[((((ic_outer * 500) + ((ax0_ax1_fused_ax2_outer_fused % 5) * 100)) + ic_inner) + 32)]) * ((int32_t)((int16_t*)fused_constant_4)[(((((ax0_ax1_fused_ax2_outer_fused / 5) * 256) + (ic_outer * 16)) + (ic_inner * 4)) + oc_block_c_8)])));
        }
        for (int32_t oc_block_c_9 = 0; oc_block_c_9 < 4; ++oc_block_c_9) {
          int32_t cse_var_9 = (oc_block_c_9 + 36);
          conv2d_NCHWc_global[cse_var_9] = (conv2d_NCHWc_global[cse_var_9] + (((int32_t)((int16_t*)p0_1)[((((ic_outer * 500) + ((ax0_ax1_fused_ax2_outer_fused % 5) * 100)) + ic_inner) + 36)]) * ((int32_t)((int16_t*)fused_constant_4)[(((((ax0_ax1_fused_ax2_outer_fused / 5) * 256) + (ic_outer * 16)) + (ic_inner * 4)) + oc_block_c_9)])));
        }
        for (int32_t oc_block_c_10 = 0; oc_block_c_10 < 4; ++oc_block_c_10) {
          int32_t cse_var_10 = (oc_block_c_10 + 40);
          conv2d_NCHWc_global[cse_var_10] = (conv2d_NCHWc_global[cse_var_10] + (((int32_t)((int16_t*)p0_1)[((((ic_outer * 500) + ((ax0_ax1_fused_ax2_outer_fused % 5) * 100)) + ic_inner) + 40)]) * ((int32_t)((int16_t*)fused_constant_4)[(((((ax0_ax1_fused_ax2_outer_fused / 5) * 256) + (ic_outer * 16)) + (ic_inner * 4)) + oc_block_c_10)])));
        }
        for (int32_t oc_block_c_11 = 0; oc_block_c_11 < 4; ++oc_block_c_11) {
          int32_t cse_var_11 = (oc_block_c_11 + 44);
          conv2d_NCHWc_global[cse_var_11] = (conv2d_NCHWc_global[cse_var_11] + (((int32_t)((int16_t*)p0_1)[((((ic_outer * 500) + ((ax0_ax1_fused_ax2_outer_fused % 5) * 100)) + ic_inner) + 44)]) * ((int32_t)((int16_t*)fused_constant_4)[(((((ax0_ax1_fused_ax2_outer_fused / 5) * 256) + (ic_outer * 16)) + (ic_inner * 4)) + oc_block_c_11)])));
        }
        for (int32_t oc_block_c_12 = 0; oc_block_c_12 < 4; ++oc_block_c_12) {
          int32_t cse_var_12 = (oc_block_c_12 + 48);
          conv2d_NCHWc_global[cse_var_12] = (conv2d_NCHWc_global[cse_var_12] + (((int32_t)((int16_t*)p0_1)[((((ic_outer * 500) + ((ax0_ax1_fused_ax2_outer_fused % 5) * 100)) + ic_inner) + 48)]) * ((int32_t)((int16_t*)fused_constant_4)[(((((ax0_ax1_fused_ax2_outer_fused / 5) * 256) + (ic_outer * 16)) + (ic_inner * 4)) + oc_block_c_12)])));
        }
        for (int32_t oc_block_c_13 = 0; oc_block_c_13 < 4; ++oc_block_c_13) {
          int32_t cse_var_13 = (oc_block_c_13 + 52);
          conv2d_NCHWc_global[cse_var_13] = (conv2d_NCHWc_global[cse_var_13] + (((int32_t)((int16_t*)p0_1)[((((ic_outer * 500) + ((ax0_ax1_fused_ax2_outer_fused % 5) * 100)) + ic_inner) + 52)]) * ((int32_t)((int16_t*)fused_constant_4)[(((((ax0_ax1_fused_ax2_outer_fused / 5) * 256) + (ic_outer * 16)) + (ic_inner * 4)) + oc_block_c_13)])));
        }
        for (int32_t oc_block_c_14 = 0; oc_block_c_14 < 4; ++oc_block_c_14) {
          int32_t cse_var_14 = (oc_block_c_14 + 56);
          conv2d_NCHWc_global[cse_var_14] = (conv2d_NCHWc_global[cse_var_14] + (((int32_t)((int16_t*)p0_1)[((((ic_outer * 500) + ((ax0_ax1_fused_ax2_outer_fused % 5) * 100)) + ic_inner) + 56)]) * ((int32_t)((int16_t*)fused_constant_4)[(((((ax0_ax1_fused_ax2_outer_fused / 5) * 256) + (ic_outer * 16)) + (ic_inner * 4)) + oc_block_c_14)])));
        }
        for (int32_t oc_block_c_15 = 0; oc_block_c_15 < 4; ++oc_block_c_15) {
          int32_t cse_var_15 = (oc_block_c_15 + 60);
          conv2d_NCHWc_global[cse_var_15] = (conv2d_NCHWc_global[cse_var_15] + (((int32_t)((int16_t*)p0_1)[((((ic_outer * 500) + ((ax0_ax1_fused_ax2_outer_fused % 5) * 100)) + ic_inner) + 60)]) * ((int32_t)((int16_t*)fused_constant_4)[(((((ax0_ax1_fused_ax2_outer_fused / 5) * 256) + (ic_outer * 16)) + (ic_inner * 4)) + oc_block_c_15)])));
        }
        for (int32_t oc_block_c_16 = 0; oc_block_c_16 < 4; ++oc_block_c_16) {
          int32_t cse_var_16 = (oc_block_c_16 + 64);
          conv2d_NCHWc_global[cse_var_16] = (conv2d_NCHWc_global[cse_var_16] + (((int32_t)((int16_t*)p0_1)[((((ic_outer * 500) + ((ax0_ax1_fused_ax2_outer_fused % 5) * 100)) + ic_inner) + 64)]) * ((int32_t)((int16_t*)fused_constant_4)[(((((ax0_ax1_fused_ax2_outer_fused / 5) * 256) + (ic_outer * 16)) + (ic_inner * 4)) + oc_block_c_16)])));
        }
        for (int32_t oc_block_c_17 = 0; oc_block_c_17 < 4; ++oc_block_c_17) {
          int32_t cse_var_17 = (oc_block_c_17 + 68);
          conv2d_NCHWc_global[cse_var_17] = (conv2d_NCHWc_global[cse_var_17] + (((int32_t)((int16_t*)p0_1)[((((ic_outer * 500) + ((ax0_ax1_fused_ax2_outer_fused % 5) * 100)) + ic_inner) + 68)]) * ((int32_t)((int16_t*)fused_constant_4)[(((((ax0_ax1_fused_ax2_outer_fused / 5) * 256) + (ic_outer * 16)) + (ic_inner * 4)) + oc_block_c_17)])));
        }
        for (int32_t oc_block_c_18 = 0; oc_block_c_18 < 4; ++oc_block_c_18) {
          int32_t cse_var_18 = (oc_block_c_18 + 72);
          conv2d_NCHWc_global[cse_var_18] = (conv2d_NCHWc_global[cse_var_18] + (((int32_t)((int16_t*)p0_1)[((((ic_outer * 500) + ((ax0_ax1_fused_ax2_outer_fused % 5) * 100)) + ic_inner) + 72)]) * ((int32_t)((int16_t*)fused_constant_4)[(((((ax0_ax1_fused_ax2_outer_fused / 5) * 256) + (ic_outer * 16)) + (ic_inner * 4)) + oc_block_c_18)])));
        }
        for (int32_t oc_block_c_19 = 0; oc_block_c_19 < 4; ++oc_block_c_19) {
          int32_t cse_var_19 = (oc_block_c_19 + 76);
          conv2d_NCHWc_global[cse_var_19] = (conv2d_NCHWc_global[cse_var_19] + (((int32_t)((int16_t*)p0_1)[((((ic_outer * 500) + ((ax0_ax1_fused_ax2_outer_fused % 5) * 100)) + ic_inner) + 76)]) * ((int32_t)((int16_t*)fused_constant_4)[(((((ax0_ax1_fused_ax2_outer_fused / 5) * 256) + (ic_outer * 16)) + (ic_inner * 4)) + oc_block_c_19)])));
        }
        for (int32_t oc_block_c_20 = 0; oc_block_c_20 < 4; ++oc_block_c_20) {
          int32_t cse_var_20 = (oc_block_c_20 + 80);
          conv2d_NCHWc_global[cse_var_20] = (conv2d_NCHWc_global[cse_var_20] + (((int32_t)((int16_t*)p0_1)[((((ic_outer * 500) + ((ax0_ax1_fused_ax2_outer_fused % 5) * 100)) + ic_inner) + 80)]) * ((int32_t)((int16_t*)fused_constant_4)[(((((ax0_ax1_fused_ax2_outer_fused / 5) * 256) + (ic_outer * 16)) + (ic_inner * 4)) + oc_block_c_20)])));
        }
        for (int32_t oc_block_c_21 = 0; oc_block_c_21 < 4; ++oc_block_c_21) {
          int32_t cse_var_21 = (oc_block_c_21 + 84);
          conv2d_NCHWc_global[cse_var_21] = (conv2d_NCHWc_global[cse_var_21] + (((int32_t)((int16_t*)p0_1)[((((ic_outer * 500) + ((ax0_ax1_fused_ax2_outer_fused % 5) * 100)) + ic_inner) + 84)]) * ((int32_t)((int16_t*)fused_constant_4)[(((((ax0_ax1_fused_ax2_outer_fused / 5) * 256) + (ic_outer * 16)) + (ic_inner * 4)) + oc_block_c_21)])));
        }
        for (int32_t oc_block_c_22 = 0; oc_block_c_22 < 4; ++oc_block_c_22) {
          int32_t cse_var_22 = (oc_block_c_22 + 88);
          conv2d_NCHWc_global[cse_var_22] = (conv2d_NCHWc_global[cse_var_22] + (((int32_t)((int16_t*)p0_1)[((((ic_outer * 500) + ((ax0_ax1_fused_ax2_outer_fused % 5) * 100)) + ic_inner) + 88)]) * ((int32_t)((int16_t*)fused_constant_4)[(((((ax0_ax1_fused_ax2_outer_fused / 5) * 256) + (ic_outer * 16)) + (ic_inner * 4)) + oc_block_c_22)])));
        }
        for (int32_t oc_block_c_23 = 0; oc_block_c_23 < 4; ++oc_block_c_23) {
          int32_t cse_var_23 = (oc_block_c_23 + 92);
          conv2d_NCHWc_global[cse_var_23] = (conv2d_NCHWc_global[cse_var_23] + (((int32_t)((int16_t*)p0_1)[((((ic_outer * 500) + ((ax0_ax1_fused_ax2_outer_fused % 5) * 100)) + ic_inner) + 92)]) * ((int32_t)((int16_t*)fused_constant_4)[(((((ax0_ax1_fused_ax2_outer_fused / 5) * 256) + (ic_outer * 16)) + (ic_inner * 4)) + oc_block_c_23)])));
        }
        for (int32_t oc_block_c_24 = 0; oc_block_c_24 < 4; ++oc_block_c_24) {
          int32_t cse_var_24 = (oc_block_c_24 + 96);
          conv2d_NCHWc_global[cse_var_24] = (conv2d_NCHWc_global[cse_var_24] + (((int32_t)((int16_t*)p0_1)[((((ic_outer * 500) + ((ax0_ax1_fused_ax2_outer_fused % 5) * 100)) + ic_inner) + 96)]) * ((int32_t)((int16_t*)fused_constant_4)[(((((ax0_ax1_fused_ax2_outer_fused / 5) * 256) + (ic_outer * 16)) + (ic_inner * 4)) + oc_block_c_24)])));
        }
      }
    }
    for (int32_t ax2_inner = 0; ax2_inner < 5; ++ax2_inner) {
      for (int32_t ax3_inner = 0; ax3_inner < 5; ++ax3_inner) {
        for (int32_t ax4 = 0; ax4 < 4; ++ax4) {
          int32_t cse_var_27 = (ax2_inner * 20);
          int32_t cse_var_26 = (ax3_inner * 4);
          int32_t cse_var_25 = (((ax0_ax1_fused_ax2_outer_fused / 5) * 4) + ax4);
          int32_t v_ = ((int32_t)(((((int64_t)(conv2d_NCHWc_global[((cse_var_27 + cse_var_26) + ax4)] + ((int32_t*)fused_nn_contrib_conv2d_NCHWc_constant_2)[cse_var_25])) * ((int64_t)((int32_t*)fused_nn_contrib_conv2d_NCHWc_add_constant_6)[cse_var_25])) + ((int64_t)1 << ((int64_t)((((int32_t*)fused_nn_contrib_conv2d_NCHWc_add_constant_8)[cse_var_25] + 31) - 1)))) >> ((int64_t)(((int32_t*)fused_nn_contrib_conv2d_NCHWc_add_constant_8)[cse_var_25] + 31)))) - 128;
          int32_t v__1 = (v_) < (127) ? (v_) : (127);
          ((int16_t*)T_subtract_1)[((((ax0_ax1_fused_ax2_outer_fused * 100) + cse_var_27) + cse_var_26) + ax4)] = (((int16_t)((int8_t)((v__1) > (-128) ? (v__1) : (-128)))) - (int16_t)-128);
        }
      }
    }
  }
  return 0;
}

#ifdef __cplusplus
extern "C"
#endif
TVM_DLL int32_t tvmgen_default_fused_nn_contrib_conv2d_NCHWc_add_fixed_point_multiply_per_axis_add_clip_cast_ca_f68cd3c4a6332098__3(void* args, int32_t* arg_type_ids, int32_t num_args, void* out_ret_value, int32_t* out_ret_tcode, void* resource_handle) {
  int32_t p0_code = arg_type_ids[0];
  int32_t T_subtract_code = arg_type_ids[1];
  void* p0 = (((TVMValue*)args)[0].v_handle);
  void* T_subtract = (((TVMValue*)args)[1].v_handle);
  void* p0_1 = (((DLTensor*)p0)[0].data);
  void* tvmgen_default_fused_nn_contrib_conv2d_NCHWc_add_fixed_point_multiply_per_axis_add_clip_cast_ca_f68cd3c4a6332098__3_p0_shape = (((DLTensor*)p0)[0].shape);
  void* tvmgen_default_fused_nn_contrib_conv2d_NCHWc_add_fixed_point_multiply_per_axis_add_clip_cast_ca_f68cd3c4a6332098__3_p0_strides = (((DLTensor*)p0)[0].strides);
  int32_t dev_id = (((DLTensor*)p0)[0].device.device_id);
  void* T_subtract_1 = (((DLTensor*)T_subtract)[0].data);
  void* tvmgen_default_fused_nn_contrib_conv2d_NCHWc_add_fixed_point_multiply_per_axis_add_clip_cast_ca_f68cd3c4a6332098__3_T_subtract_shape = (((DLTensor*)T_subtract)[0].shape);
  void* tvmgen_default_fused_nn_contrib_conv2d_NCHWc_add_fixed_point_multiply_per_axis_add_clip_cast_ca_f68cd3c4a6332098__3_T_subtract_strides = (((DLTensor*)T_subtract)[0].strides);
  if (!(tvmgen_default_fused_nn_contrib_conv2d_NCHWc_add_fixed_point_multiply_per_axis_add_clip_cast_ca_f68cd3c4a6332098__3_p0_strides == NULL)) {
  }
  if (!(tvmgen_default_fused_nn_contrib_conv2d_NCHWc_add_fixed_point_multiply_per_axis_add_clip_cast_ca_f68cd3c4a6332098__3_T_subtract_strides == NULL)) {
  }
  for (int32_t ax0_ax1_fused_ax2_outer_fused = 0; ax0_ax1_fused_ax2_outer_fused < 80; ++ax0_ax1_fused_ax2_outer_fused) {
    int32_t conv2d_NCHWc_global[100];
    for (int32_t oc_block_c_init = 0; oc_block_c_init < 4; ++oc_block_c_init) {
      conv2d_NCHWc_global[oc_block_c_init] = 0;
    }
    for (int32_t oc_block_c_init_1 = 0; oc_block_c_init_1 < 4; ++oc_block_c_init_1) {
      conv2d_NCHWc_global[(oc_block_c_init_1 + 4)] = 0;
    }
    for (int32_t oc_block_c_init_2 = 0; oc_block_c_init_2 < 4; ++oc_block_c_init_2) {
      conv2d_NCHWc_global[(oc_block_c_init_2 + 8)] = 0;
    }
    for (int32_t oc_block_c_init_3 = 0; oc_block_c_init_3 < 4; ++oc_block_c_init_3) {
      conv2d_NCHWc_global[(oc_block_c_init_3 + 12)] = 0;
    }
    for (int32_t oc_block_c_init_4 = 0; oc_block_c_init_4 < 4; ++oc_block_c_init_4) {
      conv2d_NCHWc_global[(oc_block_c_init_4 + 16)] = 0;
    }
    for (int32_t oc_block_c_init_5 = 0; oc_block_c_init_5 < 4; ++oc_block_c_init_5) {
      conv2d_NCHWc_global[(oc_block_c_init_5 + 20)] = 0;
    }
    for (int32_t oc_block_c_init_6 = 0; oc_block_c_init_6 < 4; ++oc_block_c_init_6) {
      conv2d_NCHWc_global[(oc_block_c_init_6 + 24)] = 0;
    }
    for (int32_t oc_block_c_init_7 = 0; oc_block_c_init_7 < 4; ++oc_block_c_init_7) {
      conv2d_NCHWc_global[(oc_block_c_init_7 + 28)] = 0;
    }
    for (int32_t oc_block_c_init_8 = 0; oc_block_c_init_8 < 4; ++oc_block_c_init_8) {
      conv2d_NCHWc_global[(oc_block_c_init_8 + 32)] = 0;
    }
    for (int32_t oc_block_c_init_9 = 0; oc_block_c_init_9 < 4; ++oc_block_c_init_9) {
      conv2d_NCHWc_global[(oc_block_c_init_9 + 36)] = 0;
    }
    for (int32_t oc_block_c_init_10 = 0; oc_block_c_init_10 < 4; ++oc_block_c_init_10) {
      conv2d_NCHWc_global[(oc_block_c_init_10 + 40)] = 0;
    }
    for (int32_t oc_block_c_init_11 = 0; oc_block_c_init_11 < 4; ++oc_block_c_init_11) {
      conv2d_NCHWc_global[(oc_block_c_init_11 + 44)] = 0;
    }
    for (int32_t oc_block_c_init_12 = 0; oc_block_c_init_12 < 4; ++oc_block_c_init_12) {
      conv2d_NCHWc_global[(oc_block_c_init_12 + 48)] = 0;
    }
    for (int32_t oc_block_c_init_13 = 0; oc_block_c_init_13 < 4; ++oc_block_c_init_13) {
      conv2d_NCHWc_global[(oc_block_c_init_13 + 52)] = 0;
    }
    for (int32_t oc_block_c_init_14 = 0; oc_block_c_init_14 < 4; ++oc_block_c_init_14) {
      conv2d_NCHWc_global[(oc_block_c_init_14 + 56)] = 0;
    }
    for (int32_t oc_block_c_init_15 = 0; oc_block_c_init_15 < 4; ++oc_block_c_init_15) {
      conv2d_NCHWc_global[(oc_block_c_init_15 + 60)] = 0;
    }
    for (int32_t oc_block_c_init_16 = 0; oc_block_c_init_16 < 4; ++oc_block_c_init_16) {
      conv2d_NCHWc_global[(oc_block_c_init_16 + 64)] = 0;
    }
    for (int32_t oc_block_c_init_17 = 0; oc_block_c_init_17 < 4; ++oc_block_c_init_17) {
      conv2d_NCHWc_global[(oc_block_c_init_17 + 68)] = 0;
    }
    for (int32_t oc_block_c_init_18 = 0; oc_block_c_init_18 < 4; ++oc_block_c_init_18) {
      conv2d_NCHWc_global[(oc_block_c_init_18 + 72)] = 0;
    }
    for (int32_t oc_block_c_init_19 = 0; oc_block_c_init_19 < 4; ++oc_block_c_init_19) {
      conv2d_NCHWc_global[(oc_block_c_init_19 + 76)] = 0;
    }
    for (int32_t oc_block_c_init_20 = 0; oc_block_c_init_20 < 4; ++oc_block_c_init_20) {
      conv2d_NCHWc_global[(oc_block_c_init_20 + 80)] = 0;
    }
    for (int32_t oc_block_c_init_21 = 0; oc_block_c_init_21 < 4; ++oc_block_c_init_21) {
      conv2d_NCHWc_global[(oc_block_c_init_21 + 84)] = 0;
    }
    for (int32_t oc_block_c_init_22 = 0; oc_block_c_init_22 < 4; ++oc_block_c_init_22) {
      conv2d_NCHWc_global[(oc_block_c_init_22 + 88)] = 0;
    }
    for (int32_t oc_block_c_init_23 = 0; oc_block_c_init_23 < 4; ++oc_block_c_init_23) {
      conv2d_NCHWc_global[(oc_block_c_init_23 + 92)] = 0;
    }
    for (int32_t oc_block_c_init_24 = 0; oc_block_c_init_24 < 4; ++oc_block_c_init_24) {
      conv2d_NCHWc_global[(oc_block_c_init_24 + 96)] = 0;
    }
    for (int32_t ic_outer = 0; ic_outer < 16; ++ic_outer) {
      for (int32_t ic_inner = 0; ic_inner < 4; ++ic_inner) {
        for (int32_t oc_block_c = 0; oc_block_c < 4; ++oc_block_c) {
          conv2d_NCHWc_global[oc_block_c] = (conv2d_NCHWc_global[oc_block_c] + (((int32_t)((int16_t*)p0_1)[(((ic_outer * 500) + ((ax0_ax1_fused_ax2_outer_fused % 5) * 100)) + ic_inner)]) * ((int32_t)((int16_t*)fused_constant_6)[(((((ax0_ax1_fused_ax2_outer_fused / 5) * 256) + (ic_outer * 16)) + (ic_inner * 4)) + oc_block_c)])));
        }
        for (int32_t oc_block_c_1 = 0; oc_block_c_1 < 4; ++oc_block_c_1) {
          int32_t cse_var_1 = (oc_block_c_1 + 4);
          conv2d_NCHWc_global[cse_var_1] = (conv2d_NCHWc_global[cse_var_1] + (((int32_t)((int16_t*)p0_1)[((((ic_outer * 500) + ((ax0_ax1_fused_ax2_outer_fused % 5) * 100)) + ic_inner) + 4)]) * ((int32_t)((int16_t*)fused_constant_6)[(((((ax0_ax1_fused_ax2_outer_fused / 5) * 256) + (ic_outer * 16)) + (ic_inner * 4)) + oc_block_c_1)])));
        }
        for (int32_t oc_block_c_2 = 0; oc_block_c_2 < 4; ++oc_block_c_2) {
          int32_t cse_var_2 = (oc_block_c_2 + 8);
          conv2d_NCHWc_global[cse_var_2] = (conv2d_NCHWc_global[cse_var_2] + (((int32_t)((int16_t*)p0_1)[((((ic_outer * 500) + ((ax0_ax1_fused_ax2_outer_fused % 5) * 100)) + ic_inner) + 8)]) * ((int32_t)((int16_t*)fused_constant_6)[(((((ax0_ax1_fused_ax2_outer_fused / 5) * 256) + (ic_outer * 16)) + (ic_inner * 4)) + oc_block_c_2)])));
        }
        for (int32_t oc_block_c_3 = 0; oc_block_c_3 < 4; ++oc_block_c_3) {
          int32_t cse_var_3 = (oc_block_c_3 + 12);
          conv2d_NCHWc_global[cse_var_3] = (conv2d_NCHWc_global[cse_var_3] + (((int32_t)((int16_t*)p0_1)[((((ic_outer * 500) + ((ax0_ax1_fused_ax2_outer_fused % 5) * 100)) + ic_inner) + 12)]) * ((int32_t)((int16_t*)fused_constant_6)[(((((ax0_ax1_fused_ax2_outer_fused / 5) * 256) + (ic_outer * 16)) + (ic_inner * 4)) + oc_block_c_3)])));
        }
        for (int32_t oc_block_c_4 = 0; oc_block_c_4 < 4; ++oc_block_c_4) {
          int32_t cse_var_4 = (oc_block_c_4 + 16);
          conv2d_NCHWc_global[cse_var_4] = (conv2d_NCHWc_global[cse_var_4] + (((int32_t)((int16_t*)p0_1)[((((ic_outer * 500) + ((ax0_ax1_fused_ax2_outer_fused % 5) * 100)) + ic_inner) + 16)]) * ((int32_t)((int16_t*)fused_constant_6)[(((((ax0_ax1_fused_ax2_outer_fused / 5) * 256) + (ic_outer * 16)) + (ic_inner * 4)) + oc_block_c_4)])));
        }
        for (int32_t oc_block_c_5 = 0; oc_block_c_5 < 4; ++oc_block_c_5) {
          int32_t cse_var_5 = (oc_block_c_5 + 20);
          conv2d_NCHWc_global[cse_var_5] = (conv2d_NCHWc_global[cse_var_5] + (((int32_t)((int16_t*)p0_1)[((((ic_outer * 500) + ((ax0_ax1_fused_ax2_outer_fused % 5) * 100)) + ic_inner) + 20)]) * ((int32_t)((int16_t*)fused_constant_6)[(((((ax0_ax1_fused_ax2_outer_fused / 5) * 256) + (ic_outer * 16)) + (ic_inner * 4)) + oc_block_c_5)])));
        }
        for (int32_t oc_block_c_6 = 0; oc_block_c_6 < 4; ++oc_block_c_6) {
          int32_t cse_var_6 = (oc_block_c_6 + 24);
          conv2d_NCHWc_global[cse_var_6] = (conv2d_NCHWc_global[cse_var_6] + (((int32_t)((int16_t*)p0_1)[((((ic_outer * 500) + ((ax0_ax1_fused_ax2_outer_fused % 5) * 100)) + ic_inner) + 24)]) * ((int32_t)((int16_t*)fused_constant_6)[(((((ax0_ax1_fused_ax2_outer_fused / 5) * 256) + (ic_outer * 16)) + (ic_inner * 4)) + oc_block_c_6)])));
        }
        for (int32_t oc_block_c_7 = 0; oc_block_c_7 < 4; ++oc_block_c_7) {
          int32_t cse_var_7 = (oc_block_c_7 + 28);
          conv2d_NCHWc_global[cse_var_7] = (conv2d_NCHWc_global[cse_var_7] + (((int32_t)((int16_t*)p0_1)[((((ic_outer * 500) + ((ax0_ax1_fused_ax2_outer_fused % 5) * 100)) + ic_inner) + 28)]) * ((int32_t)((int16_t*)fused_constant_6)[(((((ax0_ax1_fused_ax2_outer_fused / 5) * 256) + (ic_outer * 16)) + (ic_inner * 4)) + oc_block_c_7)])));
        }
        for (int32_t oc_block_c_8 = 0; oc_block_c_8 < 4; ++oc_block_c_8) {
          int32_t cse_var_8 = (oc_block_c_8 + 32);
          conv2d_NCHWc_global[cse_var_8] = (conv2d_NCHWc_global[cse_var_8] + (((int32_t)((int16_t*)p0_1)[((((ic_outer * 500) + ((ax0_ax1_fused_ax2_outer_fused % 5) * 100)) + ic_inner) + 32)]) * ((int32_t)((int16_t*)fused_constant_6)[(((((ax0_ax1_fused_ax2_outer_fused / 5) * 256) + (ic_outer * 16)) + (ic_inner * 4)) + oc_block_c_8)])));
        }
        for (int32_t oc_block_c_9 = 0; oc_block_c_9 < 4; ++oc_block_c_9) {
          int32_t cse_var_9 = (oc_block_c_9 + 36);
          conv2d_NCHWc_global[cse_var_9] = (conv2d_NCHWc_global[cse_var_9] + (((int32_t)((int16_t*)p0_1)[((((ic_outer * 500) + ((ax0_ax1_fused_ax2_outer_fused % 5) * 100)) + ic_inner) + 36)]) * ((int32_t)((int16_t*)fused_constant_6)[(((((ax0_ax1_fused_ax2_outer_fused / 5) * 256) + (ic_outer * 16)) + (ic_inner * 4)) + oc_block_c_9)])));
        }
        for (int32_t oc_block_c_10 = 0; oc_block_c_10 < 4; ++oc_block_c_10) {
          int32_t cse_var_10 = (oc_block_c_10 + 40);
          conv2d_NCHWc_global[cse_var_10] = (conv2d_NCHWc_global[cse_var_10] + (((int32_t)((int16_t*)p0_1)[((((ic_outer * 500) + ((ax0_ax1_fused_ax2_outer_fused % 5) * 100)) + ic_inner) + 40)]) * ((int32_t)((int16_t*)fused_constant_6)[(((((ax0_ax1_fused_ax2_outer_fused / 5) * 256) + (ic_outer * 16)) + (ic_inner * 4)) + oc_block_c_10)])));
        }
        for (int32_t oc_block_c_11 = 0; oc_block_c_11 < 4; ++oc_block_c_11) {
          int32_t cse_var_11 = (oc_block_c_11 + 44);
          conv2d_NCHWc_global[cse_var_11] = (conv2d_NCHWc_global[cse_var_11] + (((int32_t)((int16_t*)p0_1)[((((ic_outer * 500) + ((ax0_ax1_fused_ax2_outer_fused % 5) * 100)) + ic_inner) + 44)]) * ((int32_t)((int16_t*)fused_constant_6)[(((((ax0_ax1_fused_ax2_outer_fused / 5) * 256) + (ic_outer * 16)) + (ic_inner * 4)) + oc_block_c_11)])));
        }
        for (int32_t oc_block_c_12 = 0; oc_block_c_12 < 4; ++oc_block_c_12) {
          int32_t cse_var_12 = (oc_block_c_12 + 48);
          conv2d_NCHWc_global[cse_var_12] = (conv2d_NCHWc_global[cse_var_12] + (((int32_t)((int16_t*)p0_1)[((((ic_outer * 500) + ((ax0_ax1_fused_ax2_outer_fused % 5) * 100)) + ic_inner) + 48)]) * ((int32_t)((int16_t*)fused_constant_6)[(((((ax0_ax1_fused_ax2_outer_fused / 5) * 256) + (ic_outer * 16)) + (ic_inner * 4)) + oc_block_c_12)])));
        }
        for (int32_t oc_block_c_13 = 0; oc_block_c_13 < 4; ++oc_block_c_13) {
          int32_t cse_var_13 = (oc_block_c_13 + 52);
          conv2d_NCHWc_global[cse_var_13] = (conv2d_NCHWc_global[cse_var_13] + (((int32_t)((int16_t*)p0_1)[((((ic_outer * 500) + ((ax0_ax1_fused_ax2_outer_fused % 5) * 100)) + ic_inner) + 52)]) * ((int32_t)((int16_t*)fused_constant_6)[(((((ax0_ax1_fused_ax2_outer_fused / 5) * 256) + (ic_outer * 16)) + (ic_inner * 4)) + oc_block_c_13)])));
        }
        for (int32_t oc_block_c_14 = 0; oc_block_c_14 < 4; ++oc_block_c_14) {
          int32_t cse_var_14 = (oc_block_c_14 + 56);
          conv2d_NCHWc_global[cse_var_14] = (conv2d_NCHWc_global[cse_var_14] + (((int32_t)((int16_t*)p0_1)[((((ic_outer * 500) + ((ax0_ax1_fused_ax2_outer_fused % 5) * 100)) + ic_inner) + 56)]) * ((int32_t)((int16_t*)fused_constant_6)[(((((ax0_ax1_fused_ax2_outer_fused / 5) * 256) + (ic_outer * 16)) + (ic_inner * 4)) + oc_block_c_14)])));
        }
        for (int32_t oc_block_c_15 = 0; oc_block_c_15 < 4; ++oc_block_c_15) {
          int32_t cse_var_15 = (oc_block_c_15 + 60);
          conv2d_NCHWc_global[cse_var_15] = (conv2d_NCHWc_global[cse_var_15] + (((int32_t)((int16_t*)p0_1)[((((ic_outer * 500) + ((ax0_ax1_fused_ax2_outer_fused % 5) * 100)) + ic_inner) + 60)]) * ((int32_t)((int16_t*)fused_constant_6)[(((((ax0_ax1_fused_ax2_outer_fused / 5) * 256) + (ic_outer * 16)) + (ic_inner * 4)) + oc_block_c_15)])));
        }
        for (int32_t oc_block_c_16 = 0; oc_block_c_16 < 4; ++oc_block_c_16) {
          int32_t cse_var_16 = (oc_block_c_16 + 64);
          conv2d_NCHWc_global[cse_var_16] = (conv2d_NCHWc_global[cse_var_16] + (((int32_t)((int16_t*)p0_1)[((((ic_outer * 500) + ((ax0_ax1_fused_ax2_outer_fused % 5) * 100)) + ic_inner) + 64)]) * ((int32_t)((int16_t*)fused_constant_6)[(((((ax0_ax1_fused_ax2_outer_fused / 5) * 256) + (ic_outer * 16)) + (ic_inner * 4)) + oc_block_c_16)])));
        }
        for (int32_t oc_block_c_17 = 0; oc_block_c_17 < 4; ++oc_block_c_17) {
          int32_t cse_var_17 = (oc_block_c_17 + 68);
          conv2d_NCHWc_global[cse_var_17] = (conv2d_NCHWc_global[cse_var_17] + (((int32_t)((int16_t*)p0_1)[((((ic_outer * 500) + ((ax0_ax1_fused_ax2_outer_fused % 5) * 100)) + ic_inner) + 68)]) * ((int32_t)((int16_t*)fused_constant_6)[(((((ax0_ax1_fused_ax2_outer_fused / 5) * 256) + (ic_outer * 16)) + (ic_inner * 4)) + oc_block_c_17)])));
        }
        for (int32_t oc_block_c_18 = 0; oc_block_c_18 < 4; ++oc_block_c_18) {
          int32_t cse_var_18 = (oc_block_c_18 + 72);
          conv2d_NCHWc_global[cse_var_18] = (conv2d_NCHWc_global[cse_var_18] + (((int32_t)((int16_t*)p0_1)[((((ic_outer * 500) + ((ax0_ax1_fused_ax2_outer_fused % 5) * 100)) + ic_inner) + 72)]) * ((int32_t)((int16_t*)fused_constant_6)[(((((ax0_ax1_fused_ax2_outer_fused / 5) * 256) + (ic_outer * 16)) + (ic_inner * 4)) + oc_block_c_18)])));
        }
        for (int32_t oc_block_c_19 = 0; oc_block_c_19 < 4; ++oc_block_c_19) {
          int32_t cse_var_19 = (oc_block_c_19 + 76);
          conv2d_NCHWc_global[cse_var_19] = (conv2d_NCHWc_global[cse_var_19] + (((int32_t)((int16_t*)p0_1)[((((ic_outer * 500) + ((ax0_ax1_fused_ax2_outer_fused % 5) * 100)) + ic_inner) + 76)]) * ((int32_t)((int16_t*)fused_constant_6)[(((((ax0_ax1_fused_ax2_outer_fused / 5) * 256) + (ic_outer * 16)) + (ic_inner * 4)) + oc_block_c_19)])));
        }
        for (int32_t oc_block_c_20 = 0; oc_block_c_20 < 4; ++oc_block_c_20) {
          int32_t cse_var_20 = (oc_block_c_20 + 80);
          conv2d_NCHWc_global[cse_var_20] = (conv2d_NCHWc_global[cse_var_20] + (((int32_t)((int16_t*)p0_1)[((((ic_outer * 500) + ((ax0_ax1_fused_ax2_outer_fused % 5) * 100)) + ic_inner) + 80)]) * ((int32_t)((int16_t*)fused_constant_6)[(((((ax0_ax1_fused_ax2_outer_fused / 5) * 256) + (ic_outer * 16)) + (ic_inner * 4)) + oc_block_c_20)])));
        }
        for (int32_t oc_block_c_21 = 0; oc_block_c_21 < 4; ++oc_block_c_21) {
          int32_t cse_var_21 = (oc_block_c_21 + 84);
          conv2d_NCHWc_global[cse_var_21] = (conv2d_NCHWc_global[cse_var_21] + (((int32_t)((int16_t*)p0_1)[((((ic_outer * 500) + ((ax0_ax1_fused_ax2_outer_fused % 5) * 100)) + ic_inner) + 84)]) * ((int32_t)((int16_t*)fused_constant_6)[(((((ax0_ax1_fused_ax2_outer_fused / 5) * 256) + (ic_outer * 16)) + (ic_inner * 4)) + oc_block_c_21)])));
        }
        for (int32_t oc_block_c_22 = 0; oc_block_c_22 < 4; ++oc_block_c_22) {
          int32_t cse_var_22 = (oc_block_c_22 + 88);
          conv2d_NCHWc_global[cse_var_22] = (conv2d_NCHWc_global[cse_var_22] + (((int32_t)((int16_t*)p0_1)[((((ic_outer * 500) + ((ax0_ax1_fused_ax2_outer_fused % 5) * 100)) + ic_inner) + 88)]) * ((int32_t)((int16_t*)fused_constant_6)[(((((ax0_ax1_fused_ax2_outer_fused / 5) * 256) + (ic_outer * 16)) + (ic_inner * 4)) + oc_block_c_22)])));
        }
        for (int32_t oc_block_c_23 = 0; oc_block_c_23 < 4; ++oc_block_c_23) {
          int32_t cse_var_23 = (oc_block_c_23 + 92);
          conv2d_NCHWc_global[cse_var_23] = (conv2d_NCHWc_global[cse_var_23] + (((int32_t)((int16_t*)p0_1)[((((ic_outer * 500) + ((ax0_ax1_fused_ax2_outer_fused % 5) * 100)) + ic_inner) + 92)]) * ((int32_t)((int16_t*)fused_constant_6)[(((((ax0_ax1_fused_ax2_outer_fused / 5) * 256) + (ic_outer * 16)) + (ic_inner * 4)) + oc_block_c_23)])));
        }
        for (int32_t oc_block_c_24 = 0; oc_block_c_24 < 4; ++oc_block_c_24) {
          int32_t cse_var_24 = (oc_block_c_24 + 96);
          conv2d_NCHWc_global[cse_var_24] = (conv2d_NCHWc_global[cse_var_24] + (((int32_t)((int16_t*)p0_1)[((((ic_outer * 500) + ((ax0_ax1_fused_ax2_outer_fused % 5) * 100)) + ic_inner) + 96)]) * ((int32_t)((int16_t*)fused_constant_6)[(((((ax0_ax1_fused_ax2_outer_fused / 5) * 256) + (ic_outer * 16)) + (ic_inner * 4)) + oc_block_c_24)])));
        }
      }
    }
    for (int32_t ax2_inner = 0; ax2_inner < 5; ++ax2_inner) {
      for (int32_t ax3_inner = 0; ax3_inner < 5; ++ax3_inner) {
        for (int32_t ax4 = 0; ax4 < 4; ++ax4) {
          int32_t cse_var_27 = (ax2_inner * 20);
          int32_t cse_var_26 = (ax3_inner * 4);
          int32_t cse_var_25 = (((ax0_ax1_fused_ax2_outer_fused / 5) * 4) + ax4);
          int32_t v_ = ((int32_t)(((((int64_t)(conv2d_NCHWc_global[((cse_var_27 + cse_var_26) + ax4)] + ((int32_t*)fused_nn_contrib_conv2d_NCHWc_constant_3)[cse_var_25])) * ((int64_t)((int32_t*)fused_nn_contrib_conv2d_NCHWc_add_constant_9)[cse_var_25])) + ((int64_t)1 << ((int64_t)((((int32_t*)fused_nn_contrib_conv2d_NCHWc_add_constant_11)[cse_var_25] + 31) - 1)))) >> ((int64_t)(((int32_t*)fused_nn_contrib_conv2d_NCHWc_add_constant_11)[cse_var_25] + 31)))) - 128;
          int32_t v__1 = (v_) < (127) ? (v_) : (127);
          ((int16_t*)T_subtract_1)[((((ax0_ax1_fused_ax2_outer_fused * 100) + cse_var_27) + cse_var_26) + ax4)] = (((int16_t)((int8_t)((v__1) > (-128) ? (v__1) : (-128)))) - (int16_t)-128);
        }
      }
    }
  }
  return 0;
}

#ifdef __cplusplus
extern "C"
#endif
TVM_DLL int32_t tvmgen_default_fused_nn_contrib_dense_pack_add_fixed_point_multiply_add_clip_subtract_cast_mult_1c9b307ace4645e7_(void* args, int32_t* arg_type_ids, int32_t num_args, void* out_ret_value, int32_t* out_ret_tcode, void* resource_handle) {
  int32_t p0_code = arg_type_ids[0];
  int32_t T_multiply_code = arg_type_ids[1];
  void* p0 = (((TVMValue*)args)[0].v_handle);
  void* T_multiply = (((TVMValue*)args)[1].v_handle);
  void* p0_1 = (((DLTensor*)p0)[0].data);
  void* tvmgen_default_fused_nn_contrib_dense_pack_add_fixed_point_multiply_add_clip_subtract_cast_mult_1c9b307ace4645e7__p0_shape = (((DLTensor*)p0)[0].shape);
  void* tvmgen_default_fused_nn_contrib_dense_pack_add_fixed_point_multiply_add_clip_subtract_cast_mult_1c9b307ace4645e7__p0_strides = (((DLTensor*)p0)[0].strides);
  int32_t dev_id = (((DLTensor*)p0)[0].device.device_id);
  void* T_multiply_1 = (((DLTensor*)T_multiply)[0].data);
  void* tvmgen_default_fused_nn_contrib_dense_pack_add_fixed_point_multiply_add_clip_subtract_cast_mult_1c9b307ace4645e7__T_multiply_shape = (((DLTensor*)T_multiply)[0].shape);
  void* tvmgen_default_fused_nn_contrib_dense_pack_add_fixed_point_multiply_add_clip_subtract_cast_mult_1c9b307ace4645e7__T_multiply_strides = (((DLTensor*)T_multiply)[0].strides);
  if (!(tvmgen_default_fused_nn_contrib_dense_pack_add_fixed_point_multiply_add_clip_subtract_cast_mult_1c9b307ace4645e7__p0_strides == NULL)) {
  }
  if (!(tvmgen_default_fused_nn_contrib_dense_pack_add_fixed_point_multiply_add_clip_subtract_cast_mult_1c9b307ace4645e7__T_multiply_strides == NULL)) {
  }
  for (int32_t ax1_outer_ax0_outer_fused = 0; ax1_outer_ax0_outer_fused < 2; ++ax1_outer_ax0_outer_fused) {
    int32_t compute_global[6];
    for (int32_t x_c_init = 0; x_c_init < 6; ++x_c_init) {
      compute_global[x_c_init] = 0;
    }
    for (int32_t k_outer = 0; k_outer < 64; ++k_outer) {
      for (int32_t x_c = 0; x_c < 6; ++x_c) {
        compute_global[x_c] = (compute_global[x_c] + (((int32_t)((int16_t*)p0_1)[k_outer]) * ((int32_t)((int16_t*)fused_constant_9)[(((ax1_outer_ax0_outer_fused * 384) + (k_outer * 6)) + x_c)])));
      }
    }
    for (int32_t ax1_inner_inner = 0; ax1_inner_inner < 6; ++ax1_inner_inner) {
      int32_t cse_var_1 = ((ax1_outer_ax0_outer_fused * 6) + ax1_inner_inner);
      int32_t v_ = ((int32_t)(((((0 != 0) ? (((int64_t)(compute_global[ax1_inner_inner] + ((int32_t*)fused_nn_contrib_dense_pack_constant)[cse_var_1])) << ((int64_t)0)) : ((int64_t)(compute_global[ax1_inner_inner] + ((int32_t*)fused_nn_contrib_dense_pack_constant)[cse_var_1]))) * (int64_t)1617124365) + ((int64_t)1 << ((int64_t)((7 + 31) - 1)))) >> ((int64_t)(7 + 31)))) + 33;
      int32_t v__1 = (v_) < (127) ? (v_) : (127);
      ((float*)T_multiply_1)[cse_var_1] = (((float)(((v__1) > (-128) ? (v__1) : (-128)) - 33)) * 1.421776e-01f);
    }
  }
  return 0;
}

#ifdef __cplusplus
extern "C"
#endif
TVM_DLL int32_t tvmgen_default_fused_nn_contrib_depthwise_conv2d_NCHWc_add_fixed_point_multiply_per_axis_add_cl_736ab5919011ba25_(void* args, int32_t* arg_type_ids, int32_t num_args, void* out_ret_value, int32_t* out_ret_tcode, void* resource_handle) {
  int32_t p0_code = arg_type_ids[0];
  int32_t T_subtract_code = arg_type_ids[1];
  void* p0 = (((TVMValue*)args)[0].v_handle);
  void* T_subtract = (((TVMValue*)args)[1].v_handle);
  void* p0_1 = (((DLTensor*)p0)[0].data);
  void* tvmgen_default_fused_nn_contrib_depthwise_conv2d_NCHWc_add_fixed_point_multiply_per_axis_add_cl_736ab5919011ba25__p0_shape = (((DLTensor*)p0)[0].shape);
  void* tvmgen_default_fused_nn_contrib_depthwise_conv2d_NCHWc_add_fixed_point_multiply_per_axis_add_cl_736ab5919011ba25__p0_strides = (((DLTensor*)p0)[0].strides);
  int32_t dev_id = (((DLTensor*)p0)[0].device.device_id);
  void* T_subtract_1 = (((DLTensor*)T_subtract)[0].data);
  void* tvmgen_default_fused_nn_contrib_depthwise_conv2d_NCHWc_add_fixed_point_multiply_per_axis_add_cl_736ab5919011ba25__T_subtract_shape = (((DLTensor*)T_subtract)[0].shape);
  void* tvmgen_default_fused_nn_contrib_depthwise_conv2d_NCHWc_add_fixed_point_multiply_per_axis_add_cl_736ab5919011ba25__T_subtract_strides = (((DLTensor*)T_subtract)[0].strides);
  if (!(tvmgen_default_fused_nn_contrib_depthwise_conv2d_NCHWc_add_fixed_point_multiply_per_axis_add_cl_736ab5919011ba25__p0_strides == NULL)) {
  }
  if (!(tvmgen_default_fused_nn_contrib_depthwise_conv2d_NCHWc_add_fixed_point_multiply_per_axis_add_cl_736ab5919011ba25__T_subtract_strides == NULL)) {
  }
  void* PaddedInput = TVMBackendAllocWorkspace(1, dev_id, (uint64_t)24192, 0, 16);
  if (PaddedInput == NULL) {
    return -1;
  }
  for (int32_t i0_i1_fused_i2_fused = 0; i0_i1_fused_i2_fused < 432; ++i0_i1_fused_i2_fused) {
    for (int32_t i3 = 0; i3 < 7; ++i3) {
      for (int32_t i4 = 0; i4 < 4; ++i4) {
        int32_t cse_var_2 = (i0_i1_fused_i2_fused % 27);
        int32_t cse_var_1 = (i3 * 4);
        ((int16_t*)PaddedInput)[(((i0_i1_fused_i2_fused * 28) + cse_var_1) + i4)] = (((((1 <= cse_var_2) && (cse_var_2 < 26)) && (1 <= i3)) && (i3 < 6)) ? ((int16_t*)p0_1)[((((((i0_i1_fused_i2_fused / 27) * 500) + (cse_var_2 * 20)) + cse_var_1) + i4) - 24)] : (int16_t)0);
      }
    }
  }
  for (int32_t ax1_ax2_fused = 0; ax1_ax2_fused < 400; ++ax1_ax2_fused) {
    int32_t DepthwiseConv2d_global[20];
    for (int32_t oci_c_init = 0; oci_c_init < 4; ++oci_c_init) {
      DepthwiseConv2d_global[oci_c_init] = 0;
    }
    for (int32_t oci_c_init_1 = 0; oci_c_init_1 < 4; ++oci_c_init_1) {
      DepthwiseConv2d_global[(oci_c_init_1 + 4)] = 0;
    }
    for (int32_t oci_c_init_2 = 0; oci_c_init_2 < 4; ++oci_c_init_2) {
      DepthwiseConv2d_global[(oci_c_init_2 + 8)] = 0;
    }
    for (int32_t oci_c_init_3 = 0; oci_c_init_3 < 4; ++oci_c_init_3) {
      DepthwiseConv2d_global[(oci_c_init_3 + 12)] = 0;
    }
    for (int32_t oci_c_init_4 = 0; oci_c_init_4 < 4; ++oci_c_init_4) {
      DepthwiseConv2d_global[(oci_c_init_4 + 16)] = 0;
    }
    for (int32_t kh = 0; kh < 3; ++kh) {
      for (int32_t kw = 0; kw < 3; ++kw) {
        for (int32_t oci_c = 0; oci_c < 4; ++oci_c) {
          int32_t cse_var_4 = (ax1_ax2_fused / 25);
          int32_t cse_var_3 = (kw * 4);
          DepthwiseConv2d_global[oci_c] = (DepthwiseConv2d_global[oci_c] + (((int32_t)((int16_t*)PaddedInput)[(((((cse_var_4 * 756) + (kh * 28)) + ((ax1_ax2_fused % 25) * 28)) + cse_var_3) + oci_c)]) * ((int32_t)((int16_t*)fused_constant_1)[((((cse_var_4 * 36) + (kh * 12)) + cse_var_3) + oci_c)])));
        }
        for (int32_t oci_c_1 = 0; oci_c_1 < 4; ++oci_c_1) {
          int32_t cse_var_7 = (ax1_ax2_fused / 25);
          int32_t cse_var_6 = (kw * 4);
          int32_t cse_var_5 = (oci_c_1 + 4);
          DepthwiseConv2d_global[cse_var_5] = (DepthwiseConv2d_global[cse_var_5] + (((int32_t)((int16_t*)PaddedInput)[((((((cse_var_7 * 756) + (kh * 28)) + ((ax1_ax2_fused % 25) * 28)) + cse_var_6) + oci_c_1) + 4)]) * ((int32_t)((int16_t*)fused_constant_1)[((((cse_var_7 * 36) + (kh * 12)) + cse_var_6) + oci_c_1)])));
        }
        for (int32_t oci_c_2 = 0; oci_c_2 < 4; ++oci_c_2) {
          int32_t cse_var_10 = (ax1_ax2_fused / 25);
          int32_t cse_var_9 = (kw * 4);
          int32_t cse_var_8 = (oci_c_2 + 8);
          DepthwiseConv2d_global[cse_var_8] = (DepthwiseConv2d_global[cse_var_8] + (((int32_t)((int16_t*)PaddedInput)[((((((cse_var_10 * 756) + (kh * 28)) + ((ax1_ax2_fused % 25) * 28)) + cse_var_9) + oci_c_2) + 8)]) * ((int32_t)((int16_t*)fused_constant_1)[((((cse_var_10 * 36) + (kh * 12)) + cse_var_9) + oci_c_2)])));
        }
        for (int32_t oci_c_3 = 0; oci_c_3 < 4; ++oci_c_3) {
          int32_t cse_var_13 = (ax1_ax2_fused / 25);
          int32_t cse_var_12 = (kw * 4);
          int32_t cse_var_11 = (oci_c_3 + 12);
          DepthwiseConv2d_global[cse_var_11] = (DepthwiseConv2d_global[cse_var_11] + (((int32_t)((int16_t*)PaddedInput)[((((((cse_var_13 * 756) + (kh * 28)) + ((ax1_ax2_fused % 25) * 28)) + cse_var_12) + oci_c_3) + 12)]) * ((int32_t)((int16_t*)fused_constant_1)[((((cse_var_13 * 36) + (kh * 12)) + cse_var_12) + oci_c_3)])));
        }
        for (int32_t oci_c_4 = 0; oci_c_4 < 4; ++oci_c_4) {
          int32_t cse_var_16 = (ax1_ax2_fused / 25);
          int32_t cse_var_15 = (kw * 4);
          int32_t cse_var_14 = (oci_c_4 + 16);
          DepthwiseConv2d_global[cse_var_14] = (DepthwiseConv2d_global[cse_var_14] + (((int32_t)((int16_t*)PaddedInput)[((((((cse_var_16 * 756) + (kh * 28)) + ((ax1_ax2_fused % 25) * 28)) + cse_var_15) + oci_c_4) + 16)]) * ((int32_t)((int16_t*)fused_constant_1)[((((cse_var_16 * 36) + (kh * 12)) + cse_var_15) + oci_c_4)])));
        }
      }
    }
    for (int32_t ax3_inner = 0; ax3_inner < 5; ++ax3_inner) {
      for (int32_t ax4 = 0; ax4 < 4; ++ax4) {
        int32_t cse_var_18 = (ax3_inner * 4);
        int32_t cse_var_17 = (((ax1_ax2_fused / 25) * 4) + ax4);
        int32_t v_ = ((int32_t)(((((int64_t)(DepthwiseConv2d_global[(cse_var_18 + ax4)] + ((int32_t*)fused_nn_contrib_depthwise_conv2d_NCHWc_constant)[cse_var_17])) * ((int64_t)((int32_t*)fused_nn_contrib_depthwise_conv2d_NCHWc_add_constant)[cse_var_17])) + ((int64_t)1 << ((int64_t)((((int32_t*)fused_nn_contrib_depthwise_conv2d_NCHWc_add_constant_2)[cse_var_17] + 31) - 1)))) >> ((int64_t)(((int32_t*)fused_nn_contrib_depthwise_conv2d_NCHWc_add_constant_2)[cse_var_17] + 31)))) - 128;
        int32_t v__1 = (v_) < (127) ? (v_) : (127);
        ((int16_t*)T_subtract_1)[(((ax1_ax2_fused * 20) + cse_var_18) + ax4)] = (((int16_t)((int8_t)((v__1) > (-128) ? (v__1) : (-128)))) - (int16_t)-128);
      }
    }
  }
  if (TVMBackendFreeWorkspace(1, dev_id, PaddedInput) != 0) {
    return -1;
  }
  return 0;
}

#ifdef __cplusplus
extern "C"
#endif
TVM_DLL int32_t tvmgen_default_fused_nn_contrib_depthwise_conv2d_NCHWc_add_fixed_point_multiply_per_axis_add_cl_736ab5919011ba25__1(void* args, int32_t* arg_type_ids, int32_t num_args, void* out_ret_value, int32_t* out_ret_tcode, void* resource_handle) {
  int32_t p0_code = arg_type_ids[0];
  int32_t T_subtract_code = arg_type_ids[1];
  void* p0 = (((TVMValue*)args)[0].v_handle);
  void* T_subtract = (((TVMValue*)args)[1].v_handle);
  void* p0_1 = (((DLTensor*)p0)[0].data);
  void* tvmgen_default_fused_nn_contrib_depthwise_conv2d_NCHWc_add_fixed_point_multiply_per_axis_add_cl_736ab5919011ba25__1_p0_shape = (((DLTensor*)p0)[0].shape);
  void* tvmgen_default_fused_nn_contrib_depthwise_conv2d_NCHWc_add_fixed_point_multiply_per_axis_add_cl_736ab5919011ba25__1_p0_strides = (((DLTensor*)p0)[0].strides);
  int32_t dev_id = (((DLTensor*)p0)[0].device.device_id);
  void* T_subtract_1 = (((DLTensor*)T_subtract)[0].data);
  void* tvmgen_default_fused_nn_contrib_depthwise_conv2d_NCHWc_add_fixed_point_multiply_per_axis_add_cl_736ab5919011ba25__1_T_subtract_shape = (((DLTensor*)T_subtract)[0].shape);
  void* tvmgen_default_fused_nn_contrib_depthwise_conv2d_NCHWc_add_fixed_point_multiply_per_axis_add_cl_736ab5919011ba25__1_T_subtract_strides = (((DLTensor*)T_subtract)[0].strides);
  if (!(tvmgen_default_fused_nn_contrib_depthwise_conv2d_NCHWc_add_fixed_point_multiply_per_axis_add_cl_736ab5919011ba25__1_p0_strides == NULL)) {
  }
  if (!(tvmgen_default_fused_nn_contrib_depthwise_conv2d_NCHWc_add_fixed_point_multiply_per_axis_add_cl_736ab5919011ba25__1_T_subtract_strides == NULL)) {
  }
  void* PaddedInput = TVMBackendAllocWorkspace(1, dev_id, (uint64_t)24192, 0, 16);
  if (PaddedInput == NULL) {
    return -1;
  }
  for (int32_t i0_i1_fused_i2_fused = 0; i0_i1_fused_i2_fused < 432; ++i0_i1_fused_i2_fused) {
    for (int32_t i3 = 0; i3 < 7; ++i3) {
      for (int32_t i4 = 0; i4 < 4; ++i4) {
        int32_t cse_var_2 = (i0_i1_fused_i2_fused % 27);
        int32_t cse_var_1 = (i3 * 4);
        ((int16_t*)PaddedInput)[(((i0_i1_fused_i2_fused * 28) + cse_var_1) + i4)] = (((((1 <= cse_var_2) && (cse_var_2 < 26)) && (1 <= i3)) && (i3 < 6)) ? ((int16_t*)p0_1)[((((((i0_i1_fused_i2_fused / 27) * 500) + (cse_var_2 * 20)) + cse_var_1) + i4) - 24)] : (int16_t)0);
      }
    }
  }
  for (int32_t ax1_ax2_fused = 0; ax1_ax2_fused < 400; ++ax1_ax2_fused) {
    int32_t DepthwiseConv2d_global[20];
    for (int32_t oci_c_init = 0; oci_c_init < 4; ++oci_c_init) {
      DepthwiseConv2d_global[oci_c_init] = 0;
    }
    for (int32_t oci_c_init_1 = 0; oci_c_init_1 < 4; ++oci_c_init_1) {
      DepthwiseConv2d_global[(oci_c_init_1 + 4)] = 0;
    }
    for (int32_t oci_c_init_2 = 0; oci_c_init_2 < 4; ++oci_c_init_2) {
      DepthwiseConv2d_global[(oci_c_init_2 + 8)] = 0;
    }
    for (int32_t oci_c_init_3 = 0; oci_c_init_3 < 4; ++oci_c_init_3) {
      DepthwiseConv2d_global[(oci_c_init_3 + 12)] = 0;
    }
    for (int32_t oci_c_init_4 = 0; oci_c_init_4 < 4; ++oci_c_init_4) {
      DepthwiseConv2d_global[(oci_c_init_4 + 16)] = 0;
    }
    for (int32_t kh = 0; kh < 3; ++kh) {
      for (int32_t kw = 0; kw < 3; ++kw) {
        for (int32_t oci_c = 0; oci_c < 4; ++oci_c) {
          int32_t cse_var_4 = (ax1_ax2_fused / 25);
          int32_t cse_var_3 = (kw * 4);
          DepthwiseConv2d_global[oci_c] = (DepthwiseConv2d_global[oci_c] + (((int32_t)((int16_t*)PaddedInput)[(((((cse_var_4 * 756) + (kh * 28)) + ((ax1_ax2_fused % 25) * 28)) + cse_var_3) + oci_c)]) * ((int32_t)((int16_t*)fused_constant_3)[((((cse_var_4 * 36) + (kh * 12)) + cse_var_3) + oci_c)])));
        }
        for (int32_t oci_c_1 = 0; oci_c_1 < 4; ++oci_c_1) {
          int32_t cse_var_7 = (ax1_ax2_fused / 25);
          int32_t cse_var_6 = (kw * 4);
          int32_t cse_var_5 = (oci_c_1 + 4);
          DepthwiseConv2d_global[cse_var_5] = (DepthwiseConv2d_global[cse_var_5] + (((int32_t)((int16_t*)PaddedInput)[((((((cse_var_7 * 756) + (kh * 28)) + ((ax1_ax2_fused % 25) * 28)) + cse_var_6) + oci_c_1) + 4)]) * ((int32_t)((int16_t*)fused_constant_3)[((((cse_var_7 * 36) + (kh * 12)) + cse_var_6) + oci_c_1)])));
        }
        for (int32_t oci_c_2 = 0; oci_c_2 < 4; ++oci_c_2) {
          int32_t cse_var_10 = (ax1_ax2_fused / 25);
          int32_t cse_var_9 = (kw * 4);
          int32_t cse_var_8 = (oci_c_2 + 8);
          DepthwiseConv2d_global[cse_var_8] = (DepthwiseConv2d_global[cse_var_8] + (((int32_t)((int16_t*)PaddedInput)[((((((cse_var_10 * 756) + (kh * 28)) + ((ax1_ax2_fused % 25) * 28)) + cse_var_9) + oci_c_2) + 8)]) * ((int32_t)((int16_t*)fused_constant_3)[((((cse_var_10 * 36) + (kh * 12)) + cse_var_9) + oci_c_2)])));
        }
        for (int32_t oci_c_3 = 0; oci_c_3 < 4; ++oci_c_3) {
          int32_t cse_var_13 = (ax1_ax2_fused / 25);
          int32_t cse_var_12 = (kw * 4);
          int32_t cse_var_11 = (oci_c_3 + 12);
          DepthwiseConv2d_global[cse_var_11] = (DepthwiseConv2d_global[cse_var_11] + (((int32_t)((int16_t*)PaddedInput)[((((((cse_var_13 * 756) + (kh * 28)) + ((ax1_ax2_fused % 25) * 28)) + cse_var_12) + oci_c_3) + 12)]) * ((int32_t)((int16_t*)fused_constant_3)[((((cse_var_13 * 36) + (kh * 12)) + cse_var_12) + oci_c_3)])));
        }
        for (int32_t oci_c_4 = 0; oci_c_4 < 4; ++oci_c_4) {
          int32_t cse_var_16 = (ax1_ax2_fused / 25);
          int32_t cse_var_15 = (kw * 4);
          int32_t cse_var_14 = (oci_c_4 + 16);
          DepthwiseConv2d_global[cse_var_14] = (DepthwiseConv2d_global[cse_var_14] + (((int32_t)((int16_t*)PaddedInput)[((((((cse_var_16 * 756) + (kh * 28)) + ((ax1_ax2_fused % 25) * 28)) + cse_var_15) + oci_c_4) + 16)]) * ((int32_t)((int16_t*)fused_constant_3)[((((cse_var_16 * 36) + (kh * 12)) + cse_var_15) + oci_c_4)])));
        }
      }
    }
    for (int32_t ax3_inner = 0; ax3_inner < 5; ++ax3_inner) {
      for (int32_t ax4 = 0; ax4 < 4; ++ax4) {
        int32_t cse_var_18 = (ax3_inner * 4);
        int32_t cse_var_17 = (((ax1_ax2_fused / 25) * 4) + ax4);
        int32_t v_ = ((int32_t)(((((int64_t)(DepthwiseConv2d_global[(cse_var_18 + ax4)] + ((int32_t*)fused_nn_contrib_depthwise_conv2d_NCHWc_constant_1)[cse_var_17])) * ((int64_t)((int32_t*)fused_nn_contrib_depthwise_conv2d_NCHWc_add_constant_3)[cse_var_17])) + ((int64_t)1 << ((int64_t)((((int32_t*)fused_nn_contrib_depthwise_conv2d_NCHWc_add_constant_5)[cse_var_17] + 31) - 1)))) >> ((int64_t)(((int32_t*)fused_nn_contrib_depthwise_conv2d_NCHWc_add_constant_5)[cse_var_17] + 31)))) - 128;
        int32_t v__1 = (v_) < (127) ? (v_) : (127);
        ((int16_t*)T_subtract_1)[(((ax1_ax2_fused * 20) + cse_var_18) + ax4)] = (((int16_t)((int8_t)((v__1) > (-128) ? (v__1) : (-128)))) - (int16_t)-128);
      }
    }
  }
  if (TVMBackendFreeWorkspace(1, dev_id, PaddedInput) != 0) {
    return -1;
  }
  return 0;
}

#ifdef __cplusplus
extern "C"
#endif
TVM_DLL int32_t tvmgen_default_fused_nn_contrib_depthwise_conv2d_NCHWc_add_fixed_point_multiply_per_axis_add_cl_736ab5919011ba25__2(void* args, int32_t* arg_type_ids, int32_t num_args, void* out_ret_value, int32_t* out_ret_tcode, void* resource_handle) {
  int32_t p0_code = arg_type_ids[0];
  int32_t T_subtract_code = arg_type_ids[1];
  void* p0 = (((TVMValue*)args)[0].v_handle);
  void* T_subtract = (((TVMValue*)args)[1].v_handle);
  void* p0_1 = (((DLTensor*)p0)[0].data);
  void* tvmgen_default_fused_nn_contrib_depthwise_conv2d_NCHWc_add_fixed_point_multiply_per_axis_add_cl_736ab5919011ba25__2_p0_shape = (((DLTensor*)p0)[0].shape);
  void* tvmgen_default_fused_nn_contrib_depthwise_conv2d_NCHWc_add_fixed_point_multiply_per_axis_add_cl_736ab5919011ba25__2_p0_strides = (((DLTensor*)p0)[0].strides);
  int32_t dev_id = (((DLTensor*)p0)[0].device.device_id);
  void* T_subtract_1 = (((DLTensor*)T_subtract)[0].data);
  void* tvmgen_default_fused_nn_contrib_depthwise_conv2d_NCHWc_add_fixed_point_multiply_per_axis_add_cl_736ab5919011ba25__2_T_subtract_shape = (((DLTensor*)T_subtract)[0].shape);
  void* tvmgen_default_fused_nn_contrib_depthwise_conv2d_NCHWc_add_fixed_point_multiply_per_axis_add_cl_736ab5919011ba25__2_T_subtract_strides = (((DLTensor*)T_subtract)[0].strides);
  if (!(tvmgen_default_fused_nn_contrib_depthwise_conv2d_NCHWc_add_fixed_point_multiply_per_axis_add_cl_736ab5919011ba25__2_p0_strides == NULL)) {
  }
  if (!(tvmgen_default_fused_nn_contrib_depthwise_conv2d_NCHWc_add_fixed_point_multiply_per_axis_add_cl_736ab5919011ba25__2_T_subtract_strides == NULL)) {
  }
  void* PaddedInput = TVMBackendAllocWorkspace(1, dev_id, (uint64_t)24192, 0, 16);
  if (PaddedInput == NULL) {
    return -1;
  }
  for (int32_t i0_i1_fused_i2_fused = 0; i0_i1_fused_i2_fused < 432; ++i0_i1_fused_i2_fused) {
    for (int32_t i3 = 0; i3 < 7; ++i3) {
      for (int32_t i4 = 0; i4 < 4; ++i4) {
        int32_t cse_var_2 = (i0_i1_fused_i2_fused % 27);
        int32_t cse_var_1 = (i3 * 4);
        ((int16_t*)PaddedInput)[(((i0_i1_fused_i2_fused * 28) + cse_var_1) + i4)] = (((((1 <= cse_var_2) && (cse_var_2 < 26)) && (1 <= i3)) && (i3 < 6)) ? ((int16_t*)p0_1)[((((((i0_i1_fused_i2_fused / 27) * 500) + (cse_var_2 * 20)) + cse_var_1) + i4) - 24)] : (int16_t)0);
      }
    }
  }
  for (int32_t ax1_ax2_fused = 0; ax1_ax2_fused < 400; ++ax1_ax2_fused) {
    int32_t DepthwiseConv2d_global[20];
    for (int32_t oci_c_init = 0; oci_c_init < 4; ++oci_c_init) {
      DepthwiseConv2d_global[oci_c_init] = 0;
    }
    for (int32_t oci_c_init_1 = 0; oci_c_init_1 < 4; ++oci_c_init_1) {
      DepthwiseConv2d_global[(oci_c_init_1 + 4)] = 0;
    }
    for (int32_t oci_c_init_2 = 0; oci_c_init_2 < 4; ++oci_c_init_2) {
      DepthwiseConv2d_global[(oci_c_init_2 + 8)] = 0;
    }
    for (int32_t oci_c_init_3 = 0; oci_c_init_3 < 4; ++oci_c_init_3) {
      DepthwiseConv2d_global[(oci_c_init_3 + 12)] = 0;
    }
    for (int32_t oci_c_init_4 = 0; oci_c_init_4 < 4; ++oci_c_init_4) {
      DepthwiseConv2d_global[(oci_c_init_4 + 16)] = 0;
    }
    for (int32_t kh = 0; kh < 3; ++kh) {
      for (int32_t kw = 0; kw < 3; ++kw) {
        for (int32_t oci_c = 0; oci_c < 4; ++oci_c) {
          int32_t cse_var_4 = (ax1_ax2_fused / 25);
          int32_t cse_var_3 = (kw * 4);
          DepthwiseConv2d_global[oci_c] = (DepthwiseConv2d_global[oci_c] + (((int32_t)((int16_t*)PaddedInput)[(((((cse_var_4 * 756) + (kh * 28)) + ((ax1_ax2_fused % 25) * 28)) + cse_var_3) + oci_c)]) * ((int32_t)((int16_t*)fused_constant_5)[((((cse_var_4 * 36) + (kh * 12)) + cse_var_3) + oci_c)])));
        }
        for (int32_t oci_c_1 = 0; oci_c_1 < 4; ++oci_c_1) {
          int32_t cse_var_7 = (ax1_ax2_fused / 25);
          int32_t cse_var_6 = (kw * 4);
          int32_t cse_var_5 = (oci_c_1 + 4);
          DepthwiseConv2d_global[cse_var_5] = (DepthwiseConv2d_global[cse_var_5] + (((int32_t)((int16_t*)PaddedInput)[((((((cse_var_7 * 756) + (kh * 28)) + ((ax1_ax2_fused % 25) * 28)) + cse_var_6) + oci_c_1) + 4)]) * ((int32_t)((int16_t*)fused_constant_5)[((((cse_var_7 * 36) + (kh * 12)) + cse_var_6) + oci_c_1)])));
        }
        for (int32_t oci_c_2 = 0; oci_c_2 < 4; ++oci_c_2) {
          int32_t cse_var_10 = (ax1_ax2_fused / 25);
          int32_t cse_var_9 = (kw * 4);
          int32_t cse_var_8 = (oci_c_2 + 8);
          DepthwiseConv2d_global[cse_var_8] = (DepthwiseConv2d_global[cse_var_8] + (((int32_t)((int16_t*)PaddedInput)[((((((cse_var_10 * 756) + (kh * 28)) + ((ax1_ax2_fused % 25) * 28)) + cse_var_9) + oci_c_2) + 8)]) * ((int32_t)((int16_t*)fused_constant_5)[((((cse_var_10 * 36) + (kh * 12)) + cse_var_9) + oci_c_2)])));
        }
        for (int32_t oci_c_3 = 0; oci_c_3 < 4; ++oci_c_3) {
          int32_t cse_var_13 = (ax1_ax2_fused / 25);
          int32_t cse_var_12 = (kw * 4);
          int32_t cse_var_11 = (oci_c_3 + 12);
          DepthwiseConv2d_global[cse_var_11] = (DepthwiseConv2d_global[cse_var_11] + (((int32_t)((int16_t*)PaddedInput)[((((((cse_var_13 * 756) + (kh * 28)) + ((ax1_ax2_fused % 25) * 28)) + cse_var_12) + oci_c_3) + 12)]) * ((int32_t)((int16_t*)fused_constant_5)[((((cse_var_13 * 36) + (kh * 12)) + cse_var_12) + oci_c_3)])));
        }
        for (int32_t oci_c_4 = 0; oci_c_4 < 4; ++oci_c_4) {
          int32_t cse_var_16 = (ax1_ax2_fused / 25);
          int32_t cse_var_15 = (kw * 4);
          int32_t cse_var_14 = (oci_c_4 + 16);
          DepthwiseConv2d_global[cse_var_14] = (DepthwiseConv2d_global[cse_var_14] + (((int32_t)((int16_t*)PaddedInput)[((((((cse_var_16 * 756) + (kh * 28)) + ((ax1_ax2_fused % 25) * 28)) + cse_var_15) + oci_c_4) + 16)]) * ((int32_t)((int16_t*)fused_constant_5)[((((cse_var_16 * 36) + (kh * 12)) + cse_var_15) + oci_c_4)])));
        }
      }
    }
    for (int32_t ax3_inner = 0; ax3_inner < 5; ++ax3_inner) {
      for (int32_t ax4 = 0; ax4 < 4; ++ax4) {
        int32_t cse_var_18 = (ax3_inner * 4);
        int32_t cse_var_17 = (((ax1_ax2_fused / 25) * 4) + ax4);
        int32_t v_ = ((int32_t)(((((int64_t)(DepthwiseConv2d_global[(cse_var_18 + ax4)] + ((int32_t*)fused_nn_contrib_depthwise_conv2d_NCHWc_constant_2)[cse_var_17])) * ((int64_t)((int32_t*)fused_nn_contrib_depthwise_conv2d_NCHWc_add_constant_6)[cse_var_17])) + ((int64_t)1 << ((int64_t)((((int32_t*)fused_nn_contrib_depthwise_conv2d_NCHWc_add_constant_8)[cse_var_17] + 31) - 1)))) >> ((int64_t)(((int32_t*)fused_nn_contrib_depthwise_conv2d_NCHWc_add_constant_8)[cse_var_17] + 31)))) - 128;
        int32_t v__1 = (v_) < (127) ? (v_) : (127);
        ((int16_t*)T_subtract_1)[(((ax1_ax2_fused * 20) + cse_var_18) + ax4)] = (((int16_t)((int8_t)((v__1) > (-128) ? (v__1) : (-128)))) - (int16_t)-128);
      }
    }
  }
  if (TVMBackendFreeWorkspace(1, dev_id, PaddedInput) != 0) {
    return -1;
  }
  return 0;
}

#ifdef __cplusplus
extern "C"
#endif
TVM_DLL int32_t tvmgen_default_fused_nn_contrib_depthwise_conv2d_NCHWc_add_fixed_point_multiply_per_axis_add_cl_736ab5919011ba25__3(void* args, int32_t* arg_type_ids, int32_t num_args, void* out_ret_value, int32_t* out_ret_tcode, void* resource_handle) {
  int32_t p0_code = arg_type_ids[0];
  int32_t T_subtract_code = arg_type_ids[1];
  void* p0 = (((TVMValue*)args)[0].v_handle);
  void* T_subtract = (((TVMValue*)args)[1].v_handle);
  void* p0_1 = (((DLTensor*)p0)[0].data);
  void* tvmgen_default_fused_nn_contrib_depthwise_conv2d_NCHWc_add_fixed_point_multiply_per_axis_add_cl_736ab5919011ba25__3_p0_shape = (((DLTensor*)p0)[0].shape);
  void* tvmgen_default_fused_nn_contrib_depthwise_conv2d_NCHWc_add_fixed_point_multiply_per_axis_add_cl_736ab5919011ba25__3_p0_strides = (((DLTensor*)p0)[0].strides);
  int32_t dev_id = (((DLTensor*)p0)[0].device.device_id);
  void* T_subtract_1 = (((DLTensor*)T_subtract)[0].data);
  void* tvmgen_default_fused_nn_contrib_depthwise_conv2d_NCHWc_add_fixed_point_multiply_per_axis_add_cl_736ab5919011ba25__3_T_subtract_shape = (((DLTensor*)T_subtract)[0].shape);
  void* tvmgen_default_fused_nn_contrib_depthwise_conv2d_NCHWc_add_fixed_point_multiply_per_axis_add_cl_736ab5919011ba25__3_T_subtract_strides = (((DLTensor*)T_subtract)[0].strides);
  if (!(tvmgen_default_fused_nn_contrib_depthwise_conv2d_NCHWc_add_fixed_point_multiply_per_axis_add_cl_736ab5919011ba25__3_p0_strides == NULL)) {
  }
  if (!(tvmgen_default_fused_nn_contrib_depthwise_conv2d_NCHWc_add_fixed_point_multiply_per_axis_add_cl_736ab5919011ba25__3_T_subtract_strides == NULL)) {
  }
  void* PaddedInput = TVMBackendAllocWorkspace(1, dev_id, (uint64_t)24192, 0, 16);
  if (PaddedInput == NULL) {
    return -1;
  }
  for (int32_t i0_i1_fused_i2_fused = 0; i0_i1_fused_i2_fused < 432; ++i0_i1_fused_i2_fused) {
    for (int32_t i3 = 0; i3 < 7; ++i3) {
      for (int32_t i4 = 0; i4 < 4; ++i4) {
        int32_t cse_var_2 = (i0_i1_fused_i2_fused % 27);
        int32_t cse_var_1 = (i3 * 4);
        ((int16_t*)PaddedInput)[(((i0_i1_fused_i2_fused * 28) + cse_var_1) + i4)] = (((((1 <= cse_var_2) && (cse_var_2 < 26)) && (1 <= i3)) && (i3 < 6)) ? ((int16_t*)p0_1)[((((((i0_i1_fused_i2_fused / 27) * 500) + (cse_var_2 * 20)) + cse_var_1) + i4) - 24)] : (int16_t)0);
      }
    }
  }
  for (int32_t ax1_ax2_fused = 0; ax1_ax2_fused < 400; ++ax1_ax2_fused) {
    int32_t DepthwiseConv2d_global[20];
    for (int32_t oci_c_init = 0; oci_c_init < 4; ++oci_c_init) {
      DepthwiseConv2d_global[oci_c_init] = 0;
    }
    for (int32_t oci_c_init_1 = 0; oci_c_init_1 < 4; ++oci_c_init_1) {
      DepthwiseConv2d_global[(oci_c_init_1 + 4)] = 0;
    }
    for (int32_t oci_c_init_2 = 0; oci_c_init_2 < 4; ++oci_c_init_2) {
      DepthwiseConv2d_global[(oci_c_init_2 + 8)] = 0;
    }
    for (int32_t oci_c_init_3 = 0; oci_c_init_3 < 4; ++oci_c_init_3) {
      DepthwiseConv2d_global[(oci_c_init_3 + 12)] = 0;
    }
    for (int32_t oci_c_init_4 = 0; oci_c_init_4 < 4; ++oci_c_init_4) {
      DepthwiseConv2d_global[(oci_c_init_4 + 16)] = 0;
    }
    for (int32_t kh = 0; kh < 3; ++kh) {
      for (int32_t kw = 0; kw < 3; ++kw) {
        for (int32_t oci_c = 0; oci_c < 4; ++oci_c) {
          int32_t cse_var_4 = (ax1_ax2_fused / 25);
          int32_t cse_var_3 = (kw * 4);
          DepthwiseConv2d_global[oci_c] = (DepthwiseConv2d_global[oci_c] + (((int32_t)((int16_t*)PaddedInput)[(((((cse_var_4 * 756) + (kh * 28)) + ((ax1_ax2_fused % 25) * 28)) + cse_var_3) + oci_c)]) * ((int32_t)((int16_t*)fused_constant_7)[((((cse_var_4 * 36) + (kh * 12)) + cse_var_3) + oci_c)])));
        }
        for (int32_t oci_c_1 = 0; oci_c_1 < 4; ++oci_c_1) {
          int32_t cse_var_7 = (ax1_ax2_fused / 25);
          int32_t cse_var_6 = (kw * 4);
          int32_t cse_var_5 = (oci_c_1 + 4);
          DepthwiseConv2d_global[cse_var_5] = (DepthwiseConv2d_global[cse_var_5] + (((int32_t)((int16_t*)PaddedInput)[((((((cse_var_7 * 756) + (kh * 28)) + ((ax1_ax2_fused % 25) * 28)) + cse_var_6) + oci_c_1) + 4)]) * ((int32_t)((int16_t*)fused_constant_7)[((((cse_var_7 * 36) + (kh * 12)) + cse_var_6) + oci_c_1)])));
        }
        for (int32_t oci_c_2 = 0; oci_c_2 < 4; ++oci_c_2) {
          int32_t cse_var_10 = (ax1_ax2_fused / 25);
          int32_t cse_var_9 = (kw * 4);
          int32_t cse_var_8 = (oci_c_2 + 8);
          DepthwiseConv2d_global[cse_var_8] = (DepthwiseConv2d_global[cse_var_8] + (((int32_t)((int16_t*)PaddedInput)[((((((cse_var_10 * 756) + (kh * 28)) + ((ax1_ax2_fused % 25) * 28)) + cse_var_9) + oci_c_2) + 8)]) * ((int32_t)((int16_t*)fused_constant_7)[((((cse_var_10 * 36) + (kh * 12)) + cse_var_9) + oci_c_2)])));
        }
        for (int32_t oci_c_3 = 0; oci_c_3 < 4; ++oci_c_3) {
          int32_t cse_var_13 = (ax1_ax2_fused / 25);
          int32_t cse_var_12 = (kw * 4);
          int32_t cse_var_11 = (oci_c_3 + 12);
          DepthwiseConv2d_global[cse_var_11] = (DepthwiseConv2d_global[cse_var_11] + (((int32_t)((int16_t*)PaddedInput)[((((((cse_var_13 * 756) + (kh * 28)) + ((ax1_ax2_fused % 25) * 28)) + cse_var_12) + oci_c_3) + 12)]) * ((int32_t)((int16_t*)fused_constant_7)[((((cse_var_13 * 36) + (kh * 12)) + cse_var_12) + oci_c_3)])));
        }
        for (int32_t oci_c_4 = 0; oci_c_4 < 4; ++oci_c_4) {
          int32_t cse_var_16 = (ax1_ax2_fused / 25);
          int32_t cse_var_15 = (kw * 4);
          int32_t cse_var_14 = (oci_c_4 + 16);
          DepthwiseConv2d_global[cse_var_14] = (DepthwiseConv2d_global[cse_var_14] + (((int32_t)((int16_t*)PaddedInput)[((((((cse_var_16 * 756) + (kh * 28)) + ((ax1_ax2_fused % 25) * 28)) + cse_var_15) + oci_c_4) + 16)]) * ((int32_t)((int16_t*)fused_constant_7)[((((cse_var_16 * 36) + (kh * 12)) + cse_var_15) + oci_c_4)])));
        }
      }
    }
    for (int32_t ax3_inner = 0; ax3_inner < 5; ++ax3_inner) {
      for (int32_t ax4 = 0; ax4 < 4; ++ax4) {
        int32_t cse_var_18 = (ax3_inner * 4);
        int32_t cse_var_17 = (((ax1_ax2_fused / 25) * 4) + ax4);
        int32_t v_ = ((int32_t)(((((int64_t)(DepthwiseConv2d_global[(cse_var_18 + ax4)] + ((int32_t*)fused_nn_contrib_depthwise_conv2d_NCHWc_constant_3)[cse_var_17])) * ((int64_t)((int32_t*)fused_nn_contrib_depthwise_conv2d_NCHWc_add_constant_9)[cse_var_17])) + ((int64_t)1 << ((int64_t)((((int32_t*)fused_nn_contrib_depthwise_conv2d_NCHWc_add_constant_11)[cse_var_17] + 31) - 1)))) >> ((int64_t)(((int32_t*)fused_nn_contrib_depthwise_conv2d_NCHWc_add_constant_11)[cse_var_17] + 31)))) - 128;
        int32_t v__1 = (v_) < (127) ? (v_) : (127);
        ((int16_t*)T_subtract_1)[(((ax1_ax2_fused * 20) + cse_var_18) + ax4)] = (((int16_t)((int8_t)((v__1) > (-128) ? (v__1) : (-128)))) - (int16_t)-128);
      }
    }
  }
  if (TVMBackendFreeWorkspace(1, dev_id, PaddedInput) != 0) {
    return -1;
  }
  return 0;
}

#ifdef __cplusplus
extern "C"
#endif
TVM_DLL int32_t tvmgen_default_fused_nn_softmax_divide_round_add_clip_cast(void* args, int32_t* arg_type_ids, int32_t num_args, void* out_ret_value, int32_t* out_ret_tcode, void* resource_handle) {
  int32_t p0_code = arg_type_ids[0];
  int32_t T_cast_code = arg_type_ids[1];
  void* p0 = (((TVMValue*)args)[0].v_handle);
  void* T_cast = (((TVMValue*)args)[1].v_handle);
  void* p0_1 = (((DLTensor*)p0)[0].data);
  void* tvmgen_default_fused_nn_softmax_divide_round_add_clip_cast_p0_shape = (((DLTensor*)p0)[0].shape);
  void* tvmgen_default_fused_nn_softmax_divide_round_add_clip_cast_p0_strides = (((DLTensor*)p0)[0].strides);
  int32_t dev_id = (((DLTensor*)p0)[0].device.device_id);
  void* T_cast_1 = (((DLTensor*)T_cast)[0].data);
  void* tvmgen_default_fused_nn_softmax_divide_round_add_clip_cast_T_cast_shape = (((DLTensor*)T_cast)[0].shape);
  void* tvmgen_default_fused_nn_softmax_divide_round_add_clip_cast_T_cast_strides = (((DLTensor*)T_cast)[0].strides);
  if (!(tvmgen_default_fused_nn_softmax_divide_round_add_clip_cast_p0_strides == NULL)) {
  }
  if (!(tvmgen_default_fused_nn_softmax_divide_round_add_clip_cast_T_cast_strides == NULL)) {
  }
  float T_softmax_maxelem[1];
  float T_softmax_exp[12];
  float T_softmax_expsum[1];
  T_softmax_maxelem[0] = -3.402823e+38f;
  for (int32_t k = 0; k < 12; ++k) {
    float v_ = T_softmax_maxelem[0];
    float v__1 = ((float*)p0_1)[k];
    T_softmax_maxelem[0] = ((v_) > (v__1) ? (v_) : (v__1));
  }
  for (int32_t i1 = 0; i1 < 12; ++i1) {
    T_softmax_exp[i1] = expf((((float*)p0_1)[i1] - T_softmax_maxelem[0]));
  }
  T_softmax_expsum[0] = 0.000000e+00f;
  for (int32_t k_1 = 0; k_1 < 12; ++k_1) {
    T_softmax_expsum[0] = (T_softmax_expsum[0] + T_softmax_exp[k_1]);
  }
  for (int32_t i1_1 = 0; i1_1 < 12; ++i1_1) {
    T_softmax_exp[i1_1] = (T_softmax_exp[i1_1] / T_softmax_expsum[0]);
  }
  for (int32_t ax1 = 0; ax1 < 12; ++ax1) {
    float v__2 = roundf((T_softmax_exp[ax1] * 2.560000e+02f)) + -1.280000e+02f;
    float v__3 = (v__2) < (1.270000e+02f) ? (v__2) : (1.270000e+02f);
    ((int8_t*)T_cast_1)[ax1] = ((int8_t)((v__3) > (-1.280000e+02f) ? (v__3) : (-1.280000e+02f)));
  }
  return 0;
}

#ifdef __cplusplus
extern "C"
#endif
TVM_DLL int32_t tvmgen_default___tvm_main__(void* args, int32_t* arg_type_ids, int32_t num_args, void* out_ret_value, int32_t* out_ret_tcode, void* resource_handle) {
  TVMValue stack[2];
  void* stack_tcode = stack;
  TVMValue stack_1[3];
  void* stack_value = stack_1;
  TVMValue stack_2[12];
  void* stack_array = stack_2;
  TVMValue stack_3[10];
  void* stack_shape = stack_3;
  int32_t input_1_code = arg_type_ids[0];
  int32_t Identity_code = arg_type_ids[1];
  void* input_1 = (((TVMValue*)args)[0].v_handle);
  void* Identity = (((TVMValue*)args)[1].v_handle);
  void* input_1_buffer_var = (((DLTensor*)input_1)[0].data);
  void* tvmgen_default___tvm_main___input_1_shape = (((DLTensor*)input_1)[0].shape);
  void* tvmgen_default___tvm_main___input_1_strides = (((DLTensor*)input_1)[0].strides);
  int32_t dev_id = (((DLTensor*)input_1)[0].device.device_id);
  void* Identity_buffer_var = (((DLTensor*)Identity)[0].data);
  void* tvmgen_default___tvm_main___Identity_shape = (((DLTensor*)Identity)[0].shape);
  void* tvmgen_default___tvm_main___Identity_strides = (((DLTensor*)Identity)[0].strides);
  if (!(tvmgen_default___tvm_main___input_1_strides == NULL)) {
  }
  if (!(tvmgen_default___tvm_main___Identity_strides == NULL)) {
  }
  void* sid_1 = TVMBackendAllocWorkspace(1, dev_id, (uint64_t)980, 0, 8);
  if (sid_1 == NULL) {
    return -1;
  }
  void* sid_2 = TVMBackendAllocWorkspace(1, dev_id, (uint64_t)32000, 0, 8);
  if (sid_2 == NULL) {
    return -1;
  }
  void* sid_3 = TVMBackendAllocWorkspace(1, dev_id, (uint64_t)16000, 0, 8);
  if (sid_3 == NULL) {
    return -1;
  }
  void* sid_12 = TVMBackendAllocWorkspace(1, dev_id, (uint64_t)128, 0, 8);
  if (sid_12 == NULL) {
    return -1;
  }
  void* sid_13 = TVMBackendAllocWorkspace(1, dev_id, (uint64_t)48, 0, 8);
  if (sid_13 == NULL) {
    return -1;
  }
  ((int64_t*)stack_shape)[0] = (int64_t)1;
  ((int64_t*)stack_shape)[1] = (int64_t)49;
  ((int64_t*)stack_shape)[2] = (int64_t)10;
  ((int64_t*)stack_shape)[3] = (int64_t)1;
  (((DLTensor*)stack_array)[0].data) = input_1_buffer_var;
  (((DLTensor*)stack_array)[0].shape) = (&(((int64_t*)stack_shape)[0]));
    uint64_t v_ = (uint64_t)0;
  (((DLTensor*)stack_array)[0].strides) = (int64_t*)(*(void* *)(&(v_)));
  (((DLTensor*)stack_array)[0].ndim) = (uint32_t)4;
  (((DLTensor*)stack_array)[0].dtype.code) = (uint8_t)0;
  (((DLTensor*)stack_array)[0].dtype.bits) = (uint8_t)8;
  (((DLTensor*)stack_array)[0].dtype.lanes) = (uint16_t)1;
  (((DLTensor*)stack_array)[0].byte_offset) = (uint64_t)0;
  (((DLTensor*)stack_array)[0].device.device_id) = dev_id;
  (((DLTensor*)stack_array)[0].device.device_type) = (DLDeviceType)1;
  ((int64_t*)stack_shape)[4] = (int64_t)1;
  ((int64_t*)stack_shape)[5] = (int64_t)1;
  ((int64_t*)stack_shape)[6] = (int64_t)49;
  ((int64_t*)stack_shape)[7] = (int64_t)10;
  ((int64_t*)stack_shape)[8] = (int64_t)1;
  (((DLTensor*)stack_array)[1].data) = sid_1;
  (((DLTensor*)stack_array)[1].shape) = (&(((int64_t*)stack_shape)[4]));
    uint64_t v__1 = (uint64_t)0;
  (((DLTensor*)stack_array)[1].strides) = (int64_t*)(*(void* *)(&(v__1)));
  (((DLTensor*)stack_array)[1].ndim) = (uint32_t)5;
  (((DLTensor*)stack_array)[1].dtype.code) = (uint8_t)0;
  (((DLTensor*)stack_array)[1].dtype.bits) = (uint8_t)16;
  (((DLTensor*)stack_array)[1].dtype.lanes) = (uint16_t)1;
  (((DLTensor*)stack_array)[1].byte_offset) = (uint64_t)0;
  (((DLTensor*)stack_array)[1].device.device_id) = dev_id;
  (((DLTensor*)stack_array)[1].device.device_type) = (DLDeviceType)1;
  (((TVMValue*)stack_value)[0].v_handle) = (((DLTensor*)stack_array) + 0);
  ((int32_t*)stack_tcode)[0] = 7;
  (((TVMValue*)stack_value)[1].v_handle) = (((DLTensor*)stack_array) + 1);
  ((int32_t*)stack_tcode)[1] = 7;
  TVMValue ret_val;
  int ret_type_code;
  if (tvmgen_default_fused_layout_transform_cast_subtract_layout_transform( (TVMValue*) stack_value , (int*) stack_tcode, 2, &ret_val, &ret_type_code, NULL) != 0){
    return -1;
  }
  ((int64_t*)stack_shape)[0] = (int64_t)1;
  ((int64_t*)stack_shape)[1] = (int64_t)1;
  ((int64_t*)stack_shape)[2] = (int64_t)49;
  ((int64_t*)stack_shape)[3] = (int64_t)10;
  ((int64_t*)stack_shape)[4] = (int64_t)1;
  (((DLTensor*)stack_array)[0].data) = sid_1;
  (((DLTensor*)stack_array)[0].shape) = (&(((int64_t*)stack_shape)[0]));
    uint64_t v__2 = (uint64_t)0;
  (((DLTensor*)stack_array)[0].strides) = (int64_t*)(*(void* *)(&(v__2)));
  (((DLTensor*)stack_array)[0].ndim) = (uint32_t)5;
  (((DLTensor*)stack_array)[0].dtype.code) = (uint8_t)0;
  (((DLTensor*)stack_array)[0].dtype.bits) = (uint8_t)16;
  (((DLTensor*)stack_array)[0].dtype.lanes) = (uint16_t)1;
  (((DLTensor*)stack_array)[0].byte_offset) = (uint64_t)0;
  (((DLTensor*)stack_array)[0].device.device_id) = dev_id;
  (((DLTensor*)stack_array)[0].device.device_type) = (DLDeviceType)1;
  ((int64_t*)stack_shape)[5] = (int64_t)1;
  ((int64_t*)stack_shape)[6] = (int64_t)16;
  ((int64_t*)stack_shape)[7] = (int64_t)25;
  ((int64_t*)stack_shape)[8] = (int64_t)5;
  ((int64_t*)stack_shape)[9] = (int64_t)4;
  (((DLTensor*)stack_array)[1].data) = sid_2;
  (((DLTensor*)stack_array)[1].shape) = (&(((int64_t*)stack_shape)[5]));
    uint64_t v__3 = (uint64_t)0;
  (((DLTensor*)stack_array)[1].strides) = (int64_t*)(*(void* *)(&(v__3)));
  (((DLTensor*)stack_array)[1].ndim) = (uint32_t)5;
  (((DLTensor*)stack_array)[1].dtype.code) = (uint8_t)0;
  (((DLTensor*)stack_array)[1].dtype.bits) = (uint8_t)16;
  (((DLTensor*)stack_array)[1].dtype.lanes) = (uint16_t)1;
  (((DLTensor*)stack_array)[1].byte_offset) = (uint64_t)0;
  (((DLTensor*)stack_array)[1].device.device_id) = dev_id;
  (((DLTensor*)stack_array)[1].device.device_type) = (DLDeviceType)1;
  (((TVMValue*)stack_value)[0].v_handle) = (((DLTensor*)stack_array) + 0);
  ((int32_t*)stack_tcode)[0] = 7;
  (((TVMValue*)stack_value)[1].v_handle) = (((DLTensor*)stack_array) + 1);
  ((int32_t*)stack_tcode)[1] = 7;
  TVMValue ret_val_1;
  int ret_type_code_1;
  if (tvmgen_default_fused_nn_contrib_conv2d_NCHWc_add_fixed_point_multiply_per_axis_add_clip_cast_ca_f68cd3c4a6332098_( (TVMValue*) stack_value , (int*) stack_tcode, 2, &ret_val_1, &ret_type_code_1, NULL) != 0){
    return -1;
  }
  ((int64_t*)stack_shape)[0] = (int64_t)1;
  ((int64_t*)stack_shape)[1] = (int64_t)16;
  ((int64_t*)stack_shape)[2] = (int64_t)25;
  ((int64_t*)stack_shape)[3] = (int64_t)5;
  ((int64_t*)stack_shape)[4] = (int64_t)4;
  (((DLTensor*)stack_array)[0].data) = sid_2;
  (((DLTensor*)stack_array)[0].shape) = (&(((int64_t*)stack_shape)[0]));
    uint64_t v__4 = (uint64_t)0;
  (((DLTensor*)stack_array)[0].strides) = (int64_t*)(*(void* *)(&(v__4)));
  (((DLTensor*)stack_array)[0].ndim) = (uint32_t)5;
  (((DLTensor*)stack_array)[0].dtype.code) = (uint8_t)0;
  (((DLTensor*)stack_array)[0].dtype.bits) = (uint8_t)16;
  (((DLTensor*)stack_array)[0].dtype.lanes) = (uint16_t)1;
  (((DLTensor*)stack_array)[0].byte_offset) = (uint64_t)0;
  (((DLTensor*)stack_array)[0].device.device_id) = dev_id;
  (((DLTensor*)stack_array)[0].device.device_type) = (DLDeviceType)1;
  ((int64_t*)stack_shape)[5] = (int64_t)1;
  ((int64_t*)stack_shape)[6] = (int64_t)16;
  ((int64_t*)stack_shape)[7] = (int64_t)25;
  ((int64_t*)stack_shape)[8] = (int64_t)5;
  ((int64_t*)stack_shape)[9] = (int64_t)4;
  (((DLTensor*)stack_array)[1].data) = sid_3;
  (((DLTensor*)stack_array)[1].shape) = (&(((int64_t*)stack_shape)[5]));
    uint64_t v__5 = (uint64_t)0;
  (((DLTensor*)stack_array)[1].strides) = (int64_t*)(*(void* *)(&(v__5)));
  (((DLTensor*)stack_array)[1].ndim) = (uint32_t)5;
  (((DLTensor*)stack_array)[1].dtype.code) = (uint8_t)0;
  (((DLTensor*)stack_array)[1].dtype.bits) = (uint8_t)16;
  (((DLTensor*)stack_array)[1].dtype.lanes) = (uint16_t)1;
  (((DLTensor*)stack_array)[1].byte_offset) = (uint64_t)0;
  (((DLTensor*)stack_array)[1].device.device_id) = dev_id;
  (((DLTensor*)stack_array)[1].device.device_type) = (DLDeviceType)1;
  (((TVMValue*)stack_value)[0].v_handle) = (((DLTensor*)stack_array) + 0);
  ((int32_t*)stack_tcode)[0] = 7;
  (((TVMValue*)stack_value)[1].v_handle) = (((DLTensor*)stack_array) + 1);
  ((int32_t*)stack_tcode)[1] = 7;
  TVMValue ret_val_2;
  int ret_type_code_2;
  if (tvmgen_default_fused_nn_contrib_depthwise_conv2d_NCHWc_add_fixed_point_multiply_per_axis_add_cl_736ab5919011ba25_( (TVMValue*) stack_value , (int*) stack_tcode, 2, &ret_val_2, &ret_type_code_2, NULL) != 0){
    return -1;
  }
  ((int64_t*)stack_shape)[0] = (int64_t)1;
  ((int64_t*)stack_shape)[1] = (int64_t)16;
  ((int64_t*)stack_shape)[2] = (int64_t)25;
  ((int64_t*)stack_shape)[3] = (int64_t)5;
  ((int64_t*)stack_shape)[4] = (int64_t)4;
  (((DLTensor*)stack_array)[0].data) = sid_3;
  (((DLTensor*)stack_array)[0].shape) = (&(((int64_t*)stack_shape)[0]));
    uint64_t v__6 = (uint64_t)0;
  (((DLTensor*)stack_array)[0].strides) = (int64_t*)(*(void* *)(&(v__6)));
  (((DLTensor*)stack_array)[0].ndim) = (uint32_t)5;
  (((DLTensor*)stack_array)[0].dtype.code) = (uint8_t)0;
  (((DLTensor*)stack_array)[0].dtype.bits) = (uint8_t)16;
  (((DLTensor*)stack_array)[0].dtype.lanes) = (uint16_t)1;
  (((DLTensor*)stack_array)[0].byte_offset) = (uint64_t)0;
  (((DLTensor*)stack_array)[0].device.device_id) = dev_id;
  (((DLTensor*)stack_array)[0].device.device_type) = (DLDeviceType)1;
  ((int64_t*)stack_shape)[5] = (int64_t)1;
  ((int64_t*)stack_shape)[6] = (int64_t)16;
  ((int64_t*)stack_shape)[7] = (int64_t)25;
  ((int64_t*)stack_shape)[8] = (int64_t)5;
  ((int64_t*)stack_shape)[9] = (int64_t)4;
  (((DLTensor*)stack_array)[1].data) = sid_2;
  (((DLTensor*)stack_array)[1].shape) = (&(((int64_t*)stack_shape)[5]));
    uint64_t v__7 = (uint64_t)0;
  (((DLTensor*)stack_array)[1].strides) = (int64_t*)(*(void* *)(&(v__7)));
  (((DLTensor*)stack_array)[1].ndim) = (uint32_t)5;
  (((DLTensor*)stack_array)[1].dtype.code) = (uint8_t)0;
  (((DLTensor*)stack_array)[1].dtype.bits) = (uint8_t)16;
  (((DLTensor*)stack_array)[1].dtype.lanes) = (uint16_t)1;
  (((DLTensor*)stack_array)[1].byte_offset) = (uint64_t)0;
  (((DLTensor*)stack_array)[1].device.device_id) = dev_id;
  (((DLTensor*)stack_array)[1].device.device_type) = (DLDeviceType)1;
  (((TVMValue*)stack_value)[0].v_handle) = (((DLTensor*)stack_array) + 0);
  ((int32_t*)stack_tcode)[0] = 7;
  (((TVMValue*)stack_value)[1].v_handle) = (((DLTensor*)stack_array) + 1);
  ((int32_t*)stack_tcode)[1] = 7;
  TVMValue ret_val_3;
  int ret_type_code_3;
  if (tvmgen_default_fused_nn_contrib_conv2d_NCHWc_add_fixed_point_multiply_per_axis_add_clip_cast_ca_f68cd3c4a6332098__1( (TVMValue*) stack_value , (int*) stack_tcode, 2, &ret_val_3, &ret_type_code_3, NULL) != 0){
    return -1;
  }
  ((int64_t*)stack_shape)[0] = (int64_t)1;
  ((int64_t*)stack_shape)[1] = (int64_t)16;
  ((int64_t*)stack_shape)[2] = (int64_t)25;
  ((int64_t*)stack_shape)[3] = (int64_t)5;
  ((int64_t*)stack_shape)[4] = (int64_t)4;
  (((DLTensor*)stack_array)[0].data) = sid_2;
  (((DLTensor*)stack_array)[0].shape) = (&(((int64_t*)stack_shape)[0]));
    uint64_t v__8 = (uint64_t)0;
  (((DLTensor*)stack_array)[0].strides) = (int64_t*)(*(void* *)(&(v__8)));
  (((DLTensor*)stack_array)[0].ndim) = (uint32_t)5;
  (((DLTensor*)stack_array)[0].dtype.code) = (uint8_t)0;
  (((DLTensor*)stack_array)[0].dtype.bits) = (uint8_t)16;
  (((DLTensor*)stack_array)[0].dtype.lanes) = (uint16_t)1;
  (((DLTensor*)stack_array)[0].byte_offset) = (uint64_t)0;
  (((DLTensor*)stack_array)[0].device.device_id) = dev_id;
  (((DLTensor*)stack_array)[0].device.device_type) = (DLDeviceType)1;
  ((int64_t*)stack_shape)[5] = (int64_t)1;
  ((int64_t*)stack_shape)[6] = (int64_t)16;
  ((int64_t*)stack_shape)[7] = (int64_t)25;
  ((int64_t*)stack_shape)[8] = (int64_t)5;
  ((int64_t*)stack_shape)[9] = (int64_t)4;
  (((DLTensor*)stack_array)[1].data) = sid_3;
  (((DLTensor*)stack_array)[1].shape) = (&(((int64_t*)stack_shape)[5]));
    uint64_t v__9 = (uint64_t)0;
  (((DLTensor*)stack_array)[1].strides) = (int64_t*)(*(void* *)(&(v__9)));
  (((DLTensor*)stack_array)[1].ndim) = (uint32_t)5;
  (((DLTensor*)stack_array)[1].dtype.code) = (uint8_t)0;
  (((DLTensor*)stack_array)[1].dtype.bits) = (uint8_t)16;
  (((DLTensor*)stack_array)[1].dtype.lanes) = (uint16_t)1;
  (((DLTensor*)stack_array)[1].byte_offset) = (uint64_t)0;
  (((DLTensor*)stack_array)[1].device.device_id) = dev_id;
  (((DLTensor*)stack_array)[1].device.device_type) = (DLDeviceType)1;
  (((TVMValue*)stack_value)[0].v_handle) = (((DLTensor*)stack_array) + 0);
  ((int32_t*)stack_tcode)[0] = 7;
  (((TVMValue*)stack_value)[1].v_handle) = (((DLTensor*)stack_array) + 1);
  ((int32_t*)stack_tcode)[1] = 7;
  TVMValue ret_val_4;
  int ret_type_code_4;
  if (tvmgen_default_fused_nn_contrib_depthwise_conv2d_NCHWc_add_fixed_point_multiply_per_axis_add_cl_736ab5919011ba25__1( (TVMValue*) stack_value , (int*) stack_tcode, 2, &ret_val_4, &ret_type_code_4, NULL) != 0){
    return -1;
  }
  ((int64_t*)stack_shape)[0] = (int64_t)1;
  ((int64_t*)stack_shape)[1] = (int64_t)16;
  ((int64_t*)stack_shape)[2] = (int64_t)25;
  ((int64_t*)stack_shape)[3] = (int64_t)5;
  ((int64_t*)stack_shape)[4] = (int64_t)4;
  (((DLTensor*)stack_array)[0].data) = sid_3;
  (((DLTensor*)stack_array)[0].shape) = (&(((int64_t*)stack_shape)[0]));
    uint64_t v__10 = (uint64_t)0;
  (((DLTensor*)stack_array)[0].strides) = (int64_t*)(*(void* *)(&(v__10)));
  (((DLTensor*)stack_array)[0].ndim) = (uint32_t)5;
  (((DLTensor*)stack_array)[0].dtype.code) = (uint8_t)0;
  (((DLTensor*)stack_array)[0].dtype.bits) = (uint8_t)16;
  (((DLTensor*)stack_array)[0].dtype.lanes) = (uint16_t)1;
  (((DLTensor*)stack_array)[0].byte_offset) = (uint64_t)0;
  (((DLTensor*)stack_array)[0].device.device_id) = dev_id;
  (((DLTensor*)stack_array)[0].device.device_type) = (DLDeviceType)1;
  ((int64_t*)stack_shape)[5] = (int64_t)1;
  ((int64_t*)stack_shape)[6] = (int64_t)16;
  ((int64_t*)stack_shape)[7] = (int64_t)25;
  ((int64_t*)stack_shape)[8] = (int64_t)5;
  ((int64_t*)stack_shape)[9] = (int64_t)4;
  (((DLTensor*)stack_array)[1].data) = sid_2;
  (((DLTensor*)stack_array)[1].shape) = (&(((int64_t*)stack_shape)[5]));
    uint64_t v__11 = (uint64_t)0;
  (((DLTensor*)stack_array)[1].strides) = (int64_t*)(*(void* *)(&(v__11)));
  (((DLTensor*)stack_array)[1].ndim) = (uint32_t)5;
  (((DLTensor*)stack_array)[1].dtype.code) = (uint8_t)0;
  (((DLTensor*)stack_array)[1].dtype.bits) = (uint8_t)16;
  (((DLTensor*)stack_array)[1].dtype.lanes) = (uint16_t)1;
  (((DLTensor*)stack_array)[1].byte_offset) = (uint64_t)0;
  (((DLTensor*)stack_array)[1].device.device_id) = dev_id;
  (((DLTensor*)stack_array)[1].device.device_type) = (DLDeviceType)1;
  (((TVMValue*)stack_value)[0].v_handle) = (((DLTensor*)stack_array) + 0);
  ((int32_t*)stack_tcode)[0] = 7;
  (((TVMValue*)stack_value)[1].v_handle) = (((DLTensor*)stack_array) + 1);
  ((int32_t*)stack_tcode)[1] = 7;
  TVMValue ret_val_5;
  int ret_type_code_5;
  if (tvmgen_default_fused_nn_contrib_conv2d_NCHWc_add_fixed_point_multiply_per_axis_add_clip_cast_ca_f68cd3c4a6332098__2( (TVMValue*) stack_value , (int*) stack_tcode, 2, &ret_val_5, &ret_type_code_5, NULL) != 0){
    return -1;
  }
  ((int64_t*)stack_shape)[0] = (int64_t)1;
  ((int64_t*)stack_shape)[1] = (int64_t)16;
  ((int64_t*)stack_shape)[2] = (int64_t)25;
  ((int64_t*)stack_shape)[3] = (int64_t)5;
  ((int64_t*)stack_shape)[4] = (int64_t)4;
  (((DLTensor*)stack_array)[0].data) = sid_2;
  (((DLTensor*)stack_array)[0].shape) = (&(((int64_t*)stack_shape)[0]));
    uint64_t v__12 = (uint64_t)0;
  (((DLTensor*)stack_array)[0].strides) = (int64_t*)(*(void* *)(&(v__12)));
  (((DLTensor*)stack_array)[0].ndim) = (uint32_t)5;
  (((DLTensor*)stack_array)[0].dtype.code) = (uint8_t)0;
  (((DLTensor*)stack_array)[0].dtype.bits) = (uint8_t)16;
  (((DLTensor*)stack_array)[0].dtype.lanes) = (uint16_t)1;
  (((DLTensor*)stack_array)[0].byte_offset) = (uint64_t)0;
  (((DLTensor*)stack_array)[0].device.device_id) = dev_id;
  (((DLTensor*)stack_array)[0].device.device_type) = (DLDeviceType)1;
  ((int64_t*)stack_shape)[5] = (int64_t)1;
  ((int64_t*)stack_shape)[6] = (int64_t)16;
  ((int64_t*)stack_shape)[7] = (int64_t)25;
  ((int64_t*)stack_shape)[8] = (int64_t)5;
  ((int64_t*)stack_shape)[9] = (int64_t)4;
  (((DLTensor*)stack_array)[1].data) = sid_3;
  (((DLTensor*)stack_array)[1].shape) = (&(((int64_t*)stack_shape)[5]));
    uint64_t v__13 = (uint64_t)0;
  (((DLTensor*)stack_array)[1].strides) = (int64_t*)(*(void* *)(&(v__13)));
  (((DLTensor*)stack_array)[1].ndim) = (uint32_t)5;
  (((DLTensor*)stack_array)[1].dtype.code) = (uint8_t)0;
  (((DLTensor*)stack_array)[1].dtype.bits) = (uint8_t)16;
  (((DLTensor*)stack_array)[1].dtype.lanes) = (uint16_t)1;
  (((DLTensor*)stack_array)[1].byte_offset) = (uint64_t)0;
  (((DLTensor*)stack_array)[1].device.device_id) = dev_id;
  (((DLTensor*)stack_array)[1].device.device_type) = (DLDeviceType)1;
  (((TVMValue*)stack_value)[0].v_handle) = (((DLTensor*)stack_array) + 0);
  ((int32_t*)stack_tcode)[0] = 7;
  (((TVMValue*)stack_value)[1].v_handle) = (((DLTensor*)stack_array) + 1);
  ((int32_t*)stack_tcode)[1] = 7;
  TVMValue ret_val_6;
  int ret_type_code_6;
  if (tvmgen_default_fused_nn_contrib_depthwise_conv2d_NCHWc_add_fixed_point_multiply_per_axis_add_cl_736ab5919011ba25__2( (TVMValue*) stack_value , (int*) stack_tcode, 2, &ret_val_6, &ret_type_code_6, NULL) != 0){
    return -1;
  }
  ((int64_t*)stack_shape)[0] = (int64_t)1;
  ((int64_t*)stack_shape)[1] = (int64_t)16;
  ((int64_t*)stack_shape)[2] = (int64_t)25;
  ((int64_t*)stack_shape)[3] = (int64_t)5;
  ((int64_t*)stack_shape)[4] = (int64_t)4;
  (((DLTensor*)stack_array)[0].data) = sid_3;
  (((DLTensor*)stack_array)[0].shape) = (&(((int64_t*)stack_shape)[0]));
    uint64_t v__14 = (uint64_t)0;
  (((DLTensor*)stack_array)[0].strides) = (int64_t*)(*(void* *)(&(v__14)));
  (((DLTensor*)stack_array)[0].ndim) = (uint32_t)5;
  (((DLTensor*)stack_array)[0].dtype.code) = (uint8_t)0;
  (((DLTensor*)stack_array)[0].dtype.bits) = (uint8_t)16;
  (((DLTensor*)stack_array)[0].dtype.lanes) = (uint16_t)1;
  (((DLTensor*)stack_array)[0].byte_offset) = (uint64_t)0;
  (((DLTensor*)stack_array)[0].device.device_id) = dev_id;
  (((DLTensor*)stack_array)[0].device.device_type) = (DLDeviceType)1;
  ((int64_t*)stack_shape)[5] = (int64_t)1;
  ((int64_t*)stack_shape)[6] = (int64_t)16;
  ((int64_t*)stack_shape)[7] = (int64_t)25;
  ((int64_t*)stack_shape)[8] = (int64_t)5;
  ((int64_t*)stack_shape)[9] = (int64_t)4;
  (((DLTensor*)stack_array)[1].data) = sid_2;
  (((DLTensor*)stack_array)[1].shape) = (&(((int64_t*)stack_shape)[5]));
    uint64_t v__15 = (uint64_t)0;
  (((DLTensor*)stack_array)[1].strides) = (int64_t*)(*(void* *)(&(v__15)));
  (((DLTensor*)stack_array)[1].ndim) = (uint32_t)5;
  (((DLTensor*)stack_array)[1].dtype.code) = (uint8_t)0;
  (((DLTensor*)stack_array)[1].dtype.bits) = (uint8_t)16;
  (((DLTensor*)stack_array)[1].dtype.lanes) = (uint16_t)1;
  (((DLTensor*)stack_array)[1].byte_offset) = (uint64_t)0;
  (((DLTensor*)stack_array)[1].device.device_id) = dev_id;
  (((DLTensor*)stack_array)[1].device.device_type) = (DLDeviceType)1;
  (((TVMValue*)stack_value)[0].v_handle) = (((DLTensor*)stack_array) + 0);
  ((int32_t*)stack_tcode)[0] = 7;
  (((TVMValue*)stack_value)[1].v_handle) = (((DLTensor*)stack_array) + 1);
  ((int32_t*)stack_tcode)[1] = 7;
  TVMValue ret_val_7;
  int ret_type_code_7;
  if (tvmgen_default_fused_nn_contrib_conv2d_NCHWc_add_fixed_point_multiply_per_axis_add_clip_cast_ca_f68cd3c4a6332098__3( (TVMValue*) stack_value , (int*) stack_tcode, 2, &ret_val_7, &ret_type_code_7, NULL) != 0){
    return -1;
  }
  ((int64_t*)stack_shape)[0] = (int64_t)1;
  ((int64_t*)stack_shape)[1] = (int64_t)16;
  ((int64_t*)stack_shape)[2] = (int64_t)25;
  ((int64_t*)stack_shape)[3] = (int64_t)5;
  ((int64_t*)stack_shape)[4] = (int64_t)4;
  (((DLTensor*)stack_array)[0].data) = sid_2;
  (((DLTensor*)stack_array)[0].shape) = (&(((int64_t*)stack_shape)[0]));
    uint64_t v__16 = (uint64_t)0;
  (((DLTensor*)stack_array)[0].strides) = (int64_t*)(*(void* *)(&(v__16)));
  (((DLTensor*)stack_array)[0].ndim) = (uint32_t)5;
  (((DLTensor*)stack_array)[0].dtype.code) = (uint8_t)0;
  (((DLTensor*)stack_array)[0].dtype.bits) = (uint8_t)16;
  (((DLTensor*)stack_array)[0].dtype.lanes) = (uint16_t)1;
  (((DLTensor*)stack_array)[0].byte_offset) = (uint64_t)0;
  (((DLTensor*)stack_array)[0].device.device_id) = dev_id;
  (((DLTensor*)stack_array)[0].device.device_type) = (DLDeviceType)1;
  ((int64_t*)stack_shape)[5] = (int64_t)1;
  ((int64_t*)stack_shape)[6] = (int64_t)16;
  ((int64_t*)stack_shape)[7] = (int64_t)25;
  ((int64_t*)stack_shape)[8] = (int64_t)5;
  ((int64_t*)stack_shape)[9] = (int64_t)4;
  (((DLTensor*)stack_array)[1].data) = sid_3;
  (((DLTensor*)stack_array)[1].shape) = (&(((int64_t*)stack_shape)[5]));
    uint64_t v__17 = (uint64_t)0;
  (((DLTensor*)stack_array)[1].strides) = (int64_t*)(*(void* *)(&(v__17)));
  (((DLTensor*)stack_array)[1].ndim) = (uint32_t)5;
  (((DLTensor*)stack_array)[1].dtype.code) = (uint8_t)0;
  (((DLTensor*)stack_array)[1].dtype.bits) = (uint8_t)16;
  (((DLTensor*)stack_array)[1].dtype.lanes) = (uint16_t)1;
  (((DLTensor*)stack_array)[1].byte_offset) = (uint64_t)0;
  (((DLTensor*)stack_array)[1].device.device_id) = dev_id;
  (((DLTensor*)stack_array)[1].device.device_type) = (DLDeviceType)1;
  (((TVMValue*)stack_value)[0].v_handle) = (((DLTensor*)stack_array) + 0);
  ((int32_t*)stack_tcode)[0] = 7;
  (((TVMValue*)stack_value)[1].v_handle) = (((DLTensor*)stack_array) + 1);
  ((int32_t*)stack_tcode)[1] = 7;
  TVMValue ret_val_8;
  int ret_type_code_8;
  if (tvmgen_default_fused_nn_contrib_depthwise_conv2d_NCHWc_add_fixed_point_multiply_per_axis_add_cl_736ab5919011ba25__3( (TVMValue*) stack_value , (int*) stack_tcode, 2, &ret_val_8, &ret_type_code_8, NULL) != 0){
    return -1;
  }
  ((int64_t*)stack_shape)[0] = (int64_t)1;
  ((int64_t*)stack_shape)[1] = (int64_t)16;
  ((int64_t*)stack_shape)[2] = (int64_t)25;
  ((int64_t*)stack_shape)[3] = (int64_t)5;
  ((int64_t*)stack_shape)[4] = (int64_t)4;
  (((DLTensor*)stack_array)[0].data) = sid_3;
  (((DLTensor*)stack_array)[0].shape) = (&(((int64_t*)stack_shape)[0]));
    uint64_t v__18 = (uint64_t)0;
  (((DLTensor*)stack_array)[0].strides) = (int64_t*)(*(void* *)(&(v__18)));
  (((DLTensor*)stack_array)[0].ndim) = (uint32_t)5;
  (((DLTensor*)stack_array)[0].dtype.code) = (uint8_t)0;
  (((DLTensor*)stack_array)[0].dtype.bits) = (uint8_t)16;
  (((DLTensor*)stack_array)[0].dtype.lanes) = (uint16_t)1;
  (((DLTensor*)stack_array)[0].byte_offset) = (uint64_t)0;
  (((DLTensor*)stack_array)[0].device.device_id) = dev_id;
  (((DLTensor*)stack_array)[0].device.device_type) = (DLDeviceType)1;
  ((int64_t*)stack_shape)[5] = (int64_t)1;
  ((int64_t*)stack_shape)[6] = (int64_t)16;
  ((int64_t*)stack_shape)[7] = (int64_t)25;
  ((int64_t*)stack_shape)[8] = (int64_t)5;
  ((int64_t*)stack_shape)[9] = (int64_t)4;
  (((DLTensor*)stack_array)[1].data) = sid_2;
  (((DLTensor*)stack_array)[1].shape) = (&(((int64_t*)stack_shape)[5]));
    uint64_t v__19 = (uint64_t)0;
  (((DLTensor*)stack_array)[1].strides) = (int64_t*)(*(void* *)(&(v__19)));
  (((DLTensor*)stack_array)[1].ndim) = (uint32_t)5;
  (((DLTensor*)stack_array)[1].dtype.code) = (uint8_t)0;
  (((DLTensor*)stack_array)[1].dtype.bits) = (uint8_t)32;
  (((DLTensor*)stack_array)[1].dtype.lanes) = (uint16_t)1;
  (((DLTensor*)stack_array)[1].byte_offset) = (uint64_t)0;
  (((DLTensor*)stack_array)[1].device.device_id) = dev_id;
  (((DLTensor*)stack_array)[1].device.device_type) = (DLDeviceType)1;
  (((TVMValue*)stack_value)[0].v_handle) = (((DLTensor*)stack_array) + 0);
  ((int32_t*)stack_tcode)[0] = 7;
  (((TVMValue*)stack_value)[1].v_handle) = (((DLTensor*)stack_array) + 1);
  ((int32_t*)stack_tcode)[1] = 7;
  TVMValue ret_val_9;
  int ret_type_code_9;
  if (tvmgen_default_fused_nn_contrib_conv2d_NCHWc_add_fixed_point_multiply_per_axis_add_clip( (TVMValue*) stack_value , (int*) stack_tcode, 2, &ret_val_9, &ret_type_code_9, NULL) != 0){
    return -1;
  }
  ((int64_t*)stack_shape)[0] = (int64_t)1;
  ((int64_t*)stack_shape)[1] = (int64_t)16;
  ((int64_t*)stack_shape)[2] = (int64_t)25;
  ((int64_t*)stack_shape)[3] = (int64_t)5;
  ((int64_t*)stack_shape)[4] = (int64_t)4;
  (((DLTensor*)stack_array)[0].data) = sid_2;
  (((DLTensor*)stack_array)[0].shape) = (&(((int64_t*)stack_shape)[0]));
    uint64_t v__20 = (uint64_t)0;
  (((DLTensor*)stack_array)[0].strides) = (int64_t*)(*(void* *)(&(v__20)));
  (((DLTensor*)stack_array)[0].ndim) = (uint32_t)5;
  (((DLTensor*)stack_array)[0].dtype.code) = (uint8_t)0;
  (((DLTensor*)stack_array)[0].dtype.bits) = (uint8_t)32;
  (((DLTensor*)stack_array)[0].dtype.lanes) = (uint16_t)1;
  (((DLTensor*)stack_array)[0].byte_offset) = (uint64_t)0;
  (((DLTensor*)stack_array)[0].device.device_id) = dev_id;
  (((DLTensor*)stack_array)[0].device.device_type) = (DLDeviceType)1;
  ((int64_t*)stack_shape)[5] = (int64_t)1;
  ((int64_t*)stack_shape)[6] = (int64_t)16;
  ((int64_t*)stack_shape)[7] = (int64_t)1;
  ((int64_t*)stack_shape)[8] = (int64_t)1;
  ((int64_t*)stack_shape)[9] = (int64_t)4;
  (((DLTensor*)stack_array)[1].data) = sid_1;
  (((DLTensor*)stack_array)[1].shape) = (&(((int64_t*)stack_shape)[5]));
    uint64_t v__21 = (uint64_t)0;
  (((DLTensor*)stack_array)[1].strides) = (int64_t*)(*(void* *)(&(v__21)));
  (((DLTensor*)stack_array)[1].ndim) = (uint32_t)5;
  (((DLTensor*)stack_array)[1].dtype.code) = (uint8_t)0;
  (((DLTensor*)stack_array)[1].dtype.bits) = (uint8_t)8;
  (((DLTensor*)stack_array)[1].dtype.lanes) = (uint16_t)1;
  (((DLTensor*)stack_array)[1].byte_offset) = (uint64_t)0;
  (((DLTensor*)stack_array)[1].device.device_id) = dev_id;
  (((DLTensor*)stack_array)[1].device.device_type) = (DLDeviceType)1;
  (((TVMValue*)stack_value)[0].v_handle) = (((DLTensor*)stack_array) + 0);
  ((int32_t*)stack_tcode)[0] = 7;
  (((TVMValue*)stack_value)[1].v_handle) = (((DLTensor*)stack_array) + 1);
  ((int32_t*)stack_tcode)[1] = 7;
  TVMValue ret_val_10;
  int ret_type_code_10;
  if (tvmgen_default_fused_nn_avg_pool2d_cast( (TVMValue*) stack_value , (int*) stack_tcode, 2, &ret_val_10, &ret_type_code_10, NULL) != 0){
    return -1;
  }
  ((int64_t*)stack_shape)[0] = (int64_t)1;
  ((int64_t*)stack_shape)[1] = (int64_t)16;
  ((int64_t*)stack_shape)[2] = (int64_t)1;
  ((int64_t*)stack_shape)[3] = (int64_t)1;
  ((int64_t*)stack_shape)[4] = (int64_t)4;
  (((DLTensor*)stack_array)[0].data) = sid_1;
  (((DLTensor*)stack_array)[0].shape) = (&(((int64_t*)stack_shape)[0]));
    uint64_t v__22 = (uint64_t)0;
  (((DLTensor*)stack_array)[0].strides) = (int64_t*)(*(void* *)(&(v__22)));
  (((DLTensor*)stack_array)[0].ndim) = (uint32_t)5;
  (((DLTensor*)stack_array)[0].dtype.code) = (uint8_t)0;
  (((DLTensor*)stack_array)[0].dtype.bits) = (uint8_t)8;
  (((DLTensor*)stack_array)[0].dtype.lanes) = (uint16_t)1;
  (((DLTensor*)stack_array)[0].byte_offset) = (uint64_t)0;
  (((DLTensor*)stack_array)[0].device.device_id) = dev_id;
  (((DLTensor*)stack_array)[0].device.device_type) = (DLDeviceType)1;
  ((int64_t*)stack_shape)[5] = (int64_t)1;
  ((int64_t*)stack_shape)[6] = (int64_t)64;
  (((DLTensor*)stack_array)[1].data) = sid_12;
  (((DLTensor*)stack_array)[1].shape) = (&(((int64_t*)stack_shape)[5]));
    uint64_t v__23 = (uint64_t)0;
  (((DLTensor*)stack_array)[1].strides) = (int64_t*)(*(void* *)(&(v__23)));
  (((DLTensor*)stack_array)[1].ndim) = (uint32_t)2;
  (((DLTensor*)stack_array)[1].dtype.code) = (uint8_t)0;
  (((DLTensor*)stack_array)[1].dtype.bits) = (uint8_t)16;
  (((DLTensor*)stack_array)[1].dtype.lanes) = (uint16_t)1;
  (((DLTensor*)stack_array)[1].byte_offset) = (uint64_t)0;
  (((DLTensor*)stack_array)[1].device.device_id) = dev_id;
  (((DLTensor*)stack_array)[1].device.device_type) = (DLDeviceType)1;
  (((TVMValue*)stack_value)[0].v_handle) = (((DLTensor*)stack_array) + 0);
  ((int32_t*)stack_tcode)[0] = 7;
  (((TVMValue*)stack_value)[1].v_handle) = (((DLTensor*)stack_array) + 1);
  ((int32_t*)stack_tcode)[1] = 7;
  TVMValue ret_val_11;
  int ret_type_code_11;
  if (tvmgen_default_fused_layout_transform_layout_transform_reshape_cast_subtract( (TVMValue*) stack_value , (int*) stack_tcode, 2, &ret_val_11, &ret_type_code_11, NULL) != 0){
    return -1;
  }
  ((int64_t*)stack_shape)[0] = (int64_t)1;
  ((int64_t*)stack_shape)[1] = (int64_t)64;
  (((DLTensor*)stack_array)[0].data) = sid_12;
  (((DLTensor*)stack_array)[0].shape) = (&(((int64_t*)stack_shape)[0]));
    uint64_t v__24 = (uint64_t)0;
  (((DLTensor*)stack_array)[0].strides) = (int64_t*)(*(void* *)(&(v__24)));
  (((DLTensor*)stack_array)[0].ndim) = (uint32_t)2;
  (((DLTensor*)stack_array)[0].dtype.code) = (uint8_t)0;
  (((DLTensor*)stack_array)[0].dtype.bits) = (uint8_t)16;
  (((DLTensor*)stack_array)[0].dtype.lanes) = (uint16_t)1;
  (((DLTensor*)stack_array)[0].byte_offset) = (uint64_t)0;
  (((DLTensor*)stack_array)[0].device.device_id) = dev_id;
  (((DLTensor*)stack_array)[0].device.device_type) = (DLDeviceType)1;
  ((int64_t*)stack_shape)[2] = (int64_t)1;
  ((int64_t*)stack_shape)[3] = (int64_t)12;
  (((DLTensor*)stack_array)[1].data) = sid_13;
  (((DLTensor*)stack_array)[1].shape) = (&(((int64_t*)stack_shape)[2]));
    uint64_t v__25 = (uint64_t)0;
  (((DLTensor*)stack_array)[1].strides) = (int64_t*)(*(void* *)(&(v__25)));
  (((DLTensor*)stack_array)[1].ndim) = (uint32_t)2;
  (((DLTensor*)stack_array)[1].dtype.code) = (uint8_t)2;
  (((DLTensor*)stack_array)[1].dtype.bits) = (uint8_t)32;
  (((DLTensor*)stack_array)[1].dtype.lanes) = (uint16_t)1;
  (((DLTensor*)stack_array)[1].byte_offset) = (uint64_t)0;
  (((DLTensor*)stack_array)[1].device.device_id) = dev_id;
  (((DLTensor*)stack_array)[1].device.device_type) = (DLDeviceType)1;
  (((TVMValue*)stack_value)[0].v_handle) = (((DLTensor*)stack_array) + 0);
  ((int32_t*)stack_tcode)[0] = 7;
  (((TVMValue*)stack_value)[1].v_handle) = (((DLTensor*)stack_array) + 1);
  ((int32_t*)stack_tcode)[1] = 7;
  TVMValue ret_val_12;
  int ret_type_code_12;
  if (tvmgen_default_fused_nn_contrib_dense_pack_add_fixed_point_multiply_add_clip_subtract_cast_mult_1c9b307ace4645e7_( (TVMValue*) stack_value , (int*) stack_tcode, 2, &ret_val_12, &ret_type_code_12, NULL) != 0){
    return -1;
  }
  ((int64_t*)stack_shape)[0] = (int64_t)1;
  ((int64_t*)stack_shape)[1] = (int64_t)12;
  (((DLTensor*)stack_array)[0].data) = sid_13;
  (((DLTensor*)stack_array)[0].shape) = (&(((int64_t*)stack_shape)[0]));
    uint64_t v__26 = (uint64_t)0;
  (((DLTensor*)stack_array)[0].strides) = (int64_t*)(*(void* *)(&(v__26)));
  (((DLTensor*)stack_array)[0].ndim) = (uint32_t)2;
  (((DLTensor*)stack_array)[0].dtype.code) = (uint8_t)2;
  (((DLTensor*)stack_array)[0].dtype.bits) = (uint8_t)32;
  (((DLTensor*)stack_array)[0].dtype.lanes) = (uint16_t)1;
  (((DLTensor*)stack_array)[0].byte_offset) = (uint64_t)0;
  (((DLTensor*)stack_array)[0].device.device_id) = dev_id;
  (((DLTensor*)stack_array)[0].device.device_type) = (DLDeviceType)1;
  ((int64_t*)stack_shape)[2] = (int64_t)1;
  ((int64_t*)stack_shape)[3] = (int64_t)12;
  (((DLTensor*)stack_array)[1].data) = Identity_buffer_var;
  (((DLTensor*)stack_array)[1].shape) = (&(((int64_t*)stack_shape)[2]));
    uint64_t v__27 = (uint64_t)0;
  (((DLTensor*)stack_array)[1].strides) = (int64_t*)(*(void* *)(&(v__27)));
  (((DLTensor*)stack_array)[1].ndim) = (uint32_t)2;
  (((DLTensor*)stack_array)[1].dtype.code) = (uint8_t)0;
  (((DLTensor*)stack_array)[1].dtype.bits) = (uint8_t)8;
  (((DLTensor*)stack_array)[1].dtype.lanes) = (uint16_t)1;
  (((DLTensor*)stack_array)[1].byte_offset) = (uint64_t)0;
  (((DLTensor*)stack_array)[1].device.device_id) = dev_id;
  (((DLTensor*)stack_array)[1].device.device_type) = (DLDeviceType)1;
  (((TVMValue*)stack_value)[0].v_handle) = (((DLTensor*)stack_array) + 0);
  ((int32_t*)stack_tcode)[0] = 7;
  (((TVMValue*)stack_value)[1].v_handle) = (((DLTensor*)stack_array) + 1);
  ((int32_t*)stack_tcode)[1] = 7;
  TVMValue ret_val_13;
  int ret_type_code_13;
  if (tvmgen_default_fused_nn_softmax_divide_round_add_clip_cast( (TVMValue*) stack_value , (int*) stack_tcode, 2, &ret_val_13, &ret_type_code_13, NULL) != 0){
    return -1;
  }
  if (TVMBackendFreeWorkspace(1, dev_id, sid_13) != 0) {
    return -1;
  }
  if (TVMBackendFreeWorkspace(1, dev_id, sid_12) != 0) {
    return -1;
  }
  if (TVMBackendFreeWorkspace(1, dev_id, sid_3) != 0) {
    return -1;
  }
  if (TVMBackendFreeWorkspace(1, dev_id, sid_2) != 0) {
    return -1;
  }
  if (TVMBackendFreeWorkspace(1, dev_id, sid_1) != 0) {
    return -1;
  }
  return 0;
}

